ISO-10303-21;
HEADER;
FILE_DESCRIPTION(('FreeCAD Model'),'2;1');
FILE_NAME('Open CASCADE Shape Model','2026-09-07T21:20:29',('Author'),(
    ''),'Open CASCADE STEP processor 7.8','FreeCAD','Unknown');
FILE_SCHEMA(('AUTOMOTIVE_DESIGN { 1 0 10303 214 1 1 1 1 }'));
ENDSEC;
DATA;
#1 = APPLICATION_PROTOCOL_DEFINITION('international standard',
  'automotive_design',2000,#2);
#2 = APPLICATION_CONTEXT(
  'core data for automotive mechanical design processes');
#3 = SHAPE_DEFINITION_REPRESENTATION(#4,#10);
#4 = PRODUCT_DEFINITION_SHAPE('','',#5);
#5 = PRODUCT_DEFINITION('design','',#6,#9);
#6 = PRODUCT_DEFINITION_FORMATION('','',#7);
#7 = PRODUCT('Assembly','Assembly','',(#8));
#8 = PRODUCT_CONTEXT('',#2,'mechanical');
#9 = PRODUCT_DEFINITION_CONTEXT('part definition',#2,'design');
#10 = SHAPE_REPRESENTATION('',(#11,#15),#19);
#11 = AXIS2_PLACEMENT_3D('',#12,#13,#14);
#12 = CARTESIAN_POINT('',(0.,0.,0.));
#13 = DIRECTION('',(0.,0.,1.));
#14 = DIRECTION('',(1.,0.,-0.));
#15 = AXIS2_PLACEMENT_3D('',#16,#17,#18);
#16 = CARTESIAN_POINT('',(2.54,0.,0.));
#17 = DIRECTION('',(0.,-1.,-2.22044604925E-16));
#18 = DIRECTION('',(1.,0.,0.));
#19 = ( GEOMETRIC_REPRESENTATION_CONTEXT(3) 
GLOBAL_UNCERTAINTY_ASSIGNED_CONTEXT((#23)) GLOBAL_UNIT_ASSIGNED_CONTEXT(
(#20,#21,#22)) REPRESENTATION_CONTEXT('Context #1',
  '3D Context with UNIT and UNCERTAINTY') );
#20 = ( LENGTH_UNIT() NAMED_UNIT(*) SI_UNIT(.MILLI.,.METRE.) );
#21 = ( NAMED_UNIT(*) PLANE_ANGLE_UNIT() SI_UNIT($,.RADIAN.) );
#22 = ( NAMED_UNIT(*) SI_UNIT($,.STERADIAN.) SOLID_ANGLE_UNIT() );
#23 = UNCERTAINTY_MEASURE_WITH_UNIT(LENGTH_MEASURE(1.E-07),#20,
  'distance_accuracy_value','confusion accuracy');
#24 = PRODUCT_RELATED_PRODUCT_CATEGORY('part',$,(#7));
#25 = SHAPE_DEFINITION_REPRESENTATION(#26,#32);
#26 = PRODUCT_DEFINITION_SHAPE('','',#27);
#27 = PRODUCT_DEFINITION('design','',#28,#31);
#28 = PRODUCT_DEFINITION_FORMATION('','',#29);
#29 = PRODUCT('TSW-202-07-T-S','TSW-202-07-T-S','',(#30));
#30 = PRODUCT_CONTEXT('',#2,'mechanical');
#31 = PRODUCT_DEFINITION_CONTEXT('part definition',#2,'design');
#32 = SHAPE_REPRESENTATION('',(#11,#33,#37),#41);
#33 = AXIS2_PLACEMENT_3D('',#34,#35,#36);
#34 = CARTESIAN_POINT('',(0.,0.,0.));
#35 = DIRECTION('',(0.,0.,1.));
#36 = DIRECTION('',(1.,0.,0.));
#37 = AXIS2_PLACEMENT_3D('',#38,#39,#40);
#38 = CARTESIAN_POINT('',(0.,-2.54,0.));
#39 = DIRECTION('',(0.,0.,1.));
#40 = DIRECTION('',(1.,0.,0.));
#41 = ( GEOMETRIC_REPRESENTATION_CONTEXT(3) 
GLOBAL_UNCERTAINTY_ASSIGNED_CONTEXT((#45)) GLOBAL_UNIT_ASSIGNED_CONTEXT(
(#42,#43,#44)) REPRESENTATION_CONTEXT('Context #1',
  '3D Context with UNIT and UNCERTAINTY') );
#42 = ( LENGTH_UNIT() NAMED_UNIT(*) SI_UNIT(.MILLI.,.METRE.) );
#43 = ( NAMED_UNIT(*) PLANE_ANGLE_UNIT() SI_UNIT($,.RADIAN.) );
#44 = ( NAMED_UNIT(*) SI_UNIT($,.STERADIAN.) SOLID_ANGLE_UNIT() );
#45 = UNCERTAINTY_MEASURE_WITH_UNIT(LENGTH_MEASURE(1.E-07),#42,
  'distance_accuracy_value','confusion accuracy');
#46 = CONTEXT_DEPENDENT_SHAPE_REPRESENTATION(#47,#49);
#47 = ( REPRESENTATION_RELATIONSHIP('','',#32,#10) 
REPRESENTATION_RELATIONSHIP_WITH_TRANSFORMATION(#48) 
SHAPE_REPRESENTATION_RELATIONSHIP() );
#48 = ITEM_DEFINED_TRANSFORMATION('','',#11,#15);
#49 = PRODUCT_DEFINITION_SHAPE('Placement','Placement of an item',#50);
#50 = NEXT_ASSEMBLY_USAGE_OCCURRENCE('3','TSW-202-07-T-S001','',#5,#27,$
  );
#51 = PRODUCT_RELATED_PRODUCT_CATEGORY('part',$,(#29));
#52 = SHAPE_DEFINITION_REPRESENTATION(#53,#59);
#53 = PRODUCT_DEFINITION_SHAPE('','',#54);
#54 = PRODUCT_DEFINITION('design','',#55,#58);
#55 = PRODUCT_DEFINITION_FORMATION('','',#56);
#56 = PRODUCT('TSW-202-07-T-S_body','TSW-202-07-T-S_body','',(#57));
#57 = PRODUCT_CONTEXT('',#2,'mechanical');
#58 = PRODUCT_DEFINITION_CONTEXT('part definition',#2,'design');
#59 = ADVANCED_BREP_SHAPE_REPRESENTATION('',(#11,#60),#3184);
#60 = MANIFOLD_SOLID_BREP('',#61);
#61 = CLOSED_SHELL('',(#62,#118,#165,#221,#268,#340,#403,#475,#538,#630,
    #722,#802,#894,#974,#1066,#1097,#1128,#1159,#1190,#1221,#1252,#1283,
    #1314,#1345,#1376,#1407,#1438,#1455,#1472,#1489,#1506,#1523,#1540,
    #1557,#1574,#1598,#1622,#1646,#1670,#1694,#1718,#1742,#1766,#1790,
    #1814,#1838,#1862,#1886,#1910,#1934,#1958,#1998,#2029,#2060,#2100,
    #2131,#2162,#2202,#2233,#2264,#2286,#2308,#2330,#2404,#2435,#2466,
    #2488,#2510,#2532,#2554,#2572,#2590,#2621,#2645,#2669,#2686,#2698,
    #2752,#2802,#2848,#2860,#2872,#2884,#2896,#2908,#2920,#2932,#2944,
    #2956,#2968,#2980,#2992,#3016,#3028,#3040,#3057,#3076,#3088,#3105,
    #3122,#3136,#3153,#3172));
#62 = ADVANCED_FACE('',(#63),#113,.T.);
#63 = FACE_BOUND('',#64,.T.);
#64 = EDGE_LOOP('',(#65,#75,#83,#91,#99,#107));
#65 = ORIENTED_EDGE('',*,*,#66,.T.);
#66 = EDGE_CURVE('',#67,#69,#71,.T.);
#67 = VERTEX_POINT('',#68);
#68 = CARTESIAN_POINT('',(1.27,2.286,1.016));
#69 = VERTEX_POINT('',#70);
#70 = CARTESIAN_POINT('',(1.400115922504,2.416115922504,1.016));
#71 = LINE('',#72,#73);
#72 = CARTESIAN_POINT('',(1.27,2.286,1.016));
#73 = VECTOR('',#74,1.);
#74 = DIRECTION('',(0.707106781187,0.707106781187,-5.892028381972E-16));
#75 = ORIENTED_EDGE('',*,*,#76,.T.);
#76 = EDGE_CURVE('',#69,#77,#79,.T.);
#77 = VERTEX_POINT('',#78);
#78 = CARTESIAN_POINT('',(1.524,2.54,1.27));
#79 = LINE('',#80,#81);
#80 = CARTESIAN_POINT('',(3.540754024274,4.556754024274,5.404958523489)
  );
#81 = VECTOR('',#82,1.);
#82 = DIRECTION('',(0.401488399504,0.401488399504,0.823173207853));
#83 = ORIENTED_EDGE('',*,*,#84,.T.);
#84 = EDGE_CURVE('',#77,#85,#87,.T.);
#85 = VERTEX_POINT('',#86);
#86 = CARTESIAN_POINT('',(1.524,2.54,-1.27));
#87 = LINE('',#88,#89);
#88 = CARTESIAN_POINT('',(1.524,2.54,7.62));
#89 = VECTOR('',#90,1.);
#90 = DIRECTION('',(0.,0.,-1.));
#91 = ORIENTED_EDGE('',*,*,#92,.T.);
#92 = EDGE_CURVE('',#85,#93,#95,.T.);
#93 = VERTEX_POINT('',#94);
#94 = CARTESIAN_POINT('',(1.400115922504,2.416115922504,-1.016));
#95 = LINE('',#96,#97);
#96 = CARTESIAN_POINT('',(-1.495982060258,-0.479982060258,4.921880819647
    ));
#97 = VECTOR('',#98,1.);
#98 = DIRECTION('',(-0.401488399504,-0.401488399504,0.823173207853));
#99 = ORIENTED_EDGE('',*,*,#100,.T.);
#100 = EDGE_CURVE('',#93,#101,#103,.T.);
#101 = VERTEX_POINT('',#102);
#102 = CARTESIAN_POINT('',(1.27,2.286,-1.016));
#103 = LINE('',#104,#105);
#104 = CARTESIAN_POINT('',(1.27,2.286,-1.016));
#105 = VECTOR('',#106,1.);
#106 = DIRECTION('',(-0.707106781187,-0.707106781187,0.));
#107 = ORIENTED_EDGE('',*,*,#108,.F.);
#108 = EDGE_CURVE('',#67,#101,#109,.T.);
#109 = LINE('',#110,#111);
#110 = CARTESIAN_POINT('',(1.27,2.286,7.62));
#111 = VECTOR('',#112,1.);
#112 = DIRECTION('',(0.,0.,-1.));
#113 = PLANE('',#114);
#114 = AXIS2_PLACEMENT_3D('',#115,#116,#117);
#115 = CARTESIAN_POINT('',(1.27,2.286,7.62));
#116 = DIRECTION('',(-0.707106781187,0.707106781187,0.));
#117 = DIRECTION('',(-0.707106781187,-0.707106781187,0.));
#118 = ADVANCED_FACE('',(#119),#160,.T.);
#119 = FACE_BOUND('',#120,.T.);
#120 = EDGE_LOOP('',(#121,#131,#137,#138,#146,#154));
#121 = ORIENTED_EDGE('',*,*,#122,.T.);
#122 = EDGE_CURVE('',#123,#125,#127,.T.);
#123 = VERTEX_POINT('',#124);
#124 = CARTESIAN_POINT('',(1.016,2.54,1.27));
#125 = VERTEX_POINT('',#126);
#126 = CARTESIAN_POINT('',(1.139884077496,2.416115922504,1.016));
#127 = LINE('',#128,#129);
#128 = CARTESIAN_POINT('',(-1.082640035222,4.638640035222,5.572849726307
    ));
#129 = VECTOR('',#130,1.);
#130 = DIRECTION('',(0.401488399504,-0.401488399504,-0.823173207853));
#131 = ORIENTED_EDGE('',*,*,#132,.T.);
#132 = EDGE_CURVE('',#125,#67,#133,.T.);
#133 = LINE('',#134,#135);
#134 = CARTESIAN_POINT('',(1.016,2.54,1.016));
#135 = VECTOR('',#136,1.);
#136 = DIRECTION('',(0.707106781187,-0.707106781187,-5.892028381972E-16)
  );
#137 = ORIENTED_EDGE('',*,*,#108,.T.);
#138 = ORIENTED_EDGE('',*,*,#139,.T.);
#139 = EDGE_CURVE('',#101,#140,#142,.T.);
#140 = VERTEX_POINT('',#141);
#141 = CARTESIAN_POINT('',(1.139884077496,2.416115922504,-1.016));
#142 = LINE('',#143,#144);
#143 = CARTESIAN_POINT('',(1.016,2.54,-1.016));
#144 = VECTOR('',#145,1.);
#145 = DIRECTION('',(-0.707106781187,0.707106781187,0.));
#146 = ORIENTED_EDGE('',*,*,#147,.T.);
#147 = EDGE_CURVE('',#140,#148,#150,.T.);
#148 = VERTEX_POINT('',#149);
#149 = CARTESIAN_POINT('',(1.016,2.54,-1.27));
#150 = LINE('',#151,#152);
#151 = CARTESIAN_POINT('',(3.95409604931,-0.39809604931,4.75398961683));
#152 = VECTOR('',#153,1.);
#153 = DIRECTION('',(-0.401488399504,0.401488399504,-0.823173207853));
#154 = ORIENTED_EDGE('',*,*,#155,.F.);
#155 = EDGE_CURVE('',#123,#148,#156,.T.);
#156 = LINE('',#157,#158);
#157 = CARTESIAN_POINT('',(1.016,2.54,7.62));
#158 = VECTOR('',#159,1.);
#159 = DIRECTION('',(0.,0.,-1.));
#160 = PLANE('',#161);
#161 = AXIS2_PLACEMENT_3D('',#162,#163,#164);
#162 = CARTESIAN_POINT('',(1.016,2.54,7.62));
#163 = DIRECTION('',(0.707106781187,0.707106781187,0.));
#164 = DIRECTION('',(-0.707106781187,0.707106781187,0.));
#165 = ADVANCED_FACE('',(#166),#216,.T.);
#166 = FACE_BOUND('',#167,.T.);
#167 = EDGE_LOOP('',(#168,#178,#186,#194,#202,#210));
#168 = ORIENTED_EDGE('',*,*,#169,.F.);
#169 = EDGE_CURVE('',#170,#172,#174,.T.);
#170 = VERTEX_POINT('',#171);
#171 = CARTESIAN_POINT('',(-1.524,2.54,1.27));
#172 = VERTEX_POINT('',#173);
#173 = CARTESIAN_POINT('',(-1.524,2.54,-1.27));
#174 = LINE('',#175,#176);
#175 = CARTESIAN_POINT('',(-1.524,2.54,7.62));
#176 = VECTOR('',#177,1.);
#177 = DIRECTION('',(0.,0.,-1.));
#178 = ORIENTED_EDGE('',*,*,#179,.T.);
#179 = EDGE_CURVE('',#170,#180,#182,.T.);
#180 = VERTEX_POINT('',#181);
#181 = CARTESIAN_POINT('',(-1.400115922504,2.416115922504,1.016));
#182 = LINE('',#183,#184);
#183 = CARTESIAN_POINT('',(-3.622640035222,4.638640035222,5.572849726307
    ));
#184 = VECTOR('',#185,1.);
#185 = DIRECTION('',(0.401488399504,-0.401488399504,-0.823173207853));
#186 = ORIENTED_EDGE('',*,*,#187,.T.);
#187 = EDGE_CURVE('',#180,#188,#190,.T.);
#188 = VERTEX_POINT('',#189);
#189 = CARTESIAN_POINT('',(-1.27,2.286,1.016));
#190 = LINE('',#191,#192);
#191 = CARTESIAN_POINT('',(-1.524,2.54,1.016));
#192 = VECTOR('',#193,1.);
#193 = DIRECTION('',(0.707106781187,-0.707106781187,-5.892028381972E-16)
  );
#194 = ORIENTED_EDGE('',*,*,#195,.T.);
#195 = EDGE_CURVE('',#188,#196,#198,.T.);
#196 = VERTEX_POINT('',#197);
#197 = CARTESIAN_POINT('',(-1.27,2.286,-1.016));
#198 = LINE('',#199,#200);
#199 = CARTESIAN_POINT('',(-1.27,2.286,7.62));
#200 = VECTOR('',#201,1.);
#201 = DIRECTION('',(0.,0.,-1.));
#202 = ORIENTED_EDGE('',*,*,#203,.T.);
#203 = EDGE_CURVE('',#196,#204,#206,.T.);
#204 = VERTEX_POINT('',#205);
#205 = CARTESIAN_POINT('',(-1.400115922504,2.416115922504,-1.016));
#206 = LINE('',#207,#208);
#207 = CARTESIAN_POINT('',(-1.524,2.54,-1.016));
#208 = VECTOR('',#209,1.);
#209 = DIRECTION('',(-0.707106781187,0.707106781187,0.));
#210 = ORIENTED_EDGE('',*,*,#211,.T.);
#211 = EDGE_CURVE('',#204,#172,#212,.T.);
#212 = LINE('',#213,#214);
#213 = CARTESIAN_POINT('',(1.41409604931,-0.39809604931,4.75398961683));
#214 = VECTOR('',#215,1.);
#215 = DIRECTION('',(-0.401488399504,0.401488399504,-0.823173207853));
#216 = PLANE('',#217);
#217 = AXIS2_PLACEMENT_3D('',#218,#219,#220);
#218 = CARTESIAN_POINT('',(-1.524,2.54,7.62));
#219 = DIRECTION('',(0.707106781187,0.707106781187,0.));
#220 = DIRECTION('',(-0.707106781187,0.707106781187,0.));
#221 = ADVANCED_FACE('',(#222),#263,.T.);
#222 = FACE_BOUND('',#223,.T.);
#223 = EDGE_LOOP('',(#224,#232,#240,#248,#256,#262));
#224 = ORIENTED_EDGE('',*,*,#225,.T.);
#225 = EDGE_CURVE('',#188,#226,#228,.T.);
#226 = VERTEX_POINT('',#227);
#227 = CARTESIAN_POINT('',(-1.139884077496,2.416115922504,1.016));
#228 = LINE('',#229,#230);
#229 = CARTESIAN_POINT('',(-1.27,2.286,1.016));
#230 = VECTOR('',#231,1.);
#231 = DIRECTION('',(0.707106781187,0.707106781187,-5.892028381972E-16)
  );
#232 = ORIENTED_EDGE('',*,*,#233,.T.);
#233 = EDGE_CURVE('',#226,#234,#236,.T.);
#234 = VERTEX_POINT('',#235);
#235 = CARTESIAN_POINT('',(-1.016,2.54,1.27));
#236 = LINE('',#237,#238);
#237 = CARTESIAN_POINT('',(1.000754024274,4.556754024274,5.404958523489)
  );
#238 = VECTOR('',#239,1.);
#239 = DIRECTION('',(0.401488399504,0.401488399504,0.823173207853));
#240 = ORIENTED_EDGE('',*,*,#241,.T.);
#241 = EDGE_CURVE('',#234,#242,#244,.T.);
#242 = VERTEX_POINT('',#243);
#243 = CARTESIAN_POINT('',(-1.016,2.54,-1.27));
#244 = LINE('',#245,#246);
#245 = CARTESIAN_POINT('',(-1.016,2.54,7.62));
#246 = VECTOR('',#247,1.);
#247 = DIRECTION('',(0.,0.,-1.));
#248 = ORIENTED_EDGE('',*,*,#249,.T.);
#249 = EDGE_CURVE('',#242,#250,#252,.T.);
#250 = VERTEX_POINT('',#251);
#251 = CARTESIAN_POINT('',(-1.139884077496,2.416115922504,-1.016));
#252 = LINE('',#253,#254);
#253 = CARTESIAN_POINT('',(-4.035982060258,-0.479982060258,
    4.921880819647));
#254 = VECTOR('',#255,1.);
#255 = DIRECTION('',(-0.401488399504,-0.401488399504,0.823173207853));
#256 = ORIENTED_EDGE('',*,*,#257,.T.);
#257 = EDGE_CURVE('',#250,#196,#258,.T.);
#258 = LINE('',#259,#260);
#259 = CARTESIAN_POINT('',(-1.27,2.286,-1.016));
#260 = VECTOR('',#261,1.);
#261 = DIRECTION('',(-0.707106781187,-0.707106781187,0.));
#262 = ORIENTED_EDGE('',*,*,#195,.F.);
#263 = PLANE('',#264);
#264 = AXIS2_PLACEMENT_3D('',#265,#266,#267);
#265 = CARTESIAN_POINT('',(-1.27,2.286,7.62));
#266 = DIRECTION('',(-0.707106781187,0.707106781187,0.));
#267 = DIRECTION('',(-0.707106781187,-0.707106781187,0.));
#268 = ADVANCED_FACE('',(#269),#335,.T.);
#269 = FACE_BOUND('',#270,.T.);
#270 = EDGE_LOOP('',(#271,#281,#289,#297,#305,#313,#321,#329));
#271 = ORIENTED_EDGE('',*,*,#272,.F.);
#272 = EDGE_CURVE('',#273,#275,#277,.T.);
#273 = VERTEX_POINT('',#274);
#274 = CARTESIAN_POINT('',(-1.016,0.508,1.27));
#275 = VERTEX_POINT('',#276);
#276 = CARTESIAN_POINT('',(-1.016,0.508,0.8382));
#277 = LINE('',#278,#279);
#278 = CARTESIAN_POINT('',(-1.016,0.508,7.62));
#279 = VECTOR('',#280,1.);
#280 = DIRECTION('',(0.,0.,-1.));
#281 = ORIENTED_EDGE('',*,*,#282,.T.);
#282 = EDGE_CURVE('',#273,#283,#285,.T.);
#283 = VERTEX_POINT('',#284);
#284 = CARTESIAN_POINT('',(-1.139884077496,0.631884077496,1.016));
#285 = LINE('',#286,#287);
#286 = CARTESIAN_POINT('',(1.082640035222,-1.590640035222,5.572849726307
    ));
#287 = VECTOR('',#288,1.);
#288 = DIRECTION('',(-0.401488399504,0.401488399504,-0.823173207853));
#289 = ORIENTED_EDGE('',*,*,#290,.T.);
#290 = EDGE_CURVE('',#283,#291,#293,.T.);
#291 = VERTEX_POINT('',#292);
#292 = CARTESIAN_POINT('',(-1.27,0.762,1.016));
#293 = LINE('',#294,#295);
#294 = CARTESIAN_POINT('',(-1.016,0.508,1.016));
#295 = VECTOR('',#296,1.);
#296 = DIRECTION('',(-0.707106781187,0.707106781187,5.892028381972E-16)
  );
#297 = ORIENTED_EDGE('',*,*,#298,.T.);
#298 = EDGE_CURVE('',#291,#299,#301,.T.);
#299 = VERTEX_POINT('',#300);
#300 = CARTESIAN_POINT('',(-1.27,0.762,-1.016));
#301 = LINE('',#302,#303);
#302 = CARTESIAN_POINT('',(-1.27,0.762,7.62));
#303 = VECTOR('',#304,1.);
#304 = DIRECTION('',(0.,0.,-1.));
#305 = ORIENTED_EDGE('',*,*,#306,.T.);
#306 = EDGE_CURVE('',#299,#307,#309,.T.);
#307 = VERTEX_POINT('',#308);
#308 = CARTESIAN_POINT('',(-1.139884077496,0.631884077496,-1.016));
#309 = LINE('',#310,#311);
#310 = CARTESIAN_POINT('',(-1.016,0.508,-1.016));
#311 = VECTOR('',#312,1.);
#312 = DIRECTION('',(0.707106781187,-0.707106781187,0.));
#313 = ORIENTED_EDGE('',*,*,#314,.T.);
#314 = EDGE_CURVE('',#307,#315,#317,.T.);
#315 = VERTEX_POINT('',#316);
#316 = CARTESIAN_POINT('',(-1.016,0.508,-1.27));
#317 = LINE('',#318,#319);
#318 = CARTESIAN_POINT('',(-3.95409604931,3.44609604931,4.75398961683));
#319 = VECTOR('',#320,1.);
#320 = DIRECTION('',(0.401488399504,-0.401488399504,-0.823173207853));
#321 = ORIENTED_EDGE('',*,*,#322,.F.);
#322 = EDGE_CURVE('',#323,#315,#325,.T.);
#323 = VERTEX_POINT('',#324);
#324 = CARTESIAN_POINT('',(-1.016,0.508,-0.8382));
#325 = LINE('',#326,#327);
#326 = CARTESIAN_POINT('',(-1.016,0.508,7.62));
#327 = VECTOR('',#328,1.);
#328 = DIRECTION('',(0.,0.,-1.));
#329 = ORIENTED_EDGE('',*,*,#330,.T.);
#330 = EDGE_CURVE('',#323,#275,#331,.T.);
#331 = LINE('',#332,#333);
#332 = CARTESIAN_POINT('',(-1.016,0.508,7.62));
#333 = VECTOR('',#334,1.);
#334 = DIRECTION('',(0.,0.,1.));
#335 = PLANE('',#336);
#336 = AXIS2_PLACEMENT_3D('',#337,#338,#339);
#337 = CARTESIAN_POINT('',(-1.016,0.508,7.62));
#338 = DIRECTION('',(-0.707106781187,-0.707106781187,0.));
#339 = DIRECTION('',(0.707106781187,-0.707106781187,0.));
#340 = ADVANCED_FACE('',(#341),#398,.T.);
#341 = FACE_BOUND('',#342,.T.);
#342 = EDGE_LOOP('',(#343,#351,#359,#367,#375,#383,#391,#397));
#343 = ORIENTED_EDGE('',*,*,#344,.T.);
#344 = EDGE_CURVE('',#291,#345,#347,.T.);
#345 = VERTEX_POINT('',#346);
#346 = CARTESIAN_POINT('',(-1.400115922504,0.631884077496,1.016));
#347 = LINE('',#348,#349);
#348 = CARTESIAN_POINT('',(-1.27,0.762,1.016));
#349 = VECTOR('',#350,1.);
#350 = DIRECTION('',(-0.707106781187,-0.707106781187,5.892028381972E-16)
  );
#351 = ORIENTED_EDGE('',*,*,#352,.T.);
#352 = EDGE_CURVE('',#345,#353,#355,.T.);
#353 = VERTEX_POINT('',#354);
#354 = CARTESIAN_POINT('',(-1.524,0.508,1.27));
#355 = LINE('',#356,#357);
#356 = CARTESIAN_POINT('',(-3.540754024274,-1.508754024274,
    5.404958523489));
#357 = VECTOR('',#358,1.);
#358 = DIRECTION('',(-0.401488399504,-0.401488399504,0.823173207853));
#359 = ORIENTED_EDGE('',*,*,#360,.T.);
#360 = EDGE_CURVE('',#353,#361,#363,.T.);
#361 = VERTEX_POINT('',#362);
#362 = CARTESIAN_POINT('',(-1.524,0.508,0.8382));
#363 = LINE('',#364,#365);
#364 = CARTESIAN_POINT('',(-1.524,0.508,7.62));
#365 = VECTOR('',#366,1.);
#366 = DIRECTION('',(0.,0.,-1.));
#367 = ORIENTED_EDGE('',*,*,#368,.T.);
#368 = EDGE_CURVE('',#361,#369,#371,.T.);
#369 = VERTEX_POINT('',#370);
#370 = CARTESIAN_POINT('',(-1.524,0.508,-0.8382));
#371 = LINE('',#372,#373);
#372 = CARTESIAN_POINT('',(-1.524,0.508,7.62));
#373 = VECTOR('',#374,1.);
#374 = DIRECTION('',(0.,0.,-1.));
#375 = ORIENTED_EDGE('',*,*,#376,.T.);
#376 = EDGE_CURVE('',#369,#377,#379,.T.);
#377 = VERTEX_POINT('',#378);
#378 = CARTESIAN_POINT('',(-1.524,0.508,-1.27));
#379 = LINE('',#380,#381);
#380 = CARTESIAN_POINT('',(-1.524,0.508,7.62));
#381 = VECTOR('',#382,1.);
#382 = DIRECTION('',(0.,0.,-1.));
#383 = ORIENTED_EDGE('',*,*,#384,.T.);
#384 = EDGE_CURVE('',#377,#385,#387,.T.);
#385 = VERTEX_POINT('',#386);
#386 = CARTESIAN_POINT('',(-1.400115922504,0.631884077496,-1.016));
#387 = LINE('',#388,#389);
#388 = CARTESIAN_POINT('',(1.495982060258,3.527982060258,4.921880819647)
  );
#389 = VECTOR('',#390,1.);
#390 = DIRECTION('',(0.401488399504,0.401488399504,0.823173207853));
#391 = ORIENTED_EDGE('',*,*,#392,.T.);
#392 = EDGE_CURVE('',#385,#299,#393,.T.);
#393 = LINE('',#394,#395);
#394 = CARTESIAN_POINT('',(-1.27,0.762,-1.016));
#395 = VECTOR('',#396,1.);
#396 = DIRECTION('',(0.707106781187,0.707106781187,0.));
#397 = ORIENTED_EDGE('',*,*,#298,.F.);
#398 = PLANE('',#399);
#399 = AXIS2_PLACEMENT_3D('',#400,#401,#402);
#400 = CARTESIAN_POINT('',(-1.27,0.762,7.62));
#401 = DIRECTION('',(0.707106781187,-0.707106781187,0.));
#402 = DIRECTION('',(0.707106781187,0.707106781187,0.));
#403 = ADVANCED_FACE('',(#404),#470,.T.);
#404 = FACE_BOUND('',#405,.T.);
#405 = EDGE_LOOP('',(#406,#416,#424,#432,#440,#448,#456,#464));
#406 = ORIENTED_EDGE('',*,*,#407,.F.);
#407 = EDGE_CURVE('',#408,#410,#412,.T.);
#408 = VERTEX_POINT('',#409);
#409 = CARTESIAN_POINT('',(1.524,0.508,1.27));
#410 = VERTEX_POINT('',#411);
#411 = CARTESIAN_POINT('',(1.524,0.508,0.8382));
#412 = LINE('',#413,#414);
#413 = CARTESIAN_POINT('',(1.524,0.508,7.62));
#414 = VECTOR('',#415,1.);
#415 = DIRECTION('',(0.,0.,-1.));
#416 = ORIENTED_EDGE('',*,*,#417,.T.);
#417 = EDGE_CURVE('',#408,#418,#420,.T.);
#418 = VERTEX_POINT('',#419);
#419 = CARTESIAN_POINT('',(1.400115922504,0.631884077496,1.016));
#420 = LINE('',#421,#422);
#421 = CARTESIAN_POINT('',(3.622640035222,-1.590640035222,5.572849726307
    ));
#422 = VECTOR('',#423,1.);
#423 = DIRECTION('',(-0.401488399504,0.401488399504,-0.823173207853));
#424 = ORIENTED_EDGE('',*,*,#425,.T.);
#425 = EDGE_CURVE('',#418,#426,#428,.T.);
#426 = VERTEX_POINT('',#427);
#427 = CARTESIAN_POINT('',(1.27,0.762,1.016));
#428 = LINE('',#429,#430);
#429 = CARTESIAN_POINT('',(1.524,0.508,1.016));
#430 = VECTOR('',#431,1.);
#431 = DIRECTION('',(-0.707106781187,0.707106781187,5.892028381972E-16)
  );
#432 = ORIENTED_EDGE('',*,*,#433,.T.);
#433 = EDGE_CURVE('',#426,#434,#436,.T.);
#434 = VERTEX_POINT('',#435);
#435 = CARTESIAN_POINT('',(1.27,0.762,-1.016));
#436 = LINE('',#437,#438);
#437 = CARTESIAN_POINT('',(1.27,0.762,7.62));
#438 = VECTOR('',#439,1.);
#439 = DIRECTION('',(0.,0.,-1.));
#440 = ORIENTED_EDGE('',*,*,#441,.T.);
#441 = EDGE_CURVE('',#434,#442,#444,.T.);
#442 = VERTEX_POINT('',#443);
#443 = CARTESIAN_POINT('',(1.400115922504,0.631884077496,-1.016));
#444 = LINE('',#445,#446);
#445 = CARTESIAN_POINT('',(1.524,0.508,-1.016));
#446 = VECTOR('',#447,1.);
#447 = DIRECTION('',(0.707106781187,-0.707106781187,0.));
#448 = ORIENTED_EDGE('',*,*,#449,.T.);
#449 = EDGE_CURVE('',#442,#450,#452,.T.);
#450 = VERTEX_POINT('',#451);
#451 = CARTESIAN_POINT('',(1.524,0.508,-1.27));
#452 = LINE('',#453,#454);
#453 = CARTESIAN_POINT('',(-1.41409604931,3.44609604931,4.75398961683));
#454 = VECTOR('',#455,1.);
#455 = DIRECTION('',(0.401488399504,-0.401488399504,-0.823173207853));
#456 = ORIENTED_EDGE('',*,*,#457,.F.);
#457 = EDGE_CURVE('',#458,#450,#460,.T.);
#458 = VERTEX_POINT('',#459);
#459 = CARTESIAN_POINT('',(1.524,0.508,-0.8382));
#460 = LINE('',#461,#462);
#461 = CARTESIAN_POINT('',(1.524,0.508,7.62));
#462 = VECTOR('',#463,1.);
#463 = DIRECTION('',(0.,0.,-1.));
#464 = ORIENTED_EDGE('',*,*,#465,.T.);
#465 = EDGE_CURVE('',#458,#410,#466,.T.);
#466 = LINE('',#467,#468);
#467 = CARTESIAN_POINT('',(1.524,0.508,7.62));
#468 = VECTOR('',#469,1.);
#469 = DIRECTION('',(0.,0.,1.));
#470 = PLANE('',#471);
#471 = AXIS2_PLACEMENT_3D('',#472,#473,#474);
#472 = CARTESIAN_POINT('',(1.524,0.508,7.62));
#473 = DIRECTION('',(-0.707106781187,-0.707106781187,0.));
#474 = DIRECTION('',(0.707106781187,-0.707106781187,0.));
#475 = ADVANCED_FACE('',(#476),#533,.T.);
#476 = FACE_BOUND('',#477,.T.);
#477 = EDGE_LOOP('',(#478,#479,#487,#495,#503,#511,#519,#527));
#478 = ORIENTED_EDGE('',*,*,#433,.F.);
#479 = ORIENTED_EDGE('',*,*,#480,.T.);
#480 = EDGE_CURVE('',#426,#481,#483,.T.);
#481 = VERTEX_POINT('',#482);
#482 = CARTESIAN_POINT('',(1.139884077496,0.631884077496,1.016));
#483 = LINE('',#484,#485);
#484 = CARTESIAN_POINT('',(1.27,0.762,1.016));
#485 = VECTOR('',#486,1.);
#486 = DIRECTION('',(-0.707106781187,-0.707106781187,5.892028381972E-16)
  );
#487 = ORIENTED_EDGE('',*,*,#488,.T.);
#488 = EDGE_CURVE('',#481,#489,#491,.T.);
#489 = VERTEX_POINT('',#490);
#490 = CARTESIAN_POINT('',(1.016,0.508,1.27));
#491 = LINE('',#492,#493);
#492 = CARTESIAN_POINT('',(-1.000754024274,-1.508754024274,
    5.404958523489));
#493 = VECTOR('',#494,1.);
#494 = DIRECTION('',(-0.401488399504,-0.401488399504,0.823173207853));
#495 = ORIENTED_EDGE('',*,*,#496,.T.);
#496 = EDGE_CURVE('',#489,#497,#499,.T.);
#497 = VERTEX_POINT('',#498);
#498 = CARTESIAN_POINT('',(1.016,0.508,0.8382));
#499 = LINE('',#500,#501);
#500 = CARTESIAN_POINT('',(1.016,0.508,7.62));
#501 = VECTOR('',#502,1.);
#502 = DIRECTION('',(0.,0.,-1.));
#503 = ORIENTED_EDGE('',*,*,#504,.T.);
#504 = EDGE_CURVE('',#497,#505,#507,.T.);
#505 = VERTEX_POINT('',#506);
#506 = CARTESIAN_POINT('',(1.016,0.508,-0.8382));
#507 = LINE('',#508,#509);
#508 = CARTESIAN_POINT('',(1.016,0.508,7.62));
#509 = VECTOR('',#510,1.);
#510 = DIRECTION('',(0.,0.,-1.));
#511 = ORIENTED_EDGE('',*,*,#512,.T.);
#512 = EDGE_CURVE('',#505,#513,#515,.T.);
#513 = VERTEX_POINT('',#514);
#514 = CARTESIAN_POINT('',(1.016,0.508,-1.27));
#515 = LINE('',#516,#517);
#516 = CARTESIAN_POINT('',(1.016,0.508,7.62));
#517 = VECTOR('',#518,1.);
#518 = DIRECTION('',(0.,0.,-1.));
#519 = ORIENTED_EDGE('',*,*,#520,.T.);
#520 = EDGE_CURVE('',#513,#521,#523,.T.);
#521 = VERTEX_POINT('',#522);
#522 = CARTESIAN_POINT('',(1.139884077496,0.631884077496,-1.016));
#523 = LINE('',#524,#525);
#524 = CARTESIAN_POINT('',(4.035982060258,3.527982060258,4.921880819647)
  );
#525 = VECTOR('',#526,1.);
#526 = DIRECTION('',(0.401488399504,0.401488399504,0.823173207853));
#527 = ORIENTED_EDGE('',*,*,#528,.T.);
#528 = EDGE_CURVE('',#521,#434,#529,.T.);
#529 = LINE('',#530,#531);
#530 = CARTESIAN_POINT('',(1.27,0.762,-1.016));
#531 = VECTOR('',#532,1.);
#532 = DIRECTION('',(0.707106781187,0.707106781187,0.));
#533 = PLANE('',#534);
#534 = AXIS2_PLACEMENT_3D('',#535,#536,#537);
#535 = CARTESIAN_POINT('',(1.27,0.762,7.62));
#536 = DIRECTION('',(0.707106781187,-0.707106781187,0.));
#537 = DIRECTION('',(0.707106781187,0.707106781187,0.));
#538 = ADVANCED_FACE('',(#539),#625,.F.);
#539 = FACE_BOUND('',#540,.T.);
#540 = EDGE_LOOP('',(#541,#547,#555,#563,#571,#579,#587,#595,#603,#611,
    #619));
#541 = ORIENTED_EDGE('',*,*,#542,.F.);
#542 = EDGE_CURVE('',#170,#353,#543,.T.);
#543 = LINE('',#544,#545);
#544 = CARTESIAN_POINT('',(-1.524,2.54,1.27));
#545 = VECTOR('',#546,1.);
#546 = DIRECTION('',(0.,-1.,0.));
#547 = ORIENTED_EDGE('',*,*,#548,.F.);
#548 = EDGE_CURVE('',#549,#170,#551,.T.);
#549 = VERTEX_POINT('',#550);
#550 = CARTESIAN_POINT('',(-3.81,2.54,1.27));
#551 = LINE('',#552,#553);
#552 = CARTESIAN_POINT('',(-3.81,2.54,1.27));
#553 = VECTOR('',#554,1.);
#554 = DIRECTION('',(1.,0.,0.));
#555 = ORIENTED_EDGE('',*,*,#556,.T.);
#556 = EDGE_CURVE('',#549,#557,#559,.T.);
#557 = VERTEX_POINT('',#558);
#558 = CARTESIAN_POINT('',(-3.81,0.508,1.27));
#559 = LINE('',#560,#561);
#560 = CARTESIAN_POINT('',(-3.81,2.54,1.27));
#561 = VECTOR('',#562,1.);
#562 = DIRECTION('',(0.,-1.,0.));
#563 = ORIENTED_EDGE('',*,*,#564,.F.);
#564 = EDGE_CURVE('',#565,#557,#567,.T.);
#565 = VERTEX_POINT('',#566);
#566 = CARTESIAN_POINT('',(-3.559115818,0.508,1.27));
#567 = LINE('',#568,#569);
#568 = CARTESIAN_POINT('',(-3.81,0.508,1.27));
#569 = VECTOR('',#570,1.);
#570 = DIRECTION('',(-1.,-9.230144198499E-17,0.));
#571 = ORIENTED_EDGE('',*,*,#572,.F.);
#572 = EDGE_CURVE('',#573,#565,#575,.T.);
#573 = VERTEX_POINT('',#574);
#574 = CARTESIAN_POINT('',(-3.559115818,-4.406197628981E-17,1.27));
#575 = LINE('',#576,#577);
#576 = CARTESIAN_POINT('',(-3.559115818,2.54,1.27));
#577 = VECTOR('',#578,1.);
#578 = DIRECTION('',(0.,1.,0.));
#579 = ORIENTED_EDGE('',*,*,#580,.T.);
#580 = EDGE_CURVE('',#573,#581,#583,.T.);
#581 = VERTEX_POINT('',#582);
#582 = CARTESIAN_POINT('',(-3.127315818,0.,1.27));
#583 = LINE('',#584,#585);
#584 = CARTESIAN_POINT('',(-3.81,0.,1.27));
#585 = VECTOR('',#586,1.);
#586 = DIRECTION('',(1.,0.,0.));
#587 = ORIENTED_EDGE('',*,*,#588,.F.);
#588 = EDGE_CURVE('',#589,#581,#591,.T.);
#589 = VERTEX_POINT('',#590);
#590 = CARTESIAN_POINT('',(-3.127315818,0.508,1.27));
#591 = LINE('',#592,#593);
#592 = CARTESIAN_POINT('',(-3.127315818,2.54,1.27));
#593 = VECTOR('',#594,1.);
#594 = DIRECTION('',(0.,-1.,0.));
#595 = ORIENTED_EDGE('',*,*,#596,.F.);
#596 = EDGE_CURVE('',#597,#589,#599,.T.);
#597 = VERTEX_POINT('',#598);
#598 = CARTESIAN_POINT('',(-1.952683928,0.508,1.27));
#599 = LINE('',#600,#601);
#600 = CARTESIAN_POINT('',(-3.81,0.508,1.27));
#601 = VECTOR('',#602,1.);
#602 = DIRECTION('',(-1.,0.,0.));
#603 = ORIENTED_EDGE('',*,*,#604,.F.);
#604 = EDGE_CURVE('',#605,#597,#607,.T.);
#605 = VERTEX_POINT('',#606);
#606 = CARTESIAN_POINT('',(-1.952683928,0.,1.27));
#607 = LINE('',#608,#609);
#608 = CARTESIAN_POINT('',(-1.952683928,2.54,1.27));
#609 = VECTOR('',#610,1.);
#610 = DIRECTION('',(0.,1.,0.));
#611 = ORIENTED_EDGE('',*,*,#612,.T.);
#612 = EDGE_CURVE('',#605,#613,#615,.T.);
#613 = VERTEX_POINT('',#614);
#614 = CARTESIAN_POINT('',(-1.524,0.,1.27));
#615 = LINE('',#616,#617);
#616 = CARTESIAN_POINT('',(-3.81,0.,1.27));
#617 = VECTOR('',#618,1.);
#618 = DIRECTION('',(1.,0.,0.));
#619 = ORIENTED_EDGE('',*,*,#620,.F.);
#620 = EDGE_CURVE('',#353,#613,#621,.T.);
#621 = LINE('',#622,#623);
#622 = CARTESIAN_POINT('',(-1.524,2.54,1.27));
#623 = VECTOR('',#624,1.);
#624 = DIRECTION('',(0.,-1.,0.));
#625 = PLANE('',#626);
#626 = AXIS2_PLACEMENT_3D('',#627,#628,#629);
#627 = CARTESIAN_POINT('',(-3.81,2.54,1.27));
#628 = DIRECTION('',(0.,0.,-1.));
#629 = DIRECTION('',(-1.,0.,0.));
#630 = ADVANCED_FACE('',(#631),#717,.F.);
#631 = FACE_BOUND('',#632,.T.);
#632 = EDGE_LOOP('',(#633,#639,#647,#655,#663,#671,#679,#687,#695,#703,
    #711));
#633 = ORIENTED_EDGE('',*,*,#634,.T.);
#634 = EDGE_CURVE('',#77,#408,#635,.T.);
#635 = LINE('',#636,#637);
#636 = CARTESIAN_POINT('',(1.524,2.54,1.27));
#637 = VECTOR('',#638,1.);
#638 = DIRECTION('',(0.,-1.,0.));
#639 = ORIENTED_EDGE('',*,*,#640,.F.);
#640 = EDGE_CURVE('',#641,#408,#643,.T.);
#641 = VERTEX_POINT('',#642);
#642 = CARTESIAN_POINT('',(1.524,0.,1.27));
#643 = LINE('',#644,#645);
#644 = CARTESIAN_POINT('',(1.524,2.54,1.27));
#645 = VECTOR('',#646,1.);
#646 = DIRECTION('',(-4.481938114605E-15,1.,0.));
#647 = ORIENTED_EDGE('',*,*,#648,.T.);
#648 = EDGE_CURVE('',#641,#649,#651,.T.);
#649 = VERTEX_POINT('',#650);
#650 = CARTESIAN_POINT('',(1.952684182,0.,1.27));
#651 = LINE('',#652,#653);
#652 = CARTESIAN_POINT('',(-3.81,0.,1.27));
#653 = VECTOR('',#654,1.);
#654 = DIRECTION('',(1.,0.,0.));
#655 = ORIENTED_EDGE('',*,*,#656,.F.);
#656 = EDGE_CURVE('',#657,#649,#659,.T.);
#657 = VERTEX_POINT('',#658);
#658 = CARTESIAN_POINT('',(1.952684182,0.508,1.27));
#659 = LINE('',#660,#661);
#660 = CARTESIAN_POINT('',(1.952684182,2.54,1.27));
#661 = VECTOR('',#662,1.);
#662 = DIRECTION('',(0.,-1.,0.));
#663 = ORIENTED_EDGE('',*,*,#664,.F.);
#664 = EDGE_CURVE('',#665,#657,#667,.T.);
#665 = VERTEX_POINT('',#666);
#666 = CARTESIAN_POINT('',(3.127316072,0.508,1.27));
#667 = LINE('',#668,#669);
#668 = CARTESIAN_POINT('',(-3.81,0.508,1.27));
#669 = VECTOR('',#670,1.);
#670 = DIRECTION('',(-1.,0.,0.));
#671 = ORIENTED_EDGE('',*,*,#672,.F.);
#672 = EDGE_CURVE('',#673,#665,#675,.T.);
#673 = VERTEX_POINT('',#674);
#674 = CARTESIAN_POINT('',(3.127316072,0.,1.27));
#675 = LINE('',#676,#677);
#676 = CARTESIAN_POINT('',(3.127316072,2.54,1.27));
#677 = VECTOR('',#678,1.);
#678 = DIRECTION('',(1.13826999736E-15,1.,0.));
#679 = ORIENTED_EDGE('',*,*,#680,.T.);
#680 = EDGE_CURVE('',#673,#681,#683,.T.);
#681 = VERTEX_POINT('',#682);
#682 = CARTESIAN_POINT('',(3.559115818,0.,1.27));
#683 = LINE('',#684,#685);
#684 = CARTESIAN_POINT('',(-3.81,0.,1.27));
#685 = VECTOR('',#686,1.);
#686 = DIRECTION('',(1.,0.,0.));
#687 = ORIENTED_EDGE('',*,*,#688,.F.);
#688 = EDGE_CURVE('',#689,#681,#691,.T.);
#689 = VERTEX_POINT('',#690);
#690 = CARTESIAN_POINT('',(3.559115818,0.508,1.27));
#691 = LINE('',#692,#693);
#692 = CARTESIAN_POINT('',(3.559115818,2.54,1.27));
#693 = VECTOR('',#694,1.);
#694 = DIRECTION('',(0.,-1.,0.));
#695 = ORIENTED_EDGE('',*,*,#696,.F.);
#696 = EDGE_CURVE('',#697,#689,#699,.T.);
#697 = VERTEX_POINT('',#698);
#698 = CARTESIAN_POINT('',(3.81,0.508,1.27));
#699 = LINE('',#700,#701);
#700 = CARTESIAN_POINT('',(-3.81,0.508,1.27));
#701 = VECTOR('',#702,1.);
#702 = DIRECTION('',(-1.,0.,0.));
#703 = ORIENTED_EDGE('',*,*,#704,.F.);
#704 = EDGE_CURVE('',#705,#697,#707,.T.);
#705 = VERTEX_POINT('',#706);
#706 = CARTESIAN_POINT('',(3.81,2.54,1.27));
#707 = LINE('',#708,#709);
#708 = CARTESIAN_POINT('',(3.81,2.54,1.27));
#709 = VECTOR('',#710,1.);
#710 = DIRECTION('',(0.,-1.,0.));
#711 = ORIENTED_EDGE('',*,*,#712,.F.);
#712 = EDGE_CURVE('',#77,#705,#713,.T.);
#713 = LINE('',#714,#715);
#714 = CARTESIAN_POINT('',(-3.81,2.54,1.27));
#715 = VECTOR('',#716,1.);
#716 = DIRECTION('',(1.,0.,0.));
#717 = PLANE('',#718);
#718 = AXIS2_PLACEMENT_3D('',#719,#720,#721);
#719 = CARTESIAN_POINT('',(-3.81,2.54,1.27));
#720 = DIRECTION('',(0.,0.,-1.));
#721 = DIRECTION('',(-1.,0.,0.));
#722 = ADVANCED_FACE('',(#723),#797,.F.);
#723 = FACE_BOUND('',#724,.T.);
#724 = EDGE_LOOP('',(#725,#731,#737,#743,#751,#759,#767,#775,#783,#791)
  );
#725 = ORIENTED_EDGE('',*,*,#726,.F.);
#726 = EDGE_CURVE('',#123,#489,#727,.T.);
#727 = LINE('',#728,#729);
#728 = CARTESIAN_POINT('',(1.016,2.54,1.27));
#729 = VECTOR('',#730,1.);
#730 = DIRECTION('',(0.,-1.,0.));
#731 = ORIENTED_EDGE('',*,*,#732,.F.);
#732 = EDGE_CURVE('',#234,#123,#733,.T.);
#733 = LINE('',#734,#735);
#734 = CARTESIAN_POINT('',(-3.81,2.54,1.27));
#735 = VECTOR('',#736,1.);
#736 = DIRECTION('',(1.,0.,0.));
#737 = ORIENTED_EDGE('',*,*,#738,.T.);
#738 = EDGE_CURVE('',#234,#273,#739,.T.);
#739 = LINE('',#740,#741);
#740 = CARTESIAN_POINT('',(-1.016,2.54,1.27));
#741 = VECTOR('',#742,1.);
#742 = DIRECTION('',(0.,-1.,0.));
#743 = ORIENTED_EDGE('',*,*,#744,.F.);
#744 = EDGE_CURVE('',#745,#273,#747,.T.);
#745 = VERTEX_POINT('',#746);
#746 = CARTESIAN_POINT('',(-1.016,0.,1.27));
#747 = LINE('',#748,#749);
#748 = CARTESIAN_POINT('',(-1.016,2.54,1.27));
#749 = VECTOR('',#750,1.);
#750 = DIRECTION('',(-4.2685124901E-16,1.,0.));
#751 = ORIENTED_EDGE('',*,*,#752,.T.);
#752 = EDGE_CURVE('',#745,#753,#755,.T.);
#753 = VERTEX_POINT('',#754);
#754 = CARTESIAN_POINT('',(-0.587315818,0.,1.27));
#755 = LINE('',#756,#757);
#756 = CARTESIAN_POINT('',(-3.81,0.,1.27));
#757 = VECTOR('',#758,1.);
#758 = DIRECTION('',(1.,0.,0.));
#759 = ORIENTED_EDGE('',*,*,#760,.F.);
#760 = EDGE_CURVE('',#761,#753,#763,.T.);
#761 = VERTEX_POINT('',#762);
#762 = CARTESIAN_POINT('',(-0.587315818,0.508,1.27));
#763 = LINE('',#764,#765);
#764 = CARTESIAN_POINT('',(-0.587315818,2.54,1.27));
#765 = VECTOR('',#766,1.);
#766 = DIRECTION('',(0.,-1.,0.));
#767 = ORIENTED_EDGE('',*,*,#768,.F.);
#768 = EDGE_CURVE('',#769,#761,#771,.T.);
#769 = VERTEX_POINT('',#770);
#770 = CARTESIAN_POINT('',(0.587316072,0.508,1.27));
#771 = LINE('',#772,#773);
#772 = CARTESIAN_POINT('',(-3.81,0.508,1.27));
#773 = VECTOR('',#774,1.);
#774 = DIRECTION('',(-1.,0.,0.));
#775 = ORIENTED_EDGE('',*,*,#776,.F.);
#776 = EDGE_CURVE('',#777,#769,#779,.T.);
#777 = VERTEX_POINT('',#778);
#778 = CARTESIAN_POINT('',(0.587316072,0.,1.27));
#779 = LINE('',#780,#781);
#780 = CARTESIAN_POINT('',(0.587316072,2.54,1.27));
#781 = VECTOR('',#782,1.);
#782 = DIRECTION('',(0.,1.,0.));
#783 = ORIENTED_EDGE('',*,*,#784,.T.);
#784 = EDGE_CURVE('',#777,#785,#787,.T.);
#785 = VERTEX_POINT('',#786);
#786 = CARTESIAN_POINT('',(1.016,0.,1.27));
#787 = LINE('',#788,#789);
#788 = CARTESIAN_POINT('',(-3.81,0.,1.27));
#789 = VECTOR('',#790,1.);
#790 = DIRECTION('',(1.,0.,0.));
#791 = ORIENTED_EDGE('',*,*,#792,.F.);
#792 = EDGE_CURVE('',#489,#785,#793,.T.);
#793 = LINE('',#794,#795);
#794 = CARTESIAN_POINT('',(1.016,2.54,1.27));
#795 = VECTOR('',#796,1.);
#796 = DIRECTION('',(0.,-1.,0.));
#797 = PLANE('',#798);
#798 = AXIS2_PLACEMENT_3D('',#799,#800,#801);
#799 = CARTESIAN_POINT('',(-3.81,2.54,1.27));
#800 = DIRECTION('',(0.,0.,-1.));
#801 = DIRECTION('',(-1.,0.,0.));
#802 = ADVANCED_FACE('',(#803),#889,.F.);
#803 = FACE_BOUND('',#804,.T.);
#804 = EDGE_LOOP('',(#805,#811,#819,#827,#835,#843,#851,#859,#867,#875,
    #883));
#805 = ORIENTED_EDGE('',*,*,#806,.T.);
#806 = EDGE_CURVE('',#172,#377,#807,.T.);
#807 = LINE('',#808,#809);
#808 = CARTESIAN_POINT('',(-1.524,2.54,-1.27));
#809 = VECTOR('',#810,1.);
#810 = DIRECTION('',(0.,-1.,0.));
#811 = ORIENTED_EDGE('',*,*,#812,.F.);
#812 = EDGE_CURVE('',#813,#377,#815,.T.);
#813 = VERTEX_POINT('',#814);
#814 = CARTESIAN_POINT('',(-1.524,0.,-1.27));
#815 = LINE('',#816,#817);
#816 = CARTESIAN_POINT('',(-1.524,2.54,-1.27));
#817 = VECTOR('',#818,1.);
#818 = DIRECTION('',(0.,1.,0.));
#819 = ORIENTED_EDGE('',*,*,#820,.T.);
#820 = EDGE_CURVE('',#813,#821,#823,.T.);
#821 = VERTEX_POINT('',#822);
#822 = CARTESIAN_POINT('',(-1.952683928,0.,-1.27));
#823 = LINE('',#824,#825);
#824 = CARTESIAN_POINT('',(3.81,0.,-1.27));
#825 = VECTOR('',#826,1.);
#826 = DIRECTION('',(-1.,0.,0.));
#827 = ORIENTED_EDGE('',*,*,#828,.F.);
#828 = EDGE_CURVE('',#829,#821,#831,.T.);
#829 = VERTEX_POINT('',#830);
#830 = CARTESIAN_POINT('',(-1.952683928,0.508,-1.27));
#831 = LINE('',#832,#833);
#832 = CARTESIAN_POINT('',(-1.952683928,2.54,-1.27));
#833 = VECTOR('',#834,1.);
#834 = DIRECTION('',(0.,-1.,0.));
#835 = ORIENTED_EDGE('',*,*,#836,.F.);
#836 = EDGE_CURVE('',#837,#829,#839,.T.);
#837 = VERTEX_POINT('',#838);
#838 = CARTESIAN_POINT('',(-3.127315818,0.508,-1.27));
#839 = LINE('',#840,#841);
#840 = CARTESIAN_POINT('',(3.81,0.508,-1.27));
#841 = VECTOR('',#842,1.);
#842 = DIRECTION('',(1.,0.,0.));
#843 = ORIENTED_EDGE('',*,*,#844,.F.);
#844 = EDGE_CURVE('',#845,#837,#847,.T.);
#845 = VERTEX_POINT('',#846);
#846 = CARTESIAN_POINT('',(-3.127315818,0.,-1.27));
#847 = LINE('',#848,#849);
#848 = CARTESIAN_POINT('',(-3.127315818,2.54,-1.27));
#849 = VECTOR('',#850,1.);
#850 = DIRECTION('',(0.,1.,0.));
#851 = ORIENTED_EDGE('',*,*,#852,.T.);
#852 = EDGE_CURVE('',#845,#853,#855,.T.);
#853 = VERTEX_POINT('',#854);
#854 = CARTESIAN_POINT('',(-3.559115818,-4.406197628981E-17,-1.27));
#855 = LINE('',#856,#857);
#856 = CARTESIAN_POINT('',(3.81,0.,-1.27));
#857 = VECTOR('',#858,1.);
#858 = DIRECTION('',(-1.,0.,0.));
#859 = ORIENTED_EDGE('',*,*,#860,.F.);
#860 = EDGE_CURVE('',#861,#853,#863,.T.);
#861 = VERTEX_POINT('',#862);
#862 = CARTESIAN_POINT('',(-3.559115818,0.508,-1.27));
#863 = LINE('',#864,#865);
#864 = CARTESIAN_POINT('',(-3.559115818,2.54,-1.27));
#865 = VECTOR('',#866,1.);
#866 = DIRECTION('',(0.,-1.,0.));
#867 = ORIENTED_EDGE('',*,*,#868,.F.);
#868 = EDGE_CURVE('',#869,#861,#871,.T.);
#869 = VERTEX_POINT('',#870);
#870 = CARTESIAN_POINT('',(-3.81,0.508,-1.27));
#871 = LINE('',#872,#873);
#872 = CARTESIAN_POINT('',(3.81,0.508,-1.27));
#873 = VECTOR('',#874,1.);
#874 = DIRECTION('',(1.,9.230144198499E-17,0.));
#875 = ORIENTED_EDGE('',*,*,#876,.F.);
#876 = EDGE_CURVE('',#877,#869,#879,.T.);
#877 = VERTEX_POINT('',#878);
#878 = CARTESIAN_POINT('',(-3.81,2.54,-1.27));
#879 = LINE('',#880,#881);
#880 = CARTESIAN_POINT('',(-3.81,2.54,-1.27));
#881 = VECTOR('',#882,1.);
#882 = DIRECTION('',(0.,-1.,0.));
#883 = ORIENTED_EDGE('',*,*,#884,.F.);
#884 = EDGE_CURVE('',#172,#877,#885,.T.);
#885 = LINE('',#886,#887);
#886 = CARTESIAN_POINT('',(3.81,2.54,-1.27));
#887 = VECTOR('',#888,1.);
#888 = DIRECTION('',(-1.,0.,0.));
#889 = PLANE('',#890);
#890 = AXIS2_PLACEMENT_3D('',#891,#892,#893);
#891 = CARTESIAN_POINT('',(3.81,2.54,-1.27));
#892 = DIRECTION('',(0.,0.,1.));
#893 = DIRECTION('',(1.,0.,-0.));
#894 = ADVANCED_FACE('',(#895),#969,.F.);
#895 = FACE_BOUND('',#896,.T.);
#896 = EDGE_LOOP('',(#897,#903,#909,#915,#923,#931,#939,#947,#955,#963)
  );
#897 = ORIENTED_EDGE('',*,*,#898,.F.);
#898 = EDGE_CURVE('',#242,#315,#899,.T.);
#899 = LINE('',#900,#901);
#900 = CARTESIAN_POINT('',(-1.016,2.54,-1.27));
#901 = VECTOR('',#902,1.);
#902 = DIRECTION('',(0.,-1.,0.));
#903 = ORIENTED_EDGE('',*,*,#904,.F.);
#904 = EDGE_CURVE('',#148,#242,#905,.T.);
#905 = LINE('',#906,#907);
#906 = CARTESIAN_POINT('',(3.81,2.54,-1.27));
#907 = VECTOR('',#908,1.);
#908 = DIRECTION('',(-1.,0.,0.));
#909 = ORIENTED_EDGE('',*,*,#910,.T.);
#910 = EDGE_CURVE('',#148,#513,#911,.T.);
#911 = LINE('',#912,#913);
#912 = CARTESIAN_POINT('',(1.016,2.54,-1.27));
#913 = VECTOR('',#914,1.);
#914 = DIRECTION('',(0.,-1.,0.));
#915 = ORIENTED_EDGE('',*,*,#916,.F.);
#916 = EDGE_CURVE('',#917,#513,#919,.T.);
#917 = VERTEX_POINT('',#918);
#918 = CARTESIAN_POINT('',(1.016,0.,-1.27));
#919 = LINE('',#920,#921);
#920 = CARTESIAN_POINT('',(1.016,2.54,-1.27));
#921 = VECTOR('',#922,1.);
#922 = DIRECTION('',(0.,1.,0.));
#923 = ORIENTED_EDGE('',*,*,#924,.T.);
#924 = EDGE_CURVE('',#917,#925,#927,.T.);
#925 = VERTEX_POINT('',#926);
#926 = CARTESIAN_POINT('',(0.587316072,0.,-1.27));
#927 = LINE('',#928,#929);
#928 = CARTESIAN_POINT('',(3.81,0.,-1.27));
#929 = VECTOR('',#930,1.);
#930 = DIRECTION('',(-1.,0.,0.));
#931 = ORIENTED_EDGE('',*,*,#932,.F.);
#932 = EDGE_CURVE('',#933,#925,#935,.T.);
#933 = VERTEX_POINT('',#934);
#934 = CARTESIAN_POINT('',(0.587316072,0.508,-1.27));
#935 = LINE('',#936,#937);
#936 = CARTESIAN_POINT('',(0.587316072,2.54,-1.27));
#937 = VECTOR('',#938,1.);
#938 = DIRECTION('',(0.,-1.,0.));
#939 = ORIENTED_EDGE('',*,*,#940,.F.);
#940 = EDGE_CURVE('',#941,#933,#943,.T.);
#941 = VERTEX_POINT('',#942);
#942 = CARTESIAN_POINT('',(-0.587315818,0.508,-1.27));
#943 = LINE('',#944,#945);
#944 = CARTESIAN_POINT('',(3.81,0.508,-1.27));
#945 = VECTOR('',#946,1.);
#946 = DIRECTION('',(1.,0.,0.));
#947 = ORIENTED_EDGE('',*,*,#948,.F.);
#948 = EDGE_CURVE('',#949,#941,#951,.T.);
#949 = VERTEX_POINT('',#950);
#950 = CARTESIAN_POINT('',(-0.587315818,0.,-1.27));
#951 = LINE('',#952,#953);
#952 = CARTESIAN_POINT('',(-0.587315818,2.54,-1.27));
#953 = VECTOR('',#954,1.);
#954 = DIRECTION('',(0.,1.,0.));
#955 = ORIENTED_EDGE('',*,*,#956,.T.);
#956 = EDGE_CURVE('',#949,#957,#959,.T.);
#957 = VERTEX_POINT('',#958);
#958 = CARTESIAN_POINT('',(-1.016,0.,-1.27));
#959 = LINE('',#960,#961);
#960 = CARTESIAN_POINT('',(3.81,0.,-1.27));
#961 = VECTOR('',#962,1.);
#962 = DIRECTION('',(-1.,0.,0.));
#963 = ORIENTED_EDGE('',*,*,#964,.F.);
#964 = EDGE_CURVE('',#315,#957,#965,.T.);
#965 = LINE('',#966,#967);
#966 = CARTESIAN_POINT('',(-1.016,2.54,-1.27));
#967 = VECTOR('',#968,1.);
#968 = DIRECTION('',(4.2685124901E-16,-1.,0.));
#969 = PLANE('',#970);
#970 = AXIS2_PLACEMENT_3D('',#971,#972,#973);
#971 = CARTESIAN_POINT('',(3.81,2.54,-1.27));
#972 = DIRECTION('',(0.,0.,1.));
#973 = DIRECTION('',(1.,0.,-0.));
#974 = ADVANCED_FACE('',(#975),#1061,.F.);
#975 = FACE_BOUND('',#976,.T.);
#976 = EDGE_LOOP('',(#977,#983,#991,#999,#1007,#1015,#1023,#1031,#1039,
    #1047,#1055));
#977 = ORIENTED_EDGE('',*,*,#978,.F.);
#978 = EDGE_CURVE('',#85,#450,#979,.T.);
#979 = LINE('',#980,#981);
#980 = CARTESIAN_POINT('',(1.524,2.54,-1.27));
#981 = VECTOR('',#982,1.);
#982 = DIRECTION('',(0.,-1.,0.));
#983 = ORIENTED_EDGE('',*,*,#984,.F.);
#984 = EDGE_CURVE('',#985,#85,#987,.T.);
#985 = VERTEX_POINT('',#986);
#986 = CARTESIAN_POINT('',(3.81,2.54,-1.27));
#987 = LINE('',#988,#989);
#988 = CARTESIAN_POINT('',(3.81,2.54,-1.27));
#989 = VECTOR('',#990,1.);
#990 = DIRECTION('',(-1.,0.,0.));
#991 = ORIENTED_EDGE('',*,*,#992,.T.);
#992 = EDGE_CURVE('',#985,#993,#995,.T.);
#993 = VERTEX_POINT('',#994);
#994 = CARTESIAN_POINT('',(3.81,0.508,-1.27));
#995 = LINE('',#996,#997);
#996 = CARTESIAN_POINT('',(3.81,2.54,-1.27));
#997 = VECTOR('',#998,1.);
#998 = DIRECTION('',(0.,-1.,0.));
#999 = ORIENTED_EDGE('',*,*,#1000,.F.);
#1000 = EDGE_CURVE('',#1001,#993,#1003,.T.);
#1001 = VERTEX_POINT('',#1002);
#1002 = CARTESIAN_POINT('',(3.559115818,0.508,-1.27));
#1003 = LINE('',#1004,#1005);
#1004 = CARTESIAN_POINT('',(3.81,0.508,-1.27));
#1005 = VECTOR('',#1006,1.);
#1006 = DIRECTION('',(1.,0.,0.));
#1007 = ORIENTED_EDGE('',*,*,#1008,.F.);
#1008 = EDGE_CURVE('',#1009,#1001,#1011,.T.);
#1009 = VERTEX_POINT('',#1010);
#1010 = CARTESIAN_POINT('',(3.559115818,0.,-1.27));
#1011 = LINE('',#1012,#1013);
#1012 = CARTESIAN_POINT('',(3.559115818,2.54,-1.27));
#1013 = VECTOR('',#1014,1.);
#1014 = DIRECTION('',(0.,1.,0.));
#1015 = ORIENTED_EDGE('',*,*,#1016,.T.);
#1016 = EDGE_CURVE('',#1009,#1017,#1019,.T.);
#1017 = VERTEX_POINT('',#1018);
#1018 = CARTESIAN_POINT('',(3.127316072,0.,-1.27));
#1019 = LINE('',#1020,#1021);
#1020 = CARTESIAN_POINT('',(3.81,0.,-1.27));
#1021 = VECTOR('',#1022,1.);
#1022 = DIRECTION('',(-1.,0.,0.));
#1023 = ORIENTED_EDGE('',*,*,#1024,.F.);
#1024 = EDGE_CURVE('',#1025,#1017,#1027,.T.);
#1025 = VERTEX_POINT('',#1026);
#1026 = CARTESIAN_POINT('',(3.127316072,0.508,-1.27));
#1027 = LINE('',#1028,#1029);
#1028 = CARTESIAN_POINT('',(3.127316072,2.54,-1.27));
#1029 = VECTOR('',#1030,1.);
#1030 = DIRECTION('',(-1.13826999736E-15,-1.,0.));
#1031 = ORIENTED_EDGE('',*,*,#1032,.F.);
#1032 = EDGE_CURVE('',#1033,#1025,#1035,.T.);
#1033 = VERTEX_POINT('',#1034);
#1034 = CARTESIAN_POINT('',(1.952684182,0.508,-1.27));
#1035 = LINE('',#1036,#1037);
#1036 = CARTESIAN_POINT('',(3.81,0.508,-1.27));
#1037 = VECTOR('',#1038,1.);
#1038 = DIRECTION('',(1.,0.,0.));
#1039 = ORIENTED_EDGE('',*,*,#1040,.F.);
#1040 = EDGE_CURVE('',#1041,#1033,#1043,.T.);
#1041 = VERTEX_POINT('',#1042);
#1042 = CARTESIAN_POINT('',(1.952684182,0.,-1.27));
#1043 = LINE('',#1044,#1045);
#1044 = CARTESIAN_POINT('',(1.952684182,2.54,-1.27));
#1045 = VECTOR('',#1046,1.);
#1046 = DIRECTION('',(0.,1.,0.));
#1047 = ORIENTED_EDGE('',*,*,#1048,.T.);
#1048 = EDGE_CURVE('',#1041,#1049,#1051,.T.);
#1049 = VERTEX_POINT('',#1050);
#1050 = CARTESIAN_POINT('',(1.524,0.,-1.27));
#1051 = LINE('',#1052,#1053);
#1052 = CARTESIAN_POINT('',(3.81,0.,-1.27));
#1053 = VECTOR('',#1054,1.);
#1054 = DIRECTION('',(-1.,0.,0.));
#1055 = ORIENTED_EDGE('',*,*,#1056,.F.);
#1056 = EDGE_CURVE('',#450,#1049,#1057,.T.);
#1057 = LINE('',#1058,#1059);
#1058 = CARTESIAN_POINT('',(1.524,2.54,-1.27));
#1059 = VECTOR('',#1060,1.);
#1060 = DIRECTION('',(4.481938114605E-15,-1.,0.));
#1061 = PLANE('',#1062);
#1062 = AXIS2_PLACEMENT_3D('',#1063,#1064,#1065);
#1063 = CARTESIAN_POINT('',(3.81,2.54,-1.27));
#1064 = DIRECTION('',(0.,0.,1.));
#1065 = DIRECTION('',(1.,0.,-0.));
#1066 = ADVANCED_FACE('',(#1067),#1092,.F.);
#1067 = FACE_BOUND('',#1068,.T.);
#1068 = EDGE_LOOP('',(#1069,#1079,#1085,#1086));
#1069 = ORIENTED_EDGE('',*,*,#1070,.F.);
#1070 = EDGE_CURVE('',#1071,#1073,#1075,.T.);
#1071 = VERTEX_POINT('',#1072);
#1072 = CARTESIAN_POINT('',(-3.127315818,0.,0.8382));
#1073 = VERTEX_POINT('',#1074);
#1074 = CARTESIAN_POINT('',(-3.559115818,0.,0.8382));
#1075 = LINE('',#1076,#1077);
#1076 = CARTESIAN_POINT('',(0.,0.,0.8382));
#1077 = VECTOR('',#1078,1.);
#1078 = DIRECTION('',(-1.,0.,0.));
#1079 = ORIENTED_EDGE('',*,*,#1080,.F.);
#1080 = EDGE_CURVE('',#581,#1071,#1081,.T.);
#1081 = LINE('',#1082,#1083);
#1082 = CARTESIAN_POINT('',(-3.127315818,0.,0.));
#1083 = VECTOR('',#1084,1.);
#1084 = DIRECTION('',(0.,0.,-1.));
#1085 = ORIENTED_EDGE('',*,*,#580,.F.);
#1086 = ORIENTED_EDGE('',*,*,#1087,.T.);
#1087 = EDGE_CURVE('',#573,#1073,#1088,.T.);
#1088 = LINE('',#1089,#1090);
#1089 = CARTESIAN_POINT('',(-3.559115818,-4.406197628981E-17,2.54));
#1090 = VECTOR('',#1091,1.);
#1091 = DIRECTION('',(0.,0.,-1.));
#1092 = PLANE('',#1093);
#1093 = AXIS2_PLACEMENT_3D('',#1094,#1095,#1096);
#1094 = CARTESIAN_POINT('',(0.,0.,0.));
#1095 = DIRECTION('',(0.,1.,0.));
#1096 = DIRECTION('',(0.,-0.,1.));
#1097 = ADVANCED_FACE('',(#1098),#1123,.F.);
#1098 = FACE_BOUND('',#1099,.T.);
#1099 = EDGE_LOOP('',(#1100,#1110,#1116,#1117));
#1100 = ORIENTED_EDGE('',*,*,#1101,.F.);
#1101 = EDGE_CURVE('',#1102,#1104,#1106,.T.);
#1102 = VERTEX_POINT('',#1103);
#1103 = CARTESIAN_POINT('',(-3.559115818,0.,-0.8382));
#1104 = VERTEX_POINT('',#1105);
#1105 = CARTESIAN_POINT('',(-3.127315818,0.,-0.8382));
#1106 = LINE('',#1107,#1108);
#1107 = CARTESIAN_POINT('',(0.,0.,-0.8382));
#1108 = VECTOR('',#1109,1.);
#1109 = DIRECTION('',(1.,0.,0.));
#1110 = ORIENTED_EDGE('',*,*,#1111,.T.);
#1111 = EDGE_CURVE('',#1102,#853,#1112,.T.);
#1112 = LINE('',#1113,#1114);
#1113 = CARTESIAN_POINT('',(-3.559115818,-4.406197628981E-17,2.54));
#1114 = VECTOR('',#1115,1.);
#1115 = DIRECTION('',(0.,0.,-1.));
#1116 = ORIENTED_EDGE('',*,*,#852,.F.);
#1117 = ORIENTED_EDGE('',*,*,#1118,.F.);
#1118 = EDGE_CURVE('',#1104,#845,#1119,.T.);
#1119 = LINE('',#1120,#1121);
#1120 = CARTESIAN_POINT('',(-3.127315818,0.,0.));
#1121 = VECTOR('',#1122,1.);
#1122 = DIRECTION('',(0.,0.,-1.));
#1123 = PLANE('',#1124);
#1124 = AXIS2_PLACEMENT_3D('',#1125,#1126,#1127);
#1125 = CARTESIAN_POINT('',(0.,0.,0.));
#1126 = DIRECTION('',(0.,1.,0.));
#1127 = DIRECTION('',(0.,-0.,1.));
#1128 = ADVANCED_FACE('',(#1129),#1154,.F.);
#1129 = FACE_BOUND('',#1130,.T.);
#1130 = EDGE_LOOP('',(#1131,#1141,#1147,#1148));
#1131 = ORIENTED_EDGE('',*,*,#1132,.F.);
#1132 = EDGE_CURVE('',#1133,#1135,#1137,.T.);
#1133 = VERTEX_POINT('',#1134);
#1134 = CARTESIAN_POINT('',(-1.524,0.,0.8382));
#1135 = VERTEX_POINT('',#1136);
#1136 = CARTESIAN_POINT('',(-1.952683928,0.,0.8382));
#1137 = LINE('',#1138,#1139);
#1138 = CARTESIAN_POINT('',(0.,0.,0.8382));
#1139 = VECTOR('',#1140,1.);
#1140 = DIRECTION('',(-1.,0.,0.));
#1141 = ORIENTED_EDGE('',*,*,#1142,.F.);
#1142 = EDGE_CURVE('',#613,#1133,#1143,.T.);
#1143 = LINE('',#1144,#1145);
#1144 = CARTESIAN_POINT('',(-1.524,0.,0.));
#1145 = VECTOR('',#1146,1.);
#1146 = DIRECTION('',(0.,0.,-1.));
#1147 = ORIENTED_EDGE('',*,*,#612,.F.);
#1148 = ORIENTED_EDGE('',*,*,#1149,.T.);
#1149 = EDGE_CURVE('',#605,#1135,#1150,.T.);
#1150 = LINE('',#1151,#1152);
#1151 = CARTESIAN_POINT('',(-1.952683928,0.,2.54));
#1152 = VECTOR('',#1153,1.);
#1153 = DIRECTION('',(0.,0.,-1.));
#1154 = PLANE('',#1155);
#1155 = AXIS2_PLACEMENT_3D('',#1156,#1157,#1158);
#1156 = CARTESIAN_POINT('',(0.,0.,0.));
#1157 = DIRECTION('',(0.,1.,0.));
#1158 = DIRECTION('',(0.,-0.,1.));
#1159 = ADVANCED_FACE('',(#1160),#1185,.F.);
#1160 = FACE_BOUND('',#1161,.T.);
#1161 = EDGE_LOOP('',(#1162,#1172,#1178,#1179));
#1162 = ORIENTED_EDGE('',*,*,#1163,.F.);
#1163 = EDGE_CURVE('',#1164,#1166,#1168,.T.);
#1164 = VERTEX_POINT('',#1165);
#1165 = CARTESIAN_POINT('',(-1.952683928,0.,-0.8382));
#1166 = VERTEX_POINT('',#1167);
#1167 = CARTESIAN_POINT('',(-1.524,0.,-0.8382));
#1168 = LINE('',#1169,#1170);
#1169 = CARTESIAN_POINT('',(0.,0.,-0.8382));
#1170 = VECTOR('',#1171,1.);
#1171 = DIRECTION('',(1.,0.,0.));
#1172 = ORIENTED_EDGE('',*,*,#1173,.T.);
#1173 = EDGE_CURVE('',#1164,#821,#1174,.T.);
#1174 = LINE('',#1175,#1176);
#1175 = CARTESIAN_POINT('',(-1.952683928,0.,2.54));
#1176 = VECTOR('',#1177,1.);
#1177 = DIRECTION('',(0.,0.,-1.));
#1178 = ORIENTED_EDGE('',*,*,#820,.F.);
#1179 = ORIENTED_EDGE('',*,*,#1180,.F.);
#1180 = EDGE_CURVE('',#1166,#813,#1181,.T.);
#1181 = LINE('',#1182,#1183);
#1182 = CARTESIAN_POINT('',(-1.524,0.,0.));
#1183 = VECTOR('',#1184,1.);
#1184 = DIRECTION('',(0.,0.,-1.));
#1185 = PLANE('',#1186);
#1186 = AXIS2_PLACEMENT_3D('',#1187,#1188,#1189);
#1187 = CARTESIAN_POINT('',(0.,0.,0.));
#1188 = DIRECTION('',(0.,1.,0.));
#1189 = DIRECTION('',(0.,-0.,1.));
#1190 = ADVANCED_FACE('',(#1191),#1216,.F.);
#1191 = FACE_BOUND('',#1192,.T.);
#1192 = EDGE_LOOP('',(#1193,#1203,#1209,#1210));
#1193 = ORIENTED_EDGE('',*,*,#1194,.F.);
#1194 = EDGE_CURVE('',#1195,#1197,#1199,.T.);
#1195 = VERTEX_POINT('',#1196);
#1196 = CARTESIAN_POINT('',(3.559115818,0.,0.8382));
#1197 = VERTEX_POINT('',#1198);
#1198 = CARTESIAN_POINT('',(3.127316072,0.,0.8382));
#1199 = LINE('',#1200,#1201);
#1200 = CARTESIAN_POINT('',(0.,0.,0.8382));
#1201 = VECTOR('',#1202,1.);
#1202 = DIRECTION('',(-1.,0.,0.));
#1203 = ORIENTED_EDGE('',*,*,#1204,.F.);
#1204 = EDGE_CURVE('',#681,#1195,#1205,.T.);
#1205 = LINE('',#1206,#1207);
#1206 = CARTESIAN_POINT('',(3.559115818,0.,2.54));
#1207 = VECTOR('',#1208,1.);
#1208 = DIRECTION('',(0.,0.,-1.));
#1209 = ORIENTED_EDGE('',*,*,#680,.F.);
#1210 = ORIENTED_EDGE('',*,*,#1211,.F.);
#1211 = EDGE_CURVE('',#1197,#673,#1212,.T.);
#1212 = LINE('',#1213,#1214);
#1213 = CARTESIAN_POINT('',(3.127316072,0.,0.));
#1214 = VECTOR('',#1215,1.);
#1215 = DIRECTION('',(0.,0.,1.));
#1216 = PLANE('',#1217);
#1217 = AXIS2_PLACEMENT_3D('',#1218,#1219,#1220);
#1218 = CARTESIAN_POINT('',(0.,0.,0.));
#1219 = DIRECTION('',(0.,1.,0.));
#1220 = DIRECTION('',(0.,-0.,1.));
#1221 = ADVANCED_FACE('',(#1222),#1247,.F.);
#1222 = FACE_BOUND('',#1223,.T.);
#1223 = EDGE_LOOP('',(#1224,#1234,#1240,#1241));
#1224 = ORIENTED_EDGE('',*,*,#1225,.F.);
#1225 = EDGE_CURVE('',#1226,#1228,#1230,.T.);
#1226 = VERTEX_POINT('',#1227);
#1227 = CARTESIAN_POINT('',(3.127316072,0.,-0.8382));
#1228 = VERTEX_POINT('',#1229);
#1229 = CARTESIAN_POINT('',(3.559115818,0.,-0.8382));
#1230 = LINE('',#1231,#1232);
#1231 = CARTESIAN_POINT('',(0.,0.,-0.8382));
#1232 = VECTOR('',#1233,1.);
#1233 = DIRECTION('',(1.,0.,0.));
#1234 = ORIENTED_EDGE('',*,*,#1235,.F.);
#1235 = EDGE_CURVE('',#1017,#1226,#1236,.T.);
#1236 = LINE('',#1237,#1238);
#1237 = CARTESIAN_POINT('',(3.127316072,0.,0.));
#1238 = VECTOR('',#1239,1.);
#1239 = DIRECTION('',(0.,0.,1.));
#1240 = ORIENTED_EDGE('',*,*,#1016,.F.);
#1241 = ORIENTED_EDGE('',*,*,#1242,.F.);
#1242 = EDGE_CURVE('',#1228,#1009,#1243,.T.);
#1243 = LINE('',#1244,#1245);
#1244 = CARTESIAN_POINT('',(3.559115818,0.,2.54));
#1245 = VECTOR('',#1246,1.);
#1246 = DIRECTION('',(0.,0.,-1.));
#1247 = PLANE('',#1248);
#1248 = AXIS2_PLACEMENT_3D('',#1249,#1250,#1251);
#1249 = CARTESIAN_POINT('',(0.,0.,0.));
#1250 = DIRECTION('',(0.,1.,0.));
#1251 = DIRECTION('',(0.,-0.,1.));
#1252 = ADVANCED_FACE('',(#1253),#1278,.F.);
#1253 = FACE_BOUND('',#1254,.T.);
#1254 = EDGE_LOOP('',(#1255,#1265,#1271,#1272));
#1255 = ORIENTED_EDGE('',*,*,#1256,.F.);
#1256 = EDGE_CURVE('',#1257,#1259,#1261,.T.);
#1257 = VERTEX_POINT('',#1258);
#1258 = CARTESIAN_POINT('',(1.952684182,0.,0.8382));
#1259 = VERTEX_POINT('',#1260);
#1260 = CARTESIAN_POINT('',(1.524,0.,0.8382));
#1261 = LINE('',#1262,#1263);
#1262 = CARTESIAN_POINT('',(0.,0.,0.8382));
#1263 = VECTOR('',#1264,1.);
#1264 = DIRECTION('',(-1.,0.,0.));
#1265 = ORIENTED_EDGE('',*,*,#1266,.F.);
#1266 = EDGE_CURVE('',#649,#1257,#1267,.T.);
#1267 = LINE('',#1268,#1269);
#1268 = CARTESIAN_POINT('',(1.952684182,0.,2.54));
#1269 = VECTOR('',#1270,1.);
#1270 = DIRECTION('',(0.,0.,-1.));
#1271 = ORIENTED_EDGE('',*,*,#648,.F.);
#1272 = ORIENTED_EDGE('',*,*,#1273,.F.);
#1273 = EDGE_CURVE('',#1259,#641,#1274,.T.);
#1274 = LINE('',#1275,#1276);
#1275 = CARTESIAN_POINT('',(1.524,0.,0.));
#1276 = VECTOR('',#1277,1.);
#1277 = DIRECTION('',(0.,0.,1.));
#1278 = PLANE('',#1279);
#1279 = AXIS2_PLACEMENT_3D('',#1280,#1281,#1282);
#1280 = CARTESIAN_POINT('',(0.,0.,0.));
#1281 = DIRECTION('',(0.,1.,0.));
#1282 = DIRECTION('',(0.,-0.,1.));
#1283 = ADVANCED_FACE('',(#1284),#1309,.F.);
#1284 = FACE_BOUND('',#1285,.T.);
#1285 = EDGE_LOOP('',(#1286,#1296,#1302,#1303));
#1286 = ORIENTED_EDGE('',*,*,#1287,.F.);
#1287 = EDGE_CURVE('',#1288,#1290,#1292,.T.);
#1288 = VERTEX_POINT('',#1289);
#1289 = CARTESIAN_POINT('',(1.524,0.,-0.8382));
#1290 = VERTEX_POINT('',#1291);
#1291 = CARTESIAN_POINT('',(1.952684182,0.,-0.8382));
#1292 = LINE('',#1293,#1294);
#1293 = CARTESIAN_POINT('',(0.,0.,-0.8382));
#1294 = VECTOR('',#1295,1.);
#1295 = DIRECTION('',(1.,0.,0.));
#1296 = ORIENTED_EDGE('',*,*,#1297,.F.);
#1297 = EDGE_CURVE('',#1049,#1288,#1298,.T.);
#1298 = LINE('',#1299,#1300);
#1299 = CARTESIAN_POINT('',(1.524,0.,0.));
#1300 = VECTOR('',#1301,1.);
#1301 = DIRECTION('',(0.,0.,1.));
#1302 = ORIENTED_EDGE('',*,*,#1048,.F.);
#1303 = ORIENTED_EDGE('',*,*,#1304,.F.);
#1304 = EDGE_CURVE('',#1290,#1041,#1305,.T.);
#1305 = LINE('',#1306,#1307);
#1306 = CARTESIAN_POINT('',(1.952684182,0.,2.54));
#1307 = VECTOR('',#1308,1.);
#1308 = DIRECTION('',(0.,0.,-1.));
#1309 = PLANE('',#1310);
#1310 = AXIS2_PLACEMENT_3D('',#1311,#1312,#1313);
#1311 = CARTESIAN_POINT('',(0.,0.,0.));
#1312 = DIRECTION('',(0.,1.,0.));
#1313 = DIRECTION('',(0.,-0.,1.));
#1314 = ADVANCED_FACE('',(#1315),#1340,.F.);
#1315 = FACE_BOUND('',#1316,.T.);
#1316 = EDGE_LOOP('',(#1317,#1327,#1333,#1334));
#1317 = ORIENTED_EDGE('',*,*,#1318,.F.);
#1318 = EDGE_CURVE('',#1319,#1321,#1323,.T.);
#1319 = VERTEX_POINT('',#1320);
#1320 = CARTESIAN_POINT('',(1.016,0.,0.8382));
#1321 = VERTEX_POINT('',#1322);
#1322 = CARTESIAN_POINT('',(0.587316072,0.,0.8382));
#1323 = LINE('',#1324,#1325);
#1324 = CARTESIAN_POINT('',(0.,0.,0.8382));
#1325 = VECTOR('',#1326,1.);
#1326 = DIRECTION('',(-1.,0.,0.));
#1327 = ORIENTED_EDGE('',*,*,#1328,.F.);
#1328 = EDGE_CURVE('',#785,#1319,#1329,.T.);
#1329 = LINE('',#1330,#1331);
#1330 = CARTESIAN_POINT('',(1.016,0.,7.62));
#1331 = VECTOR('',#1332,1.);
#1332 = DIRECTION('',(0.,0.,-1.));
#1333 = ORIENTED_EDGE('',*,*,#784,.F.);
#1334 = ORIENTED_EDGE('',*,*,#1335,.T.);
#1335 = EDGE_CURVE('',#777,#1321,#1336,.T.);
#1336 = LINE('',#1337,#1338);
#1337 = CARTESIAN_POINT('',(0.587316072,0.,2.54));
#1338 = VECTOR('',#1339,1.);
#1339 = DIRECTION('',(0.,0.,-1.));
#1340 = PLANE('',#1341);
#1341 = AXIS2_PLACEMENT_3D('',#1342,#1343,#1344);
#1342 = CARTESIAN_POINT('',(0.,0.,0.));
#1343 = DIRECTION('',(0.,1.,0.));
#1344 = DIRECTION('',(0.,-0.,1.));
#1345 = ADVANCED_FACE('',(#1346),#1371,.F.);
#1346 = FACE_BOUND('',#1347,.T.);
#1347 = EDGE_LOOP('',(#1348,#1358,#1364,#1365));
#1348 = ORIENTED_EDGE('',*,*,#1349,.F.);
#1349 = EDGE_CURVE('',#1350,#1352,#1354,.T.);
#1350 = VERTEX_POINT('',#1351);
#1351 = CARTESIAN_POINT('',(0.587316072,0.,-0.8382));
#1352 = VERTEX_POINT('',#1353);
#1353 = CARTESIAN_POINT('',(1.016,0.,-0.8382));
#1354 = LINE('',#1355,#1356);
#1355 = CARTESIAN_POINT('',(0.,0.,-0.8382));
#1356 = VECTOR('',#1357,1.);
#1357 = DIRECTION('',(1.,0.,0.));
#1358 = ORIENTED_EDGE('',*,*,#1359,.T.);
#1359 = EDGE_CURVE('',#1350,#925,#1360,.T.);
#1360 = LINE('',#1361,#1362);
#1361 = CARTESIAN_POINT('',(0.587316072,0.,2.54));
#1362 = VECTOR('',#1363,1.);
#1363 = DIRECTION('',(0.,0.,-1.));
#1364 = ORIENTED_EDGE('',*,*,#924,.F.);
#1365 = ORIENTED_EDGE('',*,*,#1366,.F.);
#1366 = EDGE_CURVE('',#1352,#917,#1367,.T.);
#1367 = LINE('',#1368,#1369);
#1368 = CARTESIAN_POINT('',(1.016,0.,7.62));
#1369 = VECTOR('',#1370,1.);
#1370 = DIRECTION('',(0.,0.,-1.));
#1371 = PLANE('',#1372);
#1372 = AXIS2_PLACEMENT_3D('',#1373,#1374,#1375);
#1373 = CARTESIAN_POINT('',(0.,0.,0.));
#1374 = DIRECTION('',(0.,1.,0.));
#1375 = DIRECTION('',(0.,-0.,1.));
#1376 = ADVANCED_FACE('',(#1377),#1402,.F.);
#1377 = FACE_BOUND('',#1378,.T.);
#1378 = EDGE_LOOP('',(#1379,#1389,#1395,#1396));
#1379 = ORIENTED_EDGE('',*,*,#1380,.F.);
#1380 = EDGE_CURVE('',#1381,#1383,#1385,.T.);
#1381 = VERTEX_POINT('',#1382);
#1382 = CARTESIAN_POINT('',(-0.587315818,0.,0.8382));
#1383 = VERTEX_POINT('',#1384);
#1384 = CARTESIAN_POINT('',(-1.016,0.,0.8382));
#1385 = LINE('',#1386,#1387);
#1386 = CARTESIAN_POINT('',(0.,0.,0.8382));
#1387 = VECTOR('',#1388,1.);
#1388 = DIRECTION('',(-1.,0.,0.));
#1389 = ORIENTED_EDGE('',*,*,#1390,.F.);
#1390 = EDGE_CURVE('',#753,#1381,#1391,.T.);
#1391 = LINE('',#1392,#1393);
#1392 = CARTESIAN_POINT('',(-0.587315818,0.,2.54));
#1393 = VECTOR('',#1394,1.);
#1394 = DIRECTION('',(0.,0.,-1.));
#1395 = ORIENTED_EDGE('',*,*,#752,.F.);
#1396 = ORIENTED_EDGE('',*,*,#1397,.T.);
#1397 = EDGE_CURVE('',#745,#1383,#1398,.T.);
#1398 = LINE('',#1399,#1400);
#1399 = CARTESIAN_POINT('',(-1.016,0.,7.62));
#1400 = VECTOR('',#1401,1.);
#1401 = DIRECTION('',(0.,0.,-1.));
#1402 = PLANE('',#1403);
#1403 = AXIS2_PLACEMENT_3D('',#1404,#1405,#1406);
#1404 = CARTESIAN_POINT('',(0.,0.,0.));
#1405 = DIRECTION('',(0.,1.,0.));
#1406 = DIRECTION('',(0.,-0.,1.));
#1407 = ADVANCED_FACE('',(#1408),#1433,.F.);
#1408 = FACE_BOUND('',#1409,.T.);
#1409 = EDGE_LOOP('',(#1410,#1420,#1426,#1427));
#1410 = ORIENTED_EDGE('',*,*,#1411,.F.);
#1411 = EDGE_CURVE('',#1412,#1414,#1416,.T.);
#1412 = VERTEX_POINT('',#1413);
#1413 = CARTESIAN_POINT('',(-1.016,0.,-0.8382));
#1414 = VERTEX_POINT('',#1415);
#1415 = CARTESIAN_POINT('',(-0.587315818,0.,-0.8382));
#1416 = LINE('',#1417,#1418);
#1417 = CARTESIAN_POINT('',(0.,0.,-0.8382));
#1418 = VECTOR('',#1419,1.);
#1419 = DIRECTION('',(1.,0.,0.));
#1420 = ORIENTED_EDGE('',*,*,#1421,.T.);
#1421 = EDGE_CURVE('',#1412,#957,#1422,.T.);
#1422 = LINE('',#1423,#1424);
#1423 = CARTESIAN_POINT('',(-1.016,0.,7.62));
#1424 = VECTOR('',#1425,1.);
#1425 = DIRECTION('',(0.,0.,-1.));
#1426 = ORIENTED_EDGE('',*,*,#956,.F.);
#1427 = ORIENTED_EDGE('',*,*,#1428,.F.);
#1428 = EDGE_CURVE('',#1414,#949,#1429,.T.);
#1429 = LINE('',#1430,#1431);
#1430 = CARTESIAN_POINT('',(-0.587315818,0.,2.54));
#1431 = VECTOR('',#1432,1.);
#1432 = DIRECTION('',(0.,0.,-1.));
#1433 = PLANE('',#1434);
#1434 = AXIS2_PLACEMENT_3D('',#1435,#1436,#1437);
#1435 = CARTESIAN_POINT('',(0.,0.,0.));
#1436 = DIRECTION('',(0.,1.,0.));
#1437 = DIRECTION('',(0.,-0.,1.));
#1438 = ADVANCED_FACE('',(#1439),#1450,.T.);
#1439 = FACE_BOUND('',#1440,.T.);
#1440 = EDGE_LOOP('',(#1441,#1442,#1448,#1449));
#1441 = ORIENTED_EDGE('',*,*,#272,.T.);
#1442 = ORIENTED_EDGE('',*,*,#1443,.T.);
#1443 = EDGE_CURVE('',#275,#1383,#1444,.T.);
#1444 = LINE('',#1445,#1446);
#1445 = CARTESIAN_POINT('',(-1.016,0.,0.8382));
#1446 = VECTOR('',#1447,1.);
#1447 = DIRECTION('',(4.2685124901E-16,-1.,0.));
#1448 = ORIENTED_EDGE('',*,*,#1397,.F.);
#1449 = ORIENTED_EDGE('',*,*,#744,.T.);
#1450 = PLANE('',#1451);
#1451 = AXIS2_PLACEMENT_3D('',#1452,#1453,#1454);
#1452 = CARTESIAN_POINT('',(-1.016,0.,7.62));
#1453 = DIRECTION('',(-1.,-4.2685124901E-16,0.));
#1454 = DIRECTION('',(4.2685124901E-16,-1.,0.));
#1455 = ADVANCED_FACE('',(#1456),#1467,.T.);
#1456 = FACE_BOUND('',#1457,.T.);
#1457 = EDGE_LOOP('',(#1458,#1459,#1465,#1466));
#1458 = ORIENTED_EDGE('',*,*,#1421,.F.);
#1459 = ORIENTED_EDGE('',*,*,#1460,.T.);
#1460 = EDGE_CURVE('',#1412,#323,#1461,.T.);
#1461 = LINE('',#1462,#1463);
#1462 = CARTESIAN_POINT('',(-1.016,0.,-0.8382));
#1463 = VECTOR('',#1464,1.);
#1464 = DIRECTION('',(-4.2685124901E-16,1.,0.));
#1465 = ORIENTED_EDGE('',*,*,#322,.T.);
#1466 = ORIENTED_EDGE('',*,*,#964,.T.);
#1467 = PLANE('',#1468);
#1468 = AXIS2_PLACEMENT_3D('',#1469,#1470,#1471);
#1469 = CARTESIAN_POINT('',(-1.016,0.,7.62));
#1470 = DIRECTION('',(-1.,-4.2685124901E-16,0.));
#1471 = DIRECTION('',(4.2685124901E-16,-1.,0.));
#1472 = ADVANCED_FACE('',(#1473),#1484,.T.);
#1473 = FACE_BOUND('',#1474,.T.);
#1474 = EDGE_LOOP('',(#1475,#1476,#1482,#1483));
#1475 = ORIENTED_EDGE('',*,*,#1142,.T.);
#1476 = ORIENTED_EDGE('',*,*,#1477,.T.);
#1477 = EDGE_CURVE('',#1133,#361,#1478,.T.);
#1478 = LINE('',#1479,#1480);
#1479 = CARTESIAN_POINT('',(-1.524,0.508,0.8382));
#1480 = VECTOR('',#1481,1.);
#1481 = DIRECTION('',(0.,1.,0.));
#1482 = ORIENTED_EDGE('',*,*,#360,.F.);
#1483 = ORIENTED_EDGE('',*,*,#620,.T.);
#1484 = PLANE('',#1485);
#1485 = AXIS2_PLACEMENT_3D('',#1486,#1487,#1488);
#1486 = CARTESIAN_POINT('',(-1.524,0.508,7.62));
#1487 = DIRECTION('',(1.,0.,0.));
#1488 = DIRECTION('',(0.,0.,-1.));
#1489 = ADVANCED_FACE('',(#1490),#1501,.T.);
#1490 = FACE_BOUND('',#1491,.T.);
#1491 = EDGE_LOOP('',(#1492,#1493,#1499,#1500));
#1492 = ORIENTED_EDGE('',*,*,#376,.F.);
#1493 = ORIENTED_EDGE('',*,*,#1494,.T.);
#1494 = EDGE_CURVE('',#369,#1166,#1495,.T.);
#1495 = LINE('',#1496,#1497);
#1496 = CARTESIAN_POINT('',(-1.524,0.508,-0.8382));
#1497 = VECTOR('',#1498,1.);
#1498 = DIRECTION('',(0.,-1.,0.));
#1499 = ORIENTED_EDGE('',*,*,#1180,.T.);
#1500 = ORIENTED_EDGE('',*,*,#812,.T.);
#1501 = PLANE('',#1502);
#1502 = AXIS2_PLACEMENT_3D('',#1503,#1504,#1505);
#1503 = CARTESIAN_POINT('',(-1.524,0.508,7.62));
#1504 = DIRECTION('',(1.,0.,0.));
#1505 = DIRECTION('',(0.,0.,-1.));
#1506 = ADVANCED_FACE('',(#1507),#1518,.T.);
#1507 = FACE_BOUND('',#1508,.T.);
#1508 = EDGE_LOOP('',(#1509,#1510,#1516,#1517));
#1509 = ORIENTED_EDGE('',*,*,#407,.T.);
#1510 = ORIENTED_EDGE('',*,*,#1511,.T.);
#1511 = EDGE_CURVE('',#410,#1259,#1512,.T.);
#1512 = LINE('',#1513,#1514);
#1513 = CARTESIAN_POINT('',(1.524,-0.508,0.8382));
#1514 = VECTOR('',#1515,1.);
#1515 = DIRECTION('',(4.481938114605E-15,-1.,0.));
#1516 = ORIENTED_EDGE('',*,*,#1273,.T.);
#1517 = ORIENTED_EDGE('',*,*,#640,.T.);
#1518 = PLANE('',#1519);
#1519 = AXIS2_PLACEMENT_3D('',#1520,#1521,#1522);
#1520 = CARTESIAN_POINT('',(1.524,-0.508,7.62));
#1521 = DIRECTION('',(-1.,-4.481938114605E-15,0.));
#1522 = DIRECTION('',(4.481938114605E-15,-1.,0.));
#1523 = ADVANCED_FACE('',(#1524),#1535,.T.);
#1524 = FACE_BOUND('',#1525,.T.);
#1525 = EDGE_LOOP('',(#1526,#1527,#1533,#1534));
#1526 = ORIENTED_EDGE('',*,*,#1297,.T.);
#1527 = ORIENTED_EDGE('',*,*,#1528,.T.);
#1528 = EDGE_CURVE('',#1288,#458,#1529,.T.);
#1529 = LINE('',#1530,#1531);
#1530 = CARTESIAN_POINT('',(1.524,-0.508,-0.8382));
#1531 = VECTOR('',#1532,1.);
#1532 = DIRECTION('',(-4.481938114605E-15,1.,0.));
#1533 = ORIENTED_EDGE('',*,*,#457,.T.);
#1534 = ORIENTED_EDGE('',*,*,#1056,.T.);
#1535 = PLANE('',#1536);
#1536 = AXIS2_PLACEMENT_3D('',#1537,#1538,#1539);
#1537 = CARTESIAN_POINT('',(1.524,-0.508,7.62));
#1538 = DIRECTION('',(-1.,-4.481938114605E-15,0.));
#1539 = DIRECTION('',(4.481938114605E-15,-1.,0.));
#1540 = ADVANCED_FACE('',(#1541),#1552,.T.);
#1541 = FACE_BOUND('',#1542,.T.);
#1542 = EDGE_LOOP('',(#1543,#1544,#1550,#1551));
#1543 = ORIENTED_EDGE('',*,*,#1328,.T.);
#1544 = ORIENTED_EDGE('',*,*,#1545,.T.);
#1545 = EDGE_CURVE('',#1319,#497,#1546,.T.);
#1546 = LINE('',#1547,#1548);
#1547 = CARTESIAN_POINT('',(1.016,0.508,0.8382));
#1548 = VECTOR('',#1549,1.);
#1549 = DIRECTION('',(0.,1.,0.));
#1550 = ORIENTED_EDGE('',*,*,#496,.F.);
#1551 = ORIENTED_EDGE('',*,*,#792,.T.);
#1552 = PLANE('',#1553);
#1553 = AXIS2_PLACEMENT_3D('',#1554,#1555,#1556);
#1554 = CARTESIAN_POINT('',(1.016,0.508,7.62));
#1555 = DIRECTION('',(1.,0.,0.));
#1556 = DIRECTION('',(0.,0.,-1.));
#1557 = ADVANCED_FACE('',(#1558),#1569,.T.);
#1558 = FACE_BOUND('',#1559,.T.);
#1559 = EDGE_LOOP('',(#1560,#1561,#1567,#1568));
#1560 = ORIENTED_EDGE('',*,*,#512,.F.);
#1561 = ORIENTED_EDGE('',*,*,#1562,.T.);
#1562 = EDGE_CURVE('',#505,#1352,#1563,.T.);
#1563 = LINE('',#1564,#1565);
#1564 = CARTESIAN_POINT('',(1.016,0.508,-0.8382));
#1565 = VECTOR('',#1566,1.);
#1566 = DIRECTION('',(0.,-1.,0.));
#1567 = ORIENTED_EDGE('',*,*,#1366,.T.);
#1568 = ORIENTED_EDGE('',*,*,#916,.T.);
#1569 = PLANE('',#1570);
#1570 = AXIS2_PLACEMENT_3D('',#1571,#1572,#1573);
#1571 = CARTESIAN_POINT('',(1.016,0.508,7.62));
#1572 = DIRECTION('',(1.,0.,0.));
#1573 = DIRECTION('',(0.,0.,-1.));
#1574 = ADVANCED_FACE('',(#1575),#1593,.T.);
#1575 = FACE_BOUND('',#1576,.T.);
#1576 = EDGE_LOOP('',(#1577,#1585,#1591,#1592));
#1577 = ORIENTED_EDGE('',*,*,#1578,.T.);
#1578 = EDGE_CURVE('',#565,#1579,#1581,.T.);
#1579 = VERTEX_POINT('',#1580);
#1580 = CARTESIAN_POINT('',(-3.559115818,0.508,0.8382));
#1581 = LINE('',#1582,#1583);
#1582 = CARTESIAN_POINT('',(-3.559115818,0.508,2.54));
#1583 = VECTOR('',#1584,1.);
#1584 = DIRECTION('',(0.,0.,-1.));
#1585 = ORIENTED_EDGE('',*,*,#1586,.T.);
#1586 = EDGE_CURVE('',#1579,#1073,#1587,.T.);
#1587 = LINE('',#1588,#1589);
#1588 = CARTESIAN_POINT('',(-3.559115818,-4.406197628981E-17,0.8382));
#1589 = VECTOR('',#1590,1.);
#1590 = DIRECTION('',(0.,-1.,0.));
#1591 = ORIENTED_EDGE('',*,*,#1087,.F.);
#1592 = ORIENTED_EDGE('',*,*,#572,.T.);
#1593 = PLANE('',#1594);
#1594 = AXIS2_PLACEMENT_3D('',#1595,#1596,#1597);
#1595 = CARTESIAN_POINT('',(-3.559115818,-4.406197628981E-17,2.54));
#1596 = DIRECTION('',(-1.,0.,0.));
#1597 = DIRECTION('',(0.,0.,1.));
#1598 = ADVANCED_FACE('',(#1599),#1617,.T.);
#1599 = FACE_BOUND('',#1600,.T.);
#1600 = EDGE_LOOP('',(#1601,#1602,#1610,#1616));
#1601 = ORIENTED_EDGE('',*,*,#1111,.F.);
#1602 = ORIENTED_EDGE('',*,*,#1603,.T.);
#1603 = EDGE_CURVE('',#1102,#1604,#1606,.T.);
#1604 = VERTEX_POINT('',#1605);
#1605 = CARTESIAN_POINT('',(-3.559115818,0.508,-0.8382));
#1606 = LINE('',#1607,#1608);
#1607 = CARTESIAN_POINT('',(-3.559115818,-4.406197628981E-17,-0.8382));
#1608 = VECTOR('',#1609,1.);
#1609 = DIRECTION('',(0.,1.,0.));
#1610 = ORIENTED_EDGE('',*,*,#1611,.T.);
#1611 = EDGE_CURVE('',#1604,#861,#1612,.T.);
#1612 = LINE('',#1613,#1614);
#1613 = CARTESIAN_POINT('',(-3.559115818,0.508,2.54));
#1614 = VECTOR('',#1615,1.);
#1615 = DIRECTION('',(0.,0.,-1.));
#1616 = ORIENTED_EDGE('',*,*,#860,.T.);
#1617 = PLANE('',#1618);
#1618 = AXIS2_PLACEMENT_3D('',#1619,#1620,#1621);
#1619 = CARTESIAN_POINT('',(-3.559115818,-4.406197628981E-17,2.54));
#1620 = DIRECTION('',(-1.,0.,0.));
#1621 = DIRECTION('',(0.,0.,1.));
#1622 = ADVANCED_FACE('',(#1623),#1641,.T.);
#1623 = FACE_BOUND('',#1624,.T.);
#1624 = EDGE_LOOP('',(#1625,#1626,#1634,#1640));
#1625 = ORIENTED_EDGE('',*,*,#1204,.T.);
#1626 = ORIENTED_EDGE('',*,*,#1627,.T.);
#1627 = EDGE_CURVE('',#1195,#1628,#1630,.T.);
#1628 = VERTEX_POINT('',#1629);
#1629 = CARTESIAN_POINT('',(3.559115818,0.508,0.8382));
#1630 = LINE('',#1631,#1632);
#1631 = CARTESIAN_POINT('',(3.559115818,0.508,0.8382));
#1632 = VECTOR('',#1633,1.);
#1633 = DIRECTION('',(0.,1.,0.));
#1634 = ORIENTED_EDGE('',*,*,#1635,.F.);
#1635 = EDGE_CURVE('',#689,#1628,#1636,.T.);
#1636 = LINE('',#1637,#1638);
#1637 = CARTESIAN_POINT('',(3.559115818,0.508,2.54));
#1638 = VECTOR('',#1639,1.);
#1639 = DIRECTION('',(0.,0.,-1.));
#1640 = ORIENTED_EDGE('',*,*,#688,.T.);
#1641 = PLANE('',#1642);
#1642 = AXIS2_PLACEMENT_3D('',#1643,#1644,#1645);
#1643 = CARTESIAN_POINT('',(3.559115818,0.508,2.54));
#1644 = DIRECTION('',(1.,0.,0.));
#1645 = DIRECTION('',(0.,0.,-1.));
#1646 = ADVANCED_FACE('',(#1647),#1665,.T.);
#1647 = FACE_BOUND('',#1648,.T.);
#1648 = EDGE_LOOP('',(#1649,#1657,#1663,#1664));
#1649 = ORIENTED_EDGE('',*,*,#1650,.F.);
#1650 = EDGE_CURVE('',#1651,#1001,#1653,.T.);
#1651 = VERTEX_POINT('',#1652);
#1652 = CARTESIAN_POINT('',(3.559115818,0.508,-0.8382));
#1653 = LINE('',#1654,#1655);
#1654 = CARTESIAN_POINT('',(3.559115818,0.508,2.54));
#1655 = VECTOR('',#1656,1.);
#1656 = DIRECTION('',(0.,0.,-1.));
#1657 = ORIENTED_EDGE('',*,*,#1658,.T.);
#1658 = EDGE_CURVE('',#1651,#1228,#1659,.T.);
#1659 = LINE('',#1660,#1661);
#1660 = CARTESIAN_POINT('',(3.559115818,0.508,-0.8382));
#1661 = VECTOR('',#1662,1.);
#1662 = DIRECTION('',(0.,-1.,0.));
#1663 = ORIENTED_EDGE('',*,*,#1242,.T.);
#1664 = ORIENTED_EDGE('',*,*,#1008,.T.);
#1665 = PLANE('',#1666);
#1666 = AXIS2_PLACEMENT_3D('',#1667,#1668,#1669);
#1667 = CARTESIAN_POINT('',(3.559115818,0.508,2.54));
#1668 = DIRECTION('',(1.,0.,0.));
#1669 = DIRECTION('',(0.,0.,-1.));
#1670 = ADVANCED_FACE('',(#1671),#1689,.T.);
#1671 = FACE_BOUND('',#1672,.T.);
#1672 = EDGE_LOOP('',(#1673,#1681,#1687,#1688));
#1673 = ORIENTED_EDGE('',*,*,#1674,.T.);
#1674 = EDGE_CURVE('',#597,#1675,#1677,.T.);
#1675 = VERTEX_POINT('',#1676);
#1676 = CARTESIAN_POINT('',(-1.952683928,0.508,0.8382));
#1677 = LINE('',#1678,#1679);
#1678 = CARTESIAN_POINT('',(-1.952683928,0.508,2.54));
#1679 = VECTOR('',#1680,1.);
#1680 = DIRECTION('',(0.,0.,-1.));
#1681 = ORIENTED_EDGE('',*,*,#1682,.T.);
#1682 = EDGE_CURVE('',#1675,#1135,#1683,.T.);
#1683 = LINE('',#1684,#1685);
#1684 = CARTESIAN_POINT('',(-1.952683928,0.,0.8382));
#1685 = VECTOR('',#1686,1.);
#1686 = DIRECTION('',(0.,-1.,0.));
#1687 = ORIENTED_EDGE('',*,*,#1149,.F.);
#1688 = ORIENTED_EDGE('',*,*,#604,.T.);
#1689 = PLANE('',#1690);
#1690 = AXIS2_PLACEMENT_3D('',#1691,#1692,#1693);
#1691 = CARTESIAN_POINT('',(-1.952683928,0.,2.54));
#1692 = DIRECTION('',(-1.,0.,0.));
#1693 = DIRECTION('',(0.,0.,1.));
#1694 = ADVANCED_FACE('',(#1695),#1713,.T.);
#1695 = FACE_BOUND('',#1696,.T.);
#1696 = EDGE_LOOP('',(#1697,#1698,#1706,#1712));
#1697 = ORIENTED_EDGE('',*,*,#1173,.F.);
#1698 = ORIENTED_EDGE('',*,*,#1699,.T.);
#1699 = EDGE_CURVE('',#1164,#1700,#1702,.T.);
#1700 = VERTEX_POINT('',#1701);
#1701 = CARTESIAN_POINT('',(-1.952683928,0.508,-0.8382));
#1702 = LINE('',#1703,#1704);
#1703 = CARTESIAN_POINT('',(-1.952683928,0.,-0.8382));
#1704 = VECTOR('',#1705,1.);
#1705 = DIRECTION('',(0.,1.,0.));
#1706 = ORIENTED_EDGE('',*,*,#1707,.T.);
#1707 = EDGE_CURVE('',#1700,#829,#1708,.T.);
#1708 = LINE('',#1709,#1710);
#1709 = CARTESIAN_POINT('',(-1.952683928,0.508,2.54));
#1710 = VECTOR('',#1711,1.);
#1711 = DIRECTION('',(0.,0.,-1.));
#1712 = ORIENTED_EDGE('',*,*,#828,.T.);
#1713 = PLANE('',#1714);
#1714 = AXIS2_PLACEMENT_3D('',#1715,#1716,#1717);
#1715 = CARTESIAN_POINT('',(-1.952683928,0.,2.54));
#1716 = DIRECTION('',(-1.,0.,0.));
#1717 = DIRECTION('',(0.,0.,1.));
#1718 = ADVANCED_FACE('',(#1719),#1737,.T.);
#1719 = FACE_BOUND('',#1720,.T.);
#1720 = EDGE_LOOP('',(#1721,#1722,#1730,#1736));
#1721 = ORIENTED_EDGE('',*,*,#1080,.T.);
#1722 = ORIENTED_EDGE('',*,*,#1723,.T.);
#1723 = EDGE_CURVE('',#1071,#1724,#1726,.T.);
#1724 = VERTEX_POINT('',#1725);
#1725 = CARTESIAN_POINT('',(-3.127315818,0.508,0.8382));
#1726 = LINE('',#1727,#1728);
#1727 = CARTESIAN_POINT('',(-3.127315818,0.508,0.8382));
#1728 = VECTOR('',#1729,1.);
#1729 = DIRECTION('',(0.,1.,0.));
#1730 = ORIENTED_EDGE('',*,*,#1731,.F.);
#1731 = EDGE_CURVE('',#589,#1724,#1732,.T.);
#1732 = LINE('',#1733,#1734);
#1733 = CARTESIAN_POINT('',(-3.127315818,0.508,2.54));
#1734 = VECTOR('',#1735,1.);
#1735 = DIRECTION('',(0.,0.,-1.));
#1736 = ORIENTED_EDGE('',*,*,#588,.T.);
#1737 = PLANE('',#1738);
#1738 = AXIS2_PLACEMENT_3D('',#1739,#1740,#1741);
#1739 = CARTESIAN_POINT('',(-3.127315818,0.508,2.54));
#1740 = DIRECTION('',(1.,0.,0.));
#1741 = DIRECTION('',(0.,0.,-1.));
#1742 = ADVANCED_FACE('',(#1743),#1761,.T.);
#1743 = FACE_BOUND('',#1744,.T.);
#1744 = EDGE_LOOP('',(#1745,#1753,#1759,#1760));
#1745 = ORIENTED_EDGE('',*,*,#1746,.F.);
#1746 = EDGE_CURVE('',#1747,#837,#1749,.T.);
#1747 = VERTEX_POINT('',#1748);
#1748 = CARTESIAN_POINT('',(-3.127315818,0.508,-0.8382));
#1749 = LINE('',#1750,#1751);
#1750 = CARTESIAN_POINT('',(-3.127315818,0.508,2.54));
#1751 = VECTOR('',#1752,1.);
#1752 = DIRECTION('',(0.,0.,-1.));
#1753 = ORIENTED_EDGE('',*,*,#1754,.T.);
#1754 = EDGE_CURVE('',#1747,#1104,#1755,.T.);
#1755 = LINE('',#1756,#1757);
#1756 = CARTESIAN_POINT('',(-3.127315818,0.508,-0.8382));
#1757 = VECTOR('',#1758,1.);
#1758 = DIRECTION('',(0.,-1.,0.));
#1759 = ORIENTED_EDGE('',*,*,#1118,.T.);
#1760 = ORIENTED_EDGE('',*,*,#844,.T.);
#1761 = PLANE('',#1762);
#1762 = AXIS2_PLACEMENT_3D('',#1763,#1764,#1765);
#1763 = CARTESIAN_POINT('',(-3.127315818,0.508,2.54));
#1764 = DIRECTION('',(1.,0.,0.));
#1765 = DIRECTION('',(0.,0.,-1.));
#1766 = ADVANCED_FACE('',(#1767),#1785,.T.);
#1767 = FACE_BOUND('',#1768,.T.);
#1768 = EDGE_LOOP('',(#1769,#1770,#1778,#1784));
#1769 = ORIENTED_EDGE('',*,*,#1390,.T.);
#1770 = ORIENTED_EDGE('',*,*,#1771,.T.);
#1771 = EDGE_CURVE('',#1381,#1772,#1774,.T.);
#1772 = VERTEX_POINT('',#1773);
#1773 = CARTESIAN_POINT('',(-0.587315818,0.508,0.8382));
#1774 = LINE('',#1775,#1776);
#1775 = CARTESIAN_POINT('',(-0.587315818,0.508,0.8382));
#1776 = VECTOR('',#1777,1.);
#1777 = DIRECTION('',(0.,1.,0.));
#1778 = ORIENTED_EDGE('',*,*,#1779,.F.);
#1779 = EDGE_CURVE('',#761,#1772,#1780,.T.);
#1780 = LINE('',#1781,#1782);
#1781 = CARTESIAN_POINT('',(-0.587315818,0.508,2.54));
#1782 = VECTOR('',#1783,1.);
#1783 = DIRECTION('',(0.,0.,-1.));
#1784 = ORIENTED_EDGE('',*,*,#760,.T.);
#1785 = PLANE('',#1786);
#1786 = AXIS2_PLACEMENT_3D('',#1787,#1788,#1789);
#1787 = CARTESIAN_POINT('',(-0.587315818,0.508,2.54));
#1788 = DIRECTION('',(1.,0.,0.));
#1789 = DIRECTION('',(0.,0.,-1.));
#1790 = ADVANCED_FACE('',(#1791),#1809,.T.);
#1791 = FACE_BOUND('',#1792,.T.);
#1792 = EDGE_LOOP('',(#1793,#1801,#1807,#1808));
#1793 = ORIENTED_EDGE('',*,*,#1794,.F.);
#1794 = EDGE_CURVE('',#1795,#941,#1797,.T.);
#1795 = VERTEX_POINT('',#1796);
#1796 = CARTESIAN_POINT('',(-0.587315818,0.508,-0.8382));
#1797 = LINE('',#1798,#1799);
#1798 = CARTESIAN_POINT('',(-0.587315818,0.508,2.54));
#1799 = VECTOR('',#1800,1.);
#1800 = DIRECTION('',(0.,0.,-1.));
#1801 = ORIENTED_EDGE('',*,*,#1802,.T.);
#1802 = EDGE_CURVE('',#1795,#1414,#1803,.T.);
#1803 = LINE('',#1804,#1805);
#1804 = CARTESIAN_POINT('',(-0.587315818,0.508,-0.8382));
#1805 = VECTOR('',#1806,1.);
#1806 = DIRECTION('',(0.,-1.,0.));
#1807 = ORIENTED_EDGE('',*,*,#1428,.T.);
#1808 = ORIENTED_EDGE('',*,*,#948,.T.);
#1809 = PLANE('',#1810);
#1810 = AXIS2_PLACEMENT_3D('',#1811,#1812,#1813);
#1811 = CARTESIAN_POINT('',(-0.587315818,0.508,2.54));
#1812 = DIRECTION('',(1.,0.,0.));
#1813 = DIRECTION('',(0.,0.,-1.));
#1814 = ADVANCED_FACE('',(#1815),#1833,.T.);
#1815 = FACE_BOUND('',#1816,.T.);
#1816 = EDGE_LOOP('',(#1817,#1825,#1831,#1832));
#1817 = ORIENTED_EDGE('',*,*,#1818,.T.);
#1818 = EDGE_CURVE('',#769,#1819,#1821,.T.);
#1819 = VERTEX_POINT('',#1820);
#1820 = CARTESIAN_POINT('',(0.587316072,0.508,0.8382));
#1821 = LINE('',#1822,#1823);
#1822 = CARTESIAN_POINT('',(0.587316072,0.508,2.54));
#1823 = VECTOR('',#1824,1.);
#1824 = DIRECTION('',(0.,0.,-1.));
#1825 = ORIENTED_EDGE('',*,*,#1826,.T.);
#1826 = EDGE_CURVE('',#1819,#1321,#1827,.T.);
#1827 = LINE('',#1828,#1829);
#1828 = CARTESIAN_POINT('',(0.587316072,0.,0.8382));
#1829 = VECTOR('',#1830,1.);
#1830 = DIRECTION('',(0.,-1.,0.));
#1831 = ORIENTED_EDGE('',*,*,#1335,.F.);
#1832 = ORIENTED_EDGE('',*,*,#776,.T.);
#1833 = PLANE('',#1834);
#1834 = AXIS2_PLACEMENT_3D('',#1835,#1836,#1837);
#1835 = CARTESIAN_POINT('',(0.587316072,0.,2.54));
#1836 = DIRECTION('',(-1.,0.,0.));
#1837 = DIRECTION('',(0.,0.,1.));
#1838 = ADVANCED_FACE('',(#1839),#1857,.T.);
#1839 = FACE_BOUND('',#1840,.T.);
#1840 = EDGE_LOOP('',(#1841,#1842,#1850,#1856));
#1841 = ORIENTED_EDGE('',*,*,#1359,.F.);
#1842 = ORIENTED_EDGE('',*,*,#1843,.T.);
#1843 = EDGE_CURVE('',#1350,#1844,#1846,.T.);
#1844 = VERTEX_POINT('',#1845);
#1845 = CARTESIAN_POINT('',(0.587316072,0.508,-0.8382));
#1846 = LINE('',#1847,#1848);
#1847 = CARTESIAN_POINT('',(0.587316072,0.,-0.8382));
#1848 = VECTOR('',#1849,1.);
#1849 = DIRECTION('',(0.,1.,0.));
#1850 = ORIENTED_EDGE('',*,*,#1851,.T.);
#1851 = EDGE_CURVE('',#1844,#933,#1852,.T.);
#1852 = LINE('',#1853,#1854);
#1853 = CARTESIAN_POINT('',(0.587316072,0.508,2.54));
#1854 = VECTOR('',#1855,1.);
#1855 = DIRECTION('',(0.,0.,-1.));
#1856 = ORIENTED_EDGE('',*,*,#932,.T.);
#1857 = PLANE('',#1858);
#1858 = AXIS2_PLACEMENT_3D('',#1859,#1860,#1861);
#1859 = CARTESIAN_POINT('',(0.587316072,0.,2.54));
#1860 = DIRECTION('',(-1.,0.,0.));
#1861 = DIRECTION('',(0.,0.,1.));
#1862 = ADVANCED_FACE('',(#1863),#1881,.T.);
#1863 = FACE_BOUND('',#1864,.T.);
#1864 = EDGE_LOOP('',(#1865,#1873,#1879,#1880));
#1865 = ORIENTED_EDGE('',*,*,#1866,.T.);
#1866 = EDGE_CURVE('',#665,#1867,#1869,.T.);
#1867 = VERTEX_POINT('',#1868);
#1868 = CARTESIAN_POINT('',(3.127316072,0.508,0.8382));
#1869 = LINE('',#1870,#1871);
#1870 = CARTESIAN_POINT('',(3.127316072,0.508,2.54));
#1871 = VECTOR('',#1872,1.);
#1872 = DIRECTION('',(0.,0.,-1.));
#1873 = ORIENTED_EDGE('',*,*,#1874,.T.);
#1874 = EDGE_CURVE('',#1867,#1197,#1875,.T.);
#1875 = LINE('',#1876,#1877);
#1876 = CARTESIAN_POINT('',(3.127316072,-0.254,0.8382));
#1877 = VECTOR('',#1878,1.);
#1878 = DIRECTION('',(-1.13826999736E-15,-1.,0.));
#1879 = ORIENTED_EDGE('',*,*,#1211,.T.);
#1880 = ORIENTED_EDGE('',*,*,#672,.T.);
#1881 = PLANE('',#1882);
#1882 = AXIS2_PLACEMENT_3D('',#1883,#1884,#1885);
#1883 = CARTESIAN_POINT('',(3.127316072,-0.254,2.54));
#1884 = DIRECTION('',(-1.,1.13826999736E-15,0.));
#1885 = DIRECTION('',(-1.13826999736E-15,-1.,0.));
#1886 = ADVANCED_FACE('',(#1887),#1905,.T.);
#1887 = FACE_BOUND('',#1888,.T.);
#1888 = EDGE_LOOP('',(#1889,#1890,#1898,#1904));
#1889 = ORIENTED_EDGE('',*,*,#1235,.T.);
#1890 = ORIENTED_EDGE('',*,*,#1891,.T.);
#1891 = EDGE_CURVE('',#1226,#1892,#1894,.T.);
#1892 = VERTEX_POINT('',#1893);
#1893 = CARTESIAN_POINT('',(3.127316072,0.508,-0.8382));
#1894 = LINE('',#1895,#1896);
#1895 = CARTESIAN_POINT('',(3.127316072,-0.254,-0.8382));
#1896 = VECTOR('',#1897,1.);
#1897 = DIRECTION('',(1.13826999736E-15,1.,0.));
#1898 = ORIENTED_EDGE('',*,*,#1899,.T.);
#1899 = EDGE_CURVE('',#1892,#1025,#1900,.T.);
#1900 = LINE('',#1901,#1902);
#1901 = CARTESIAN_POINT('',(3.127316072,0.508,2.54));
#1902 = VECTOR('',#1903,1.);
#1903 = DIRECTION('',(0.,0.,-1.));
#1904 = ORIENTED_EDGE('',*,*,#1024,.T.);
#1905 = PLANE('',#1906);
#1906 = AXIS2_PLACEMENT_3D('',#1907,#1908,#1909);
#1907 = CARTESIAN_POINT('',(3.127316072,-0.254,2.54));
#1908 = DIRECTION('',(-1.,1.13826999736E-15,0.));
#1909 = DIRECTION('',(-1.13826999736E-15,-1.,0.));
#1910 = ADVANCED_FACE('',(#1911),#1929,.T.);
#1911 = FACE_BOUND('',#1912,.T.);
#1912 = EDGE_LOOP('',(#1913,#1914,#1922,#1928));
#1913 = ORIENTED_EDGE('',*,*,#1266,.T.);
#1914 = ORIENTED_EDGE('',*,*,#1915,.T.);
#1915 = EDGE_CURVE('',#1257,#1916,#1918,.T.);
#1916 = VERTEX_POINT('',#1917);
#1917 = CARTESIAN_POINT('',(1.952684182,0.508,0.8382));
#1918 = LINE('',#1919,#1920);
#1919 = CARTESIAN_POINT('',(1.952684182,0.508,0.8382));
#1920 = VECTOR('',#1921,1.);
#1921 = DIRECTION('',(0.,1.,0.));
#1922 = ORIENTED_EDGE('',*,*,#1923,.F.);
#1923 = EDGE_CURVE('',#657,#1916,#1924,.T.);
#1924 = LINE('',#1925,#1926);
#1925 = CARTESIAN_POINT('',(1.952684182,0.508,2.54));
#1926 = VECTOR('',#1927,1.);
#1927 = DIRECTION('',(0.,0.,-1.));
#1928 = ORIENTED_EDGE('',*,*,#656,.T.);
#1929 = PLANE('',#1930);
#1930 = AXIS2_PLACEMENT_3D('',#1931,#1932,#1933);
#1931 = CARTESIAN_POINT('',(1.952684182,0.508,2.54));
#1932 = DIRECTION('',(1.,0.,0.));
#1933 = DIRECTION('',(0.,0.,-1.));
#1934 = ADVANCED_FACE('',(#1935),#1953,.T.);
#1935 = FACE_BOUND('',#1936,.T.);
#1936 = EDGE_LOOP('',(#1937,#1945,#1951,#1952));
#1937 = ORIENTED_EDGE('',*,*,#1938,.F.);
#1938 = EDGE_CURVE('',#1939,#1033,#1941,.T.);
#1939 = VERTEX_POINT('',#1940);
#1940 = CARTESIAN_POINT('',(1.952684182,0.508,-0.8382));
#1941 = LINE('',#1942,#1943);
#1942 = CARTESIAN_POINT('',(1.952684182,0.508,2.54));
#1943 = VECTOR('',#1944,1.);
#1944 = DIRECTION('',(0.,0.,-1.));
#1945 = ORIENTED_EDGE('',*,*,#1946,.T.);
#1946 = EDGE_CURVE('',#1939,#1290,#1947,.T.);
#1947 = LINE('',#1948,#1949);
#1948 = CARTESIAN_POINT('',(1.952684182,0.508,-0.8382));
#1949 = VECTOR('',#1950,1.);
#1950 = DIRECTION('',(0.,-1.,0.));
#1951 = ORIENTED_EDGE('',*,*,#1304,.T.);
#1952 = ORIENTED_EDGE('',*,*,#1040,.T.);
#1953 = PLANE('',#1954);
#1954 = AXIS2_PLACEMENT_3D('',#1955,#1956,#1957);
#1955 = CARTESIAN_POINT('',(1.952684182,0.508,2.54));
#1956 = DIRECTION('',(1.,0.,0.));
#1957 = DIRECTION('',(0.,0.,-1.));
#1958 = ADVANCED_FACE('',(#1959),#1993,.T.);
#1959 = FACE_BOUND('',#1960,.T.);
#1960 = EDGE_LOOP('',(#1961,#1971,#1979,#1987));
#1961 = ORIENTED_EDGE('',*,*,#1962,.T.);
#1962 = EDGE_CURVE('',#1963,#1965,#1967,.T.);
#1963 = VERTEX_POINT('',#1964);
#1964 = CARTESIAN_POINT('',(2.2225,2.54,-0.3175));
#1965 = VERTEX_POINT('',#1966);
#1966 = CARTESIAN_POINT('',(2.2225,0.508,-0.3175));
#1967 = LINE('',#1968,#1969);
#1968 = CARTESIAN_POINT('',(2.2225,2.54,-0.3175));
#1969 = VECTOR('',#1970,1.);
#1970 = DIRECTION('',(0.,-1.,0.));
#1971 = ORIENTED_EDGE('',*,*,#1972,.T.);
#1972 = EDGE_CURVE('',#1965,#1973,#1975,.T.);
#1973 = VERTEX_POINT('',#1974);
#1974 = CARTESIAN_POINT('',(2.8575,0.508,-0.3175));
#1975 = LINE('',#1976,#1977);
#1976 = CARTESIAN_POINT('',(2.8575,0.508,-0.3175));
#1977 = VECTOR('',#1978,1.);
#1978 = DIRECTION('',(1.,0.,0.));
#1979 = ORIENTED_EDGE('',*,*,#1980,.F.);
#1980 = EDGE_CURVE('',#1981,#1973,#1983,.T.);
#1981 = VERTEX_POINT('',#1982);
#1982 = CARTESIAN_POINT('',(2.8575,2.54,-0.3175));
#1983 = LINE('',#1984,#1985);
#1984 = CARTESIAN_POINT('',(2.8575,2.54,-0.3175));
#1985 = VECTOR('',#1986,1.);
#1986 = DIRECTION('',(0.,-1.,0.));
#1987 = ORIENTED_EDGE('',*,*,#1988,.T.);
#1988 = EDGE_CURVE('',#1981,#1963,#1989,.T.);
#1989 = LINE('',#1990,#1991);
#1990 = CARTESIAN_POINT('',(2.8575,2.54,-0.3175));
#1991 = VECTOR('',#1992,1.);
#1992 = DIRECTION('',(-1.,0.,0.));
#1993 = PLANE('',#1994);
#1994 = AXIS2_PLACEMENT_3D('',#1995,#1996,#1997);
#1995 = CARTESIAN_POINT('',(2.8575,2.54,-0.3175));
#1996 = DIRECTION('',(0.,0.,1.));
#1997 = DIRECTION('',(1.,0.,-0.));
#1998 = ADVANCED_FACE('',(#1999),#2024,.T.);
#1999 = FACE_BOUND('',#2000,.T.);
#2000 = EDGE_LOOP('',(#2001,#2002,#2010,#2018));
#2001 = ORIENTED_EDGE('',*,*,#1980,.T.);
#2002 = ORIENTED_EDGE('',*,*,#2003,.T.);
#2003 = EDGE_CURVE('',#1973,#2004,#2006,.T.);
#2004 = VERTEX_POINT('',#2005);
#2005 = CARTESIAN_POINT('',(2.8575,0.508,0.3175));
#2006 = LINE('',#2007,#2008);
#2007 = CARTESIAN_POINT('',(2.8575,0.508,0.3175));
#2008 = VECTOR('',#2009,1.);
#2009 = DIRECTION('',(0.,0.,1.));
#2010 = ORIENTED_EDGE('',*,*,#2011,.F.);
#2011 = EDGE_CURVE('',#2012,#2004,#2014,.T.);
#2012 = VERTEX_POINT('',#2013);
#2013 = CARTESIAN_POINT('',(2.8575,2.54,0.3175));
#2014 = LINE('',#2015,#2016);
#2015 = CARTESIAN_POINT('',(2.8575,2.54,0.3175));
#2016 = VECTOR('',#2017,1.);
#2017 = DIRECTION('',(0.,-1.,0.));
#2018 = ORIENTED_EDGE('',*,*,#2019,.T.);
#2019 = EDGE_CURVE('',#2012,#1981,#2020,.T.);
#2020 = LINE('',#2021,#2022);
#2021 = CARTESIAN_POINT('',(2.8575,2.54,0.3175));
#2022 = VECTOR('',#2023,1.);
#2023 = DIRECTION('',(0.,0.,-1.));
#2024 = PLANE('',#2025);
#2025 = AXIS2_PLACEMENT_3D('',#2026,#2027,#2028);
#2026 = CARTESIAN_POINT('',(2.8575,2.54,0.3175));
#2027 = DIRECTION('',(-1.,0.,0.));
#2028 = DIRECTION('',(0.,0.,1.));
#2029 = ADVANCED_FACE('',(#2030),#2055,.T.);
#2030 = FACE_BOUND('',#2031,.T.);
#2031 = EDGE_LOOP('',(#2032,#2033,#2041,#2049));
#2032 = ORIENTED_EDGE('',*,*,#2011,.T.);
#2033 = ORIENTED_EDGE('',*,*,#2034,.T.);
#2034 = EDGE_CURVE('',#2004,#2035,#2037,.T.);
#2035 = VERTEX_POINT('',#2036);
#2036 = CARTESIAN_POINT('',(2.2225,0.508,0.3175));
#2037 = LINE('',#2038,#2039);
#2038 = CARTESIAN_POINT('',(2.2225,0.508,0.3175));
#2039 = VECTOR('',#2040,1.);
#2040 = DIRECTION('',(-1.,0.,0.));
#2041 = ORIENTED_EDGE('',*,*,#2042,.F.);
#2042 = EDGE_CURVE('',#2043,#2035,#2045,.T.);
#2043 = VERTEX_POINT('',#2044);
#2044 = CARTESIAN_POINT('',(2.2225,2.54,0.3175));
#2045 = LINE('',#2046,#2047);
#2046 = CARTESIAN_POINT('',(2.2225,2.54,0.3175));
#2047 = VECTOR('',#2048,1.);
#2048 = DIRECTION('',(0.,-1.,0.));
#2049 = ORIENTED_EDGE('',*,*,#2050,.T.);
#2050 = EDGE_CURVE('',#2043,#2012,#2051,.T.);
#2051 = LINE('',#2052,#2053);
#2052 = CARTESIAN_POINT('',(2.2225,2.54,0.3175));
#2053 = VECTOR('',#2054,1.);
#2054 = DIRECTION('',(1.,0.,0.));
#2055 = PLANE('',#2056);
#2056 = AXIS2_PLACEMENT_3D('',#2057,#2058,#2059);
#2057 = CARTESIAN_POINT('',(2.2225,2.54,0.3175));
#2058 = DIRECTION('',(0.,0.,-1.));
#2059 = DIRECTION('',(-1.,0.,0.));
#2060 = ADVANCED_FACE('',(#2061),#2095,.T.);
#2061 = FACE_BOUND('',#2062,.T.);
#2062 = EDGE_LOOP('',(#2063,#2073,#2081,#2089));
#2063 = ORIENTED_EDGE('',*,*,#2064,.T.);
#2064 = EDGE_CURVE('',#2065,#2067,#2069,.T.);
#2065 = VERTEX_POINT('',#2066);
#2066 = CARTESIAN_POINT('',(-0.3175,2.54,-0.3175));
#2067 = VERTEX_POINT('',#2068);
#2068 = CARTESIAN_POINT('',(-0.3175,0.508,-0.3175));
#2069 = LINE('',#2070,#2071);
#2070 = CARTESIAN_POINT('',(-0.3175,2.54,-0.3175));
#2071 = VECTOR('',#2072,1.);
#2072 = DIRECTION('',(0.,-1.,0.));
#2073 = ORIENTED_EDGE('',*,*,#2074,.T.);
#2074 = EDGE_CURVE('',#2067,#2075,#2077,.T.);
#2075 = VERTEX_POINT('',#2076);
#2076 = CARTESIAN_POINT('',(0.3175,0.508,-0.3175));
#2077 = LINE('',#2078,#2079);
#2078 = CARTESIAN_POINT('',(0.3175,0.508,-0.3175));
#2079 = VECTOR('',#2080,1.);
#2080 = DIRECTION('',(1.,0.,0.));
#2081 = ORIENTED_EDGE('',*,*,#2082,.F.);
#2082 = EDGE_CURVE('',#2083,#2075,#2085,.T.);
#2083 = VERTEX_POINT('',#2084);
#2084 = CARTESIAN_POINT('',(0.3175,2.54,-0.3175));
#2085 = LINE('',#2086,#2087);
#2086 = CARTESIAN_POINT('',(0.3175,2.54,-0.3175));
#2087 = VECTOR('',#2088,1.);
#2088 = DIRECTION('',(0.,-1.,0.));
#2089 = ORIENTED_EDGE('',*,*,#2090,.T.);
#2090 = EDGE_CURVE('',#2083,#2065,#2091,.T.);
#2091 = LINE('',#2092,#2093);
#2092 = CARTESIAN_POINT('',(0.3175,2.54,-0.3175));
#2093 = VECTOR('',#2094,1.);
#2094 = DIRECTION('',(-1.,0.,0.));
#2095 = PLANE('',#2096);
#2096 = AXIS2_PLACEMENT_3D('',#2097,#2098,#2099);
#2097 = CARTESIAN_POINT('',(0.3175,2.54,-0.3175));
#2098 = DIRECTION('',(0.,0.,1.));
#2099 = DIRECTION('',(1.,0.,-0.));
#2100 = ADVANCED_FACE('',(#2101),#2126,.T.);
#2101 = FACE_BOUND('',#2102,.T.);
#2102 = EDGE_LOOP('',(#2103,#2104,#2112,#2120));
#2103 = ORIENTED_EDGE('',*,*,#2082,.T.);
#2104 = ORIENTED_EDGE('',*,*,#2105,.T.);
#2105 = EDGE_CURVE('',#2075,#2106,#2108,.T.);
#2106 = VERTEX_POINT('',#2107);
#2107 = CARTESIAN_POINT('',(0.3175,0.508,0.3175));
#2108 = LINE('',#2109,#2110);
#2109 = CARTESIAN_POINT('',(0.3175,0.508,0.3175));
#2110 = VECTOR('',#2111,1.);
#2111 = DIRECTION('',(0.,0.,1.));
#2112 = ORIENTED_EDGE('',*,*,#2113,.F.);
#2113 = EDGE_CURVE('',#2114,#2106,#2116,.T.);
#2114 = VERTEX_POINT('',#2115);
#2115 = CARTESIAN_POINT('',(0.3175,2.54,0.3175));
#2116 = LINE('',#2117,#2118);
#2117 = CARTESIAN_POINT('',(0.3175,2.54,0.3175));
#2118 = VECTOR('',#2119,1.);
#2119 = DIRECTION('',(0.,-1.,0.));
#2120 = ORIENTED_EDGE('',*,*,#2121,.T.);
#2121 = EDGE_CURVE('',#2114,#2083,#2122,.T.);
#2122 = LINE('',#2123,#2124);
#2123 = CARTESIAN_POINT('',(0.3175,2.54,0.3175));
#2124 = VECTOR('',#2125,1.);
#2125 = DIRECTION('',(0.,0.,-1.));
#2126 = PLANE('',#2127);
#2127 = AXIS2_PLACEMENT_3D('',#2128,#2129,#2130);
#2128 = CARTESIAN_POINT('',(0.3175,2.54,0.3175));
#2129 = DIRECTION('',(-1.,0.,0.));
#2130 = DIRECTION('',(0.,0.,1.));
#2131 = ADVANCED_FACE('',(#2132),#2157,.T.);
#2132 = FACE_BOUND('',#2133,.T.);
#2133 = EDGE_LOOP('',(#2134,#2135,#2143,#2151));
#2134 = ORIENTED_EDGE('',*,*,#2113,.T.);
#2135 = ORIENTED_EDGE('',*,*,#2136,.T.);
#2136 = EDGE_CURVE('',#2106,#2137,#2139,.T.);
#2137 = VERTEX_POINT('',#2138);
#2138 = CARTESIAN_POINT('',(-0.3175,0.508,0.3175));
#2139 = LINE('',#2140,#2141);
#2140 = CARTESIAN_POINT('',(-0.3175,0.508,0.3175));
#2141 = VECTOR('',#2142,1.);
#2142 = DIRECTION('',(-1.,0.,0.));
#2143 = ORIENTED_EDGE('',*,*,#2144,.F.);
#2144 = EDGE_CURVE('',#2145,#2137,#2147,.T.);
#2145 = VERTEX_POINT('',#2146);
#2146 = CARTESIAN_POINT('',(-0.3175,2.54,0.3175));
#2147 = LINE('',#2148,#2149);
#2148 = CARTESIAN_POINT('',(-0.3175,2.54,0.3175));
#2149 = VECTOR('',#2150,1.);
#2150 = DIRECTION('',(0.,-1.,0.));
#2151 = ORIENTED_EDGE('',*,*,#2152,.T.);
#2152 = EDGE_CURVE('',#2145,#2114,#2153,.T.);
#2153 = LINE('',#2154,#2155);
#2154 = CARTESIAN_POINT('',(-0.3175,2.54,0.3175));
#2155 = VECTOR('',#2156,1.);
#2156 = DIRECTION('',(1.,0.,0.));
#2157 = PLANE('',#2158);
#2158 = AXIS2_PLACEMENT_3D('',#2159,#2160,#2161);
#2159 = CARTESIAN_POINT('',(-0.3175,2.54,0.3175));
#2160 = DIRECTION('',(0.,0.,-1.));
#2161 = DIRECTION('',(-1.,0.,0.));
#2162 = ADVANCED_FACE('',(#2163),#2197,.T.);
#2163 = FACE_BOUND('',#2164,.T.);
#2164 = EDGE_LOOP('',(#2165,#2175,#2183,#2191));
#2165 = ORIENTED_EDGE('',*,*,#2166,.T.);
#2166 = EDGE_CURVE('',#2167,#2169,#2171,.T.);
#2167 = VERTEX_POINT('',#2168);
#2168 = CARTESIAN_POINT('',(-2.8575,2.54,-0.3175));
#2169 = VERTEX_POINT('',#2170);
#2170 = CARTESIAN_POINT('',(-2.8575,0.508,-0.3175));
#2171 = LINE('',#2172,#2173);
#2172 = CARTESIAN_POINT('',(-2.8575,2.54,-0.3175));
#2173 = VECTOR('',#2174,1.);
#2174 = DIRECTION('',(0.,-1.,0.));
#2175 = ORIENTED_EDGE('',*,*,#2176,.T.);
#2176 = EDGE_CURVE('',#2169,#2177,#2179,.T.);
#2177 = VERTEX_POINT('',#2178);
#2178 = CARTESIAN_POINT('',(-2.2225,0.508,-0.3175));
#2179 = LINE('',#2180,#2181);
#2180 = CARTESIAN_POINT('',(-2.2225,0.508,-0.3175));
#2181 = VECTOR('',#2182,1.);
#2182 = DIRECTION('',(1.,0.,0.));
#2183 = ORIENTED_EDGE('',*,*,#2184,.F.);
#2184 = EDGE_CURVE('',#2185,#2177,#2187,.T.);
#2185 = VERTEX_POINT('',#2186);
#2186 = CARTESIAN_POINT('',(-2.2225,2.54,-0.3175));
#2187 = LINE('',#2188,#2189);
#2188 = CARTESIAN_POINT('',(-2.2225,2.54,-0.3175));
#2189 = VECTOR('',#2190,1.);
#2190 = DIRECTION('',(0.,-1.,0.));
#2191 = ORIENTED_EDGE('',*,*,#2192,.T.);
#2192 = EDGE_CURVE('',#2185,#2167,#2193,.T.);
#2193 = LINE('',#2194,#2195);
#2194 = CARTESIAN_POINT('',(-2.2225,2.54,-0.3175));
#2195 = VECTOR('',#2196,1.);
#2196 = DIRECTION('',(-1.,0.,0.));
#2197 = PLANE('',#2198);
#2198 = AXIS2_PLACEMENT_3D('',#2199,#2200,#2201);
#2199 = CARTESIAN_POINT('',(-2.2225,2.54,-0.3175));
#2200 = DIRECTION('',(0.,0.,1.));
#2201 = DIRECTION('',(1.,0.,-0.));
#2202 = ADVANCED_FACE('',(#2203),#2228,.T.);
#2203 = FACE_BOUND('',#2204,.T.);
#2204 = EDGE_LOOP('',(#2205,#2206,#2214,#2222));
#2205 = ORIENTED_EDGE('',*,*,#2184,.T.);
#2206 = ORIENTED_EDGE('',*,*,#2207,.T.);
#2207 = EDGE_CURVE('',#2177,#2208,#2210,.T.);
#2208 = VERTEX_POINT('',#2209);
#2209 = CARTESIAN_POINT('',(-2.2225,0.508,0.3175));
#2210 = LINE('',#2211,#2212);
#2211 = CARTESIAN_POINT('',(-2.2225,0.508,0.3175));
#2212 = VECTOR('',#2213,1.);
#2213 = DIRECTION('',(0.,0.,1.));
#2214 = ORIENTED_EDGE('',*,*,#2215,.F.);
#2215 = EDGE_CURVE('',#2216,#2208,#2218,.T.);
#2216 = VERTEX_POINT('',#2217);
#2217 = CARTESIAN_POINT('',(-2.2225,2.54,0.3175));
#2218 = LINE('',#2219,#2220);
#2219 = CARTESIAN_POINT('',(-2.2225,2.54,0.3175));
#2220 = VECTOR('',#2221,1.);
#2221 = DIRECTION('',(0.,-1.,0.));
#2222 = ORIENTED_EDGE('',*,*,#2223,.T.);
#2223 = EDGE_CURVE('',#2216,#2185,#2224,.T.);
#2224 = LINE('',#2225,#2226);
#2225 = CARTESIAN_POINT('',(-2.2225,2.54,0.3175));
#2226 = VECTOR('',#2227,1.);
#2227 = DIRECTION('',(0.,0.,-1.));
#2228 = PLANE('',#2229);
#2229 = AXIS2_PLACEMENT_3D('',#2230,#2231,#2232);
#2230 = CARTESIAN_POINT('',(-2.2225,2.54,0.3175));
#2231 = DIRECTION('',(-1.,0.,0.));
#2232 = DIRECTION('',(0.,0.,1.));
#2233 = ADVANCED_FACE('',(#2234),#2259,.T.);
#2234 = FACE_BOUND('',#2235,.T.);
#2235 = EDGE_LOOP('',(#2236,#2237,#2245,#2253));
#2236 = ORIENTED_EDGE('',*,*,#2215,.T.);
#2237 = ORIENTED_EDGE('',*,*,#2238,.T.);
#2238 = EDGE_CURVE('',#2208,#2239,#2241,.T.);
#2239 = VERTEX_POINT('',#2240);
#2240 = CARTESIAN_POINT('',(-2.8575,0.508,0.3175));
#2241 = LINE('',#2242,#2243);
#2242 = CARTESIAN_POINT('',(-2.8575,0.508,0.3175));
#2243 = VECTOR('',#2244,1.);
#2244 = DIRECTION('',(-1.,0.,0.));
#2245 = ORIENTED_EDGE('',*,*,#2246,.F.);
#2246 = EDGE_CURVE('',#2247,#2239,#2249,.T.);
#2247 = VERTEX_POINT('',#2248);
#2248 = CARTESIAN_POINT('',(-2.8575,2.54,0.3175));
#2249 = LINE('',#2250,#2251);
#2250 = CARTESIAN_POINT('',(-2.8575,2.54,0.3175));
#2251 = VECTOR('',#2252,1.);
#2252 = DIRECTION('',(0.,-1.,0.));
#2253 = ORIENTED_EDGE('',*,*,#2254,.T.);
#2254 = EDGE_CURVE('',#2247,#2216,#2255,.T.);
#2255 = LINE('',#2256,#2257);
#2256 = CARTESIAN_POINT('',(-2.8575,2.54,0.3175));
#2257 = VECTOR('',#2258,1.);
#2258 = DIRECTION('',(1.,0.,0.));
#2259 = PLANE('',#2260);
#2260 = AXIS2_PLACEMENT_3D('',#2261,#2262,#2263);
#2261 = CARTESIAN_POINT('',(-2.8575,2.54,0.3175));
#2262 = DIRECTION('',(0.,0.,-1.));
#2263 = DIRECTION('',(-1.,0.,0.));
#2264 = ADVANCED_FACE('',(#2265),#2281,.T.);
#2265 = FACE_BOUND('',#2266,.T.);
#2266 = EDGE_LOOP('',(#2267,#2268,#2274,#2275));
#2267 = ORIENTED_EDGE('',*,*,#2042,.T.);
#2268 = ORIENTED_EDGE('',*,*,#2269,.T.);
#2269 = EDGE_CURVE('',#2035,#1965,#2270,.T.);
#2270 = LINE('',#2271,#2272);
#2271 = CARTESIAN_POINT('',(2.2225,0.508,-0.3175));
#2272 = VECTOR('',#2273,1.);
#2273 = DIRECTION('',(0.,0.,-1.));
#2274 = ORIENTED_EDGE('',*,*,#1962,.F.);
#2275 = ORIENTED_EDGE('',*,*,#2276,.T.);
#2276 = EDGE_CURVE('',#1963,#2043,#2277,.T.);
#2277 = LINE('',#2278,#2279);
#2278 = CARTESIAN_POINT('',(2.2225,2.54,-0.3175));
#2279 = VECTOR('',#2280,1.);
#2280 = DIRECTION('',(0.,0.,1.));
#2281 = PLANE('',#2282);
#2282 = AXIS2_PLACEMENT_3D('',#2283,#2284,#2285);
#2283 = CARTESIAN_POINT('',(2.2225,2.54,-0.3175));
#2284 = DIRECTION('',(1.,0.,0.));
#2285 = DIRECTION('',(0.,0.,-1.));
#2286 = ADVANCED_FACE('',(#2287),#2303,.T.);
#2287 = FACE_BOUND('',#2288,.T.);
#2288 = EDGE_LOOP('',(#2289,#2290,#2296,#2297));
#2289 = ORIENTED_EDGE('',*,*,#2144,.T.);
#2290 = ORIENTED_EDGE('',*,*,#2291,.T.);
#2291 = EDGE_CURVE('',#2137,#2067,#2292,.T.);
#2292 = LINE('',#2293,#2294);
#2293 = CARTESIAN_POINT('',(-0.3175,0.508,-0.3175));
#2294 = VECTOR('',#2295,1.);
#2295 = DIRECTION('',(0.,0.,-1.));
#2296 = ORIENTED_EDGE('',*,*,#2064,.F.);
#2297 = ORIENTED_EDGE('',*,*,#2298,.T.);
#2298 = EDGE_CURVE('',#2065,#2145,#2299,.T.);
#2299 = LINE('',#2300,#2301);
#2300 = CARTESIAN_POINT('',(-0.3175,2.54,-0.3175));
#2301 = VECTOR('',#2302,1.);
#2302 = DIRECTION('',(0.,0.,1.));
#2303 = PLANE('',#2304);
#2304 = AXIS2_PLACEMENT_3D('',#2305,#2306,#2307);
#2305 = CARTESIAN_POINT('',(-0.3175,2.54,-0.3175));
#2306 = DIRECTION('',(1.,0.,0.));
#2307 = DIRECTION('',(0.,0.,-1.));
#2308 = ADVANCED_FACE('',(#2309),#2325,.T.);
#2309 = FACE_BOUND('',#2310,.T.);
#2310 = EDGE_LOOP('',(#2311,#2312,#2318,#2319));
#2311 = ORIENTED_EDGE('',*,*,#2246,.T.);
#2312 = ORIENTED_EDGE('',*,*,#2313,.T.);
#2313 = EDGE_CURVE('',#2239,#2169,#2314,.T.);
#2314 = LINE('',#2315,#2316);
#2315 = CARTESIAN_POINT('',(-2.8575,0.508,-0.3175));
#2316 = VECTOR('',#2317,1.);
#2317 = DIRECTION('',(0.,0.,-1.));
#2318 = ORIENTED_EDGE('',*,*,#2166,.F.);
#2319 = ORIENTED_EDGE('',*,*,#2320,.T.);
#2320 = EDGE_CURVE('',#2167,#2247,#2321,.T.);
#2321 = LINE('',#2322,#2323);
#2322 = CARTESIAN_POINT('',(-2.8575,2.54,-0.3175));
#2323 = VECTOR('',#2324,1.);
#2324 = DIRECTION('',(0.,0.,1.));
#2325 = PLANE('',#2326);
#2326 = AXIS2_PLACEMENT_3D('',#2327,#2328,#2329);
#2327 = CARTESIAN_POINT('',(-2.8575,2.54,-0.3175));
#2328 = DIRECTION('',(1.,0.,0.));
#2329 = DIRECTION('',(0.,0.,-1.));
#2330 = ADVANCED_FACE('',(#2331,#2365),#2399,.F.);
#2331 = FACE_BOUND('',#2332,.T.);
#2332 = EDGE_LOOP('',(#2333,#2343,#2351,#2359));
#2333 = ORIENTED_EDGE('',*,*,#2334,.F.);
#2334 = EDGE_CURVE('',#2335,#2337,#2339,.T.);
#2335 = VERTEX_POINT('',#2336);
#2336 = CARTESIAN_POINT('',(-3.6068,1.613692734,8.6104984E-02));
#2337 = VERTEX_POINT('',#2338);
#2338 = CARTESIAN_POINT('',(-3.6068,1.613692734,-8.6104984E-02));
#2339 = LINE('',#2340,#2341);
#2340 = CARTESIAN_POINT('',(-3.6068,1.613692734,0.));
#2341 = VECTOR('',#2342,1.);
#2342 = DIRECTION('',(0.,0.,-1.));
#2343 = ORIENTED_EDGE('',*,*,#2344,.F.);
#2344 = EDGE_CURVE('',#2345,#2335,#2347,.T.);
#2345 = VERTEX_POINT('',#2346);
#2346 = CARTESIAN_POINT('',(-3.6068,1.434307266,8.6104984E-02));
#2347 = LINE('',#2348,#2349);
#2348 = CARTESIAN_POINT('',(-3.6068,0.,8.6104984E-02));
#2349 = VECTOR('',#2350,1.);
#2350 = DIRECTION('',(0.,1.,0.));
#2351 = ORIENTED_EDGE('',*,*,#2352,.F.);
#2352 = EDGE_CURVE('',#2353,#2345,#2355,.T.);
#2353 = VERTEX_POINT('',#2354);
#2354 = CARTESIAN_POINT('',(-3.6068,1.434307266,-8.6104984E-02));
#2355 = LINE('',#2356,#2357);
#2356 = CARTESIAN_POINT('',(-3.6068,1.434307266,0.));
#2357 = VECTOR('',#2358,1.);
#2358 = DIRECTION('',(0.,0.,1.));
#2359 = ORIENTED_EDGE('',*,*,#2360,.F.);
#2360 = EDGE_CURVE('',#2337,#2353,#2361,.T.);
#2361 = LINE('',#2362,#2363);
#2362 = CARTESIAN_POINT('',(-3.6068,0.,-8.6104984E-02));
#2363 = VECTOR('',#2364,1.);
#2364 = DIRECTION('',(0.,-1.,0.));
#2365 = FACE_BOUND('',#2366,.T.);
#2366 = EDGE_LOOP('',(#2367,#2377,#2385,#2393));
#2367 = ORIENTED_EDGE('',*,*,#2368,.F.);
#2368 = EDGE_CURVE('',#2369,#2371,#2373,.T.);
#2369 = VERTEX_POINT('',#2370);
#2370 = CARTESIAN_POINT('',(-3.6068,0.508,0.9398));
#2371 = VERTEX_POINT('',#2372);
#2372 = CARTESIAN_POINT('',(-3.6068,0.508,-0.9398));
#2373 = LINE('',#2374,#2375);
#2374 = CARTESIAN_POINT('',(-3.6068,0.508,0.));
#2375 = VECTOR('',#2376,1.);
#2376 = DIRECTION('',(0.,0.,-1.));
#2377 = ORIENTED_EDGE('',*,*,#2378,.F.);
#2378 = EDGE_CURVE('',#2379,#2369,#2381,.T.);
#2379 = VERTEX_POINT('',#2380);
#2380 = CARTESIAN_POINT('',(-3.6068,2.54,0.9398));
#2381 = LINE('',#2382,#2383);
#2382 = CARTESIAN_POINT('',(-3.6068,2.54,0.9398));
#2383 = VECTOR('',#2384,1.);
#2384 = DIRECTION('',(0.,-1.,0.));
#2385 = ORIENTED_EDGE('',*,*,#2386,.F.);
#2386 = EDGE_CURVE('',#2387,#2379,#2389,.T.);
#2387 = VERTEX_POINT('',#2388);
#2388 = CARTESIAN_POINT('',(-3.6068,2.54,-0.9398));
#2389 = LINE('',#2390,#2391);
#2390 = CARTESIAN_POINT('',(-3.6068,2.54,-0.9398));
#2391 = VECTOR('',#2392,1.);
#2392 = DIRECTION('',(0.,0.,1.));
#2393 = ORIENTED_EDGE('',*,*,#2394,.F.);
#2394 = EDGE_CURVE('',#2371,#2387,#2395,.T.);
#2395 = LINE('',#2396,#2397);
#2396 = CARTESIAN_POINT('',(-3.6068,0.,-0.9398));
#2397 = VECTOR('',#2398,1.);
#2398 = DIRECTION('',(0.,1.,0.));
#2399 = PLANE('',#2400);
#2400 = AXIS2_PLACEMENT_3D('',#2401,#2402,#2403);
#2401 = CARTESIAN_POINT('',(-3.6068,0.,0.));
#2402 = DIRECTION('',(1.,0.,0.));
#2403 = DIRECTION('',(0.,0.,-1.));
#2404 = ADVANCED_FACE('',(#2405),#2430,.F.);
#2405 = FACE_BOUND('',#2406,.T.);
#2406 = EDGE_LOOP('',(#2407,#2415,#2416,#2424));
#2407 = ORIENTED_EDGE('',*,*,#2408,.F.);
#2408 = EDGE_CURVE('',#557,#2409,#2411,.T.);
#2409 = VERTEX_POINT('',#2410);
#2410 = CARTESIAN_POINT('',(-3.81,0.508,0.9398));
#2411 = LINE('',#2412,#2413);
#2412 = CARTESIAN_POINT('',(-3.81,0.508,-1.27));
#2413 = VECTOR('',#2414,1.);
#2414 = DIRECTION('',(0.,0.,-1.));
#2415 = ORIENTED_EDGE('',*,*,#556,.F.);
#2416 = ORIENTED_EDGE('',*,*,#2417,.F.);
#2417 = EDGE_CURVE('',#2418,#549,#2420,.T.);
#2418 = VERTEX_POINT('',#2419);
#2419 = CARTESIAN_POINT('',(-3.81,2.54,0.9398));
#2420 = LINE('',#2421,#2422);
#2421 = CARTESIAN_POINT('',(-3.81,2.54,-1.27));
#2422 = VECTOR('',#2423,1.);
#2423 = DIRECTION('',(0.,0.,1.));
#2424 = ORIENTED_EDGE('',*,*,#2425,.F.);
#2425 = EDGE_CURVE('',#2409,#2418,#2426,.T.);
#2426 = LINE('',#2427,#2428);
#2427 = CARTESIAN_POINT('',(-3.81,2.54,0.9398));
#2428 = VECTOR('',#2429,1.);
#2429 = DIRECTION('',(0.,1.,0.));
#2430 = PLANE('',#2431);
#2431 = AXIS2_PLACEMENT_3D('',#2432,#2433,#2434);
#2432 = CARTESIAN_POINT('',(-3.81,2.54,-1.27));
#2433 = DIRECTION('',(1.,0.,0.));
#2434 = DIRECTION('',(0.,0.,-1.));
#2435 = ADVANCED_FACE('',(#2436),#2461,.F.);
#2436 = FACE_BOUND('',#2437,.T.);
#2437 = EDGE_LOOP('',(#2438,#2446,#2454,#2460));
#2438 = ORIENTED_EDGE('',*,*,#2439,.F.);
#2439 = EDGE_CURVE('',#2440,#869,#2442,.T.);
#2440 = VERTEX_POINT('',#2441);
#2441 = CARTESIAN_POINT('',(-3.81,0.508,-0.9398));
#2442 = LINE('',#2443,#2444);
#2443 = CARTESIAN_POINT('',(-3.81,0.508,-1.27));
#2444 = VECTOR('',#2445,1.);
#2445 = DIRECTION('',(0.,0.,-1.));
#2446 = ORIENTED_EDGE('',*,*,#2447,.F.);
#2447 = EDGE_CURVE('',#2448,#2440,#2450,.T.);
#2448 = VERTEX_POINT('',#2449);
#2449 = CARTESIAN_POINT('',(-3.81,2.54,-0.9398));
#2450 = LINE('',#2451,#2452);
#2451 = CARTESIAN_POINT('',(-3.81,2.54,-0.9398));
#2452 = VECTOR('',#2453,1.);
#2453 = DIRECTION('',(0.,-1.,0.));
#2454 = ORIENTED_EDGE('',*,*,#2455,.F.);
#2455 = EDGE_CURVE('',#877,#2448,#2456,.T.);
#2456 = LINE('',#2457,#2458);
#2457 = CARTESIAN_POINT('',(-3.81,2.54,-1.27));
#2458 = VECTOR('',#2459,1.);
#2459 = DIRECTION('',(0.,0.,1.));
#2460 = ORIENTED_EDGE('',*,*,#876,.T.);
#2461 = PLANE('',#2462);
#2462 = AXIS2_PLACEMENT_3D('',#2463,#2464,#2465);
#2463 = CARTESIAN_POINT('',(-3.81,2.54,-1.27));
#2464 = DIRECTION('',(1.,0.,0.));
#2465 = DIRECTION('',(0.,0.,-1.));
#2466 = ADVANCED_FACE('',(#2467),#2483,.F.);
#2467 = FACE_BOUND('',#2468,.T.);
#2468 = EDGE_LOOP('',(#2469,#2475,#2476,#2482));
#2469 = ORIENTED_EDGE('',*,*,#2470,.F.);
#2470 = EDGE_CURVE('',#993,#697,#2471,.T.);
#2471 = LINE('',#2472,#2473);
#2472 = CARTESIAN_POINT('',(3.81,0.508,1.27));
#2473 = VECTOR('',#2474,1.);
#2474 = DIRECTION('',(0.,0.,1.));
#2475 = ORIENTED_EDGE('',*,*,#992,.F.);
#2476 = ORIENTED_EDGE('',*,*,#2477,.F.);
#2477 = EDGE_CURVE('',#705,#985,#2478,.T.);
#2478 = LINE('',#2479,#2480);
#2479 = CARTESIAN_POINT('',(3.81,2.54,1.27));
#2480 = VECTOR('',#2481,1.);
#2481 = DIRECTION('',(0.,0.,-1.));
#2482 = ORIENTED_EDGE('',*,*,#704,.T.);
#2483 = PLANE('',#2484);
#2484 = AXIS2_PLACEMENT_3D('',#2485,#2486,#2487);
#2485 = CARTESIAN_POINT('',(3.81,2.54,1.27));
#2486 = DIRECTION('',(-1.,0.,0.));
#2487 = DIRECTION('',(0.,0.,1.));
#2488 = ADVANCED_FACE('',(#2489),#2505,.T.);
#2489 = FACE_BOUND('',#2490,.T.);
#2490 = EDGE_LOOP('',(#2491,#2492,#2498,#2499));
#2491 = ORIENTED_EDGE('',*,*,#2378,.T.);
#2492 = ORIENTED_EDGE('',*,*,#2493,.T.);
#2493 = EDGE_CURVE('',#2369,#2409,#2494,.T.);
#2494 = LINE('',#2495,#2496);
#2495 = CARTESIAN_POINT('',(-3.6068,0.508,0.9398));
#2496 = VECTOR('',#2497,1.);
#2497 = DIRECTION('',(-1.,-9.230144198499E-17,0.));
#2498 = ORIENTED_EDGE('',*,*,#2425,.T.);
#2499 = ORIENTED_EDGE('',*,*,#2500,.F.);
#2500 = EDGE_CURVE('',#2379,#2418,#2501,.T.);
#2501 = LINE('',#2502,#2503);
#2502 = CARTESIAN_POINT('',(-3.6068,2.54,0.9398));
#2503 = VECTOR('',#2504,1.);
#2504 = DIRECTION('',(-1.,0.,0.));
#2505 = PLANE('',#2506);
#2506 = AXIS2_PLACEMENT_3D('',#2507,#2508,#2509);
#2507 = CARTESIAN_POINT('',(-3.6068,2.54,0.9398));
#2508 = DIRECTION('',(0.,0.,-1.));
#2509 = DIRECTION('',(-1.,0.,0.));
#2510 = ADVANCED_FACE('',(#2511),#2527,.T.);
#2511 = FACE_BOUND('',#2512,.T.);
#2512 = EDGE_LOOP('',(#2513,#2514,#2520,#2521));
#2513 = ORIENTED_EDGE('',*,*,#2447,.T.);
#2514 = ORIENTED_EDGE('',*,*,#2515,.T.);
#2515 = EDGE_CURVE('',#2440,#2371,#2516,.T.);
#2516 = LINE('',#2517,#2518);
#2517 = CARTESIAN_POINT('',(-3.6068,0.508,-0.9398));
#2518 = VECTOR('',#2519,1.);
#2519 = DIRECTION('',(1.,9.230144198499E-17,0.));
#2520 = ORIENTED_EDGE('',*,*,#2394,.T.);
#2521 = ORIENTED_EDGE('',*,*,#2522,.T.);
#2522 = EDGE_CURVE('',#2387,#2448,#2523,.T.);
#2523 = LINE('',#2524,#2525);
#2524 = CARTESIAN_POINT('',(-3.6068,2.54,-0.9398));
#2525 = VECTOR('',#2526,1.);
#2526 = DIRECTION('',(-1.,0.,0.));
#2527 = PLANE('',#2528);
#2528 = AXIS2_PLACEMENT_3D('',#2529,#2530,#2531);
#2529 = CARTESIAN_POINT('',(-3.6068,0.,-0.9398));
#2530 = DIRECTION('',(0.,0.,1.));
#2531 = DIRECTION('',(1.,0.,-0.));
#2532 = ADVANCED_FACE('',(#2533,#2539),#2549,.T.);
#2533 = FACE_BOUND('',#2534,.T.);
#2534 = EDGE_LOOP('',(#2535,#2536,#2537,#2538));
#2535 = ORIENTED_EDGE('',*,*,#2192,.F.);
#2536 = ORIENTED_EDGE('',*,*,#2223,.F.);
#2537 = ORIENTED_EDGE('',*,*,#2254,.F.);
#2538 = ORIENTED_EDGE('',*,*,#2320,.F.);
#2539 = FACE_BOUND('',#2540,.T.);
#2540 = EDGE_LOOP('',(#2541,#2542,#2543,#2544,#2545,#2546,#2547,#2548));
#2541 = ORIENTED_EDGE('',*,*,#2386,.T.);
#2542 = ORIENTED_EDGE('',*,*,#2500,.T.);
#2543 = ORIENTED_EDGE('',*,*,#2417,.T.);
#2544 = ORIENTED_EDGE('',*,*,#548,.T.);
#2545 = ORIENTED_EDGE('',*,*,#169,.T.);
#2546 = ORIENTED_EDGE('',*,*,#884,.T.);
#2547 = ORIENTED_EDGE('',*,*,#2455,.T.);
#2548 = ORIENTED_EDGE('',*,*,#2522,.F.);
#2549 = PLANE('',#2550);
#2550 = AXIS2_PLACEMENT_3D('',#2551,#2552,#2553);
#2551 = CARTESIAN_POINT('',(0.,2.54,0.));
#2552 = DIRECTION('',(0.,1.,0.));
#2553 = DIRECTION('',(0.,-0.,1.));
#2554 = ADVANCED_FACE('',(#2555,#2561),#2567,.T.);
#2555 = FACE_BOUND('',#2556,.T.);
#2556 = EDGE_LOOP('',(#2557,#2558,#2559,#2560));
#2557 = ORIENTED_EDGE('',*,*,#2090,.F.);
#2558 = ORIENTED_EDGE('',*,*,#2121,.F.);
#2559 = ORIENTED_EDGE('',*,*,#2152,.F.);
#2560 = ORIENTED_EDGE('',*,*,#2298,.F.);
#2561 = FACE_BOUND('',#2562,.T.);
#2562 = EDGE_LOOP('',(#2563,#2564,#2565,#2566));
#2563 = ORIENTED_EDGE('',*,*,#904,.T.);
#2564 = ORIENTED_EDGE('',*,*,#241,.F.);
#2565 = ORIENTED_EDGE('',*,*,#732,.T.);
#2566 = ORIENTED_EDGE('',*,*,#155,.T.);
#2567 = PLANE('',#2568);
#2568 = AXIS2_PLACEMENT_3D('',#2569,#2570,#2571);
#2569 = CARTESIAN_POINT('',(0.,2.54,0.));
#2570 = DIRECTION('',(0.,1.,0.));
#2571 = DIRECTION('',(0.,-0.,1.));
#2572 = ADVANCED_FACE('',(#2573,#2579),#2585,.T.);
#2573 = FACE_BOUND('',#2574,.T.);
#2574 = EDGE_LOOP('',(#2575,#2576,#2577,#2578));
#2575 = ORIENTED_EDGE('',*,*,#1988,.F.);
#2576 = ORIENTED_EDGE('',*,*,#2019,.F.);
#2577 = ORIENTED_EDGE('',*,*,#2050,.F.);
#2578 = ORIENTED_EDGE('',*,*,#2276,.F.);
#2579 = FACE_BOUND('',#2580,.T.);
#2580 = EDGE_LOOP('',(#2581,#2582,#2583,#2584));
#2581 = ORIENTED_EDGE('',*,*,#984,.T.);
#2582 = ORIENTED_EDGE('',*,*,#84,.F.);
#2583 = ORIENTED_EDGE('',*,*,#712,.T.);
#2584 = ORIENTED_EDGE('',*,*,#2477,.T.);
#2585 = PLANE('',#2586);
#2586 = AXIS2_PLACEMENT_3D('',#2587,#2588,#2589);
#2587 = CARTESIAN_POINT('',(0.,2.54,0.));
#2588 = DIRECTION('',(0.,1.,0.));
#2589 = DIRECTION('',(0.,-0.,1.));
#2590 = ADVANCED_FACE('',(#2591),#2616,.F.);
#2591 = FACE_BOUND('',#2592,.T.);
#2592 = EDGE_LOOP('',(#2593,#2601,#2602,#2610));
#2593 = ORIENTED_EDGE('',*,*,#2594,.F.);
#2594 = EDGE_CURVE('',#2335,#2595,#2597,.T.);
#2595 = VERTEX_POINT('',#2596);
#2596 = CARTESIAN_POINT('',(-3.937,1.613692734,8.6104984E-02));
#2597 = LINE('',#2598,#2599);
#2598 = CARTESIAN_POINT('',(-3.2766,1.613692734,8.6104984E-02));
#2599 = VECTOR('',#2600,1.);
#2600 = DIRECTION('',(-1.,0.,0.));
#2601 = ORIENTED_EDGE('',*,*,#2334,.T.);
#2602 = ORIENTED_EDGE('',*,*,#2603,.T.);
#2603 = EDGE_CURVE('',#2337,#2604,#2606,.T.);
#2604 = VERTEX_POINT('',#2605);
#2605 = CARTESIAN_POINT('',(-3.937,1.613692734,-8.6104984E-02));
#2606 = LINE('',#2607,#2608);
#2607 = CARTESIAN_POINT('',(-3.2766,1.613692734,-8.6104984E-02));
#2608 = VECTOR('',#2609,1.);
#2609 = DIRECTION('',(-1.,0.,0.));
#2610 = ORIENTED_EDGE('',*,*,#2611,.T.);
#2611 = EDGE_CURVE('',#2604,#2595,#2612,.T.);
#2612 = LINE('',#2613,#2614);
#2613 = CARTESIAN_POINT('',(-3.937,1.613692734,-8.6104984E-02));
#2614 = VECTOR('',#2615,1.);
#2615 = DIRECTION('',(0.,0.,1.));
#2616 = PLANE('',#2617);
#2617 = AXIS2_PLACEMENT_3D('',#2618,#2619,#2620);
#2618 = CARTESIAN_POINT('',(-3.2766,1.613692734,-8.6104984E-02));
#2619 = DIRECTION('',(0.,-1.,0.));
#2620 = DIRECTION('',(0.,0.,-1.));
#2621 = ADVANCED_FACE('',(#2622),#2640,.F.);
#2622 = FACE_BOUND('',#2623,.T.);
#2623 = EDGE_LOOP('',(#2624,#2632,#2633,#2634));
#2624 = ORIENTED_EDGE('',*,*,#2625,.F.);
#2625 = EDGE_CURVE('',#2345,#2626,#2628,.T.);
#2626 = VERTEX_POINT('',#2627);
#2627 = CARTESIAN_POINT('',(-3.937,1.434307266,8.6104984E-02));
#2628 = LINE('',#2629,#2630);
#2629 = CARTESIAN_POINT('',(-3.2766,1.434307266,8.6104984E-02));
#2630 = VECTOR('',#2631,1.);
#2631 = DIRECTION('',(-1.,0.,0.));
#2632 = ORIENTED_EDGE('',*,*,#2344,.T.);
#2633 = ORIENTED_EDGE('',*,*,#2594,.T.);
#2634 = ORIENTED_EDGE('',*,*,#2635,.T.);
#2635 = EDGE_CURVE('',#2595,#2626,#2636,.T.);
#2636 = LINE('',#2637,#2638);
#2637 = CARTESIAN_POINT('',(-3.937,1.613692734,8.6104984E-02));
#2638 = VECTOR('',#2639,1.);
#2639 = DIRECTION('',(0.,-1.,0.));
#2640 = PLANE('',#2641);
#2641 = AXIS2_PLACEMENT_3D('',#2642,#2643,#2644);
#2642 = CARTESIAN_POINT('',(-3.2766,1.613692734,8.6104984E-02));
#2643 = DIRECTION('',(0.,0.,-1.));
#2644 = DIRECTION('',(-1.,0.,0.));
#2645 = ADVANCED_FACE('',(#2646),#2664,.F.);
#2646 = FACE_BOUND('',#2647,.T.);
#2647 = EDGE_LOOP('',(#2648,#2656,#2657,#2658));
#2648 = ORIENTED_EDGE('',*,*,#2649,.F.);
#2649 = EDGE_CURVE('',#2353,#2650,#2652,.T.);
#2650 = VERTEX_POINT('',#2651);
#2651 = CARTESIAN_POINT('',(-3.937,1.434307266,-8.6104984E-02));
#2652 = LINE('',#2653,#2654);
#2653 = CARTESIAN_POINT('',(-3.2766,1.434307266,-8.6104984E-02));
#2654 = VECTOR('',#2655,1.);
#2655 = DIRECTION('',(-1.,0.,0.));
#2656 = ORIENTED_EDGE('',*,*,#2352,.T.);
#2657 = ORIENTED_EDGE('',*,*,#2625,.T.);
#2658 = ORIENTED_EDGE('',*,*,#2659,.T.);
#2659 = EDGE_CURVE('',#2626,#2650,#2660,.T.);
#2660 = LINE('',#2661,#2662);
#2661 = CARTESIAN_POINT('',(-3.937,1.434307266,8.6104984E-02));
#2662 = VECTOR('',#2663,1.);
#2663 = DIRECTION('',(0.,0.,-1.));
#2664 = PLANE('',#2665);
#2665 = AXIS2_PLACEMENT_3D('',#2666,#2667,#2668);
#2666 = CARTESIAN_POINT('',(-3.2766,1.434307266,8.6104984E-02));
#2667 = DIRECTION('',(0.,1.,0.));
#2668 = DIRECTION('',(0.,-0.,1.));
#2669 = ADVANCED_FACE('',(#2670),#2681,.F.);
#2670 = FACE_BOUND('',#2671,.T.);
#2671 = EDGE_LOOP('',(#2672,#2673,#2674,#2675));
#2672 = ORIENTED_EDGE('',*,*,#2603,.F.);
#2673 = ORIENTED_EDGE('',*,*,#2360,.T.);
#2674 = ORIENTED_EDGE('',*,*,#2649,.T.);
#2675 = ORIENTED_EDGE('',*,*,#2676,.T.);
#2676 = EDGE_CURVE('',#2650,#2604,#2677,.T.);
#2677 = LINE('',#2678,#2679);
#2678 = CARTESIAN_POINT('',(-3.937,1.434307266,-8.6104984E-02));
#2679 = VECTOR('',#2680,1.);
#2680 = DIRECTION('',(0.,1.,0.));
#2681 = PLANE('',#2682);
#2682 = AXIS2_PLACEMENT_3D('',#2683,#2684,#2685);
#2683 = CARTESIAN_POINT('',(-3.2766,1.434307266,-8.6104984E-02));
#2684 = DIRECTION('',(0.,0.,1.));
#2685 = DIRECTION('',(1.,0.,-0.));
#2686 = ADVANCED_FACE('',(#2687),#2693,.F.);
#2687 = FACE_BOUND('',#2688,.T.);
#2688 = EDGE_LOOP('',(#2689,#2690,#2691,#2692));
#2689 = ORIENTED_EDGE('',*,*,#2611,.F.);
#2690 = ORIENTED_EDGE('',*,*,#2676,.F.);
#2691 = ORIENTED_EDGE('',*,*,#2659,.F.);
#2692 = ORIENTED_EDGE('',*,*,#2635,.F.);
#2693 = PLANE('',#2694);
#2694 = AXIS2_PLACEMENT_3D('',#2695,#2696,#2697);
#2695 = CARTESIAN_POINT('',(-3.937,0.,0.));
#2696 = DIRECTION('',(1.,0.,0.));
#2697 = DIRECTION('',(0.,0.,-1.));
#2698 = ADVANCED_FACE('',(#2699,#2741),#2747,.T.);
#2699 = FACE_BOUND('',#2700,.T.);
#2700 = EDGE_LOOP('',(#2701,#2707,#2708,#2709,#2710,#2711,#2712,#2713,
    #2714,#2715,#2716,#2722,#2723,#2724,#2725,#2731,#2732,#2738,#2739,
    #2740));
#2701 = ORIENTED_EDGE('',*,*,#2702,.T.);
#2702 = EDGE_CURVE('',#1724,#1579,#2703,.T.);
#2703 = LINE('',#2704,#2705);
#2704 = CARTESIAN_POINT('',(7.62,0.508,0.8382));
#2705 = VECTOR('',#2706,1.);
#2706 = DIRECTION('',(-1.,0.,0.));
#2707 = ORIENTED_EDGE('',*,*,#1578,.F.);
#2708 = ORIENTED_EDGE('',*,*,#564,.T.);
#2709 = ORIENTED_EDGE('',*,*,#2408,.T.);
#2710 = ORIENTED_EDGE('',*,*,#2493,.F.);
#2711 = ORIENTED_EDGE('',*,*,#2368,.T.);
#2712 = ORIENTED_EDGE('',*,*,#2515,.F.);
#2713 = ORIENTED_EDGE('',*,*,#2439,.T.);
#2714 = ORIENTED_EDGE('',*,*,#868,.T.);
#2715 = ORIENTED_EDGE('',*,*,#1611,.F.);
#2716 = ORIENTED_EDGE('',*,*,#2717,.F.);
#2717 = EDGE_CURVE('',#1747,#1604,#2718,.T.);
#2718 = LINE('',#2719,#2720);
#2719 = CARTESIAN_POINT('',(7.62,0.508,-0.8382));
#2720 = VECTOR('',#2721,1.);
#2721 = DIRECTION('',(-1.,0.,0.));
#2722 = ORIENTED_EDGE('',*,*,#1746,.T.);
#2723 = ORIENTED_EDGE('',*,*,#836,.T.);
#2724 = ORIENTED_EDGE('',*,*,#1707,.F.);
#2725 = ORIENTED_EDGE('',*,*,#2726,.F.);
#2726 = EDGE_CURVE('',#369,#1700,#2727,.T.);
#2727 = LINE('',#2728,#2729);
#2728 = CARTESIAN_POINT('',(7.62,0.508,-0.8382));
#2729 = VECTOR('',#2730,1.);
#2730 = DIRECTION('',(-1.,0.,0.));
#2731 = ORIENTED_EDGE('',*,*,#368,.F.);
#2732 = ORIENTED_EDGE('',*,*,#2733,.T.);
#2733 = EDGE_CURVE('',#361,#1675,#2734,.T.);
#2734 = LINE('',#2735,#2736);
#2735 = CARTESIAN_POINT('',(7.62,0.508,0.8382));
#2736 = VECTOR('',#2737,1.);
#2737 = DIRECTION('',(-1.,0.,0.));
#2738 = ORIENTED_EDGE('',*,*,#1674,.F.);
#2739 = ORIENTED_EDGE('',*,*,#596,.T.);
#2740 = ORIENTED_EDGE('',*,*,#1731,.T.);
#2741 = FACE_BOUND('',#2742,.T.);
#2742 = EDGE_LOOP('',(#2743,#2744,#2745,#2746));
#2743 = ORIENTED_EDGE('',*,*,#2313,.F.);
#2744 = ORIENTED_EDGE('',*,*,#2238,.F.);
#2745 = ORIENTED_EDGE('',*,*,#2207,.F.);
#2746 = ORIENTED_EDGE('',*,*,#2176,.F.);
#2747 = PLANE('',#2748);
#2748 = AXIS2_PLACEMENT_3D('',#2749,#2750,#2751);
#2749 = CARTESIAN_POINT('',(-3.559115818,0.508,2.54));
#2750 = DIRECTION('',(9.230144198499E-17,-1.,0.));
#2751 = DIRECTION('',(1.,9.230144198499E-17,0.));
#2752 = ADVANCED_FACE('',(#2753,#2791),#2797,.T.);
#2753 = FACE_BOUND('',#2754,.T.);
#2754 = EDGE_LOOP('',(#2755,#2756,#2757,#2758,#2764,#2765,#2766,#2767,
    #2773,#2774,#2780,#2781,#2782,#2783,#2789,#2790));
#2755 = ORIENTED_EDGE('',*,*,#2470,.T.);
#2756 = ORIENTED_EDGE('',*,*,#696,.T.);
#2757 = ORIENTED_EDGE('',*,*,#1635,.T.);
#2758 = ORIENTED_EDGE('',*,*,#2759,.T.);
#2759 = EDGE_CURVE('',#1628,#1867,#2760,.T.);
#2760 = LINE('',#2761,#2762);
#2761 = CARTESIAN_POINT('',(7.62,0.508,0.8382));
#2762 = VECTOR('',#2763,1.);
#2763 = DIRECTION('',(-1.,0.,0.));
#2764 = ORIENTED_EDGE('',*,*,#1866,.F.);
#2765 = ORIENTED_EDGE('',*,*,#664,.T.);
#2766 = ORIENTED_EDGE('',*,*,#1923,.T.);
#2767 = ORIENTED_EDGE('',*,*,#2768,.T.);
#2768 = EDGE_CURVE('',#1916,#410,#2769,.T.);
#2769 = LINE('',#2770,#2771);
#2770 = CARTESIAN_POINT('',(7.62,0.508,0.8382));
#2771 = VECTOR('',#2772,1.);
#2772 = DIRECTION('',(-1.,0.,0.));
#2773 = ORIENTED_EDGE('',*,*,#465,.F.);
#2774 = ORIENTED_EDGE('',*,*,#2775,.F.);
#2775 = EDGE_CURVE('',#1939,#458,#2776,.T.);
#2776 = LINE('',#2777,#2778);
#2777 = CARTESIAN_POINT('',(7.62,0.508,-0.8382));
#2778 = VECTOR('',#2779,1.);
#2779 = DIRECTION('',(-1.,0.,0.));
#2780 = ORIENTED_EDGE('',*,*,#1938,.T.);
#2781 = ORIENTED_EDGE('',*,*,#1032,.T.);
#2782 = ORIENTED_EDGE('',*,*,#1899,.F.);
#2783 = ORIENTED_EDGE('',*,*,#2784,.F.);
#2784 = EDGE_CURVE('',#1651,#1892,#2785,.T.);
#2785 = LINE('',#2786,#2787);
#2786 = CARTESIAN_POINT('',(7.62,0.508,-0.8382));
#2787 = VECTOR('',#2788,1.);
#2788 = DIRECTION('',(-1.,0.,0.));
#2789 = ORIENTED_EDGE('',*,*,#1650,.T.);
#2790 = ORIENTED_EDGE('',*,*,#1000,.T.);
#2791 = FACE_BOUND('',#2792,.T.);
#2792 = EDGE_LOOP('',(#2793,#2794,#2795,#2796));
#2793 = ORIENTED_EDGE('',*,*,#2269,.F.);
#2794 = ORIENTED_EDGE('',*,*,#2034,.F.);
#2795 = ORIENTED_EDGE('',*,*,#2003,.F.);
#2796 = ORIENTED_EDGE('',*,*,#1972,.F.);
#2797 = PLANE('',#2798);
#2798 = AXIS2_PLACEMENT_3D('',#2799,#2800,#2801);
#2799 = CARTESIAN_POINT('',(4.733747708,0.508,2.54));
#2800 = DIRECTION('',(0.,-1.,0.));
#2801 = DIRECTION('',(0.,0.,-1.));
#2802 = ADVANCED_FACE('',(#2803,#2837),#2843,.T.);
#2803 = FACE_BOUND('',#2804,.T.);
#2804 = EDGE_LOOP('',(#2805,#2811,#2812,#2813,#2814,#2820,#2821,#2827,
    #2828,#2829,#2830,#2836));
#2805 = ORIENTED_EDGE('',*,*,#2806,.T.);
#2806 = EDGE_CURVE('',#497,#1819,#2807,.T.);
#2807 = LINE('',#2808,#2809);
#2808 = CARTESIAN_POINT('',(7.62,0.508,0.8382));
#2809 = VECTOR('',#2810,1.);
#2810 = DIRECTION('',(-1.,0.,0.));
#2811 = ORIENTED_EDGE('',*,*,#1818,.F.);
#2812 = ORIENTED_EDGE('',*,*,#768,.T.);
#2813 = ORIENTED_EDGE('',*,*,#1779,.T.);
#2814 = ORIENTED_EDGE('',*,*,#2815,.T.);
#2815 = EDGE_CURVE('',#1772,#275,#2816,.T.);
#2816 = LINE('',#2817,#2818);
#2817 = CARTESIAN_POINT('',(7.62,0.508,0.8382));
#2818 = VECTOR('',#2819,1.);
#2819 = DIRECTION('',(-1.,0.,0.));
#2820 = ORIENTED_EDGE('',*,*,#330,.F.);
#2821 = ORIENTED_EDGE('',*,*,#2822,.F.);
#2822 = EDGE_CURVE('',#1795,#323,#2823,.T.);
#2823 = LINE('',#2824,#2825);
#2824 = CARTESIAN_POINT('',(7.62,0.508,-0.8382));
#2825 = VECTOR('',#2826,1.);
#2826 = DIRECTION('',(-1.,0.,0.));
#2827 = ORIENTED_EDGE('',*,*,#1794,.T.);
#2828 = ORIENTED_EDGE('',*,*,#940,.T.);
#2829 = ORIENTED_EDGE('',*,*,#1851,.F.);
#2830 = ORIENTED_EDGE('',*,*,#2831,.F.);
#2831 = EDGE_CURVE('',#505,#1844,#2832,.T.);
#2832 = LINE('',#2833,#2834);
#2833 = CARTESIAN_POINT('',(7.62,0.508,-0.8382));
#2834 = VECTOR('',#2835,1.);
#2835 = DIRECTION('',(-1.,0.,0.));
#2836 = ORIENTED_EDGE('',*,*,#504,.F.);
#2837 = FACE_BOUND('',#2838,.T.);
#2838 = EDGE_LOOP('',(#2839,#2840,#2841,#2842));
#2839 = ORIENTED_EDGE('',*,*,#2291,.F.);
#2840 = ORIENTED_EDGE('',*,*,#2136,.F.);
#2841 = ORIENTED_EDGE('',*,*,#2105,.F.);
#2842 = ORIENTED_EDGE('',*,*,#2074,.F.);
#2843 = PLANE('',#2844);
#2844 = AXIS2_PLACEMENT_3D('',#2845,#2846,#2847);
#2845 = CARTESIAN_POINT('',(0.587316072,0.508,2.54));
#2846 = DIRECTION('',(0.,-1.,0.));
#2847 = DIRECTION('',(0.,0.,-1.));
#2848 = ADVANCED_FACE('',(#2849),#2855,.T.);
#2849 = FACE_BOUND('',#2850,.T.);
#2850 = EDGE_LOOP('',(#2851,#2852,#2853,#2854));
#2851 = ORIENTED_EDGE('',*,*,#1287,.T.);
#2852 = ORIENTED_EDGE('',*,*,#1946,.F.);
#2853 = ORIENTED_EDGE('',*,*,#2775,.T.);
#2854 = ORIENTED_EDGE('',*,*,#1528,.F.);
#2855 = PLANE('',#2856);
#2856 = AXIS2_PLACEMENT_3D('',#2857,#2858,#2859);
#2857 = CARTESIAN_POINT('',(7.62,-0.254,-0.8382));
#2858 = DIRECTION('',(0.,0.,1.));
#2859 = DIRECTION('',(1.,0.,-0.));
#2860 = ADVANCED_FACE('',(#2861),#2867,.T.);
#2861 = FACE_BOUND('',#2862,.T.);
#2862 = EDGE_LOOP('',(#2863,#2864,#2865,#2866));
#2863 = ORIENTED_EDGE('',*,*,#2768,.F.);
#2864 = ORIENTED_EDGE('',*,*,#1915,.F.);
#2865 = ORIENTED_EDGE('',*,*,#1256,.T.);
#2866 = ORIENTED_EDGE('',*,*,#1511,.F.);
#2867 = PLANE('',#2868);
#2868 = AXIS2_PLACEMENT_3D('',#2869,#2870,#2871);
#2869 = CARTESIAN_POINT('',(7.62,0.508,0.8382));
#2870 = DIRECTION('',(0.,0.,-1.));
#2871 = DIRECTION('',(-1.,0.,0.));
#2872 = ADVANCED_FACE('',(#2873),#2879,.T.);
#2873 = FACE_BOUND('',#2874,.T.);
#2874 = EDGE_LOOP('',(#2875,#2876,#2877,#2878));
#2875 = ORIENTED_EDGE('',*,*,#2784,.T.);
#2876 = ORIENTED_EDGE('',*,*,#1891,.F.);
#2877 = ORIENTED_EDGE('',*,*,#1225,.T.);
#2878 = ORIENTED_EDGE('',*,*,#1658,.F.);
#2879 = PLANE('',#2880);
#2880 = AXIS2_PLACEMENT_3D('',#2881,#2882,#2883);
#2881 = CARTESIAN_POINT('',(7.62,-0.254,-0.8382));
#2882 = DIRECTION('',(0.,0.,1.));
#2883 = DIRECTION('',(1.,0.,-0.));
#2884 = ADVANCED_FACE('',(#2885),#2891,.T.);
#2885 = FACE_BOUND('',#2886,.T.);
#2886 = EDGE_LOOP('',(#2887,#2888,#2889,#2890));
#2887 = ORIENTED_EDGE('',*,*,#1194,.T.);
#2888 = ORIENTED_EDGE('',*,*,#1874,.F.);
#2889 = ORIENTED_EDGE('',*,*,#2759,.F.);
#2890 = ORIENTED_EDGE('',*,*,#1627,.F.);
#2891 = PLANE('',#2892);
#2892 = AXIS2_PLACEMENT_3D('',#2893,#2894,#2895);
#2893 = CARTESIAN_POINT('',(7.62,0.508,0.8382));
#2894 = DIRECTION('',(0.,0.,-1.));
#2895 = DIRECTION('',(-1.,0.,0.));
#2896 = ADVANCED_FACE('',(#2897),#2903,.T.);
#2897 = FACE_BOUND('',#2898,.T.);
#2898 = EDGE_LOOP('',(#2899,#2900,#2901,#2902));
#2899 = ORIENTED_EDGE('',*,*,#2831,.T.);
#2900 = ORIENTED_EDGE('',*,*,#1843,.F.);
#2901 = ORIENTED_EDGE('',*,*,#1349,.T.);
#2902 = ORIENTED_EDGE('',*,*,#1562,.F.);
#2903 = PLANE('',#2904);
#2904 = AXIS2_PLACEMENT_3D('',#2905,#2906,#2907);
#2905 = CARTESIAN_POINT('',(7.62,-0.254,-0.8382));
#2906 = DIRECTION('',(0.,0.,1.));
#2907 = DIRECTION('',(1.,0.,-0.));
#2908 = ADVANCED_FACE('',(#2909),#2915,.T.);
#2909 = FACE_BOUND('',#2910,.T.);
#2910 = EDGE_LOOP('',(#2911,#2912,#2913,#2914));
#2911 = ORIENTED_EDGE('',*,*,#1318,.T.);
#2912 = ORIENTED_EDGE('',*,*,#1826,.F.);
#2913 = ORIENTED_EDGE('',*,*,#2806,.F.);
#2914 = ORIENTED_EDGE('',*,*,#1545,.F.);
#2915 = PLANE('',#2916);
#2916 = AXIS2_PLACEMENT_3D('',#2917,#2918,#2919);
#2917 = CARTESIAN_POINT('',(7.62,0.508,0.8382));
#2918 = DIRECTION('',(0.,0.,-1.));
#2919 = DIRECTION('',(-1.,0.,0.));
#2920 = ADVANCED_FACE('',(#2921),#2927,.T.);
#2921 = FACE_BOUND('',#2922,.T.);
#2922 = EDGE_LOOP('',(#2923,#2924,#2925,#2926));
#2923 = ORIENTED_EDGE('',*,*,#1411,.T.);
#2924 = ORIENTED_EDGE('',*,*,#1802,.F.);
#2925 = ORIENTED_EDGE('',*,*,#2822,.T.);
#2926 = ORIENTED_EDGE('',*,*,#1460,.F.);
#2927 = PLANE('',#2928);
#2928 = AXIS2_PLACEMENT_3D('',#2929,#2930,#2931);
#2929 = CARTESIAN_POINT('',(7.62,-0.254,-0.8382));
#2930 = DIRECTION('',(0.,0.,1.));
#2931 = DIRECTION('',(1.,0.,-0.));
#2932 = ADVANCED_FACE('',(#2933),#2939,.T.);
#2933 = FACE_BOUND('',#2934,.T.);
#2934 = EDGE_LOOP('',(#2935,#2936,#2937,#2938));
#2935 = ORIENTED_EDGE('',*,*,#2815,.F.);
#2936 = ORIENTED_EDGE('',*,*,#1771,.F.);
#2937 = ORIENTED_EDGE('',*,*,#1380,.T.);
#2938 = ORIENTED_EDGE('',*,*,#1443,.F.);
#2939 = PLANE('',#2940);
#2940 = AXIS2_PLACEMENT_3D('',#2941,#2942,#2943);
#2941 = CARTESIAN_POINT('',(7.62,0.508,0.8382));
#2942 = DIRECTION('',(0.,0.,-1.));
#2943 = DIRECTION('',(-1.,0.,0.));
#2944 = ADVANCED_FACE('',(#2945),#2951,.T.);
#2945 = FACE_BOUND('',#2946,.T.);
#2946 = EDGE_LOOP('',(#2947,#2948,#2949,#2950));
#2947 = ORIENTED_EDGE('',*,*,#1101,.T.);
#2948 = ORIENTED_EDGE('',*,*,#1754,.F.);
#2949 = ORIENTED_EDGE('',*,*,#2717,.T.);
#2950 = ORIENTED_EDGE('',*,*,#1603,.F.);
#2951 = PLANE('',#2952);
#2952 = AXIS2_PLACEMENT_3D('',#2953,#2954,#2955);
#2953 = CARTESIAN_POINT('',(7.62,-0.254,-0.8382));
#2954 = DIRECTION('',(0.,0.,1.));
#2955 = DIRECTION('',(1.,0.,-0.));
#2956 = ADVANCED_FACE('',(#2957),#2963,.T.);
#2957 = FACE_BOUND('',#2958,.T.);
#2958 = EDGE_LOOP('',(#2959,#2960,#2961,#2962));
#2959 = ORIENTED_EDGE('',*,*,#2702,.F.);
#2960 = ORIENTED_EDGE('',*,*,#1723,.F.);
#2961 = ORIENTED_EDGE('',*,*,#1070,.T.);
#2962 = ORIENTED_EDGE('',*,*,#1586,.F.);
#2963 = PLANE('',#2964);
#2964 = AXIS2_PLACEMENT_3D('',#2965,#2966,#2967);
#2965 = CARTESIAN_POINT('',(7.62,0.508,0.8382));
#2966 = DIRECTION('',(0.,0.,-1.));
#2967 = DIRECTION('',(-1.,0.,0.));
#2968 = ADVANCED_FACE('',(#2969),#2975,.T.);
#2969 = FACE_BOUND('',#2970,.T.);
#2970 = EDGE_LOOP('',(#2971,#2972,#2973,#2974));
#2971 = ORIENTED_EDGE('',*,*,#1132,.T.);
#2972 = ORIENTED_EDGE('',*,*,#1682,.F.);
#2973 = ORIENTED_EDGE('',*,*,#2733,.F.);
#2974 = ORIENTED_EDGE('',*,*,#1477,.F.);
#2975 = PLANE('',#2976);
#2976 = AXIS2_PLACEMENT_3D('',#2977,#2978,#2979);
#2977 = CARTESIAN_POINT('',(7.62,0.508,0.8382));
#2978 = DIRECTION('',(0.,0.,-1.));
#2979 = DIRECTION('',(-1.,0.,0.));
#2980 = ADVANCED_FACE('',(#2981),#2987,.T.);
#2981 = FACE_BOUND('',#2982,.T.);
#2982 = EDGE_LOOP('',(#2983,#2984,#2985,#2986));
#2983 = ORIENTED_EDGE('',*,*,#2726,.T.);
#2984 = ORIENTED_EDGE('',*,*,#1699,.F.);
#2985 = ORIENTED_EDGE('',*,*,#1163,.T.);
#2986 = ORIENTED_EDGE('',*,*,#1494,.F.);
#2987 = PLANE('',#2988);
#2988 = AXIS2_PLACEMENT_3D('',#2989,#2990,#2991);
#2989 = CARTESIAN_POINT('',(7.62,-0.254,-0.8382));
#2990 = DIRECTION('',(0.,0.,1.));
#2991 = DIRECTION('',(1.,0.,-0.));
#2992 = ADVANCED_FACE('',(#2993),#3011,.T.);
#2993 = FACE_BOUND('',#2994,.T.);
#2994 = EDGE_LOOP('',(#2995,#3001,#3002,#3003,#3009,#3010));
#2995 = ORIENTED_EDGE('',*,*,#2996,.T.);
#2996 = EDGE_CURVE('',#93,#442,#2997,.T.);
#2997 = LINE('',#2998,#2999);
#2998 = CARTESIAN_POINT('',(1.400115922504,2.54,-1.016));
#2999 = VECTOR('',#3000,1.);
#3000 = DIRECTION('',(0.,-1.,0.));
#3001 = ORIENTED_EDGE('',*,*,#441,.F.);
#3002 = ORIENTED_EDGE('',*,*,#528,.F.);
#3003 = ORIENTED_EDGE('',*,*,#3004,.F.);
#3004 = EDGE_CURVE('',#140,#521,#3005,.T.);
#3005 = LINE('',#3006,#3007);
#3006 = CARTESIAN_POINT('',(1.139884077496,2.54,-1.016));
#3007 = VECTOR('',#3008,1.);
#3008 = DIRECTION('',(0.,-1.,0.));
#3009 = ORIENTED_EDGE('',*,*,#139,.F.);
#3010 = ORIENTED_EDGE('',*,*,#100,.F.);
#3011 = PLANE('',#3012);
#3012 = AXIS2_PLACEMENT_3D('',#3013,#3014,#3015);
#3013 = CARTESIAN_POINT('',(1.139884077496,2.54,-1.016));
#3014 = DIRECTION('',(0.,0.,-1.));
#3015 = DIRECTION('',(-1.,0.,0.));
#3016 = ADVANCED_FACE('',(#3017),#3023,.T.);
#3017 = FACE_BOUND('',#3018,.T.);
#3018 = EDGE_LOOP('',(#3019,#3020,#3021,#3022));
#3019 = ORIENTED_EDGE('',*,*,#3004,.T.);
#3020 = ORIENTED_EDGE('',*,*,#520,.F.);
#3021 = ORIENTED_EDGE('',*,*,#910,.F.);
#3022 = ORIENTED_EDGE('',*,*,#147,.F.);
#3023 = PLANE('',#3024);
#3024 = AXIS2_PLACEMENT_3D('',#3025,#3026,#3027);
#3025 = CARTESIAN_POINT('',(1.016,2.54,-1.27));
#3026 = DIRECTION('',(0.898794046299,0.,-0.438371146789));
#3027 = DIRECTION('',(-0.438371146789,0.,-0.898794046299));
#3028 = ADVANCED_FACE('',(#3029),#3035,.T.);
#3029 = FACE_BOUND('',#3030,.T.);
#3030 = EDGE_LOOP('',(#3031,#3032,#3033,#3034));
#3031 = ORIENTED_EDGE('',*,*,#978,.T.);
#3032 = ORIENTED_EDGE('',*,*,#449,.F.);
#3033 = ORIENTED_EDGE('',*,*,#2996,.F.);
#3034 = ORIENTED_EDGE('',*,*,#92,.F.);
#3035 = PLANE('',#3036);
#3036 = AXIS2_PLACEMENT_3D('',#3037,#3038,#3039);
#3037 = CARTESIAN_POINT('',(1.400115922504,2.54,-1.016));
#3038 = DIRECTION('',(-0.898794046299,0.,-0.438371146789));
#3039 = DIRECTION('',(-0.438371146789,0.,0.898794046299));
#3040 = ADVANCED_FACE('',(#3041),#3052,.T.);
#3041 = FACE_BOUND('',#3042,.T.);
#3042 = EDGE_LOOP('',(#3043,#3049,#3050,#3051));
#3043 = ORIENTED_EDGE('',*,*,#3044,.T.);
#3044 = EDGE_CURVE('',#204,#385,#3045,.T.);
#3045 = LINE('',#3046,#3047);
#3046 = CARTESIAN_POINT('',(-1.400115922504,2.54,-1.016));
#3047 = VECTOR('',#3048,1.);
#3048 = DIRECTION('',(0.,-1.,0.));
#3049 = ORIENTED_EDGE('',*,*,#384,.F.);
#3050 = ORIENTED_EDGE('',*,*,#806,.F.);
#3051 = ORIENTED_EDGE('',*,*,#211,.F.);
#3052 = PLANE('',#3053);
#3053 = AXIS2_PLACEMENT_3D('',#3054,#3055,#3056);
#3054 = CARTESIAN_POINT('',(-1.524,2.54,-1.27));
#3055 = DIRECTION('',(0.898794046299,0.,-0.438371146789));
#3056 = DIRECTION('',(-0.438371146789,0.,-0.898794046299));
#3057 = ADVANCED_FACE('',(#3058),#3071,.T.);
#3058 = FACE_BOUND('',#3059,.T.);
#3059 = EDGE_LOOP('',(#3060,#3061,#3067,#3068,#3069,#3070));
#3060 = ORIENTED_EDGE('',*,*,#257,.F.);
#3061 = ORIENTED_EDGE('',*,*,#3062,.T.);
#3062 = EDGE_CURVE('',#250,#307,#3063,.T.);
#3063 = LINE('',#3064,#3065);
#3064 = CARTESIAN_POINT('',(-1.139884077496,2.54,-1.016));
#3065 = VECTOR('',#3066,1.);
#3066 = DIRECTION('',(0.,-1.,0.));
#3067 = ORIENTED_EDGE('',*,*,#306,.F.);
#3068 = ORIENTED_EDGE('',*,*,#392,.F.);
#3069 = ORIENTED_EDGE('',*,*,#3044,.F.);
#3070 = ORIENTED_EDGE('',*,*,#203,.F.);
#3071 = PLANE('',#3072);
#3072 = AXIS2_PLACEMENT_3D('',#3073,#3074,#3075);
#3073 = CARTESIAN_POINT('',(-1.400115922504,2.54,-1.016));
#3074 = DIRECTION('',(0.,0.,-1.));
#3075 = DIRECTION('',(-1.,0.,0.));
#3076 = ADVANCED_FACE('',(#3077),#3083,.T.);
#3077 = FACE_BOUND('',#3078,.T.);
#3078 = EDGE_LOOP('',(#3079,#3080,#3081,#3082));
#3079 = ORIENTED_EDGE('',*,*,#898,.T.);
#3080 = ORIENTED_EDGE('',*,*,#314,.F.);
#3081 = ORIENTED_EDGE('',*,*,#3062,.F.);
#3082 = ORIENTED_EDGE('',*,*,#249,.F.);
#3083 = PLANE('',#3084);
#3084 = AXIS2_PLACEMENT_3D('',#3085,#3086,#3087);
#3085 = CARTESIAN_POINT('',(-1.139884077496,2.54,-1.016));
#3086 = DIRECTION('',(-0.898794046299,0.,-0.438371146789));
#3087 = DIRECTION('',(-0.438371146789,0.,0.898794046299));
#3088 = ADVANCED_FACE('',(#3089),#3100,.T.);
#3089 = FACE_BOUND('',#3090,.T.);
#3090 = EDGE_LOOP('',(#3091,#3097,#3098,#3099));
#3091 = ORIENTED_EDGE('',*,*,#3092,.T.);
#3092 = EDGE_CURVE('',#226,#283,#3093,.T.);
#3093 = LINE('',#3094,#3095);
#3094 = CARTESIAN_POINT('',(-1.139884077496,2.54,1.016));
#3095 = VECTOR('',#3096,1.);
#3096 = DIRECTION('',(0.,-1.,0.));
#3097 = ORIENTED_EDGE('',*,*,#282,.F.);
#3098 = ORIENTED_EDGE('',*,*,#738,.F.);
#3099 = ORIENTED_EDGE('',*,*,#233,.F.);
#3100 = PLANE('',#3101);
#3101 = AXIS2_PLACEMENT_3D('',#3102,#3103,#3104);
#3102 = CARTESIAN_POINT('',(-1.016,2.54,1.27));
#3103 = DIRECTION('',(-0.898794046299,0.,0.438371146789));
#3104 = DIRECTION('',(0.438371146789,0.,0.898794046299));
#3105 = ADVANCED_FACE('',(#3106),#3117,.T.);
#3106 = FACE_BOUND('',#3107,.T.);
#3107 = EDGE_LOOP('',(#3108,#3109,#3110,#3116));
#3108 = ORIENTED_EDGE('',*,*,#542,.T.);
#3109 = ORIENTED_EDGE('',*,*,#352,.F.);
#3110 = ORIENTED_EDGE('',*,*,#3111,.F.);
#3111 = EDGE_CURVE('',#180,#345,#3112,.T.);
#3112 = LINE('',#3113,#3114);
#3113 = CARTESIAN_POINT('',(-1.400115922504,2.54,1.016));
#3114 = VECTOR('',#3115,1.);
#3115 = DIRECTION('',(0.,-1.,0.));
#3116 = ORIENTED_EDGE('',*,*,#179,.F.);
#3117 = PLANE('',#3118);
#3118 = AXIS2_PLACEMENT_3D('',#3119,#3120,#3121);
#3119 = CARTESIAN_POINT('',(-1.400115922504,2.54,1.016));
#3120 = DIRECTION('',(0.898794046299,0.,0.438371146789));
#3121 = DIRECTION('',(0.438371146789,0.,-0.898794046299));
#3122 = ADVANCED_FACE('',(#3123),#3131,.T.);
#3123 = FACE_BOUND('',#3124,.T.);
#3124 = EDGE_LOOP('',(#3125,#3126,#3127,#3128,#3129,#3130));
#3125 = ORIENTED_EDGE('',*,*,#3111,.T.);
#3126 = ORIENTED_EDGE('',*,*,#344,.F.);
#3127 = ORIENTED_EDGE('',*,*,#290,.F.);
#3128 = ORIENTED_EDGE('',*,*,#3092,.F.);
#3129 = ORIENTED_EDGE('',*,*,#225,.F.);
#3130 = ORIENTED_EDGE('',*,*,#187,.F.);
#3131 = PLANE('',#3132);
#3132 = AXIS2_PLACEMENT_3D('',#3133,#3134,#3135);
#3133 = CARTESIAN_POINT('',(-1.139884077496,2.54,1.016));
#3134 = DIRECTION('',(8.332586447673E-16,0.,1.));
#3135 = DIRECTION('',(1.,0.,-8.332586447673E-16));
#3136 = ADVANCED_FACE('',(#3137),#3148,.T.);
#3137 = FACE_BOUND('',#3138,.T.);
#3138 = EDGE_LOOP('',(#3139,#3145,#3146,#3147));
#3139 = ORIENTED_EDGE('',*,*,#3140,.T.);
#3140 = EDGE_CURVE('',#69,#418,#3141,.T.);
#3141 = LINE('',#3142,#3143);
#3142 = CARTESIAN_POINT('',(1.400115922504,2.54,1.016));
#3143 = VECTOR('',#3144,1.);
#3144 = DIRECTION('',(0.,-1.,0.));
#3145 = ORIENTED_EDGE('',*,*,#417,.F.);
#3146 = ORIENTED_EDGE('',*,*,#634,.F.);
#3147 = ORIENTED_EDGE('',*,*,#76,.F.);
#3148 = PLANE('',#3149);
#3149 = AXIS2_PLACEMENT_3D('',#3150,#3151,#3152);
#3150 = CARTESIAN_POINT('',(1.524,2.54,1.27));
#3151 = DIRECTION('',(-0.898794046299,0.,0.438371146789));
#3152 = DIRECTION('',(0.438371146789,0.,0.898794046299));
#3153 = ADVANCED_FACE('',(#3154),#3167,.T.);
#3154 = FACE_BOUND('',#3155,.T.);
#3155 = EDGE_LOOP('',(#3156,#3157,#3163,#3164,#3165,#3166));
#3156 = ORIENTED_EDGE('',*,*,#132,.F.);
#3157 = ORIENTED_EDGE('',*,*,#3158,.T.);
#3158 = EDGE_CURVE('',#125,#481,#3159,.T.);
#3159 = LINE('',#3160,#3161);
#3160 = CARTESIAN_POINT('',(1.139884077496,2.54,1.016));
#3161 = VECTOR('',#3162,1.);
#3162 = DIRECTION('',(0.,-1.,0.));
#3163 = ORIENTED_EDGE('',*,*,#480,.F.);
#3164 = ORIENTED_EDGE('',*,*,#425,.F.);
#3165 = ORIENTED_EDGE('',*,*,#3140,.F.);
#3166 = ORIENTED_EDGE('',*,*,#66,.F.);
#3167 = PLANE('',#3168);
#3168 = AXIS2_PLACEMENT_3D('',#3169,#3170,#3171);
#3169 = CARTESIAN_POINT('',(1.400115922504,2.54,1.016));
#3170 = DIRECTION('',(8.332586447673E-16,0.,1.));
#3171 = DIRECTION('',(1.,0.,-8.332586447673E-16));
#3172 = ADVANCED_FACE('',(#3173),#3179,.T.);
#3173 = FACE_BOUND('',#3174,.T.);
#3174 = EDGE_LOOP('',(#3175,#3176,#3177,#3178));
#3175 = ORIENTED_EDGE('',*,*,#726,.T.);
#3176 = ORIENTED_EDGE('',*,*,#488,.F.);
#3177 = ORIENTED_EDGE('',*,*,#3158,.F.);
#3178 = ORIENTED_EDGE('',*,*,#122,.F.);
#3179 = PLANE('',#3180);
#3180 = AXIS2_PLACEMENT_3D('',#3181,#3182,#3183);
#3181 = CARTESIAN_POINT('',(1.139884077496,2.54,1.016));
#3182 = DIRECTION('',(0.898794046299,0.,0.438371146789));
#3183 = DIRECTION('',(0.438371146789,0.,-0.898794046299));
#3184 = ( GEOMETRIC_REPRESENTATION_CONTEXT(3) 
GLOBAL_UNCERTAINTY_ASSIGNED_CONTEXT((#3188)) 
GLOBAL_UNIT_ASSIGNED_CONTEXT((#3185,#3186,#3187)) REPRESENTATION_CONTEXT
('Context #1','3D Context with UNIT and UNCERTAINTY') );
#3185 = ( LENGTH_UNIT() NAMED_UNIT(*) SI_UNIT(.MILLI.,.METRE.) );
#3186 = ( NAMED_UNIT(*) PLANE_ANGLE_UNIT() SI_UNIT($,.RADIAN.) );
#3187 = ( NAMED_UNIT(*) SI_UNIT($,.STERADIAN.) SOLID_ANGLE_UNIT() );
#3188 = UNCERTAINTY_MEASURE_WITH_UNIT(LENGTH_MEASURE(1.E-07),#3185,
  'distance_accuracy_value','confusion accuracy');
#3189 = CONTEXT_DEPENDENT_SHAPE_REPRESENTATION(#3190,#3192);
#3190 = ( REPRESENTATION_RELATIONSHIP('','',#59,#32) 
REPRESENTATION_RELATIONSHIP_WITH_TRANSFORMATION(#3191) 
SHAPE_REPRESENTATION_RELATIONSHIP() );
#3191 = ITEM_DEFINED_TRANSFORMATION('','',#11,#33);
#3192 = PRODUCT_DEFINITION_SHAPE('Placement','Placement of an item',
  #3193);
#3193 = NEXT_ASSEMBLY_USAGE_OCCURRENCE('1','TSW-202-07-T-S_body','',#27,
  #54,$);
#3194 = PRODUCT_RELATED_PRODUCT_CATEGORY('part',$,(#56));
#3195 = SHAPE_DEFINITION_REPRESENTATION(#3196,#3202);
#3196 = PRODUCT_DEFINITION_SHAPE('','',#3197);
#3197 = PRODUCT_DEFINITION('design','',#3198,#3201);
#3198 = PRODUCT_DEFINITION_FORMATION('','',#3199);
#3199 = PRODUCT('T-1S6-07-TSW-2-07-2-S','T-1S6-07-TSW-2-07-2-S','',(
    #3200));
#3200 = PRODUCT_CONTEXT('',#2,'mechanical');
#3201 = PRODUCT_DEFINITION_CONTEXT('part definition',#2,'design');
#3202 = ADVANCED_BREP_SHAPE_REPRESENTATION('',(#11,#3203),#4381);
#3203 = MANIFOLD_SOLID_BREP('',#3204);
#3204 = CLOSED_SHELL('',(#3205,#3245,#3285,#3332,#3379,#3426,#3473,#3495
    ,#3517,#3539,#3561,#3601,#3641,#3681,#3721,#3761,#3801,#3828,#3855,
    #3882,#3909,#3926,#3943,#3960,#3977,#4063,#4149,#4171,#4193,#4205,
    #4217,#4239,#4256,#4273,#4285,#4297,#4309,#4321,#4333,#4345,#4357,
    #4369));
#3205 = ADVANCED_FACE('',(#3206),#3240,.F.);
#3206 = FACE_BOUND('',#3207,.T.);
#3207 = EDGE_LOOP('',(#3208,#3218,#3226,#3234));
#3208 = ORIENTED_EDGE('',*,*,#3209,.T.);
#3209 = EDGE_CURVE('',#3210,#3212,#3214,.T.);
#3210 = VERTEX_POINT('',#3211);
#3211 = CARTESIAN_POINT('',(-2.681523637951,0.,0.3175));
#3212 = VERTEX_POINT('',#3213);
#3213 = CARTESIAN_POINT('',(-2.681523637951,0.,-0.3175));
#3214 = LINE('',#3215,#3216);
#3215 = CARTESIAN_POINT('',(-2.681523637951,0.,2.54));
#3216 = VECTOR('',#3217,1.);
#3217 = DIRECTION('',(0.,0.,-1.));
#3218 = ORIENTED_EDGE('',*,*,#3219,.T.);
#3219 = EDGE_CURVE('',#3212,#3220,#3222,.T.);
#3220 = VERTEX_POINT('',#3221);
#3221 = CARTESIAN_POINT('',(-2.398476362049,0.,-0.3175));
#3222 = LINE('',#3223,#3224);
#3223 = CARTESIAN_POINT('',(-2.8575,0.,-0.3175));
#3224 = VECTOR('',#3225,1.);
#3225 = DIRECTION('',(1.,0.,0.));
#3226 = ORIENTED_EDGE('',*,*,#3227,.F.);
#3227 = EDGE_CURVE('',#3228,#3220,#3230,.T.);
#3228 = VERTEX_POINT('',#3229);
#3229 = CARTESIAN_POINT('',(-2.398476362049,0.,0.3175));
#3230 = LINE('',#3231,#3232);
#3231 = CARTESIAN_POINT('',(-2.398476362049,0.,2.54));
#3232 = VECTOR('',#3233,1.);
#3233 = DIRECTION('',(0.,0.,-1.));
#3234 = ORIENTED_EDGE('',*,*,#3235,.F.);
#3235 = EDGE_CURVE('',#3210,#3228,#3236,.T.);
#3236 = LINE('',#3237,#3238);
#3237 = CARTESIAN_POINT('',(-2.8575,0.,0.3175));
#3238 = VECTOR('',#3239,1.);
#3239 = DIRECTION('',(1.,0.,0.));
#3240 = PLANE('',#3241);
#3241 = AXIS2_PLACEMENT_3D('',#3242,#3243,#3244);
#3242 = CARTESIAN_POINT('',(-2.8575,0.,0.3175));
#3243 = DIRECTION('',(0.,1.,0.));
#3244 = DIRECTION('',(0.,-0.,1.));
#3245 = ADVANCED_FACE('',(#3246),#3280,.F.);
#3246 = FACE_BOUND('',#3247,.T.);
#3247 = EDGE_LOOP('',(#3248,#3258,#3266,#3274));
#3248 = ORIENTED_EDGE('',*,*,#3249,.F.);
#3249 = EDGE_CURVE('',#3250,#3252,#3254,.T.);
#3250 = VERTEX_POINT('',#3251);
#3251 = CARTESIAN_POINT('',(2.681523637951,0.,0.3175));
#3252 = VERTEX_POINT('',#3253);
#3253 = CARTESIAN_POINT('',(2.681523637951,0.,-0.3175));
#3254 = LINE('',#3255,#3256);
#3255 = CARTESIAN_POINT('',(2.681523637951,0.,2.54));
#3256 = VECTOR('',#3257,1.);
#3257 = DIRECTION('',(0.,0.,-1.));
#3258 = ORIENTED_EDGE('',*,*,#3259,.F.);
#3259 = EDGE_CURVE('',#3260,#3250,#3262,.T.);
#3260 = VERTEX_POINT('',#3261);
#3261 = CARTESIAN_POINT('',(2.398476362049,0.,0.3175));
#3262 = LINE('',#3263,#3264);
#3263 = CARTESIAN_POINT('',(-2.8575,0.,0.3175));
#3264 = VECTOR('',#3265,1.);
#3265 = DIRECTION('',(1.,0.,0.));
#3266 = ORIENTED_EDGE('',*,*,#3267,.T.);
#3267 = EDGE_CURVE('',#3260,#3268,#3270,.T.);
#3268 = VERTEX_POINT('',#3269);
#3269 = CARTESIAN_POINT('',(2.398476362049,0.,-0.3175));
#3270 = LINE('',#3271,#3272);
#3271 = CARTESIAN_POINT('',(2.398476362049,0.,2.54));
#3272 = VECTOR('',#3273,1.);
#3273 = DIRECTION('',(0.,0.,-1.));
#3274 = ORIENTED_EDGE('',*,*,#3275,.T.);
#3275 = EDGE_CURVE('',#3268,#3252,#3276,.T.);
#3276 = LINE('',#3277,#3278);
#3277 = CARTESIAN_POINT('',(-2.8575,0.,-0.3175));
#3278 = VECTOR('',#3279,1.);
#3279 = DIRECTION('',(1.,0.,0.));
#3280 = PLANE('',#3281);
#3281 = AXIS2_PLACEMENT_3D('',#3282,#3283,#3284);
#3282 = CARTESIAN_POINT('',(-2.8575,0.,0.3175));
#3283 = DIRECTION('',(0.,1.,0.));
#3284 = DIRECTION('',(0.,-0.,1.));
#3285 = ADVANCED_FACE('',(#3286),#3327,.F.);
#3286 = FACE_BOUND('',#3287,.T.);
#3287 = EDGE_LOOP('',(#3288,#3296,#3304,#3312,#3320,#3326));
#3288 = ORIENTED_EDGE('',*,*,#3289,.F.);
#3289 = EDGE_CURVE('',#3290,#3212,#3292,.T.);
#3290 = VERTEX_POINT('',#3291);
#3291 = CARTESIAN_POINT('',(-2.8575,0.3048,-0.3175));
#3292 = LINE('',#3293,#3294);
#3293 = CARTESIAN_POINT('',(-2.011142728463,-1.161133795657,-0.3175));
#3294 = VECTOR('',#3295,1.);
#3295 = DIRECTION('',(0.5,-0.866025403784,0.));
#3296 = ORIENTED_EDGE('',*,*,#3297,.F.);
#3297 = EDGE_CURVE('',#3298,#3290,#3300,.T.);
#3298 = VERTEX_POINT('',#3299);
#3299 = CARTESIAN_POINT('',(-2.8575,3.81,-0.3175));
#3300 = LINE('',#3301,#3302);
#3301 = CARTESIAN_POINT('',(-2.8575,10.922,-0.3175));
#3302 = VECTOR('',#3303,1.);
#3303 = DIRECTION('',(0.,-1.,0.));
#3304 = ORIENTED_EDGE('',*,*,#3305,.F.);
#3305 = EDGE_CURVE('',#3306,#3298,#3308,.T.);
#3306 = VERTEX_POINT('',#3307);
#3307 = CARTESIAN_POINT('',(-2.2225,3.81,-0.3175));
#3308 = LINE('',#3309,#3310);
#3309 = CARTESIAN_POINT('',(0.,3.81,-0.3175));
#3310 = VECTOR('',#3311,1.);
#3311 = DIRECTION('',(-1.,0.,0.));
#3312 = ORIENTED_EDGE('',*,*,#3313,.F.);
#3313 = EDGE_CURVE('',#3314,#3306,#3316,.T.);
#3314 = VERTEX_POINT('',#3315);
#3315 = CARTESIAN_POINT('',(-2.2225,0.3048,-0.3175));
#3316 = LINE('',#3317,#3318);
#3317 = CARTESIAN_POINT('',(-2.2225,0.,-0.3175));
#3318 = VECTOR('',#3319,1.);
#3319 = DIRECTION('',(0.,1.,0.));
#3320 = ORIENTED_EDGE('',*,*,#3321,.F.);
#3321 = EDGE_CURVE('',#3220,#3314,#3322,.T.);
#3322 = LINE('',#3323,#3324);
#3323 = CARTESIAN_POINT('',(-1.798857271537,1.038570729955,-0.3175));
#3324 = VECTOR('',#3325,1.);
#3325 = DIRECTION('',(0.5,0.866025403784,0.));
#3326 = ORIENTED_EDGE('',*,*,#3219,.F.);
#3327 = PLANE('',#3328);
#3328 = AXIS2_PLACEMENT_3D('',#3329,#3330,#3331);
#3329 = CARTESIAN_POINT('',(0.,0.,-0.3175));
#3330 = DIRECTION('',(0.,0.,1.));
#3331 = DIRECTION('',(1.,0.,-0.));
#3332 = ADVANCED_FACE('',(#3333),#3374,.F.);
#3333 = FACE_BOUND('',#3334,.T.);
#3334 = EDGE_LOOP('',(#3335,#3343,#3344,#3352,#3360,#3368));
#3335 = ORIENTED_EDGE('',*,*,#3336,.F.);
#3336 = EDGE_CURVE('',#3252,#3337,#3339,.T.);
#3337 = VERTEX_POINT('',#3338);
#3338 = CARTESIAN_POINT('',(2.8575,0.3048,-0.3175));
#3339 = LINE('',#3340,#3341);
#3340 = CARTESIAN_POINT('',(2.011142728463,-1.161133795657,-0.3175));
#3341 = VECTOR('',#3342,1.);
#3342 = DIRECTION('',(0.5,0.866025403784,0.));
#3343 = ORIENTED_EDGE('',*,*,#3275,.F.);
#3344 = ORIENTED_EDGE('',*,*,#3345,.F.);
#3345 = EDGE_CURVE('',#3346,#3268,#3348,.T.);
#3346 = VERTEX_POINT('',#3347);
#3347 = CARTESIAN_POINT('',(2.2225,0.3048,-0.3175));
#3348 = LINE('',#3349,#3350);
#3349 = CARTESIAN_POINT('',(1.798857271537,1.038570729955,-0.3175));
#3350 = VECTOR('',#3351,1.);
#3351 = DIRECTION('',(0.5,-0.866025403784,0.));
#3352 = ORIENTED_EDGE('',*,*,#3353,.F.);
#3353 = EDGE_CURVE('',#3354,#3346,#3356,.T.);
#3354 = VERTEX_POINT('',#3355);
#3355 = CARTESIAN_POINT('',(2.2225,3.81,-0.3175));
#3356 = LINE('',#3357,#3358);
#3357 = CARTESIAN_POINT('',(2.2225,0.,-0.3175));
#3358 = VECTOR('',#3359,1.);
#3359 = DIRECTION('',(0.,-1.,0.));
#3360 = ORIENTED_EDGE('',*,*,#3361,.F.);
#3361 = EDGE_CURVE('',#3362,#3354,#3364,.T.);
#3362 = VERTEX_POINT('',#3363);
#3363 = CARTESIAN_POINT('',(2.8575,3.81,-0.3175));
#3364 = LINE('',#3365,#3366);
#3365 = CARTESIAN_POINT('',(0.,3.81,-0.3175));
#3366 = VECTOR('',#3367,1.);
#3367 = DIRECTION('',(-1.,0.,0.));
#3368 = ORIENTED_EDGE('',*,*,#3369,.F.);
#3369 = EDGE_CURVE('',#3337,#3362,#3370,.T.);
#3370 = LINE('',#3371,#3372);
#3371 = CARTESIAN_POINT('',(2.8575,0.,-0.3175));
#3372 = VECTOR('',#3373,1.);
#3373 = DIRECTION('',(0.,1.,0.));
#3374 = PLANE('',#3375);
#3375 = AXIS2_PLACEMENT_3D('',#3376,#3377,#3378);
#3376 = CARTESIAN_POINT('',(0.,0.,-0.3175));
#3377 = DIRECTION('',(0.,0.,1.));
#3378 = DIRECTION('',(1.,0.,-0.));
#3379 = ADVANCED_FACE('',(#3380),#3421,.T.);
#3380 = FACE_BOUND('',#3381,.T.);
#3381 = EDGE_LOOP('',(#3382,#3392,#3398,#3399,#3407,#3415));
#3382 = ORIENTED_EDGE('',*,*,#3383,.T.);
#3383 = EDGE_CURVE('',#3384,#3386,#3388,.T.);
#3384 = VERTEX_POINT('',#3385);
#3385 = CARTESIAN_POINT('',(-2.8575,3.81,0.3175));
#3386 = VERTEX_POINT('',#3387);
#3387 = CARTESIAN_POINT('',(-2.8575,0.3048,0.3175));
#3388 = LINE('',#3389,#3390);
#3389 = CARTESIAN_POINT('',(-2.8575,10.922,0.3175));
#3390 = VECTOR('',#3391,1.);
#3391 = DIRECTION('',(0.,-1.,0.));
#3392 = ORIENTED_EDGE('',*,*,#3393,.T.);
#3393 = EDGE_CURVE('',#3386,#3210,#3394,.T.);
#3394 = LINE('',#3395,#3396);
#3395 = CARTESIAN_POINT('',(-2.011142728463,-1.161133795657,0.3175));
#3396 = VECTOR('',#3397,1.);
#3397 = DIRECTION('',(0.5,-0.866025403784,0.));
#3398 = ORIENTED_EDGE('',*,*,#3235,.T.);
#3399 = ORIENTED_EDGE('',*,*,#3400,.T.);
#3400 = EDGE_CURVE('',#3228,#3401,#3403,.T.);
#3401 = VERTEX_POINT('',#3402);
#3402 = CARTESIAN_POINT('',(-2.2225,0.3048,0.3175));
#3403 = LINE('',#3404,#3405);
#3404 = CARTESIAN_POINT('',(-1.798857271537,1.038570729955,0.3175));
#3405 = VECTOR('',#3406,1.);
#3406 = DIRECTION('',(0.5,0.866025403784,0.));
#3407 = ORIENTED_EDGE('',*,*,#3408,.T.);
#3408 = EDGE_CURVE('',#3401,#3409,#3411,.T.);
#3409 = VERTEX_POINT('',#3410);
#3410 = CARTESIAN_POINT('',(-2.2225,3.81,0.3175));
#3411 = LINE('',#3412,#3413);
#3412 = CARTESIAN_POINT('',(-2.2225,0.,0.3175));
#3413 = VECTOR('',#3414,1.);
#3414 = DIRECTION('',(0.,1.,0.));
#3415 = ORIENTED_EDGE('',*,*,#3416,.T.);
#3416 = EDGE_CURVE('',#3409,#3384,#3417,.T.);
#3417 = LINE('',#3418,#3419);
#3418 = CARTESIAN_POINT('',(0.,3.81,0.3175));
#3419 = VECTOR('',#3420,1.);
#3420 = DIRECTION('',(-1.,0.,0.));
#3421 = PLANE('',#3422);
#3422 = AXIS2_PLACEMENT_3D('',#3423,#3424,#3425);
#3423 = CARTESIAN_POINT('',(0.,0.,0.3175));
#3424 = DIRECTION('',(0.,0.,1.));
#3425 = DIRECTION('',(1.,0.,-0.));
#3426 = ADVANCED_FACE('',(#3427),#3468,.T.);
#3427 = FACE_BOUND('',#3428,.T.);
#3428 = EDGE_LOOP('',(#3429,#3430,#3438,#3446,#3454,#3462));
#3429 = ORIENTED_EDGE('',*,*,#3259,.T.);
#3430 = ORIENTED_EDGE('',*,*,#3431,.T.);
#3431 = EDGE_CURVE('',#3250,#3432,#3434,.T.);
#3432 = VERTEX_POINT('',#3433);
#3433 = CARTESIAN_POINT('',(2.8575,0.3048,0.3175));
#3434 = LINE('',#3435,#3436);
#3435 = CARTESIAN_POINT('',(2.011142728463,-1.161133795657,0.3175));
#3436 = VECTOR('',#3437,1.);
#3437 = DIRECTION('',(0.5,0.866025403784,0.));
#3438 = ORIENTED_EDGE('',*,*,#3439,.T.);
#3439 = EDGE_CURVE('',#3432,#3440,#3442,.T.);
#3440 = VERTEX_POINT('',#3441);
#3441 = CARTESIAN_POINT('',(2.8575,3.81,0.3175));
#3442 = LINE('',#3443,#3444);
#3443 = CARTESIAN_POINT('',(2.8575,0.,0.3175));
#3444 = VECTOR('',#3445,1.);
#3445 = DIRECTION('',(0.,1.,0.));
#3446 = ORIENTED_EDGE('',*,*,#3447,.T.);
#3447 = EDGE_CURVE('',#3440,#3448,#3450,.T.);
#3448 = VERTEX_POINT('',#3449);
#3449 = CARTESIAN_POINT('',(2.2225,3.81,0.3175));
#3450 = LINE('',#3451,#3452);
#3451 = CARTESIAN_POINT('',(0.,3.81,0.3175));
#3452 = VECTOR('',#3453,1.);
#3453 = DIRECTION('',(-1.,0.,0.));
#3454 = ORIENTED_EDGE('',*,*,#3455,.T.);
#3455 = EDGE_CURVE('',#3448,#3456,#3458,.T.);
#3456 = VERTEX_POINT('',#3457);
#3457 = CARTESIAN_POINT('',(2.2225,0.3048,0.3175));
#3458 = LINE('',#3459,#3460);
#3459 = CARTESIAN_POINT('',(2.2225,0.,0.3175));
#3460 = VECTOR('',#3461,1.);
#3461 = DIRECTION('',(0.,-1.,0.));
#3462 = ORIENTED_EDGE('',*,*,#3463,.T.);
#3463 = EDGE_CURVE('',#3456,#3260,#3464,.T.);
#3464 = LINE('',#3465,#3466);
#3465 = CARTESIAN_POINT('',(1.798857271537,1.038570729955,0.3175));
#3466 = VECTOR('',#3467,1.);
#3467 = DIRECTION('',(0.5,-0.866025403784,0.));
#3468 = PLANE('',#3469);
#3469 = AXIS2_PLACEMENT_3D('',#3470,#3471,#3472);
#3470 = CARTESIAN_POINT('',(0.,0.,0.3175));
#3471 = DIRECTION('',(0.,0.,1.));
#3472 = DIRECTION('',(1.,0.,-0.));
#3473 = ADVANCED_FACE('',(#3474),#3490,.F.);
#3474 = FACE_BOUND('',#3475,.T.);
#3475 = EDGE_LOOP('',(#3476,#3482,#3483,#3489));
#3476 = ORIENTED_EDGE('',*,*,#3477,.T.);
#3477 = EDGE_CURVE('',#3432,#3337,#3478,.T.);
#3478 = LINE('',#3479,#3480);
#3479 = CARTESIAN_POINT('',(2.8575,0.3048,2.54));
#3480 = VECTOR('',#3481,1.);
#3481 = DIRECTION('',(0.,0.,-1.));
#3482 = ORIENTED_EDGE('',*,*,#3369,.T.);
#3483 = ORIENTED_EDGE('',*,*,#3484,.F.);
#3484 = EDGE_CURVE('',#3440,#3362,#3485,.T.);
#3485 = LINE('',#3486,#3487);
#3486 = CARTESIAN_POINT('',(2.8575,3.81,0.3175));
#3487 = VECTOR('',#3488,1.);
#3488 = DIRECTION('',(0.,0.,-1.));
#3489 = ORIENTED_EDGE('',*,*,#3439,.F.);
#3490 = PLANE('',#3491);
#3491 = AXIS2_PLACEMENT_3D('',#3492,#3493,#3494);
#3492 = CARTESIAN_POINT('',(2.8575,0.,0.3175));
#3493 = DIRECTION('',(-1.,0.,0.));
#3494 = DIRECTION('',(0.,0.,1.));
#3495 = ADVANCED_FACE('',(#3496),#3512,.F.);
#3496 = FACE_BOUND('',#3497,.T.);
#3497 = EDGE_LOOP('',(#3498,#3504,#3505,#3511));
#3498 = ORIENTED_EDGE('',*,*,#3499,.F.);
#3499 = EDGE_CURVE('',#3386,#3290,#3500,.T.);
#3500 = LINE('',#3501,#3502);
#3501 = CARTESIAN_POINT('',(-2.8575,0.3048,2.54));
#3502 = VECTOR('',#3503,1.);
#3503 = DIRECTION('',(0.,0.,-1.));
#3504 = ORIENTED_EDGE('',*,*,#3383,.F.);
#3505 = ORIENTED_EDGE('',*,*,#3506,.F.);
#3506 = EDGE_CURVE('',#3298,#3384,#3507,.T.);
#3507 = LINE('',#3508,#3509);
#3508 = CARTESIAN_POINT('',(-2.8575,3.81,0.3175));
#3509 = VECTOR('',#3510,1.);
#3510 = DIRECTION('',(0.,0.,1.));
#3511 = ORIENTED_EDGE('',*,*,#3297,.T.);
#3512 = PLANE('',#3513);
#3513 = AXIS2_PLACEMENT_3D('',#3514,#3515,#3516);
#3514 = CARTESIAN_POINT('',(-2.8575,10.922,0.3175));
#3515 = DIRECTION('',(1.,0.,0.));
#3516 = DIRECTION('',(0.,0.,-1.));
#3517 = ADVANCED_FACE('',(#3518),#3534,.T.);
#3518 = FACE_BOUND('',#3519,.T.);
#3519 = EDGE_LOOP('',(#3520,#3521,#3527,#3528));
#3520 = ORIENTED_EDGE('',*,*,#3408,.F.);
#3521 = ORIENTED_EDGE('',*,*,#3522,.T.);
#3522 = EDGE_CURVE('',#3401,#3314,#3523,.T.);
#3523 = LINE('',#3524,#3525);
#3524 = CARTESIAN_POINT('',(-2.2225,0.3048,2.54));
#3525 = VECTOR('',#3526,1.);
#3526 = DIRECTION('',(0.,0.,-1.));
#3527 = ORIENTED_EDGE('',*,*,#3313,.T.);
#3528 = ORIENTED_EDGE('',*,*,#3529,.F.);
#3529 = EDGE_CURVE('',#3409,#3306,#3530,.T.);
#3530 = LINE('',#3531,#3532);
#3531 = CARTESIAN_POINT('',(-2.2225,3.81,2.54));
#3532 = VECTOR('',#3533,1.);
#3533 = DIRECTION('',(0.,0.,-1.));
#3534 = PLANE('',#3535);
#3535 = AXIS2_PLACEMENT_3D('',#3536,#3537,#3538);
#3536 = CARTESIAN_POINT('',(-2.2225,3.81,2.54));
#3537 = DIRECTION('',(1.,0.,0.));
#3538 = DIRECTION('',(0.,0.,-1.));
#3539 = ADVANCED_FACE('',(#3540),#3556,.T.);
#3540 = FACE_BOUND('',#3541,.T.);
#3541 = EDGE_LOOP('',(#3542,#3543,#3549,#3550));
#3542 = ORIENTED_EDGE('',*,*,#3353,.T.);
#3543 = ORIENTED_EDGE('',*,*,#3544,.F.);
#3544 = EDGE_CURVE('',#3456,#3346,#3545,.T.);
#3545 = LINE('',#3546,#3547);
#3546 = CARTESIAN_POINT('',(2.2225,0.3048,2.54));
#3547 = VECTOR('',#3548,1.);
#3548 = DIRECTION('',(0.,0.,-1.));
#3549 = ORIENTED_EDGE('',*,*,#3455,.F.);
#3550 = ORIENTED_EDGE('',*,*,#3551,.T.);
#3551 = EDGE_CURVE('',#3448,#3354,#3552,.T.);
#3552 = LINE('',#3553,#3554);
#3553 = CARTESIAN_POINT('',(2.2225,3.81,2.54));
#3554 = VECTOR('',#3555,1.);
#3555 = DIRECTION('',(0.,0.,-1.));
#3556 = PLANE('',#3557);
#3557 = AXIS2_PLACEMENT_3D('',#3558,#3559,#3560);
#3558 = CARTESIAN_POINT('',(2.2225,-7.112,2.54));
#3559 = DIRECTION('',(-1.,0.,0.));
#3560 = DIRECTION('',(0.,0.,1.));
#3561 = ADVANCED_FACE('',(#3562),#3596,.F.);
#3562 = FACE_BOUND('',#3563,.T.);
#3563 = EDGE_LOOP('',(#3564,#3574,#3582,#3590));
#3564 = ORIENTED_EDGE('',*,*,#3565,.F.);
#3565 = EDGE_CURVE('',#3566,#3568,#3570,.T.);
#3566 = VERTEX_POINT('',#3567);
#3567 = CARTESIAN_POINT('',(-2.681523637951,10.922,0.141523637951));
#3568 = VERTEX_POINT('',#3569);
#3569 = CARTESIAN_POINT('',(-2.681523637951,10.922,-0.141523637951));
#3570 = LINE('',#3571,#3572);
#3571 = CARTESIAN_POINT('',(-2.681523637951,10.922,2.54));
#3572 = VECTOR('',#3573,1.);
#3573 = DIRECTION('',(0.,0.,-1.));
#3574 = ORIENTED_EDGE('',*,*,#3575,.F.);
#3575 = EDGE_CURVE('',#3576,#3566,#3578,.T.);
#3576 = VERTEX_POINT('',#3577);
#3577 = CARTESIAN_POINT('',(-2.398476362049,10.922,0.141523637951));
#3578 = LINE('',#3579,#3580);
#3579 = CARTESIAN_POINT('',(7.62,10.922,0.141523637951));
#3580 = VECTOR('',#3581,1.);
#3581 = DIRECTION('',(-1.,0.,0.));
#3582 = ORIENTED_EDGE('',*,*,#3583,.T.);
#3583 = EDGE_CURVE('',#3576,#3584,#3586,.T.);
#3584 = VERTEX_POINT('',#3585);
#3585 = CARTESIAN_POINT('',(-2.398476362049,10.922,-0.141523637951));
#3586 = LINE('',#3587,#3588);
#3587 = CARTESIAN_POINT('',(-2.398476362049,10.922,2.54));
#3588 = VECTOR('',#3589,1.);
#3589 = DIRECTION('',(0.,0.,-1.));
#3590 = ORIENTED_EDGE('',*,*,#3591,.T.);
#3591 = EDGE_CURVE('',#3584,#3568,#3592,.T.);
#3592 = LINE('',#3593,#3594);
#3593 = CARTESIAN_POINT('',(7.62,10.922,-0.141523637951));
#3594 = VECTOR('',#3595,1.);
#3595 = DIRECTION('',(-1.,0.,0.));
#3596 = PLANE('',#3597);
#3597 = AXIS2_PLACEMENT_3D('',#3598,#3599,#3600);
#3598 = CARTESIAN_POINT('',(2.8575,10.922,0.3175));
#3599 = DIRECTION('',(0.,-1.,0.));
#3600 = DIRECTION('',(0.,0.,-1.));
#3601 = ADVANCED_FACE('',(#3602),#3636,.F.);
#3602 = FACE_BOUND('',#3603,.T.);
#3603 = EDGE_LOOP('',(#3604,#3614,#3622,#3630));
#3604 = ORIENTED_EDGE('',*,*,#3605,.F.);
#3605 = EDGE_CURVE('',#3606,#3608,#3610,.T.);
#3606 = VERTEX_POINT('',#3607);
#3607 = CARTESIAN_POINT('',(2.398476362049,10.922,0.141523637951));
#3608 = VERTEX_POINT('',#3609);
#3609 = CARTESIAN_POINT('',(2.398476362049,10.922,-0.141523637951));
#3610 = LINE('',#3611,#3612);
#3611 = CARTESIAN_POINT('',(2.398476362049,10.922,2.54));
#3612 = VECTOR('',#3613,1.);
#3613 = DIRECTION('',(0.,0.,-1.));
#3614 = ORIENTED_EDGE('',*,*,#3615,.F.);
#3615 = EDGE_CURVE('',#3616,#3606,#3618,.T.);
#3616 = VERTEX_POINT('',#3617);
#3617 = CARTESIAN_POINT('',(2.681523637951,10.922,0.141523637951));
#3618 = LINE('',#3619,#3620);
#3619 = CARTESIAN_POINT('',(7.62,10.922,0.141523637951));
#3620 = VECTOR('',#3621,1.);
#3621 = DIRECTION('',(-1.,0.,0.));
#3622 = ORIENTED_EDGE('',*,*,#3623,.T.);
#3623 = EDGE_CURVE('',#3616,#3624,#3626,.T.);
#3624 = VERTEX_POINT('',#3625);
#3625 = CARTESIAN_POINT('',(2.681523637951,10.922,-0.141523637951));
#3626 = LINE('',#3627,#3628);
#3627 = CARTESIAN_POINT('',(2.681523637951,10.922,2.54));
#3628 = VECTOR('',#3629,1.);
#3629 = DIRECTION('',(0.,0.,-1.));
#3630 = ORIENTED_EDGE('',*,*,#3631,.T.);
#3631 = EDGE_CURVE('',#3624,#3608,#3632,.T.);
#3632 = LINE('',#3633,#3634);
#3633 = CARTESIAN_POINT('',(7.62,10.922,-0.141523637951));
#3634 = VECTOR('',#3635,1.);
#3635 = DIRECTION('',(-1.,0.,0.));
#3636 = PLANE('',#3637);
#3637 = AXIS2_PLACEMENT_3D('',#3638,#3639,#3640);
#3638 = CARTESIAN_POINT('',(2.8575,10.922,0.3175));
#3639 = DIRECTION('',(0.,-1.,0.));
#3640 = DIRECTION('',(0.,0.,-1.));
#3641 = ADVANCED_FACE('',(#3642),#3676,.F.);
#3642 = FACE_BOUND('',#3643,.T.);
#3643 = EDGE_LOOP('',(#3644,#3654,#3662,#3670));
#3644 = ORIENTED_EDGE('',*,*,#3645,.T.);
#3645 = EDGE_CURVE('',#3646,#3648,#3650,.T.);
#3646 = VERTEX_POINT('',#3647);
#3647 = CARTESIAN_POINT('',(-2.8575,10.6172,0.3175));
#3648 = VERTEX_POINT('',#3649);
#3649 = CARTESIAN_POINT('',(-2.8575,10.6172,-0.3175));
#3650 = LINE('',#3651,#3652);
#3651 = CARTESIAN_POINT('',(-2.8575,10.6172,2.54));
#3652 = VECTOR('',#3653,1.);
#3653 = DIRECTION('',(0.,0.,-1.));
#3654 = ORIENTED_EDGE('',*,*,#3655,.T.);
#3655 = EDGE_CURVE('',#3648,#3656,#3658,.T.);
#3656 = VERTEX_POINT('',#3657);
#3657 = CARTESIAN_POINT('',(-2.8575,3.937,-0.3175));
#3658 = LINE('',#3659,#3660);
#3659 = CARTESIAN_POINT('',(-2.8575,10.922,-0.3175));
#3660 = VECTOR('',#3661,1.);
#3661 = DIRECTION('',(0.,-1.,0.));
#3662 = ORIENTED_EDGE('',*,*,#3663,.F.);
#3663 = EDGE_CURVE('',#3664,#3656,#3666,.T.);
#3664 = VERTEX_POINT('',#3665);
#3665 = CARTESIAN_POINT('',(-2.8575,3.937,0.3175));
#3666 = LINE('',#3667,#3668);
#3667 = CARTESIAN_POINT('',(-2.8575,3.937,0.3175));
#3668 = VECTOR('',#3669,1.);
#3669 = DIRECTION('',(0.,0.,-1.));
#3670 = ORIENTED_EDGE('',*,*,#3671,.F.);
#3671 = EDGE_CURVE('',#3646,#3664,#3672,.T.);
#3672 = LINE('',#3673,#3674);
#3673 = CARTESIAN_POINT('',(-2.8575,10.922,0.3175));
#3674 = VECTOR('',#3675,1.);
#3675 = DIRECTION('',(0.,-1.,0.));
#3676 = PLANE('',#3677);
#3677 = AXIS2_PLACEMENT_3D('',#3678,#3679,#3680);
#3678 = CARTESIAN_POINT('',(-2.8575,10.922,0.3175));
#3679 = DIRECTION('',(1.,0.,0.));
#3680 = DIRECTION('',(0.,0.,-1.));
#3681 = ADVANCED_FACE('',(#3682),#3716,.F.);
#3682 = FACE_BOUND('',#3683,.T.);
#3683 = EDGE_LOOP('',(#3684,#3694,#3702,#3710));
#3684 = ORIENTED_EDGE('',*,*,#3685,.F.);
#3685 = EDGE_CURVE('',#3686,#3688,#3690,.T.);
#3686 = VERTEX_POINT('',#3687);
#3687 = CARTESIAN_POINT('',(2.8575,10.6172,0.3175));
#3688 = VERTEX_POINT('',#3689);
#3689 = CARTESIAN_POINT('',(2.8575,10.6172,-0.3175));
#3690 = LINE('',#3691,#3692);
#3691 = CARTESIAN_POINT('',(2.8575,10.6172,2.54));
#3692 = VECTOR('',#3693,1.);
#3693 = DIRECTION('',(0.,0.,-1.));
#3694 = ORIENTED_EDGE('',*,*,#3695,.F.);
#3695 = EDGE_CURVE('',#3696,#3686,#3698,.T.);
#3696 = VERTEX_POINT('',#3697);
#3697 = CARTESIAN_POINT('',(2.8575,3.937,0.3175));
#3698 = LINE('',#3699,#3700);
#3699 = CARTESIAN_POINT('',(2.8575,0.,0.3175));
#3700 = VECTOR('',#3701,1.);
#3701 = DIRECTION('',(0.,1.,0.));
#3702 = ORIENTED_EDGE('',*,*,#3703,.F.);
#3703 = EDGE_CURVE('',#3704,#3696,#3706,.T.);
#3704 = VERTEX_POINT('',#3705);
#3705 = CARTESIAN_POINT('',(2.8575,3.937,-0.3175));
#3706 = LINE('',#3707,#3708);
#3707 = CARTESIAN_POINT('',(2.8575,3.937,0.3175));
#3708 = VECTOR('',#3709,1.);
#3709 = DIRECTION('',(0.,0.,1.));
#3710 = ORIENTED_EDGE('',*,*,#3711,.T.);
#3711 = EDGE_CURVE('',#3704,#3688,#3712,.T.);
#3712 = LINE('',#3713,#3714);
#3713 = CARTESIAN_POINT('',(2.8575,0.,-0.3175));
#3714 = VECTOR('',#3715,1.);
#3715 = DIRECTION('',(0.,1.,0.));
#3716 = PLANE('',#3717);
#3717 = AXIS2_PLACEMENT_3D('',#3718,#3719,#3720);
#3718 = CARTESIAN_POINT('',(2.8575,0.,0.3175));
#3719 = DIRECTION('',(-1.,0.,0.));
#3720 = DIRECTION('',(0.,0.,1.));
#3721 = ADVANCED_FACE('',(#3722),#3756,.T.);
#3722 = FACE_BOUND('',#3723,.T.);
#3723 = EDGE_LOOP('',(#3724,#3734,#3742,#3750));
#3724 = ORIENTED_EDGE('',*,*,#3725,.T.);
#3725 = EDGE_CURVE('',#3726,#3728,#3730,.T.);
#3726 = VERTEX_POINT('',#3727);
#3727 = CARTESIAN_POINT('',(-2.2225,3.937,-0.3175));
#3728 = VERTEX_POINT('',#3729);
#3729 = CARTESIAN_POINT('',(-2.2225,10.6172,-0.3175));
#3730 = LINE('',#3731,#3732);
#3731 = CARTESIAN_POINT('',(-2.2225,0.,-0.3175));
#3732 = VECTOR('',#3733,1.);
#3733 = DIRECTION('',(0.,1.,0.));
#3734 = ORIENTED_EDGE('',*,*,#3735,.F.);
#3735 = EDGE_CURVE('',#3736,#3728,#3738,.T.);
#3736 = VERTEX_POINT('',#3737);
#3737 = CARTESIAN_POINT('',(-2.2225,10.6172,0.3175));
#3738 = LINE('',#3739,#3740);
#3739 = CARTESIAN_POINT('',(-2.2225,10.6172,2.54));
#3740 = VECTOR('',#3741,1.);
#3741 = DIRECTION('',(0.,0.,-1.));
#3742 = ORIENTED_EDGE('',*,*,#3743,.F.);
#3743 = EDGE_CURVE('',#3744,#3736,#3746,.T.);
#3744 = VERTEX_POINT('',#3745);
#3745 = CARTESIAN_POINT('',(-2.2225,3.937,0.3175));
#3746 = LINE('',#3747,#3748);
#3747 = CARTESIAN_POINT('',(-2.2225,0.,0.3175));
#3748 = VECTOR('',#3749,1.);
#3749 = DIRECTION('',(0.,1.,0.));
#3750 = ORIENTED_EDGE('',*,*,#3751,.T.);
#3751 = EDGE_CURVE('',#3744,#3726,#3752,.T.);
#3752 = LINE('',#3753,#3754);
#3753 = CARTESIAN_POINT('',(-2.2225,3.937,2.54));
#3754 = VECTOR('',#3755,1.);
#3755 = DIRECTION('',(0.,0.,-1.));
#3756 = PLANE('',#3757);
#3757 = AXIS2_PLACEMENT_3D('',#3758,#3759,#3760);
#3758 = CARTESIAN_POINT('',(-2.2225,14.859,2.54));
#3759 = DIRECTION('',(1.,0.,0.));
#3760 = DIRECTION('',(0.,0.,-1.));
#3761 = ADVANCED_FACE('',(#3762),#3796,.T.);
#3762 = FACE_BOUND('',#3763,.T.);
#3763 = EDGE_LOOP('',(#3764,#3774,#3782,#3790));
#3764 = ORIENTED_EDGE('',*,*,#3765,.F.);
#3765 = EDGE_CURVE('',#3766,#3768,#3770,.T.);
#3766 = VERTEX_POINT('',#3767);
#3767 = CARTESIAN_POINT('',(2.2225,10.6172,0.3175));
#3768 = VERTEX_POINT('',#3769);
#3769 = CARTESIAN_POINT('',(2.2225,3.937,0.3175));
#3770 = LINE('',#3771,#3772);
#3771 = CARTESIAN_POINT('',(2.2225,0.,0.3175));
#3772 = VECTOR('',#3773,1.);
#3773 = DIRECTION('',(0.,-1.,0.));
#3774 = ORIENTED_EDGE('',*,*,#3775,.T.);
#3775 = EDGE_CURVE('',#3766,#3776,#3778,.T.);
#3776 = VERTEX_POINT('',#3777);
#3777 = CARTESIAN_POINT('',(2.2225,10.6172,-0.3175));
#3778 = LINE('',#3779,#3780);
#3779 = CARTESIAN_POINT('',(2.2225,10.6172,2.54));
#3780 = VECTOR('',#3781,1.);
#3781 = DIRECTION('',(0.,0.,-1.));
#3782 = ORIENTED_EDGE('',*,*,#3783,.T.);
#3783 = EDGE_CURVE('',#3776,#3784,#3786,.T.);
#3784 = VERTEX_POINT('',#3785);
#3785 = CARTESIAN_POINT('',(2.2225,3.937,-0.3175));
#3786 = LINE('',#3787,#3788);
#3787 = CARTESIAN_POINT('',(2.2225,0.,-0.3175));
#3788 = VECTOR('',#3789,1.);
#3789 = DIRECTION('',(0.,-1.,0.));
#3790 = ORIENTED_EDGE('',*,*,#3791,.F.);
#3791 = EDGE_CURVE('',#3768,#3784,#3792,.T.);
#3792 = LINE('',#3793,#3794);
#3793 = CARTESIAN_POINT('',(2.2225,3.937,2.54));
#3794 = VECTOR('',#3795,1.);
#3795 = DIRECTION('',(0.,0.,-1.));
#3796 = PLANE('',#3797);
#3797 = AXIS2_PLACEMENT_3D('',#3798,#3799,#3800);
#3798 = CARTESIAN_POINT('',(2.2225,3.937,2.54));
#3799 = DIRECTION('',(-1.,0.,0.));
#3800 = DIRECTION('',(0.,0.,1.));
#3801 = ADVANCED_FACE('',(#3802),#3823,.T.);
#3802 = FACE_BOUND('',#3803,.T.);
#3803 = EDGE_LOOP('',(#3804,#3810,#3816,#3817));
#3804 = ORIENTED_EDGE('',*,*,#3805,.T.);
#3805 = EDGE_CURVE('',#3688,#3776,#3806,.T.);
#3806 = LINE('',#3807,#3808);
#3807 = CARTESIAN_POINT('',(7.62,10.6172,-0.3175));
#3808 = VECTOR('',#3809,1.);
#3809 = DIRECTION('',(-1.,0.,0.));
#3810 = ORIENTED_EDGE('',*,*,#3811,.T.);
#3811 = EDGE_CURVE('',#3776,#3608,#3812,.T.);
#3812 = LINE('',#3813,#3814);
#3813 = CARTESIAN_POINT('',(3.442781089639,12.730788846771,
    0.902781089639));
#3814 = VECTOR('',#3815,1.);
#3815 = DIRECTION('',(0.4472135955,0.774596669241,0.4472135955));
#3816 = ORIENTED_EDGE('',*,*,#3631,.F.);
#3817 = ORIENTED_EDGE('',*,*,#3818,.T.);
#3818 = EDGE_CURVE('',#3624,#3688,#3819,.T.);
#3819 = LINE('',#3820,#3821);
#3820 = CARTESIAN_POINT('',(3.669218910361,9.211261605791,
    -1.129218910361));
#3821 = VECTOR('',#3822,1.);
#3822 = DIRECTION('',(0.4472135955,-0.774596669241,-0.4472135955));
#3823 = PLANE('',#3824);
#3824 = AXIS2_PLACEMENT_3D('',#3825,#3826,#3827);
#3825 = CARTESIAN_POINT('',(7.62,10.922,-0.141523637951));
#3826 = DIRECTION('',(0.,0.5,-0.866025403784));
#3827 = DIRECTION('',(0.,0.866025403784,0.5));
#3828 = ADVANCED_FACE('',(#3829),#3850,.T.);
#3829 = FACE_BOUND('',#3830,.T.);
#3830 = EDGE_LOOP('',(#3831,#3832,#3838,#3844));
#3831 = ORIENTED_EDGE('',*,*,#3615,.T.);
#3832 = ORIENTED_EDGE('',*,*,#3833,.T.);
#3833 = EDGE_CURVE('',#3606,#3766,#3834,.T.);
#3834 = LINE('',#3835,#3836);
#3835 = CARTESIAN_POINT('',(3.302,12.486948846771,-0.762));
#3836 = VECTOR('',#3837,1.);
#3837 = DIRECTION('',(-0.4472135955,-0.774596669241,0.4472135955));
#3838 = ORIENTED_EDGE('',*,*,#3839,.F.);
#3839 = EDGE_CURVE('',#3686,#3766,#3840,.T.);
#3840 = LINE('',#3841,#3842);
#3841 = CARTESIAN_POINT('',(7.62,10.6172,0.3175));
#3842 = VECTOR('',#3843,1.);
#3843 = DIRECTION('',(-1.,0.,0.));
#3844 = ORIENTED_EDGE('',*,*,#3845,.T.);
#3845 = EDGE_CURVE('',#3686,#3616,#3846,.T.);
#3846 = LINE('',#3847,#3848);
#3847 = CARTESIAN_POINT('',(3.81,8.967421605791,1.27));
#3848 = VECTOR('',#3849,1.);
#3849 = DIRECTION('',(-0.4472135955,0.774596669241,-0.4472135955));
#3850 = PLANE('',#3851);
#3851 = AXIS2_PLACEMENT_3D('',#3852,#3853,#3854);
#3852 = CARTESIAN_POINT('',(7.62,10.6172,0.3175));
#3853 = DIRECTION('',(0.,0.5,0.866025403784));
#3854 = DIRECTION('',(0.,-0.866025403784,0.5));
#3855 = ADVANCED_FACE('',(#3856),#3877,.T.);
#3856 = FACE_BOUND('',#3857,.T.);
#3857 = EDGE_LOOP('',(#3858,#3864,#3870,#3871));
#3858 = ORIENTED_EDGE('',*,*,#3859,.T.);
#3859 = EDGE_CURVE('',#3728,#3648,#3860,.T.);
#3860 = LINE('',#3861,#3862);
#3861 = CARTESIAN_POINT('',(7.62,10.6172,-0.3175));
#3862 = VECTOR('',#3863,1.);
#3863 = DIRECTION('',(-1.,0.,0.));
#3864 = ORIENTED_EDGE('',*,*,#3865,.T.);
#3865 = EDGE_CURVE('',#3648,#3568,#3866,.T.);
#3866 = LINE('',#3867,#3868);
#3867 = CARTESIAN_POINT('',(-0.621218910361,14.490552467261,
    1.918781089639));
#3868 = VECTOR('',#3869,1.);
#3869 = DIRECTION('',(0.4472135955,0.774596669241,0.4472135955));
#3870 = ORIENTED_EDGE('',*,*,#3591,.F.);
#3871 = ORIENTED_EDGE('',*,*,#3872,.T.);
#3872 = EDGE_CURVE('',#3584,#3728,#3873,.T.);
#3873 = LINE('',#3874,#3875);
#3874 = CARTESIAN_POINT('',(-0.394781089639,7.451497985301,
    -2.145218910361));
#3875 = VECTOR('',#3876,1.);
#3876 = DIRECTION('',(0.4472135955,-0.774596669241,-0.4472135955));
#3877 = PLANE('',#3878);
#3878 = AXIS2_PLACEMENT_3D('',#3879,#3880,#3881);
#3879 = CARTESIAN_POINT('',(7.62,10.922,-0.141523637951));
#3880 = DIRECTION('',(0.,0.5,-0.866025403784));
#3881 = DIRECTION('',(0.,0.866025403784,0.5));
#3882 = ADVANCED_FACE('',(#3883),#3904,.T.);
#3883 = FACE_BOUND('',#3884,.T.);
#3884 = EDGE_LOOP('',(#3885,#3886,#3892,#3898));
#3885 = ORIENTED_EDGE('',*,*,#3575,.T.);
#3886 = ORIENTED_EDGE('',*,*,#3887,.T.);
#3887 = EDGE_CURVE('',#3566,#3646,#3888,.T.);
#3888 = LINE('',#3889,#3890);
#3889 = CARTESIAN_POINT('',(-0.762,14.246712467261,-1.778));
#3890 = VECTOR('',#3891,1.);
#3891 = DIRECTION('',(-0.4472135955,-0.774596669241,0.4472135955));
#3892 = ORIENTED_EDGE('',*,*,#3893,.F.);
#3893 = EDGE_CURVE('',#3736,#3646,#3894,.T.);
#3894 = LINE('',#3895,#3896);
#3895 = CARTESIAN_POINT('',(7.62,10.6172,0.3175));
#3896 = VECTOR('',#3897,1.);
#3897 = DIRECTION('',(-1.,0.,0.));
#3898 = ORIENTED_EDGE('',*,*,#3899,.T.);
#3899 = EDGE_CURVE('',#3736,#3576,#3900,.T.);
#3900 = LINE('',#3901,#3902);
#3901 = CARTESIAN_POINT('',(-0.254,7.207657985301,2.286));
#3902 = VECTOR('',#3903,1.);
#3903 = DIRECTION('',(-0.4472135955,0.774596669241,-0.4472135955));
#3904 = PLANE('',#3905);
#3905 = AXIS2_PLACEMENT_3D('',#3906,#3907,#3908);
#3906 = CARTESIAN_POINT('',(7.62,10.6172,0.3175));
#3907 = DIRECTION('',(0.,0.5,0.866025403784));
#3908 = DIRECTION('',(0.,-0.866025403784,0.5));
#3909 = ADVANCED_FACE('',(#3910),#3921,.T.);
#3910 = FACE_BOUND('',#3911,.T.);
#3911 = EDGE_LOOP('',(#3912,#3913,#3914,#3915));
#3912 = ORIENTED_EDGE('',*,*,#3743,.T.);
#3913 = ORIENTED_EDGE('',*,*,#3893,.T.);
#3914 = ORIENTED_EDGE('',*,*,#3671,.T.);
#3915 = ORIENTED_EDGE('',*,*,#3916,.T.);
#3916 = EDGE_CURVE('',#3664,#3744,#3917,.T.);
#3917 = LINE('',#3918,#3919);
#3918 = CARTESIAN_POINT('',(0.,3.937,0.3175));
#3919 = VECTOR('',#3920,1.);
#3920 = DIRECTION('',(1.,0.,0.));
#3921 = PLANE('',#3922);
#3922 = AXIS2_PLACEMENT_3D('',#3923,#3924,#3925);
#3923 = CARTESIAN_POINT('',(0.,0.,0.3175));
#3924 = DIRECTION('',(0.,0.,1.));
#3925 = DIRECTION('',(1.,0.,-0.));
#3926 = ADVANCED_FACE('',(#3927),#3938,.T.);
#3927 = FACE_BOUND('',#3928,.T.);
#3928 = EDGE_LOOP('',(#3929,#3930,#3931,#3932));
#3929 = ORIENTED_EDGE('',*,*,#3695,.T.);
#3930 = ORIENTED_EDGE('',*,*,#3839,.T.);
#3931 = ORIENTED_EDGE('',*,*,#3765,.T.);
#3932 = ORIENTED_EDGE('',*,*,#3933,.T.);
#3933 = EDGE_CURVE('',#3768,#3696,#3934,.T.);
#3934 = LINE('',#3935,#3936);
#3935 = CARTESIAN_POINT('',(0.,3.937,0.3175));
#3936 = VECTOR('',#3937,1.);
#3937 = DIRECTION('',(1.,0.,0.));
#3938 = PLANE('',#3939);
#3939 = AXIS2_PLACEMENT_3D('',#3940,#3941,#3942);
#3940 = CARTESIAN_POINT('',(0.,0.,0.3175));
#3941 = DIRECTION('',(0.,0.,1.));
#3942 = DIRECTION('',(1.,0.,-0.));
#3943 = ADVANCED_FACE('',(#3944),#3955,.F.);
#3944 = FACE_BOUND('',#3945,.T.);
#3945 = EDGE_LOOP('',(#3946,#3947,#3948,#3954));
#3946 = ORIENTED_EDGE('',*,*,#3859,.F.);
#3947 = ORIENTED_EDGE('',*,*,#3725,.F.);
#3948 = ORIENTED_EDGE('',*,*,#3949,.F.);
#3949 = EDGE_CURVE('',#3656,#3726,#3950,.T.);
#3950 = LINE('',#3951,#3952);
#3951 = CARTESIAN_POINT('',(0.,3.937,-0.3175));
#3952 = VECTOR('',#3953,1.);
#3953 = DIRECTION('',(1.,0.,0.));
#3954 = ORIENTED_EDGE('',*,*,#3655,.F.);
#3955 = PLANE('',#3956);
#3956 = AXIS2_PLACEMENT_3D('',#3957,#3958,#3959);
#3957 = CARTESIAN_POINT('',(0.,0.,-0.3175));
#3958 = DIRECTION('',(0.,0.,1.));
#3959 = DIRECTION('',(1.,0.,-0.));
#3960 = ADVANCED_FACE('',(#3961),#3972,.F.);
#3961 = FACE_BOUND('',#3962,.T.);
#3962 = EDGE_LOOP('',(#3963,#3964,#3965,#3971));
#3963 = ORIENTED_EDGE('',*,*,#3805,.F.);
#3964 = ORIENTED_EDGE('',*,*,#3711,.F.);
#3965 = ORIENTED_EDGE('',*,*,#3966,.F.);
#3966 = EDGE_CURVE('',#3784,#3704,#3967,.T.);
#3967 = LINE('',#3968,#3969);
#3968 = CARTESIAN_POINT('',(0.,3.937,-0.3175));
#3969 = VECTOR('',#3970,1.);
#3970 = DIRECTION('',(1.,0.,0.));
#3971 = ORIENTED_EDGE('',*,*,#3783,.F.);
#3972 = PLANE('',#3973);
#3973 = AXIS2_PLACEMENT_3D('',#3974,#3975,#3976);
#3974 = CARTESIAN_POINT('',(0.,0.,-0.3175));
#3975 = DIRECTION('',(0.,0.,1.));
#3976 = DIRECTION('',(1.,0.,-0.));
#3977 = ADVANCED_FACE('',(#3978,#4012,#4018,#4024),#4058,.F.);
#3978 = FACE_BOUND('',#3979,.T.);
#3979 = EDGE_LOOP('',(#3980,#3990,#3998,#4006));
#3980 = ORIENTED_EDGE('',*,*,#3981,.T.);
#3981 = EDGE_CURVE('',#3982,#3984,#3986,.T.);
#3982 = VERTEX_POINT('',#3983);
#3983 = CARTESIAN_POINT('',(2.9845,3.937,-0.4445));
#3984 = VERTEX_POINT('',#3985);
#3985 = CARTESIAN_POINT('',(-2.9845,3.937,-0.4445));
#3986 = LINE('',#3987,#3988);
#3987 = CARTESIAN_POINT('',(2.9845,3.937,-0.4445));
#3988 = VECTOR('',#3989,1.);
#3989 = DIRECTION('',(-1.,0.,0.));
#3990 = ORIENTED_EDGE('',*,*,#3991,.T.);
#3991 = EDGE_CURVE('',#3984,#3992,#3994,.T.);
#3992 = VERTEX_POINT('',#3993);
#3993 = CARTESIAN_POINT('',(-2.9845,3.937,0.4445));
#3994 = LINE('',#3995,#3996);
#3995 = CARTESIAN_POINT('',(-2.9845,3.937,-0.4445));
#3996 = VECTOR('',#3997,1.);
#3997 = DIRECTION('',(0.,0.,1.));
#3998 = ORIENTED_EDGE('',*,*,#3999,.F.);
#3999 = EDGE_CURVE('',#4000,#3992,#4002,.T.);
#4000 = VERTEX_POINT('',#4001);
#4001 = CARTESIAN_POINT('',(2.9845,3.937,0.4445));
#4002 = LINE('',#4003,#4004);
#4003 = CARTESIAN_POINT('',(2.9845,3.937,0.4445));
#4004 = VECTOR('',#4005,1.);
#4005 = DIRECTION('',(-1.,0.,0.));
#4006 = ORIENTED_EDGE('',*,*,#4007,.F.);
#4007 = EDGE_CURVE('',#3982,#4000,#4008,.T.);
#4008 = LINE('',#4009,#4010);
#4009 = CARTESIAN_POINT('',(2.9845,3.937,-0.4445));
#4010 = VECTOR('',#4011,1.);
#4011 = DIRECTION('',(0.,0.,1.));
#4012 = FACE_BOUND('',#4013,.T.);
#4013 = EDGE_LOOP('',(#4014,#4015,#4016,#4017));
#4014 = ORIENTED_EDGE('',*,*,#3933,.F.);
#4015 = ORIENTED_EDGE('',*,*,#3791,.T.);
#4016 = ORIENTED_EDGE('',*,*,#3966,.T.);
#4017 = ORIENTED_EDGE('',*,*,#3703,.T.);
#4018 = FACE_BOUND('',#4019,.T.);
#4019 = EDGE_LOOP('',(#4020,#4021,#4022,#4023));
#4020 = ORIENTED_EDGE('',*,*,#3751,.F.);
#4021 = ORIENTED_EDGE('',*,*,#3916,.F.);
#4022 = ORIENTED_EDGE('',*,*,#3663,.T.);
#4023 = ORIENTED_EDGE('',*,*,#3949,.T.);
#4024 = FACE_BOUND('',#4025,.T.);
#4025 = EDGE_LOOP('',(#4026,#4036,#4044,#4052));
#4026 = ORIENTED_EDGE('',*,*,#4027,.F.);
#4027 = EDGE_CURVE('',#4028,#4030,#4032,.T.);
#4028 = VERTEX_POINT('',#4029);
#4029 = CARTESIAN_POINT('',(0.3175,3.937,-0.3175));
#4030 = VERTEX_POINT('',#4031);
#4031 = CARTESIAN_POINT('',(-0.3175,3.937,-0.3175));
#4032 = LINE('',#4033,#4034);
#4033 = CARTESIAN_POINT('',(2.9845,3.937,-0.3175));
#4034 = VECTOR('',#4035,1.);
#4035 = DIRECTION('',(-1.,0.,0.));
#4036 = ORIENTED_EDGE('',*,*,#4037,.F.);
#4037 = EDGE_CURVE('',#4038,#4028,#4040,.T.);
#4038 = VERTEX_POINT('',#4039);
#4039 = CARTESIAN_POINT('',(0.3175,3.937,0.3175));
#4040 = LINE('',#4041,#4042);
#4041 = CARTESIAN_POINT('',(0.3175,3.937,-0.4445));
#4042 = VECTOR('',#4043,1.);
#4043 = DIRECTION('',(0.,0.,-1.));
#4044 = ORIENTED_EDGE('',*,*,#4045,.F.);
#4045 = EDGE_CURVE('',#4046,#4038,#4048,.T.);
#4046 = VERTEX_POINT('',#4047);
#4047 = CARTESIAN_POINT('',(-0.3175,3.937,0.3175));
#4048 = LINE('',#4049,#4050);
#4049 = CARTESIAN_POINT('',(2.9845,3.937,0.3175));
#4050 = VECTOR('',#4051,1.);
#4051 = DIRECTION('',(1.,0.,0.));
#4052 = ORIENTED_EDGE('',*,*,#4053,.F.);
#4053 = EDGE_CURVE('',#4030,#4046,#4054,.T.);
#4054 = LINE('',#4055,#4056);
#4055 = CARTESIAN_POINT('',(-0.3175,3.937,-0.4445));
#4056 = VECTOR('',#4057,1.);
#4057 = DIRECTION('',(0.,0.,1.));
#4058 = PLANE('',#4059);
#4059 = AXIS2_PLACEMENT_3D('',#4060,#4061,#4062);
#4060 = CARTESIAN_POINT('',(2.9845,3.937,-0.4445));
#4061 = DIRECTION('',(0.,-1.,0.));
#4062 = DIRECTION('',(0.,0.,-1.));
#4063 = ADVANCED_FACE('',(#4064,#4098,#4104,#4110),#4144,.F.);
#4064 = FACE_BOUND('',#4065,.T.);
#4065 = EDGE_LOOP('',(#4066,#4076,#4084,#4092));
#4066 = ORIENTED_EDGE('',*,*,#4067,.T.);
#4067 = EDGE_CURVE('',#4068,#4070,#4072,.T.);
#4068 = VERTEX_POINT('',#4069);
#4069 = CARTESIAN_POINT('',(-2.9845,3.81,0.4445));
#4070 = VERTEX_POINT('',#4071);
#4071 = CARTESIAN_POINT('',(-2.9845,3.81,-0.4445));
#4072 = LINE('',#4073,#4074);
#4073 = CARTESIAN_POINT('',(-2.9845,3.81,0.4445));
#4074 = VECTOR('',#4075,1.);
#4075 = DIRECTION('',(0.,0.,-1.));
#4076 = ORIENTED_EDGE('',*,*,#4077,.F.);
#4077 = EDGE_CURVE('',#4078,#4070,#4080,.T.);
#4078 = VERTEX_POINT('',#4079);
#4079 = CARTESIAN_POINT('',(2.9845,3.81,-0.4445));
#4080 = LINE('',#4081,#4082);
#4081 = CARTESIAN_POINT('',(2.9845,3.81,-0.4445));
#4082 = VECTOR('',#4083,1.);
#4083 = DIRECTION('',(-1.,0.,0.));
#4084 = ORIENTED_EDGE('',*,*,#4085,.F.);
#4085 = EDGE_CURVE('',#4086,#4078,#4088,.T.);
#4086 = VERTEX_POINT('',#4087);
#4087 = CARTESIAN_POINT('',(2.9845,3.81,0.4445));
#4088 = LINE('',#4089,#4090);
#4089 = CARTESIAN_POINT('',(2.9845,3.81,0.4445));
#4090 = VECTOR('',#4091,1.);
#4091 = DIRECTION('',(0.,0.,-1.));
#4092 = ORIENTED_EDGE('',*,*,#4093,.T.);
#4093 = EDGE_CURVE('',#4086,#4068,#4094,.T.);
#4094 = LINE('',#4095,#4096);
#4095 = CARTESIAN_POINT('',(2.9845,3.81,0.4445));
#4096 = VECTOR('',#4097,1.);
#4097 = DIRECTION('',(-1.,0.,0.));
#4098 = FACE_BOUND('',#4099,.T.);
#4099 = EDGE_LOOP('',(#4100,#4101,#4102,#4103));
#4100 = ORIENTED_EDGE('',*,*,#3361,.T.);
#4101 = ORIENTED_EDGE('',*,*,#3551,.F.);
#4102 = ORIENTED_EDGE('',*,*,#3447,.F.);
#4103 = ORIENTED_EDGE('',*,*,#3484,.T.);
#4104 = FACE_BOUND('',#4105,.T.);
#4105 = EDGE_LOOP('',(#4106,#4107,#4108,#4109));
#4106 = ORIENTED_EDGE('',*,*,#3416,.F.);
#4107 = ORIENTED_EDGE('',*,*,#3529,.T.);
#4108 = ORIENTED_EDGE('',*,*,#3305,.T.);
#4109 = ORIENTED_EDGE('',*,*,#3506,.T.);
#4110 = FACE_BOUND('',#4111,.T.);
#4111 = EDGE_LOOP('',(#4112,#4122,#4130,#4138));
#4112 = ORIENTED_EDGE('',*,*,#4113,.F.);
#4113 = EDGE_CURVE('',#4114,#4116,#4118,.T.);
#4114 = VERTEX_POINT('',#4115);
#4115 = CARTESIAN_POINT('',(-0.3175,3.81,-0.3175));
#4116 = VERTEX_POINT('',#4117);
#4117 = CARTESIAN_POINT('',(0.3175,3.81,-0.3175));
#4118 = LINE('',#4119,#4120);
#4119 = CARTESIAN_POINT('',(2.9845,3.81,-0.3175));
#4120 = VECTOR('',#4121,1.);
#4121 = DIRECTION('',(1.,0.,0.));
#4122 = ORIENTED_EDGE('',*,*,#4123,.F.);
#4123 = EDGE_CURVE('',#4124,#4114,#4126,.T.);
#4124 = VERTEX_POINT('',#4125);
#4125 = CARTESIAN_POINT('',(-0.3175,3.81,0.3175));
#4126 = LINE('',#4127,#4128);
#4127 = CARTESIAN_POINT('',(-0.3175,3.81,0.4445));
#4128 = VECTOR('',#4129,1.);
#4129 = DIRECTION('',(0.,0.,-1.));
#4130 = ORIENTED_EDGE('',*,*,#4131,.F.);
#4131 = EDGE_CURVE('',#4132,#4124,#4134,.T.);
#4132 = VERTEX_POINT('',#4133);
#4133 = CARTESIAN_POINT('',(0.3175,3.81,0.3175));
#4134 = LINE('',#4135,#4136);
#4135 = CARTESIAN_POINT('',(2.9845,3.81,0.3175));
#4136 = VECTOR('',#4137,1.);
#4137 = DIRECTION('',(-1.,0.,0.));
#4138 = ORIENTED_EDGE('',*,*,#4139,.F.);
#4139 = EDGE_CURVE('',#4116,#4132,#4140,.T.);
#4140 = LINE('',#4141,#4142);
#4141 = CARTESIAN_POINT('',(0.3175,3.81,0.4445));
#4142 = VECTOR('',#4143,1.);
#4143 = DIRECTION('',(0.,0.,1.));
#4144 = PLANE('',#4145);
#4145 = AXIS2_PLACEMENT_3D('',#4146,#4147,#4148);
#4146 = CARTESIAN_POINT('',(2.9845,3.81,0.4445));
#4147 = DIRECTION('',(0.,1.,0.));
#4148 = DIRECTION('',(0.,-0.,1.));
#4149 = ADVANCED_FACE('',(#4150),#4166,.F.);
#4150 = FACE_BOUND('',#4151,.T.);
#4151 = EDGE_LOOP('',(#4152,#4158,#4159,#4165));
#4152 = ORIENTED_EDGE('',*,*,#4153,.T.);
#4153 = EDGE_CURVE('',#3992,#4068,#4154,.T.);
#4154 = LINE('',#4155,#4156);
#4155 = CARTESIAN_POINT('',(-2.9845,3.937,0.4445));
#4156 = VECTOR('',#4157,1.);
#4157 = DIRECTION('',(0.,-1.,0.));
#4158 = ORIENTED_EDGE('',*,*,#4093,.F.);
#4159 = ORIENTED_EDGE('',*,*,#4160,.F.);
#4160 = EDGE_CURVE('',#4000,#4086,#4161,.T.);
#4161 = LINE('',#4162,#4163);
#4162 = CARTESIAN_POINT('',(2.9845,3.937,0.4445));
#4163 = VECTOR('',#4164,1.);
#4164 = DIRECTION('',(0.,-1.,0.));
#4165 = ORIENTED_EDGE('',*,*,#3999,.T.);
#4166 = PLANE('',#4167);
#4167 = AXIS2_PLACEMENT_3D('',#4168,#4169,#4170);
#4168 = CARTESIAN_POINT('',(2.9845,3.937,0.4445));
#4169 = DIRECTION('',(0.,0.,-1.));
#4170 = DIRECTION('',(-1.,0.,0.));
#4171 = ADVANCED_FACE('',(#4172),#4188,.F.);
#4172 = FACE_BOUND('',#4173,.T.);
#4173 = EDGE_LOOP('',(#4174,#4180,#4181,#4187));
#4174 = ORIENTED_EDGE('',*,*,#4175,.T.);
#4175 = EDGE_CURVE('',#4070,#3984,#4176,.T.);
#4176 = LINE('',#4177,#4178);
#4177 = CARTESIAN_POINT('',(-2.9845,3.81,-0.4445));
#4178 = VECTOR('',#4179,1.);
#4179 = DIRECTION('',(0.,1.,0.));
#4180 = ORIENTED_EDGE('',*,*,#3981,.F.);
#4181 = ORIENTED_EDGE('',*,*,#4182,.F.);
#4182 = EDGE_CURVE('',#4078,#3982,#4183,.T.);
#4183 = LINE('',#4184,#4185);
#4184 = CARTESIAN_POINT('',(2.9845,3.81,-0.4445));
#4185 = VECTOR('',#4186,1.);
#4186 = DIRECTION('',(0.,1.,0.));
#4187 = ORIENTED_EDGE('',*,*,#4077,.T.);
#4188 = PLANE('',#4189);
#4189 = AXIS2_PLACEMENT_3D('',#4190,#4191,#4192);
#4190 = CARTESIAN_POINT('',(2.9845,3.81,-0.4445));
#4191 = DIRECTION('',(0.,0.,1.));
#4192 = DIRECTION('',(1.,0.,-0.));
#4193 = ADVANCED_FACE('',(#4194),#4200,.T.);
#4194 = FACE_BOUND('',#4195,.T.);
#4195 = EDGE_LOOP('',(#4196,#4197,#4198,#4199));
#4196 = ORIENTED_EDGE('',*,*,#4007,.T.);
#4197 = ORIENTED_EDGE('',*,*,#4160,.T.);
#4198 = ORIENTED_EDGE('',*,*,#4085,.T.);
#4199 = ORIENTED_EDGE('',*,*,#4182,.T.);
#4200 = PLANE('',#4201);
#4201 = AXIS2_PLACEMENT_3D('',#4202,#4203,#4204);
#4202 = CARTESIAN_POINT('',(2.9845,0.,0.));
#4203 = DIRECTION('',(1.,0.,0.));
#4204 = DIRECTION('',(0.,0.,-1.));
#4205 = ADVANCED_FACE('',(#4206),#4212,.F.);
#4206 = FACE_BOUND('',#4207,.T.);
#4207 = EDGE_LOOP('',(#4208,#4209,#4210,#4211));
#4208 = ORIENTED_EDGE('',*,*,#3991,.F.);
#4209 = ORIENTED_EDGE('',*,*,#4175,.F.);
#4210 = ORIENTED_EDGE('',*,*,#4067,.F.);
#4211 = ORIENTED_EDGE('',*,*,#4153,.F.);
#4212 = PLANE('',#4213);
#4213 = AXIS2_PLACEMENT_3D('',#4214,#4215,#4216);
#4214 = CARTESIAN_POINT('',(-2.9845,0.,0.));
#4215 = DIRECTION('',(1.,0.,0.));
#4216 = DIRECTION('',(0.,0.,-1.));
#4217 = ADVANCED_FACE('',(#4218),#4234,.T.);
#4218 = FACE_BOUND('',#4219,.T.);
#4219 = EDGE_LOOP('',(#4220,#4221,#4227,#4228));
#4220 = ORIENTED_EDGE('',*,*,#4027,.T.);
#4221 = ORIENTED_EDGE('',*,*,#4222,.T.);
#4222 = EDGE_CURVE('',#4030,#4114,#4223,.T.);
#4223 = LINE('',#4224,#4225);
#4224 = CARTESIAN_POINT('',(-0.3175,5.08,-0.3175));
#4225 = VECTOR('',#4226,1.);
#4226 = DIRECTION('',(0.,-1.,0.));
#4227 = ORIENTED_EDGE('',*,*,#4113,.T.);
#4228 = ORIENTED_EDGE('',*,*,#4229,.F.);
#4229 = EDGE_CURVE('',#4028,#4116,#4230,.T.);
#4230 = LINE('',#4231,#4232);
#4231 = CARTESIAN_POINT('',(0.3175,5.08,-0.3175));
#4232 = VECTOR('',#4233,1.);
#4233 = DIRECTION('',(0.,-1.,0.));
#4234 = PLANE('',#4235);
#4235 = AXIS2_PLACEMENT_3D('',#4236,#4237,#4238);
#4236 = CARTESIAN_POINT('',(0.3175,5.08,-0.3175));
#4237 = DIRECTION('',(0.,0.,1.));
#4238 = DIRECTION('',(1.,0.,-0.));
#4239 = ADVANCED_FACE('',(#4240),#4251,.T.);
#4240 = FACE_BOUND('',#4241,.T.);
#4241 = EDGE_LOOP('',(#4242,#4243,#4249,#4250));
#4242 = ORIENTED_EDGE('',*,*,#4053,.T.);
#4243 = ORIENTED_EDGE('',*,*,#4244,.T.);
#4244 = EDGE_CURVE('',#4046,#4124,#4245,.T.);
#4245 = LINE('',#4246,#4247);
#4246 = CARTESIAN_POINT('',(-0.3175,5.08,0.3175));
#4247 = VECTOR('',#4248,1.);
#4248 = DIRECTION('',(0.,-1.,0.));
#4249 = ORIENTED_EDGE('',*,*,#4123,.T.);
#4250 = ORIENTED_EDGE('',*,*,#4222,.F.);
#4251 = PLANE('',#4252);
#4252 = AXIS2_PLACEMENT_3D('',#4253,#4254,#4255);
#4253 = CARTESIAN_POINT('',(-0.3175,5.08,-0.3175));
#4254 = DIRECTION('',(1.,0.,0.));
#4255 = DIRECTION('',(0.,0.,-1.));
#4256 = ADVANCED_FACE('',(#4257),#4268,.T.);
#4257 = FACE_BOUND('',#4258,.T.);
#4258 = EDGE_LOOP('',(#4259,#4260,#4266,#4267));
#4259 = ORIENTED_EDGE('',*,*,#4045,.T.);
#4260 = ORIENTED_EDGE('',*,*,#4261,.T.);
#4261 = EDGE_CURVE('',#4038,#4132,#4262,.T.);
#4262 = LINE('',#4263,#4264);
#4263 = CARTESIAN_POINT('',(0.3175,5.08,0.3175));
#4264 = VECTOR('',#4265,1.);
#4265 = DIRECTION('',(0.,-1.,0.));
#4266 = ORIENTED_EDGE('',*,*,#4131,.T.);
#4267 = ORIENTED_EDGE('',*,*,#4244,.F.);
#4268 = PLANE('',#4269);
#4269 = AXIS2_PLACEMENT_3D('',#4270,#4271,#4272);
#4270 = CARTESIAN_POINT('',(-0.3175,5.08,0.3175));
#4271 = DIRECTION('',(0.,0.,-1.));
#4272 = DIRECTION('',(-1.,0.,0.));
#4273 = ADVANCED_FACE('',(#4274),#4280,.T.);
#4274 = FACE_BOUND('',#4275,.T.);
#4275 = EDGE_LOOP('',(#4276,#4277,#4278,#4279));
#4276 = ORIENTED_EDGE('',*,*,#4037,.T.);
#4277 = ORIENTED_EDGE('',*,*,#4229,.T.);
#4278 = ORIENTED_EDGE('',*,*,#4139,.T.);
#4279 = ORIENTED_EDGE('',*,*,#4261,.F.);
#4280 = PLANE('',#4281);
#4281 = AXIS2_PLACEMENT_3D('',#4282,#4283,#4284);
#4282 = CARTESIAN_POINT('',(0.3175,5.08,0.3175));
#4283 = DIRECTION('',(-1.,0.,0.));
#4284 = DIRECTION('',(0.,0.,1.));
#4285 = ADVANCED_FACE('',(#4286),#4292,.T.);
#4286 = FACE_BOUND('',#4287,.T.);
#4287 = EDGE_LOOP('',(#4288,#4289,#4290,#4291));
#4288 = ORIENTED_EDGE('',*,*,#3583,.F.);
#4289 = ORIENTED_EDGE('',*,*,#3899,.F.);
#4290 = ORIENTED_EDGE('',*,*,#3735,.T.);
#4291 = ORIENTED_EDGE('',*,*,#3872,.F.);
#4292 = PLANE('',#4293);
#4293 = AXIS2_PLACEMENT_3D('',#4294,#4295,#4296);
#4294 = CARTESIAN_POINT('',(-2.398476362049,10.922,2.54));
#4295 = DIRECTION('',(0.866025403784,0.5,0.));
#4296 = DIRECTION('',(-0.5,0.866025403784,0.));
#4297 = ADVANCED_FACE('',(#4298),#4304,.T.);
#4298 = FACE_BOUND('',#4299,.T.);
#4299 = EDGE_LOOP('',(#4300,#4301,#4302,#4303));
#4300 = ORIENTED_EDGE('',*,*,#3645,.F.);
#4301 = ORIENTED_EDGE('',*,*,#3887,.F.);
#4302 = ORIENTED_EDGE('',*,*,#3565,.T.);
#4303 = ORIENTED_EDGE('',*,*,#3865,.F.);
#4304 = PLANE('',#4305);
#4305 = AXIS2_PLACEMENT_3D('',#4306,#4307,#4308);
#4306 = CARTESIAN_POINT('',(-2.8575,10.6172,2.54));
#4307 = DIRECTION('',(-0.866025403784,0.5,0.));
#4308 = DIRECTION('',(-0.5,-0.866025403784,0.));
#4309 = ADVANCED_FACE('',(#4310),#4316,.T.);
#4310 = FACE_BOUND('',#4311,.T.);
#4311 = EDGE_LOOP('',(#4312,#4313,#4314,#4315));
#4312 = ORIENTED_EDGE('',*,*,#3623,.F.);
#4313 = ORIENTED_EDGE('',*,*,#3845,.F.);
#4314 = ORIENTED_EDGE('',*,*,#3685,.T.);
#4315 = ORIENTED_EDGE('',*,*,#3818,.F.);
#4316 = PLANE('',#4317);
#4317 = AXIS2_PLACEMENT_3D('',#4318,#4319,#4320);
#4318 = CARTESIAN_POINT('',(2.681523637951,10.922,2.54));
#4319 = DIRECTION('',(0.866025403784,0.5,0.));
#4320 = DIRECTION('',(-0.5,0.866025403784,0.));
#4321 = ADVANCED_FACE('',(#4322),#4328,.T.);
#4322 = FACE_BOUND('',#4323,.T.);
#4323 = EDGE_LOOP('',(#4324,#4325,#4326,#4327));
#4324 = ORIENTED_EDGE('',*,*,#3775,.F.);
#4325 = ORIENTED_EDGE('',*,*,#3833,.F.);
#4326 = ORIENTED_EDGE('',*,*,#3605,.T.);
#4327 = ORIENTED_EDGE('',*,*,#3811,.F.);
#4328 = PLANE('',#4329);
#4329 = AXIS2_PLACEMENT_3D('',#4330,#4331,#4332);
#4330 = CARTESIAN_POINT('',(2.2225,10.6172,2.54));
#4331 = DIRECTION('',(-0.866025403784,0.5,0.));
#4332 = DIRECTION('',(-0.5,-0.866025403784,0.));
#4333 = ADVANCED_FACE('',(#4334),#4340,.T.);
#4334 = FACE_BOUND('',#4335,.T.);
#4335 = EDGE_LOOP('',(#4336,#4337,#4338,#4339));
#4336 = ORIENTED_EDGE('',*,*,#3345,.T.);
#4337 = ORIENTED_EDGE('',*,*,#3267,.F.);
#4338 = ORIENTED_EDGE('',*,*,#3463,.F.);
#4339 = ORIENTED_EDGE('',*,*,#3544,.T.);
#4340 = PLANE('',#4341);
#4341 = AXIS2_PLACEMENT_3D('',#4342,#4343,#4344);
#4342 = CARTESIAN_POINT('',(2.398476362049,0.,2.54));
#4343 = DIRECTION('',(-0.866025403784,-0.5,0.));
#4344 = DIRECTION('',(0.5,-0.866025403784,0.));
#4345 = ADVANCED_FACE('',(#4346),#4352,.T.);
#4346 = FACE_BOUND('',#4347,.T.);
#4347 = EDGE_LOOP('',(#4348,#4349,#4350,#4351));
#4348 = ORIENTED_EDGE('',*,*,#3321,.T.);
#4349 = ORIENTED_EDGE('',*,*,#3522,.F.);
#4350 = ORIENTED_EDGE('',*,*,#3400,.F.);
#4351 = ORIENTED_EDGE('',*,*,#3227,.T.);
#4352 = PLANE('',#4353);
#4353 = AXIS2_PLACEMENT_3D('',#4354,#4355,#4356);
#4354 = CARTESIAN_POINT('',(-2.2225,0.3048,2.54));
#4355 = DIRECTION('',(0.866025403784,-0.5,0.));
#4356 = DIRECTION('',(0.5,0.866025403784,0.));
#4357 = ADVANCED_FACE('',(#4358),#4364,.T.);
#4358 = FACE_BOUND('',#4359,.T.);
#4359 = EDGE_LOOP('',(#4360,#4361,#4362,#4363));
#4360 = ORIENTED_EDGE('',*,*,#3289,.T.);
#4361 = ORIENTED_EDGE('',*,*,#3209,.F.);
#4362 = ORIENTED_EDGE('',*,*,#3393,.F.);
#4363 = ORIENTED_EDGE('',*,*,#3499,.T.);
#4364 = PLANE('',#4365);
#4365 = AXIS2_PLACEMENT_3D('',#4366,#4367,#4368);
#4366 = CARTESIAN_POINT('',(-2.681523637951,0.,2.54));
#4367 = DIRECTION('',(-0.866025403784,-0.5,0.));
#4368 = DIRECTION('',(0.5,-0.866025403784,0.));
#4369 = ADVANCED_FACE('',(#4370),#4376,.T.);
#4370 = FACE_BOUND('',#4371,.T.);
#4371 = EDGE_LOOP('',(#4372,#4373,#4374,#4375));
#4372 = ORIENTED_EDGE('',*,*,#3336,.T.);
#4373 = ORIENTED_EDGE('',*,*,#3477,.F.);
#4374 = ORIENTED_EDGE('',*,*,#3431,.F.);
#4375 = ORIENTED_EDGE('',*,*,#3249,.T.);
#4376 = PLANE('',#4377);
#4377 = AXIS2_PLACEMENT_3D('',#4378,#4379,#4380);
#4378 = CARTESIAN_POINT('',(2.8575,0.3048,2.54));
#4379 = DIRECTION('',(0.866025403784,-0.5,0.));
#4380 = DIRECTION('',(0.5,0.866025403784,0.));
#4381 = ( GEOMETRIC_REPRESENTATION_CONTEXT(3) 
GLOBAL_UNCERTAINTY_ASSIGNED_CONTEXT((#4385)) 
GLOBAL_UNIT_ASSIGNED_CONTEXT((#4382,#4383,#4384)) REPRESENTATION_CONTEXT
('Context #1','3D Context with UNIT and UNCERTAINTY') );
#4382 = ( LENGTH_UNIT() NAMED_UNIT(*) SI_UNIT(.MILLI.,.METRE.) );
#4383 = ( NAMED_UNIT(*) PLANE_ANGLE_UNIT() SI_UNIT($,.RADIAN.) );
#4384 = ( NAMED_UNIT(*) SI_UNIT($,.STERADIAN.) SOLID_ANGLE_UNIT() );
#4385 = UNCERTAINTY_MEASURE_WITH_UNIT(LENGTH_MEASURE(1.E-07),#4382,
  'distance_accuracy_value','confusion accuracy');
#4386 = CONTEXT_DEPENDENT_SHAPE_REPRESENTATION(#4387,#4389);
#4387 = ( REPRESENTATION_RELATIONSHIP('','',#3202,#32) 
REPRESENTATION_RELATIONSHIP_WITH_TRANSFORMATION(#4388) 
SHAPE_REPRESENTATION_RELATIONSHIP() );
#4388 = ITEM_DEFINED_TRANSFORMATION('','',#11,#37);
#4389 = PRODUCT_DEFINITION_SHAPE('Placement','Placement of an item',
  #4390);
#4390 = NEXT_ASSEMBLY_USAGE_OCCURRENCE('2','T-1S6-07-TSW-2-07-2-S','',
  #27,#3197,$);
#4391 = PRODUCT_RELATED_PRODUCT_CATEGORY('part',$,(#3199));
#4392 = MECHANICAL_DESIGN_GEOMETRIC_PRESENTATION_REPRESENTATION('',(
    #4393),#3184);
#4393 = STYLED_ITEM('color',(#4394),#60);
#4394 = PRESENTATION_STYLE_ASSIGNMENT((#4395,#4401));
#4395 = SURFACE_STYLE_USAGE(.BOTH.,#4396);
#4396 = SURFACE_SIDE_STYLE('',(#4397));
#4397 = SURFACE_STYLE_FILL_AREA(#4398);
#4398 = FILL_AREA_STYLE('',(#4399));
#4399 = FILL_AREA_STYLE_COLOUR('',#4400);
#4400 = COLOUR_RGB('',0.500000003429,0.500000003429,0.500000003429);
#4401 = CURVE_STYLE('',#4402,POSITIVE_LENGTH_MEASURE(0.1),#4403);
#4402 = DRAUGHTING_PRE_DEFINED_CURVE_FONT('continuous');
#4403 = COLOUR_RGB('',9.803921802644E-02,9.803921802644E-02,
  9.803921802644E-02);
#4404 = MECHANICAL_DESIGN_GEOMETRIC_PRESENTATION_REPRESENTATION('',(
    #4405),#4381);
#4405 = STYLED_ITEM('color',(#4406),#3203);
#4406 = PRESENTATION_STYLE_ASSIGNMENT((#4407,#4413));
#4407 = SURFACE_STYLE_USAGE(.BOTH.,#4408);
#4408 = SURFACE_SIDE_STYLE('',(#4409));
#4409 = SURFACE_STYLE_FILL_AREA(#4410);
#4410 = FILL_AREA_STYLE('',(#4411));
#4411 = FILL_AREA_STYLE_COLOUR('',#4412);
#4412 = DRAUGHTING_PRE_DEFINED_COLOUR('yellow');
#4413 = CURVE_STYLE('',#4414,POSITIVE_LENGTH_MEASURE(0.1),#4403);
#4414 = DRAUGHTING_PRE_DEFINED_CURVE_FONT('continuous');
ENDSEC;
END-ISO-10303-21;
