ISO-10303-21;
HEADER;
FILE_DESCRIPTION(('FreeCAD Model'),'2;1');
FILE_NAME('Open CASCADE Shape Model','2026-09-29T12:22:16',(''),(''),
  'Open CASCADE STEP processor 7.8','FreeCAD','Unknown');
FILE_SCHEMA(('AUTOMOTIVE_DESIGN { 1 0 10303 214 1 1 1 1 }'));
ENDSEC;
DATA;
#1 = APPLICATION_PROTOCOL_DEFINITION('international standard',
  'automotive_design',2000,#2);
#2 = APPLICATION_CONTEXT(
  'core data for automotive mechanical design processes');
#3 = SHAPE_DEFINITION_REPRESENTATION(#4,#10);
#4 = PRODUCT_DEFINITION_SHAPE('','',#5);
#5 = PRODUCT_DEFINITION('design','',#6,#9);
#6 = PRODUCT_DEFINITION_FORMATION('','',#7);
#7 = PRODUCT('Assembly','Assembly','',(#8));
#8 = PRODUCT_CONTEXT('',#2,'mechanical');
#9 = PRODUCT_DEFINITION_CONTEXT('part definition',#2,'design');
#10 = SHAPE_REPRESENTATION('',(#11,#15),#19);
#11 = AXIS2_PLACEMENT_3D('',#12,#13,#14);
#12 = CARTESIAN_POINT('',(0.,0.,0.));
#13 = DIRECTION('',(0.,0.,1.));
#14 = DIRECTION('',(1.,0.,-0.));
#15 = AXIS2_PLACEMENT_3D('',#16,#17,#18);
#16 = CARTESIAN_POINT('',(-17.45,-6.35,0.));
#17 = DIRECTION('',(0.,0.,1.));
#18 = DIRECTION('',(1.,0.,0.));
#19 = ( GEOMETRIC_REPRESENTATION_CONTEXT(3) 
GLOBAL_UNCERTAINTY_ASSIGNED_CONTEXT((#23)) GLOBAL_UNIT_ASSIGNED_CONTEXT(
(#20,#21,#22)) REPRESENTATION_CONTEXT('Context #1',
  '3D Context with UNIT and UNCERTAINTY') );
#20 = ( LENGTH_UNIT() NAMED_UNIT(*) SI_UNIT(.MILLI.,.METRE.) );
#21 = ( NAMED_UNIT(*) PLANE_ANGLE_UNIT() SI_UNIT($,.RADIAN.) );
#22 = ( NAMED_UNIT(*) SI_UNIT($,.STERADIAN.) SOLID_ANGLE_UNIT() );
#23 = UNCERTAINTY_MEASURE_WITH_UNIT(LENGTH_MEASURE(1.E-03),#20,
  'distance_accuracy_value','confusion accuracy');
#24 = PRODUCT_RELATED_PRODUCT_CATEGORY('part',$,(#7));
#25 = SHAPE_DEFINITION_REPRESENTATION(#26,#32);
#26 = PRODUCT_DEFINITION_SHAPE('','',#27);
#27 = PRODUCT_DEFINITION('design','',#28,#31);
#28 = PRODUCT_DEFINITION_FORMATION('','',#29);
#29 = PRODUCT('SK_104_38','SK_104_38','',(#30));
#30 = PRODUCT_CONTEXT('',#2,'mechanical');
#31 = PRODUCT_DEFINITION_CONTEXT('part definition',#2,'design');
#32 = SHAPE_REPRESENTATION('',(#11,#33,#37,#41),#45);
#33 = AXIS2_PLACEMENT_3D('',#34,#35,#36);
#34 = CARTESIAN_POINT('',(0.,0.,0.));
#35 = DIRECTION('',(0.,0.,1.));
#36 = DIRECTION('',(1.,0.,0.));
#37 = AXIS2_PLACEMENT_3D('',#38,#39,#40);
#38 = CARTESIAN_POINT('',(30.011606621725,6.35,-3.912781935447));
#39 = DIRECTION('',(0.,-1.,2.22044604925E-16));
#40 = DIRECTION('',(1.,0.,0.));
#41 = AXIS2_PLACEMENT_3D('',#42,#43,#44);
#42 = CARTESIAN_POINT('',(4.611606621725,6.35,-3.912781935447));
#43 = DIRECTION('',(0.,-1.,2.22044604925E-16));
#44 = DIRECTION('',(1.,0.,0.));
#45 = ( GEOMETRIC_REPRESENTATION_CONTEXT(3) 
GLOBAL_UNCERTAINTY_ASSIGNED_CONTEXT((#49)) GLOBAL_UNIT_ASSIGNED_CONTEXT(
(#46,#47,#48)) REPRESENTATION_CONTEXT('Context #1',
  '3D Context with UNIT and UNCERTAINTY') );
#46 = ( LENGTH_UNIT() NAMED_UNIT(*) SI_UNIT(.MILLI.,.METRE.) );
#47 = ( NAMED_UNIT(*) PLANE_ANGLE_UNIT() SI_UNIT($,.RADIAN.) );
#48 = ( NAMED_UNIT(*) SI_UNIT($,.STERADIAN.) SOLID_ANGLE_UNIT() );
#49 = UNCERTAINTY_MEASURE_WITH_UNIT(LENGTH_MEASURE(1.E-03),#46,
  'distance_accuracy_value','confusion accuracy');
#50 = CONTEXT_DEPENDENT_SHAPE_REPRESENTATION(#51,#53);
#51 = ( REPRESENTATION_RELATIONSHIP('','',#32,#10) 
REPRESENTATION_RELATIONSHIP_WITH_TRANSFORMATION(#52) 
SHAPE_REPRESENTATION_RELATIONSHIP() );
#52 = ITEM_DEFINED_TRANSFORMATION('','',#11,#15);
#53 = PRODUCT_DEFINITION_SHAPE('Placement','Placement of an item',#54);
#54 = NEXT_ASSEMBLY_USAGE_OCCURRENCE('4','SK_104_039','',#5,#27,$);
#55 = PRODUCT_RELATED_PRODUCT_CATEGORY('part',$,(#29));
#56 = SHAPE_DEFINITION_REPRESENTATION(#57,#63);
#57 = PRODUCT_DEFINITION_SHAPE('','',#58);
#58 = PRODUCT_DEFINITION('design','',#59,#62);
#59 = PRODUCT_DEFINITION_FORMATION('','',#60);
#60 = PRODUCT('001020022','001020022','',(#61));
#61 = PRODUCT_CONTEXT('',#2,'mechanical');
#62 = PRODUCT_DEFINITION_CONTEXT('part definition',#2,'design');
#63 = ADVANCED_BREP_SHAPE_REPRESENTATION('',(#11,#64),#2974);
#64 = MANIFOLD_SOLID_BREP('',#65);
#65 = CLOSED_SHELL('',(#66,#98,#750,#792,#834,#865,#938,#962,#986,#1010,
    #1027,#1357,#1687,#1696,#1718,#1735,#1752,#1777,#1794,#1811,#1828,
    #1845,#1862,#1879,#1896,#1913,#1930,#1947,#1964,#1981,#1998,#2015,
    #2032,#2049,#2066,#2083,#2100,#2117,#2134,#2151,#2168,#2185,#2202,
    #2219,#2236,#2253,#2270,#2287,#2304,#2321,#2338,#2355,#2372,#2389,
    #2401,#2418,#2435,#2452,#2469,#2486,#2503,#2520,#2537,#2554,#2571,
    #2588,#2605,#2622,#2639,#2656,#2673,#2690,#2707,#2724,#2741,#2758,
    #2775,#2792,#2809,#2826,#2843,#2860,#2877,#2894,#2911,#2928,#2945,
    #2962));
#66 = ADVANCED_FACE('',(#67),#93,.T.);
#67 = FACE_BOUND('',#68,.T.);
#68 = EDGE_LOOP('',(#69,#78,#85,#92));
#69 = ORIENTED_EDGE('',*,*,#70,.F.);
#70 = EDGE_CURVE('',#71,#71,#73,.T.);
#71 = VERTEX_POINT('',#72);
#72 = CARTESIAN_POINT('',(19.05,5.6,18.3));
#73 = CIRCLE('',#74,1.6);
#74 = AXIS2_PLACEMENT_3D('',#75,#76,#77);
#75 = CARTESIAN_POINT('',(17.45,5.6,18.3));
#76 = DIRECTION('',(0.,1.,0.));
#77 = DIRECTION('',(-1.,0.,0.));
#78 = ORIENTED_EDGE('',*,*,#79,.T.);
#79 = EDGE_CURVE('',#71,#80,#82,.T.);
#80 = VERTEX_POINT('',#81);
#81 = CARTESIAN_POINT('',(19.05,5.1,18.3));
#82 = B_SPLINE_CURVE_WITH_KNOTS('',1,(#83,#84),.UNSPECIFIED.,.F.,.F.,(2,
    2),(0.,0.5),.PIECEWISE_BEZIER_KNOTS.);
#83 = CARTESIAN_POINT('',(19.05,5.6,18.3));
#84 = CARTESIAN_POINT('',(19.05,5.1,18.3));
#85 = ORIENTED_EDGE('',*,*,#86,.T.);
#86 = EDGE_CURVE('',#80,#80,#87,.T.);
#87 = CIRCLE('',#88,1.6);
#88 = AXIS2_PLACEMENT_3D('',#89,#90,#91);
#89 = CARTESIAN_POINT('',(17.45,5.1,18.3));
#90 = DIRECTION('',(0.,1.,0.));
#91 = DIRECTION('',(-1.,0.,0.));
#92 = ORIENTED_EDGE('',*,*,#79,.F.);
#93 = CYLINDRICAL_SURFACE('',#94,1.6);
#94 = AXIS2_PLACEMENT_3D('',#95,#96,#97);
#95 = CARTESIAN_POINT('',(17.45,5.6,18.3));
#96 = DIRECTION('',(0.,-1.,0.));
#97 = DIRECTION('',(-1.,0.,0.));
#98 = ADVANCED_FACE('',(#99),#745,.T.);
#99 = FACE_BOUND('',#100,.T.);
#100 = EDGE_LOOP('',(#101,#112,#120,#129,#137,#146,#154,#163,#171,#180,
    #188,#197,#205,#214,#222,#231,#240,#248,#256,#264,#273,#282,#290,
    #299,#307,#316,#324,#333,#341,#350,#358,#367,#375,#384,#392,#401,
    #409,#417,#425,#434,#442,#451,#459,#468,#476,#485,#493,#502,#510,
    #519,#527,#536,#544,#553,#562,#570,#578,#586,#595,#604,#612,#621,
    #629,#638,#646,#655,#663,#672,#680,#689,#697,#706,#714,#723,#731,
    #739));
#101 = ORIENTED_EDGE('',*,*,#102,.F.);
#102 = EDGE_CURVE('',#103,#105,#107,.T.);
#103 = VERTEX_POINT('',#104);
#104 = CARTESIAN_POINT('',(8.351474402696,12.334312509285,38.1));
#105 = VERTEX_POINT('',#106);
#106 = CARTESIAN_POINT('',(9.149101626349,12.3267935038,38.1));
#107 = CIRCLE('',#108,0.4);
#108 = AXIS2_PLACEMENT_3D('',#109,#110,#111);
#109 = CARTESIAN_POINT('',(8.75,12.3,38.1));
#110 = DIRECTION('',(0.,0.,-1.));
#111 = DIRECTION('',(0.997754065872,6.698375950074E-02,0.));
#112 = ORIENTED_EDGE('',*,*,#113,.F.);
#113 = EDGE_CURVE('',#114,#103,#116,.T.);
#114 = VERTEX_POINT('',#115);
#115 = CARTESIAN_POINT('',(8.048525597304,8.815687490715,38.1));
#116 = LINE('',#117,#118);
#117 = CARTESIAN_POINT('',(8.048525597304,8.815687490715,38.1));
#118 = VECTOR('',#119,1.);
#119 = DIRECTION('',(8.578127321337E-02,0.99631399326,0.));
#120 = ORIENTED_EDGE('',*,*,#121,.F.);
#121 = EDGE_CURVE('',#122,#114,#124,.T.);
#122 = VERTEX_POINT('',#123);
#123 = CARTESIAN_POINT('',(7.306887148859,8.644394622196,38.1));
#124 = CIRCLE('',#125,0.4);
#125 = AXIS2_PLACEMENT_3D('',#126,#127,#128);
#126 = CARTESIAN_POINT('',(7.65,8.85,38.1));
#127 = DIRECTION('',(0.,0.,1.));
#128 = DIRECTION('',(0.857782127853,0.51401344451,-0.));
#129 = ORIENTED_EDGE('',*,*,#130,.F.);
#130 = EDGE_CURVE('',#131,#122,#133,.T.);
#131 = VERTEX_POINT('',#132);
#132 = CARTESIAN_POINT('',(4.993112851141,12.505605377804,38.1));
#133 = LINE('',#134,#135);
#134 = CARTESIAN_POINT('',(4.993112851141,12.505605377804,38.1));
#135 = VECTOR('',#136,1.);
#136 = DIRECTION('',(0.51401344451,-0.857782127853,0.));
#137 = ORIENTED_EDGE('',*,*,#138,.F.);
#138 = EDGE_CURVE('',#139,#131,#141,.T.);
#139 = VERTEX_POINT('',#140);
#140 = CARTESIAN_POINT('',(4.293987403493,12.117640379666,38.1));
#141 = CIRCLE('',#142,0.4);
#142 = AXIS2_PLACEMENT_3D('',#143,#144,#145);
#143 = CARTESIAN_POINT('',(4.65,12.3,38.1));
#144 = DIRECTION('',(0.,0.,-1.));
#145 = DIRECTION('',(0.857782127853,0.51401344451,0.));
#146 = ORIENTED_EDGE('',*,*,#147,.F.);
#147 = EDGE_CURVE('',#148,#139,#150,.T.);
#148 = VERTEX_POINT('',#149);
#149 = CARTESIAN_POINT('',(5.106012596507,10.532359620334,38.1));
#150 = LINE('',#151,#152);
#151 = CARTESIAN_POINT('',(5.106012596507,10.532359620334,38.1));
#152 = VECTOR('',#153,1.);
#153 = DIRECTION('',(-0.455899050834,0.890031491268,0.));
#154 = ORIENTED_EDGE('',*,*,#155,.F.);
#155 = EDGE_CURVE('',#156,#148,#158,.T.);
#156 = VERTEX_POINT('',#157);
#157 = CARTESIAN_POINT('',(4.527444000752,10.017631488858,38.1));
#158 = CIRCLE('',#159,0.4);
#159 = AXIS2_PLACEMENT_3D('',#160,#161,#162);
#160 = CARTESIAN_POINT('',(4.75,10.35,38.1));
#161 = DIRECTION('',(0.,0.,1.));
#162 = DIRECTION('',(0.556389998119,0.830921277855,-0.));
#163 = ORIENTED_EDGE('',*,*,#164,.F.);
#164 = EDGE_CURVE('',#165,#156,#167,.T.);
#165 = VERTEX_POINT('',#166);
#166 = CARTESIAN_POINT('',(0.622555999248,12.632368511142,38.1));
#167 = LINE('',#168,#169);
#168 = CARTESIAN_POINT('',(0.622555999248,12.632368511142,38.1));
#169 = VECTOR('',#170,1.);
#170 = DIRECTION('',(0.830921277855,-0.556389998119,0.));
#171 = ORIENTED_EDGE('',*,*,#172,.F.);
#172 = EDGE_CURVE('',#173,#165,#175,.T.);
#173 = VERTEX_POINT('',#174);
#174 = CARTESIAN_POINT('',(0.148195053847,11.989203814224,38.1));
#175 = CIRCLE('',#176,0.4);
#176 = AXIS2_PLACEMENT_3D('',#177,#178,#179);
#177 = CARTESIAN_POINT('',(0.4,12.3,38.1));
#178 = DIRECTION('',(0.,0.,-1.));
#179 = DIRECTION('',(0.556389998119,0.830921277855,0.));
#180 = ORIENTED_EDGE('',*,*,#181,.F.);
#181 = EDGE_CURVE('',#182,#173,#184,.T.);
#182 = VERTEX_POINT('',#183);
#183 = CARTESIAN_POINT('',(2.651804946153,9.960796185776,38.1));
#184 = LINE('',#185,#186);
#185 = CARTESIAN_POINT('',(2.651804946153,9.960796185776,38.1));
#186 = VECTOR('',#187,1.);
#187 = DIRECTION('',(-0.77699046444,0.629512365383,0.));
#188 = ORIENTED_EDGE('',*,*,#189,.F.);
#189 = EDGE_CURVE('',#190,#182,#192,.T.);
#190 = VERTEX_POINT('',#191);
#191 = CARTESIAN_POINT('',(2.24,9.283393944404,38.1));
#192 = CIRCLE('',#193,0.4);
#193 = AXIS2_PLACEMENT_3D('',#194,#195,#196);
#194 = CARTESIAN_POINT('',(2.4,9.65,38.1));
#195 = DIRECTION('',(0.,0.,1.));
#196 = DIRECTION('',(0.4,0.916515138991,-0.));
#197 = ORIENTED_EDGE('',*,*,#198,.F.);
#198 = EDGE_CURVE('',#199,#190,#201,.T.);
#199 = VERTEX_POINT('',#200);
#200 = CARTESIAN_POINT('',(0.56,10.016606055597,38.1));
#201 = LINE('',#202,#203);
#202 = CARTESIAN_POINT('',(0.56,10.016606055597,38.1));
#203 = VECTOR('',#204,1.);
#204 = DIRECTION('',(0.916515138991,-0.4,0.));
#205 = ORIENTED_EDGE('',*,*,#206,.F.);
#206 = EDGE_CURVE('',#207,#199,#209,.T.);
#207 = VERTEX_POINT('',#208);
#208 = CARTESIAN_POINT('',(0.189473934181,9.309884173242,38.1));
#209 = CIRCLE('',#210,0.4);
#210 = AXIS2_PLACEMENT_3D('',#211,#212,#213);
#211 = CARTESIAN_POINT('',(0.4,9.65,38.1));
#212 = DIRECTION('',(0.,0.,-1.));
#213 = DIRECTION('',(0.4,0.916515138991,0.));
#214 = ORIENTED_EDGE('',*,*,#215,.F.);
#215 = EDGE_CURVE('',#216,#207,#218,.T.);
#216 = VERTEX_POINT('',#217);
#217 = CARTESIAN_POINT('',(3.719408481465,7.124913129932,38.1));
#218 = LINE('',#219,#220);
#219 = CARTESIAN_POINT('',(3.719408481465,7.124913129932,38.1));
#220 = VECTOR('',#221,1.);
#221 = DIRECTION('',(-0.850289566894,0.526315164546,0.));
#222 = ORIENTED_EDGE('',*,*,#223,.F.);
#223 = EDGE_CURVE('',#224,#216,#226,.T.);
#224 = VERTEX_POINT('',#225);
#225 = CARTESIAN_POINT('',(4.071235690645,7.151111111111,38.1));
#226 = CIRCLE('',#227,0.3);
#227 = AXIS2_PLACEMENT_3D('',#228,#229,#230);
#228 = CARTESIAN_POINT('',(3.877303030829,7.38,38.1));
#229 = DIRECTION('',(0.,0.,-1.));
#230 = DIRECTION('',(-0.526315164546,-0.850289566894,-0.));
#231 = ORIENTED_EDGE('',*,*,#232,.F.);
#232 = EDGE_CURVE('',#233,#224,#235,.T.);
#233 = VERTEX_POINT('',#234);
#234 = CARTESIAN_POINT('',(5.504718490565,7.08,38.1));
#235 = CIRCLE('',#236,1.05);
#236 = AXIS2_PLACEMENT_3D('',#237,#238,#239);
#237 = CARTESIAN_POINT('',(4.75,6.35,38.1));
#238 = DIRECTION('',(0.,0.,1.));
#239 = DIRECTION('',(-0.718779514823,-0.695238095238,0.));
#240 = ORIENTED_EDGE('',*,*,#241,.F.);
#241 = EDGE_CURVE('',#242,#233,#244,.T.);
#242 = VERTEX_POINT('',#243);
#243 = CARTESIAN_POINT('',(5.95,7.08,38.1));
#244 = LINE('',#245,#246);
#245 = CARTESIAN_POINT('',(5.95,7.08,38.1));
#246 = VECTOR('',#247,1.);
#247 = DIRECTION('',(-1.,0.,0.));
#248 = ORIENTED_EDGE('',*,*,#249,.F.);
#249 = EDGE_CURVE('',#250,#242,#252,.T.);
#250 = VERTEX_POINT('',#251);
#251 = CARTESIAN_POINT('',(5.95,5.62,38.1));
#252 = LINE('',#253,#254);
#253 = CARTESIAN_POINT('',(5.95,5.62,38.1));
#254 = VECTOR('',#255,1.);
#255 = DIRECTION('',(0.,1.,0.));
#256 = ORIENTED_EDGE('',*,*,#257,.F.);
#257 = EDGE_CURVE('',#258,#250,#260,.T.);
#258 = VERTEX_POINT('',#259);
#259 = CARTESIAN_POINT('',(5.504718490565,5.62,38.1));
#260 = LINE('',#261,#262);
#261 = CARTESIAN_POINT('',(5.504718490565,5.62,38.1));
#262 = VECTOR('',#263,1.);
#263 = DIRECTION('',(1.,0.,0.));
#264 = ORIENTED_EDGE('',*,*,#265,.F.);
#265 = EDGE_CURVE('',#266,#258,#268,.T.);
#266 = VERTEX_POINT('',#267);
#267 = CARTESIAN_POINT('',(4.071235690645,5.548888888889,38.1));
#268 = CIRCLE('',#269,1.05);
#269 = AXIS2_PLACEMENT_3D('',#270,#271,#272);
#270 = CARTESIAN_POINT('',(4.75,6.35,38.1));
#271 = DIRECTION('',(0.,0.,1.));
#272 = DIRECTION('',(0.646442199386,0.762962962963,-0.));
#273 = ORIENTED_EDGE('',*,*,#274,.F.);
#274 = EDGE_CURVE('',#275,#266,#277,.T.);
#275 = VERTEX_POINT('',#276);
#276 = CARTESIAN_POINT('',(3.719408481465,5.575086870068,38.1));
#277 = CIRCLE('',#278,0.3);
#278 = AXIS2_PLACEMENT_3D('',#279,#280,#281);
#279 = CARTESIAN_POINT('',(3.877303030829,5.32,38.1));
#280 = DIRECTION('',(0.,0.,-1.));
#281 = DIRECTION('',(0.646442199386,0.762962962963,0.));
#282 = ORIENTED_EDGE('',*,*,#283,.F.);
#283 = EDGE_CURVE('',#284,#275,#286,.T.);
#284 = VERTEX_POINT('',#285);
#285 = CARTESIAN_POINT('',(0.189473934181,3.390115826758,38.1));
#286 = LINE('',#287,#288);
#287 = CARTESIAN_POINT('',(0.189473934181,3.390115826758,38.1));
#288 = VECTOR('',#289,1.);
#289 = DIRECTION('',(0.850289566894,0.526315164546,0.));
#290 = ORIENTED_EDGE('',*,*,#291,.F.);
#291 = EDGE_CURVE('',#292,#284,#294,.T.);
#292 = VERTEX_POINT('',#293);
#293 = CARTESIAN_POINT('',(0.56,2.683393944404,38.1));
#294 = CIRCLE('',#295,0.4);
#295 = AXIS2_PLACEMENT_3D('',#296,#297,#298);
#296 = CARTESIAN_POINT('',(0.4,3.05,38.1));
#297 = DIRECTION('',(0.,0.,-1.));
#298 = DIRECTION('',(-0.526315164546,0.850289566894,0.));
#299 = ORIENTED_EDGE('',*,*,#300,.F.);
#300 = EDGE_CURVE('',#301,#292,#303,.T.);
#301 = VERTEX_POINT('',#302);
#302 = CARTESIAN_POINT('',(2.24,3.416606055596,38.1));
#303 = LINE('',#304,#305);
#304 = CARTESIAN_POINT('',(2.24,3.416606055596,38.1));
#305 = VECTOR('',#306,1.);
#306 = DIRECTION('',(-0.916515138991,-0.4,0.));
#307 = ORIENTED_EDGE('',*,*,#308,.F.);
#308 = EDGE_CURVE('',#309,#301,#311,.T.);
#309 = VERTEX_POINT('',#310);
#310 = CARTESIAN_POINT('',(2.651804946153,2.739203814224,38.1));
#311 = CIRCLE('',#312,0.4);
#312 = AXIS2_PLACEMENT_3D('',#313,#314,#315);
#313 = CARTESIAN_POINT('',(2.4,3.05,38.1));
#314 = DIRECTION('',(0.,0.,1.));
#315 = DIRECTION('',(-0.629512365383,0.77699046444,0.));
#316 = ORIENTED_EDGE('',*,*,#317,.F.);
#317 = EDGE_CURVE('',#318,#309,#320,.T.);
#318 = VERTEX_POINT('',#319);
#319 = CARTESIAN_POINT('',(0.148195053847,0.710796185776,38.1));
#320 = LINE('',#321,#322);
#321 = CARTESIAN_POINT('',(0.148195053847,0.710796185776,38.1));
#322 = VECTOR('',#323,1.);
#323 = DIRECTION('',(0.77699046444,0.629512365383,0.));
#324 = ORIENTED_EDGE('',*,*,#325,.F.);
#325 = EDGE_CURVE('',#326,#318,#328,.T.);
#326 = VERTEX_POINT('',#327);
#327 = CARTESIAN_POINT('',(0.622555999248,6.76314888578E-02,38.1));
#328 = CIRCLE('',#329,0.4);
#329 = AXIS2_PLACEMENT_3D('',#330,#331,#332);
#330 = CARTESIAN_POINT('',(0.4,0.4,38.1));
#331 = DIRECTION('',(0.,0.,-1.));
#332 = DIRECTION('',(-0.629512365383,0.77699046444,0.));
#333 = ORIENTED_EDGE('',*,*,#334,.F.);
#334 = EDGE_CURVE('',#335,#326,#337,.T.);
#335 = VERTEX_POINT('',#336);
#336 = CARTESIAN_POINT('',(4.527444000752,2.682368511142,38.1));
#337 = LINE('',#338,#339);
#338 = CARTESIAN_POINT('',(4.527444000752,2.682368511142,38.1));
#339 = VECTOR('',#340,1.);
#340 = DIRECTION('',(-0.830921277855,-0.556389998119,0.));
#341 = ORIENTED_EDGE('',*,*,#342,.F.);
#342 = EDGE_CURVE('',#343,#335,#345,.T.);
#343 = VERTEX_POINT('',#344);
#344 = CARTESIAN_POINT('',(5.106012596507,2.167640379666,38.1));
#345 = CIRCLE('',#346,0.4);
#346 = AXIS2_PLACEMENT_3D('',#347,#348,#349);
#347 = CARTESIAN_POINT('',(4.75,2.35,38.1));
#348 = DIRECTION('',(0.,0.,1.));
#349 = DIRECTION('',(-0.890031491268,0.455899050834,0.));
#350 = ORIENTED_EDGE('',*,*,#351,.F.);
#351 = EDGE_CURVE('',#352,#343,#354,.T.);
#352 = VERTEX_POINT('',#353);
#353 = CARTESIAN_POINT('',(4.293987403493,0.582359620334,38.1));
#354 = LINE('',#355,#356);
#355 = CARTESIAN_POINT('',(4.293987403493,0.582359620334,38.1));
#356 = VECTOR('',#357,1.);
#357 = DIRECTION('',(0.455899050834,0.890031491268,0.));
#358 = ORIENTED_EDGE('',*,*,#359,.F.);
#359 = EDGE_CURVE('',#360,#352,#362,.T.);
#360 = VERTEX_POINT('',#361);
#361 = CARTESIAN_POINT('',(4.993112851141,0.194394622196,38.1));
#362 = CIRCLE('',#363,0.4);
#363 = AXIS2_PLACEMENT_3D('',#364,#365,#366);
#364 = CARTESIAN_POINT('',(4.65,0.4,38.1));
#365 = DIRECTION('',(0.,0.,-1.));
#366 = DIRECTION('',(-0.890031491268,0.455899050834,0.));
#367 = ORIENTED_EDGE('',*,*,#368,.F.);
#368 = EDGE_CURVE('',#369,#360,#371,.T.);
#369 = VERTEX_POINT('',#370);
#370 = CARTESIAN_POINT('',(7.306887148859,4.055605377804,38.1));
#371 = LINE('',#372,#373);
#372 = CARTESIAN_POINT('',(7.306887148859,4.055605377804,38.1));
#373 = VECTOR('',#374,1.);
#374 = DIRECTION('',(-0.51401344451,-0.857782127853,0.));
#375 = ORIENTED_EDGE('',*,*,#376,.F.);
#376 = EDGE_CURVE('',#377,#369,#379,.T.);
#377 = VERTEX_POINT('',#378);
#378 = CARTESIAN_POINT('',(8.048525597304,3.884312509285,38.1));
#379 = CIRCLE('',#380,0.4);
#380 = AXIS2_PLACEMENT_3D('',#381,#382,#383);
#381 = CARTESIAN_POINT('',(7.65,3.85,38.1));
#382 = DIRECTION('',(0.,0.,1.));
#383 = DIRECTION('',(-0.99631399326,-8.578127321337E-02,0.));
#384 = ORIENTED_EDGE('',*,*,#385,.F.);
#385 = EDGE_CURVE('',#386,#377,#388,.T.);
#386 = VERTEX_POINT('',#387);
#387 = CARTESIAN_POINT('',(8.351474402696,0.365687490715,38.1));
#388 = LINE('',#389,#390);
#389 = CARTESIAN_POINT('',(8.351474402696,0.365687490715,38.1));
#390 = VECTOR('',#391,1.);
#391 = DIRECTION('',(-8.578127321337E-02,0.99631399326,0.));
#392 = ORIENTED_EDGE('',*,*,#393,.F.);
#393 = EDGE_CURVE('',#394,#386,#396,.T.);
#394 = VERTEX_POINT('',#395);
#395 = CARTESIAN_POINT('',(9.149101626349,0.3732064962,38.1));
#396 = CIRCLE('',#397,0.4);
#397 = AXIS2_PLACEMENT_3D('',#398,#399,#400);
#398 = CARTESIAN_POINT('',(8.75,0.4,38.1));
#399 = DIRECTION('',(0.,0.,-1.));
#400 = DIRECTION('',(-0.99631399326,-8.578127321337E-02,-0.));
#401 = ORIENTED_EDGE('',*,*,#402,.F.);
#402 = EDGE_CURVE('',#403,#394,#405,.T.);
#403 = VERTEX_POINT('',#404);
#404 = CARTESIAN_POINT('',(9.5,5.6,38.1));
#405 = LINE('',#406,#407);
#406 = CARTESIAN_POINT('',(9.5,5.6,38.1));
#407 = VECTOR('',#408,1.);
#408 = DIRECTION('',(-6.698375950074E-02,-0.997754065872,0.));
#409 = ORIENTED_EDGE('',*,*,#410,.F.);
#410 = EDGE_CURVE('',#411,#403,#413,.T.);
#411 = VERTEX_POINT('',#412);
#412 = CARTESIAN_POINT('',(25.4,5.6,38.1));
#413 = LINE('',#414,#415);
#414 = CARTESIAN_POINT('',(25.4,5.6,38.1));
#415 = VECTOR('',#416,1.);
#416 = DIRECTION('',(-1.,0.,0.));
#417 = ORIENTED_EDGE('',*,*,#418,.F.);
#418 = EDGE_CURVE('',#419,#411,#421,.T.);
#419 = VERTEX_POINT('',#420);
#420 = CARTESIAN_POINT('',(25.750898373651,0.3732064962,38.1));
#421 = LINE('',#422,#423);
#422 = CARTESIAN_POINT('',(25.750898373651,0.3732064962,38.1));
#423 = VECTOR('',#424,1.);
#424 = DIRECTION('',(-6.698375950074E-02,0.997754065872,0.));
#425 = ORIENTED_EDGE('',*,*,#426,.F.);
#426 = EDGE_CURVE('',#427,#419,#429,.T.);
#427 = VERTEX_POINT('',#428);
#428 = CARTESIAN_POINT('',(26.548525597304,0.365687490715,38.1));
#429 = CIRCLE('',#430,0.4);
#430 = AXIS2_PLACEMENT_3D('',#431,#432,#433);
#431 = CARTESIAN_POINT('',(26.15,0.4,38.1));
#432 = DIRECTION('',(0.,0.,-1.));
#433 = DIRECTION('',(-0.997754065872,-6.698375950074E-02,-0.));
#434 = ORIENTED_EDGE('',*,*,#435,.F.);
#435 = EDGE_CURVE('',#436,#427,#438,.T.);
#436 = VERTEX_POINT('',#437);
#437 = CARTESIAN_POINT('',(26.851474402696,3.884312509285,38.1));
#438 = LINE('',#439,#440);
#439 = CARTESIAN_POINT('',(26.851474402696,3.884312509285,38.1));
#440 = VECTOR('',#441,1.);
#441 = DIRECTION('',(-8.578127321339E-02,-0.99631399326,0.));
#442 = ORIENTED_EDGE('',*,*,#443,.F.);
#443 = EDGE_CURVE('',#444,#436,#446,.T.);
#444 = VERTEX_POINT('',#445);
#445 = CARTESIAN_POINT('',(27.593112851141,4.055605377804,38.1));
#446 = CIRCLE('',#447,0.4);
#447 = AXIS2_PLACEMENT_3D('',#448,#449,#450);
#448 = CARTESIAN_POINT('',(27.25,3.85,38.1));
#449 = DIRECTION('',(0.,0.,1.));
#450 = DIRECTION('',(-0.857782127853,-0.51401344451,0.));
#451 = ORIENTED_EDGE('',*,*,#452,.F.);
#452 = EDGE_CURVE('',#453,#444,#455,.T.);
#453 = VERTEX_POINT('',#454);
#454 = CARTESIAN_POINT('',(29.906887148859,0.194394622196,38.1));
#455 = LINE('',#456,#457);
#456 = CARTESIAN_POINT('',(29.906887148859,0.194394622196,38.1));
#457 = VECTOR('',#458,1.);
#458 = DIRECTION('',(-0.51401344451,0.857782127853,0.));
#459 = ORIENTED_EDGE('',*,*,#460,.F.);
#460 = EDGE_CURVE('',#461,#453,#463,.T.);
#461 = VERTEX_POINT('',#462);
#462 = CARTESIAN_POINT('',(30.606012596507,0.582359620334,38.1));
#463 = CIRCLE('',#464,0.4);
#464 = AXIS2_PLACEMENT_3D('',#465,#466,#467);
#465 = CARTESIAN_POINT('',(30.25,0.4,38.1));
#466 = DIRECTION('',(0.,0.,-1.));
#467 = DIRECTION('',(-0.857782127853,-0.51401344451,-0.));
#468 = ORIENTED_EDGE('',*,*,#469,.F.);
#469 = EDGE_CURVE('',#470,#461,#472,.T.);
#470 = VERTEX_POINT('',#471);
#471 = CARTESIAN_POINT('',(29.793987403493,2.167640379666,38.1));
#472 = LINE('',#473,#474);
#473 = CARTESIAN_POINT('',(29.793987403493,2.167640379666,38.1));
#474 = VECTOR('',#475,1.);
#475 = DIRECTION('',(0.455899050834,-0.890031491268,0.));
#476 = ORIENTED_EDGE('',*,*,#477,.F.);
#477 = EDGE_CURVE('',#478,#470,#480,.T.);
#478 = VERTEX_POINT('',#479);
#479 = CARTESIAN_POINT('',(30.372555999248,2.682368511142,38.1));
#480 = CIRCLE('',#481,0.4);
#481 = AXIS2_PLACEMENT_3D('',#482,#483,#484);
#482 = CARTESIAN_POINT('',(30.15,2.35,38.1));
#483 = DIRECTION('',(0.,0.,1.));
#484 = DIRECTION('',(-0.556389998119,-0.830921277855,0.));
#485 = ORIENTED_EDGE('',*,*,#486,.F.);
#486 = EDGE_CURVE('',#487,#478,#489,.T.);
#487 = VERTEX_POINT('',#488);
#488 = CARTESIAN_POINT('',(34.277444000752,6.763148885781E-02,38.1));
#489 = LINE('',#490,#491);
#490 = CARTESIAN_POINT('',(34.277444000752,6.763148885781E-02,38.1));
#491 = VECTOR('',#492,1.);
#492 = DIRECTION('',(-0.830921277855,0.556389998119,0.));
#493 = ORIENTED_EDGE('',*,*,#494,.F.);
#494 = EDGE_CURVE('',#495,#487,#497,.T.);
#495 = VERTEX_POINT('',#496);
#496 = CARTESIAN_POINT('',(34.751804946153,0.710796185776,38.1));
#497 = CIRCLE('',#498,0.4);
#498 = AXIS2_PLACEMENT_3D('',#499,#500,#501);
#499 = CARTESIAN_POINT('',(34.5,0.4,38.1));
#500 = DIRECTION('',(0.,0.,-1.));
#501 = DIRECTION('',(-0.556389998119,-0.830921277855,-0.));
#502 = ORIENTED_EDGE('',*,*,#503,.F.);
#503 = EDGE_CURVE('',#504,#495,#506,.T.);
#504 = VERTEX_POINT('',#505);
#505 = CARTESIAN_POINT('',(32.248195053847,2.739203814224,38.1));
#506 = LINE('',#507,#508);
#507 = CARTESIAN_POINT('',(32.248195053847,2.739203814224,38.1));
#508 = VECTOR('',#509,1.);
#509 = DIRECTION('',(0.77699046444,-0.629512365383,0.));
#510 = ORIENTED_EDGE('',*,*,#511,.F.);
#511 = EDGE_CURVE('',#512,#504,#514,.T.);
#512 = VERTEX_POINT('',#513);
#513 = CARTESIAN_POINT('',(32.66,3.416606055596,38.1));
#514 = CIRCLE('',#515,0.4);
#515 = AXIS2_PLACEMENT_3D('',#516,#517,#518);
#516 = CARTESIAN_POINT('',(32.5,3.05,38.1));
#517 = DIRECTION('',(0.,0.,1.));
#518 = DIRECTION('',(-0.4,-0.916515138991,0.));
#519 = ORIENTED_EDGE('',*,*,#520,.F.);
#520 = EDGE_CURVE('',#521,#512,#523,.T.);
#521 = VERTEX_POINT('',#522);
#522 = CARTESIAN_POINT('',(34.34,2.683393944404,38.1));
#523 = LINE('',#524,#525);
#524 = CARTESIAN_POINT('',(34.34,2.683393944404,38.1));
#525 = VECTOR('',#526,1.);
#526 = DIRECTION('',(-0.916515138991,0.4,0.));
#527 = ORIENTED_EDGE('',*,*,#528,.F.);
#528 = EDGE_CURVE('',#529,#521,#531,.T.);
#529 = VERTEX_POINT('',#530);
#530 = CARTESIAN_POINT('',(34.710526065819,3.390115826758,38.1));
#531 = CIRCLE('',#532,0.4);
#532 = AXIS2_PLACEMENT_3D('',#533,#534,#535);
#533 = CARTESIAN_POINT('',(34.5,3.05,38.1));
#534 = DIRECTION('',(0.,0.,-1.));
#535 = DIRECTION('',(-0.4,-0.916515138991,-0.));
#536 = ORIENTED_EDGE('',*,*,#537,.F.);
#537 = EDGE_CURVE('',#538,#529,#540,.T.);
#538 = VERTEX_POINT('',#539);
#539 = CARTESIAN_POINT('',(31.180591518535,5.575086870068,38.1));
#540 = LINE('',#541,#542);
#541 = CARTESIAN_POINT('',(31.180591518535,5.575086870068,38.1));
#542 = VECTOR('',#543,1.);
#543 = DIRECTION('',(0.850289566894,-0.526315164546,0.));
#544 = ORIENTED_EDGE('',*,*,#545,.F.);
#545 = EDGE_CURVE('',#546,#538,#548,.T.);
#546 = VERTEX_POINT('',#547);
#547 = CARTESIAN_POINT('',(30.828764309355,5.548888888889,38.1));
#548 = CIRCLE('',#549,0.3);
#549 = AXIS2_PLACEMENT_3D('',#550,#551,#552);
#550 = CARTESIAN_POINT('',(31.022696969171,5.32,38.1));
#551 = DIRECTION('',(0.,0.,-1.));
#552 = DIRECTION('',(0.526315164546,0.850289566894,0.));
#553 = ORIENTED_EDGE('',*,*,#554,.F.);
#554 = EDGE_CURVE('',#555,#546,#557,.T.);
#555 = VERTEX_POINT('',#556);
#556 = CARTESIAN_POINT('',(29.395281509436,5.62,38.1));
#557 = CIRCLE('',#558,1.05);
#558 = AXIS2_PLACEMENT_3D('',#559,#560,#561);
#559 = CARTESIAN_POINT('',(30.15,6.35,38.1));
#560 = DIRECTION('',(0.,0.,1.));
#561 = DIRECTION('',(0.718779514823,0.695238095238,-0.));
#562 = ORIENTED_EDGE('',*,*,#563,.F.);
#563 = EDGE_CURVE('',#564,#555,#566,.T.);
#564 = VERTEX_POINT('',#565);
#565 = CARTESIAN_POINT('',(28.95,5.62,38.1));
#566 = LINE('',#567,#568);
#567 = CARTESIAN_POINT('',(28.95,5.62,38.1));
#568 = VECTOR('',#569,1.);
#569 = DIRECTION('',(1.,0.,0.));
#570 = ORIENTED_EDGE('',*,*,#571,.F.);
#571 = EDGE_CURVE('',#572,#564,#574,.T.);
#572 = VERTEX_POINT('',#573);
#573 = CARTESIAN_POINT('',(28.95,7.08,38.1));
#574 = LINE('',#575,#576);
#575 = CARTESIAN_POINT('',(28.95,7.08,38.1));
#576 = VECTOR('',#577,1.);
#577 = DIRECTION('',(0.,-1.,0.));
#578 = ORIENTED_EDGE('',*,*,#579,.F.);
#579 = EDGE_CURVE('',#580,#572,#582,.T.);
#580 = VERTEX_POINT('',#581);
#581 = CARTESIAN_POINT('',(29.395281509436,7.08,38.1));
#582 = LINE('',#583,#584);
#583 = CARTESIAN_POINT('',(29.395281509436,7.08,38.1));
#584 = VECTOR('',#585,1.);
#585 = DIRECTION('',(-1.,0.,0.));
#586 = ORIENTED_EDGE('',*,*,#587,.F.);
#587 = EDGE_CURVE('',#588,#580,#590,.T.);
#588 = VERTEX_POINT('',#589);
#589 = CARTESIAN_POINT('',(30.828764309355,7.151111111111,38.1));
#590 = CIRCLE('',#591,1.05);
#591 = AXIS2_PLACEMENT_3D('',#592,#593,#594);
#592 = CARTESIAN_POINT('',(30.15,6.35,38.1));
#593 = DIRECTION('',(0.,0.,1.));
#594 = DIRECTION('',(-0.646442199386,-0.762962962963,0.));
#595 = ORIENTED_EDGE('',*,*,#596,.F.);
#596 = EDGE_CURVE('',#597,#588,#599,.T.);
#597 = VERTEX_POINT('',#598);
#598 = CARTESIAN_POINT('',(31.180591518535,7.124913129932,38.1));
#599 = CIRCLE('',#600,0.3);
#600 = AXIS2_PLACEMENT_3D('',#601,#602,#603);
#601 = CARTESIAN_POINT('',(31.022696969171,7.38,38.1));
#602 = DIRECTION('',(0.,0.,-1.));
#603 = DIRECTION('',(-0.646442199386,-0.762962962963,-0.));
#604 = ORIENTED_EDGE('',*,*,#605,.F.);
#605 = EDGE_CURVE('',#606,#597,#608,.T.);
#606 = VERTEX_POINT('',#607);
#607 = CARTESIAN_POINT('',(34.710526065819,9.309884173242,38.1));
#608 = LINE('',#609,#610);
#609 = CARTESIAN_POINT('',(34.710526065819,9.309884173242,38.1));
#610 = VECTOR('',#611,1.);
#611 = DIRECTION('',(-0.850289566894,-0.526315164546,0.));
#612 = ORIENTED_EDGE('',*,*,#613,.F.);
#613 = EDGE_CURVE('',#614,#606,#616,.T.);
#614 = VERTEX_POINT('',#615);
#615 = CARTESIAN_POINT('',(34.34,10.016606055597,38.1));
#616 = CIRCLE('',#617,0.4);
#617 = AXIS2_PLACEMENT_3D('',#618,#619,#620);
#618 = CARTESIAN_POINT('',(34.5,9.65,38.1));
#619 = DIRECTION('',(0.,0.,-1.));
#620 = DIRECTION('',(0.526315164546,-0.850289566894,0.));
#621 = ORIENTED_EDGE('',*,*,#622,.F.);
#622 = EDGE_CURVE('',#623,#614,#625,.T.);
#623 = VERTEX_POINT('',#624);
#624 = CARTESIAN_POINT('',(32.66,9.283393944404,38.1));
#625 = LINE('',#626,#627);
#626 = CARTESIAN_POINT('',(32.66,9.283393944404,38.1));
#627 = VECTOR('',#628,1.);
#628 = DIRECTION('',(0.916515138991,0.4,0.));
#629 = ORIENTED_EDGE('',*,*,#630,.F.);
#630 = EDGE_CURVE('',#631,#623,#633,.T.);
#631 = VERTEX_POINT('',#632);
#632 = CARTESIAN_POINT('',(32.248195053847,9.960796185776,38.1));
#633 = CIRCLE('',#634,0.4);
#634 = AXIS2_PLACEMENT_3D('',#635,#636,#637);
#635 = CARTESIAN_POINT('',(32.5,9.65,38.1));
#636 = DIRECTION('',(0.,0.,1.));
#637 = DIRECTION('',(0.629512365383,-0.77699046444,0.));
#638 = ORIENTED_EDGE('',*,*,#639,.F.);
#639 = EDGE_CURVE('',#640,#631,#642,.T.);
#640 = VERTEX_POINT('',#641);
#641 = CARTESIAN_POINT('',(34.751804946153,11.989203814224,38.1));
#642 = LINE('',#643,#644);
#643 = CARTESIAN_POINT('',(34.751804946153,11.989203814224,38.1));
#644 = VECTOR('',#645,1.);
#645 = DIRECTION('',(-0.77699046444,-0.629512365383,0.));
#646 = ORIENTED_EDGE('',*,*,#647,.F.);
#647 = EDGE_CURVE('',#648,#640,#650,.T.);
#648 = VERTEX_POINT('',#649);
#649 = CARTESIAN_POINT('',(34.277444000752,12.632368511142,38.1));
#650 = CIRCLE('',#651,0.4);
#651 = AXIS2_PLACEMENT_3D('',#652,#653,#654);
#652 = CARTESIAN_POINT('',(34.5,12.3,38.1));
#653 = DIRECTION('',(0.,0.,-1.));
#654 = DIRECTION('',(0.629512365383,-0.77699046444,0.));
#655 = ORIENTED_EDGE('',*,*,#656,.F.);
#656 = EDGE_CURVE('',#657,#648,#659,.T.);
#657 = VERTEX_POINT('',#658);
#658 = CARTESIAN_POINT('',(30.372555999248,10.017631488858,38.1));
#659 = LINE('',#660,#661);
#660 = CARTESIAN_POINT('',(30.372555999248,10.017631488858,38.1));
#661 = VECTOR('',#662,1.);
#662 = DIRECTION('',(0.830921277855,0.556389998119,0.));
#663 = ORIENTED_EDGE('',*,*,#664,.F.);
#664 = EDGE_CURVE('',#665,#657,#667,.T.);
#665 = VERTEX_POINT('',#666);
#666 = CARTESIAN_POINT('',(29.793987403493,10.532359620334,38.1));
#667 = CIRCLE('',#668,0.4);
#668 = AXIS2_PLACEMENT_3D('',#669,#670,#671);
#669 = CARTESIAN_POINT('',(30.15,10.35,38.1));
#670 = DIRECTION('',(0.,0.,1.));
#671 = DIRECTION('',(0.890031491268,-0.455899050834,0.));
#672 = ORIENTED_EDGE('',*,*,#673,.F.);
#673 = EDGE_CURVE('',#674,#665,#676,.T.);
#674 = VERTEX_POINT('',#675);
#675 = CARTESIAN_POINT('',(30.606012596507,12.117640379666,38.1));
#676 = LINE('',#677,#678);
#677 = CARTESIAN_POINT('',(30.606012596507,12.117640379666,38.1));
#678 = VECTOR('',#679,1.);
#679 = DIRECTION('',(-0.455899050834,-0.890031491268,0.));
#680 = ORIENTED_EDGE('',*,*,#681,.F.);
#681 = EDGE_CURVE('',#682,#674,#684,.T.);
#682 = VERTEX_POINT('',#683);
#683 = CARTESIAN_POINT('',(29.906887148859,12.505605377804,38.1));
#684 = CIRCLE('',#685,0.4);
#685 = AXIS2_PLACEMENT_3D('',#686,#687,#688);
#686 = CARTESIAN_POINT('',(30.25,12.3,38.1));
#687 = DIRECTION('',(0.,0.,-1.));
#688 = DIRECTION('',(0.890031491268,-0.455899050834,0.));
#689 = ORIENTED_EDGE('',*,*,#690,.F.);
#690 = EDGE_CURVE('',#691,#682,#693,.T.);
#691 = VERTEX_POINT('',#692);
#692 = CARTESIAN_POINT('',(27.593112851141,8.644394622196,38.1));
#693 = LINE('',#694,#695);
#694 = CARTESIAN_POINT('',(27.593112851141,8.644394622196,38.1));
#695 = VECTOR('',#696,1.);
#696 = DIRECTION('',(0.51401344451,0.857782127853,0.));
#697 = ORIENTED_EDGE('',*,*,#698,.F.);
#698 = EDGE_CURVE('',#699,#691,#701,.T.);
#699 = VERTEX_POINT('',#700);
#700 = CARTESIAN_POINT('',(26.851474402696,8.815687490715,38.1));
#701 = CIRCLE('',#702,0.4);
#702 = AXIS2_PLACEMENT_3D('',#703,#704,#705);
#703 = CARTESIAN_POINT('',(27.25,8.85,38.1));
#704 = DIRECTION('',(0.,0.,1.));
#705 = DIRECTION('',(0.99631399326,8.578127321337E-02,-0.));
#706 = ORIENTED_EDGE('',*,*,#707,.F.);
#707 = EDGE_CURVE('',#708,#699,#710,.T.);
#708 = VERTEX_POINT('',#709);
#709 = CARTESIAN_POINT('',(26.548525597304,12.334312509285,38.1));
#710 = LINE('',#711,#712);
#711 = CARTESIAN_POINT('',(26.548525597304,12.334312509285,38.1));
#712 = VECTOR('',#713,1.);
#713 = DIRECTION('',(8.578127321339E-02,-0.99631399326,0.));
#714 = ORIENTED_EDGE('',*,*,#715,.F.);
#715 = EDGE_CURVE('',#716,#708,#718,.T.);
#716 = VERTEX_POINT('',#717);
#717 = CARTESIAN_POINT('',(25.750898373651,12.3267935038,38.1));
#718 = CIRCLE('',#719,0.4);
#719 = AXIS2_PLACEMENT_3D('',#720,#721,#722);
#720 = CARTESIAN_POINT('',(26.15,12.3,38.1));
#721 = DIRECTION('',(0.,0.,-1.));
#722 = DIRECTION('',(0.99631399326,8.578127321336E-02,0.));
#723 = ORIENTED_EDGE('',*,*,#724,.F.);
#724 = EDGE_CURVE('',#725,#716,#727,.T.);
#725 = VERTEX_POINT('',#726);
#726 = CARTESIAN_POINT('',(25.4,7.100000000003,38.1));
#727 = LINE('',#728,#729);
#728 = CARTESIAN_POINT('',(25.4,7.100000000003,38.1));
#729 = VECTOR('',#730,1.);
#730 = DIRECTION('',(6.698375950074E-02,0.997754065872,0.));
#731 = ORIENTED_EDGE('',*,*,#732,.F.);
#732 = EDGE_CURVE('',#733,#725,#735,.T.);
#733 = VERTEX_POINT('',#734);
#734 = CARTESIAN_POINT('',(9.5,7.100000000003,38.1));
#735 = LINE('',#736,#737);
#736 = CARTESIAN_POINT('',(9.5,7.100000000003,38.1));
#737 = VECTOR('',#738,1.);
#738 = DIRECTION('',(1.,0.,0.));
#739 = ORIENTED_EDGE('',*,*,#740,.F.);
#740 = EDGE_CURVE('',#105,#733,#741,.T.);
#741 = LINE('',#742,#743);
#742 = CARTESIAN_POINT('',(9.149101626349,12.3267935038,38.1));
#743 = VECTOR('',#744,1.);
#744 = DIRECTION('',(6.698375950074E-02,-0.997754065872,0.));
#745 = PLANE('',#746);
#746 = AXIS2_PLACEMENT_3D('',#747,#748,#749);
#747 = CARTESIAN_POINT('',(17.45,6.35,38.1));
#748 = DIRECTION('',(0.,0.,1.));
#749 = DIRECTION('',(1.,0.,-0.));
#750 = ADVANCED_FACE('',(#751),#787,.F.);
#751 = FACE_BOUND('',#752,.F.);
#752 = EDGE_LOOP('',(#753,#764,#772,#781));
#753 = ORIENTED_EDGE('',*,*,#754,.T.);
#754 = EDGE_CURVE('',#755,#757,#759,.T.);
#755 = VERTEX_POINT('',#756);
#756 = CARTESIAN_POINT('',(22.85,5.6,5.366025403784));
#757 = VERTEX_POINT('',#758);
#758 = CARTESIAN_POINT('',(22.85,5.6,3.633974596216));
#759 = CIRCLE('',#760,1.);
#760 = AXIS2_PLACEMENT_3D('',#761,#762,#763);
#761 = CARTESIAN_POINT('',(22.35,5.6,4.5));
#762 = DIRECTION('',(0.,1.,0.));
#763 = DIRECTION('',(-1.,0.,0.));
#764 = ORIENTED_EDGE('',*,*,#765,.T.);
#765 = EDGE_CURVE('',#757,#766,#768,.T.);
#766 = VERTEX_POINT('',#767);
#767 = CARTESIAN_POINT('',(22.85,7.100000000003,3.633974596216));
#768 = LINE('',#769,#770);
#769 = CARTESIAN_POINT('',(22.85,5.6,3.633974596216));
#770 = VECTOR('',#771,1.);
#771 = DIRECTION('',(0.,1.,0.));
#772 = ORIENTED_EDGE('',*,*,#773,.T.);
#773 = EDGE_CURVE('',#766,#774,#776,.T.);
#774 = VERTEX_POINT('',#775);
#775 = CARTESIAN_POINT('',(22.85,7.100000000003,5.366025403784));
#776 = CIRCLE('',#777,1.);
#777 = AXIS2_PLACEMENT_3D('',#778,#779,#780);
#778 = CARTESIAN_POINT('',(22.35,7.100000000003,4.5));
#779 = DIRECTION('',(0.,-1.,0.));
#780 = DIRECTION('',(-1.,0.,0.));
#781 = ORIENTED_EDGE('',*,*,#782,.T.);
#782 = EDGE_CURVE('',#774,#755,#783,.T.);
#783 = LINE('',#784,#785);
#784 = CARTESIAN_POINT('',(22.85,7.100000000003,5.366025403784));
#785 = VECTOR('',#786,1.);
#786 = DIRECTION('',(0.,-1.,0.));
#787 = CYLINDRICAL_SURFACE('',#788,1.);
#788 = AXIS2_PLACEMENT_3D('',#789,#790,#791);
#789 = CARTESIAN_POINT('',(22.35,6.350000000002,4.5));
#790 = DIRECTION('',(0.,1.,0.));
#791 = DIRECTION('',(-1.,0.,0.));
#792 = ADVANCED_FACE('',(#793),#829,.F.);
#793 = FACE_BOUND('',#794,.F.);
#794 = EDGE_LOOP('',(#795,#806,#814,#823));
#795 = ORIENTED_EDGE('',*,*,#796,.T.);
#796 = EDGE_CURVE('',#797,#799,#801,.T.);
#797 = VERTEX_POINT('',#798);
#798 = CARTESIAN_POINT('',(12.05,7.100000000003,5.366025403784));
#799 = VERTEX_POINT('',#800);
#800 = CARTESIAN_POINT('',(12.05,7.100000000003,3.633974596216));
#801 = CIRCLE('',#802,1.);
#802 = AXIS2_PLACEMENT_3D('',#803,#804,#805);
#803 = CARTESIAN_POINT('',(12.55,7.100000000003,4.5));
#804 = DIRECTION('',(0.,-1.,0.));
#805 = DIRECTION('',(-1.,0.,0.));
#806 = ORIENTED_EDGE('',*,*,#807,.T.);
#807 = EDGE_CURVE('',#799,#808,#810,.T.);
#808 = VERTEX_POINT('',#809);
#809 = CARTESIAN_POINT('',(12.05,5.6,3.633974596216));
#810 = LINE('',#811,#812);
#811 = CARTESIAN_POINT('',(12.05,7.100000000003,3.633974596216));
#812 = VECTOR('',#813,1.);
#813 = DIRECTION('',(0.,-1.,0.));
#814 = ORIENTED_EDGE('',*,*,#815,.T.);
#815 = EDGE_CURVE('',#808,#816,#818,.T.);
#816 = VERTEX_POINT('',#817);
#817 = CARTESIAN_POINT('',(12.05,5.6,5.366025403784));
#818 = CIRCLE('',#819,1.);
#819 = AXIS2_PLACEMENT_3D('',#820,#821,#822);
#820 = CARTESIAN_POINT('',(12.55,5.6,4.5));
#821 = DIRECTION('',(0.,1.,0.));
#822 = DIRECTION('',(-1.,0.,0.));
#823 = ORIENTED_EDGE('',*,*,#824,.T.);
#824 = EDGE_CURVE('',#816,#797,#825,.T.);
#825 = LINE('',#826,#827);
#826 = CARTESIAN_POINT('',(12.05,5.6,5.366025403784));
#827 = VECTOR('',#828,1.);
#828 = DIRECTION('',(0.,1.,0.));
#829 = CYLINDRICAL_SURFACE('',#830,1.);
#830 = AXIS2_PLACEMENT_3D('',#831,#832,#833);
#831 = CARTESIAN_POINT('',(12.55,6.350000000002,4.5));
#832 = DIRECTION('',(0.,1.,0.));
#833 = DIRECTION('',(-1.,0.,0.));
#834 = ADVANCED_FACE('',(#835),#860,.T.);
#835 = FACE_BOUND('',#836,.T.);
#836 = EDGE_LOOP('',(#837,#838,#846,#854));
#837 = ORIENTED_EDGE('',*,*,#765,.T.);
#838 = ORIENTED_EDGE('',*,*,#839,.F.);
#839 = EDGE_CURVE('',#840,#766,#842,.T.);
#840 = VERTEX_POINT('',#841);
#841 = CARTESIAN_POINT('',(22.85,7.100000000003,0.));
#842 = LINE('',#843,#844);
#843 = CARTESIAN_POINT('',(22.85,7.100000000003,0.));
#844 = VECTOR('',#845,1.);
#845 = DIRECTION('',(0.,0.,1.));
#846 = ORIENTED_EDGE('',*,*,#847,.F.);
#847 = EDGE_CURVE('',#848,#840,#850,.T.);
#848 = VERTEX_POINT('',#849);
#849 = CARTESIAN_POINT('',(22.85,5.6,0.));
#850 = LINE('',#851,#852);
#851 = CARTESIAN_POINT('',(22.85,5.6,0.));
#852 = VECTOR('',#853,1.);
#853 = DIRECTION('',(0.,1.,0.));
#854 = ORIENTED_EDGE('',*,*,#855,.F.);
#855 = EDGE_CURVE('',#757,#848,#856,.T.);
#856 = LINE('',#857,#858);
#857 = CARTESIAN_POINT('',(22.85,5.6,3.633974596216));
#858 = VECTOR('',#859,1.);
#859 = DIRECTION('',(0.,0.,-1.));
#860 = PLANE('',#861);
#861 = AXIS2_PLACEMENT_3D('',#862,#863,#864);
#862 = CARTESIAN_POINT('',(22.85,5.6,0.));
#863 = DIRECTION('',(-1.,0.,0.));
#864 = DIRECTION('',(0.,0.,1.));
#865 = ADVANCED_FACE('',(#866,#930),#933,.T.);
#866 = FACE_BOUND('',#867,.T.);
#867 = EDGE_LOOP('',(#868,#869,#870,#878,#884,#885,#893,#901,#907,#908,
    #916,#924));
#868 = ORIENTED_EDGE('',*,*,#754,.T.);
#869 = ORIENTED_EDGE('',*,*,#855,.T.);
#870 = ORIENTED_EDGE('',*,*,#871,.T.);
#871 = EDGE_CURVE('',#848,#872,#874,.T.);
#872 = VERTEX_POINT('',#873);
#873 = CARTESIAN_POINT('',(25.4,5.6,0.));
#874 = LINE('',#875,#876);
#875 = CARTESIAN_POINT('',(22.85,5.6,0.));
#876 = VECTOR('',#877,1.);
#877 = DIRECTION('',(1.,0.,0.));
#878 = ORIENTED_EDGE('',*,*,#879,.T.);
#879 = EDGE_CURVE('',#872,#411,#880,.T.);
#880 = LINE('',#881,#882);
#881 = CARTESIAN_POINT('',(25.4,5.6,0.));
#882 = VECTOR('',#883,1.);
#883 = DIRECTION('',(0.,0.,1.));
#884 = ORIENTED_EDGE('',*,*,#410,.T.);
#885 = ORIENTED_EDGE('',*,*,#886,.F.);
#886 = EDGE_CURVE('',#887,#403,#889,.T.);
#887 = VERTEX_POINT('',#888);
#888 = CARTESIAN_POINT('',(9.5,5.6,0.));
#889 = LINE('',#890,#891);
#890 = CARTESIAN_POINT('',(9.5,5.6,0.));
#891 = VECTOR('',#892,1.);
#892 = DIRECTION('',(0.,0.,1.));
#893 = ORIENTED_EDGE('',*,*,#894,.T.);
#894 = EDGE_CURVE('',#887,#895,#897,.T.);
#895 = VERTEX_POINT('',#896);
#896 = CARTESIAN_POINT('',(12.05,5.6,0.));
#897 = LINE('',#898,#899);
#898 = CARTESIAN_POINT('',(9.5,5.6,0.));
#899 = VECTOR('',#900,1.);
#900 = DIRECTION('',(1.,0.,0.));
#901 = ORIENTED_EDGE('',*,*,#902,.T.);
#902 = EDGE_CURVE('',#895,#808,#903,.T.);
#903 = LINE('',#904,#905);
#904 = CARTESIAN_POINT('',(12.05,5.6,0.));
#905 = VECTOR('',#906,1.);
#906 = DIRECTION('',(0.,0.,1.));
#907 = ORIENTED_EDGE('',*,*,#815,.T.);
#908 = ORIENTED_EDGE('',*,*,#909,.T.);
#909 = EDGE_CURVE('',#816,#910,#912,.T.);
#910 = VERTEX_POINT('',#911);
#911 = CARTESIAN_POINT('',(12.05,5.6,6.5));
#912 = LINE('',#913,#914);
#913 = CARTESIAN_POINT('',(12.05,5.6,5.366025403784));
#914 = VECTOR('',#915,1.);
#915 = DIRECTION('',(0.,0.,1.));
#916 = ORIENTED_EDGE('',*,*,#917,.T.);
#917 = EDGE_CURVE('',#910,#918,#920,.T.);
#918 = VERTEX_POINT('',#919);
#919 = CARTESIAN_POINT('',(22.85,5.6,6.5));
#920 = LINE('',#921,#922);
#921 = CARTESIAN_POINT('',(12.05,5.6,6.5));
#922 = VECTOR('',#923,1.);
#923 = DIRECTION('',(1.,0.,0.));
#924 = ORIENTED_EDGE('',*,*,#925,.T.);
#925 = EDGE_CURVE('',#918,#755,#926,.T.);
#926 = LINE('',#927,#928);
#927 = CARTESIAN_POINT('',(22.85,5.6,6.5));
#928 = VECTOR('',#929,1.);
#929 = DIRECTION('',(0.,0.,-1.));
#930 = FACE_BOUND('',#931,.T.);
#931 = EDGE_LOOP('',(#932));
#932 = ORIENTED_EDGE('',*,*,#70,.T.);
#933 = PLANE('',#934);
#934 = AXIS2_PLACEMENT_3D('',#935,#936,#937);
#935 = CARTESIAN_POINT('',(25.4,5.6,0.));
#936 = DIRECTION('',(0.,-1.,0.));
#937 = DIRECTION('',(0.,0.,-1.));
#938 = ADVANCED_FACE('',(#939),#957,.T.);
#939 = FACE_BOUND('',#940,.T.);
#940 = EDGE_LOOP('',(#941,#942,#943,#951));
#941 = ORIENTED_EDGE('',*,*,#807,.T.);
#942 = ORIENTED_EDGE('',*,*,#902,.F.);
#943 = ORIENTED_EDGE('',*,*,#944,.F.);
#944 = EDGE_CURVE('',#945,#895,#947,.T.);
#945 = VERTEX_POINT('',#946);
#946 = CARTESIAN_POINT('',(12.05,7.100000000003,0.));
#947 = LINE('',#948,#949);
#948 = CARTESIAN_POINT('',(12.05,7.100000000003,0.));
#949 = VECTOR('',#950,1.);
#950 = DIRECTION('',(0.,-1.,0.));
#951 = ORIENTED_EDGE('',*,*,#952,.F.);
#952 = EDGE_CURVE('',#799,#945,#953,.T.);
#953 = LINE('',#954,#955);
#954 = CARTESIAN_POINT('',(12.05,7.100000000003,3.633974596216));
#955 = VECTOR('',#956,1.);
#956 = DIRECTION('',(0.,0.,-1.));
#957 = PLANE('',#958);
#958 = AXIS2_PLACEMENT_3D('',#959,#960,#961);
#959 = CARTESIAN_POINT('',(12.05,5.6,6.5));
#960 = DIRECTION('',(1.,0.,0.));
#961 = DIRECTION('',(0.,0.,-1.));
#962 = ADVANCED_FACE('',(#963),#981,.T.);
#963 = FACE_BOUND('',#964,.T.);
#964 = EDGE_LOOP('',(#965,#966,#974,#980));
#965 = ORIENTED_EDGE('',*,*,#824,.T.);
#966 = ORIENTED_EDGE('',*,*,#967,.F.);
#967 = EDGE_CURVE('',#968,#797,#970,.T.);
#968 = VERTEX_POINT('',#969);
#969 = CARTESIAN_POINT('',(12.05,7.100000000003,6.5));
#970 = LINE('',#971,#972);
#971 = CARTESIAN_POINT('',(12.05,7.100000000003,6.5));
#972 = VECTOR('',#973,1.);
#973 = DIRECTION('',(0.,0.,-1.));
#974 = ORIENTED_EDGE('',*,*,#975,.F.);
#975 = EDGE_CURVE('',#910,#968,#976,.T.);
#976 = LINE('',#977,#978);
#977 = CARTESIAN_POINT('',(12.05,5.6,6.5));
#978 = VECTOR('',#979,1.);
#979 = DIRECTION('',(0.,1.,0.));
#980 = ORIENTED_EDGE('',*,*,#909,.F.);
#981 = PLANE('',#982);
#982 = AXIS2_PLACEMENT_3D('',#983,#984,#985);
#983 = CARTESIAN_POINT('',(12.05,5.6,6.5));
#984 = DIRECTION('',(1.,0.,0.));
#985 = DIRECTION('',(0.,0.,-1.));
#986 = ADVANCED_FACE('',(#987),#1005,.T.);
#987 = FACE_BOUND('',#988,.T.);
#988 = EDGE_LOOP('',(#989,#990,#991,#999));
#989 = ORIENTED_EDGE('',*,*,#782,.T.);
#990 = ORIENTED_EDGE('',*,*,#925,.F.);
#991 = ORIENTED_EDGE('',*,*,#992,.T.);
#992 = EDGE_CURVE('',#918,#993,#995,.T.);
#993 = VERTEX_POINT('',#994);
#994 = CARTESIAN_POINT('',(22.85,7.100000000003,6.5));
#995 = LINE('',#996,#997);
#996 = CARTESIAN_POINT('',(22.85,5.6,6.5));
#997 = VECTOR('',#998,1.);
#998 = DIRECTION('',(0.,1.,0.));
#999 = ORIENTED_EDGE('',*,*,#1000,.F.);
#1000 = EDGE_CURVE('',#774,#993,#1001,.T.);
#1001 = LINE('',#1002,#1003);
#1002 = CARTESIAN_POINT('',(22.85,7.100000000003,5.366025403784));
#1003 = VECTOR('',#1004,1.);
#1004 = DIRECTION('',(0.,0.,1.));
#1005 = PLANE('',#1006);
#1006 = AXIS2_PLACEMENT_3D('',#1007,#1008,#1009);
#1007 = CARTESIAN_POINT('',(22.85,5.6,0.));
#1008 = DIRECTION('',(-1.,0.,0.));
#1009 = DIRECTION('',(0.,0.,1.));
#1010 = ADVANCED_FACE('',(#1011),#1022,.T.);
#1011 = FACE_BOUND('',#1012,.T.);
#1012 = EDGE_LOOP('',(#1013,#1019,#1020,#1021));
#1013 = ORIENTED_EDGE('',*,*,#1014,.F.);
#1014 = EDGE_CURVE('',#993,#968,#1015,.T.);
#1015 = LINE('',#1016,#1017);
#1016 = CARTESIAN_POINT('',(22.85,7.100000000003,6.5));
#1017 = VECTOR('',#1018,1.);
#1018 = DIRECTION('',(-1.,0.,0.));
#1019 = ORIENTED_EDGE('',*,*,#992,.F.);
#1020 = ORIENTED_EDGE('',*,*,#917,.F.);
#1021 = ORIENTED_EDGE('',*,*,#975,.T.);
#1022 = PLANE('',#1023);
#1023 = AXIS2_PLACEMENT_3D('',#1024,#1025,#1026);
#1024 = CARTESIAN_POINT('',(22.85,5.6,6.5));
#1025 = DIRECTION('',(0.,0.,-1.));
#1026 = DIRECTION('',(-1.,0.,0.));
#1027 = ADVANCED_FACE('',(#1028),#1352,.T.);
#1028 = FACE_BOUND('',#1029,.T.);
#1029 = EDGE_LOOP('',(#1030,#1031,#1039,#1047,#1056,#1064,#1073,#1081,
    #1090,#1098,#1107,#1115,#1124,#1132,#1141,#1149,#1158,#1166,#1175,
    #1184,#1192,#1200,#1208,#1217,#1226,#1234,#1243,#1251,#1260,#1268,
    #1277,#1285,#1294,#1302,#1311,#1319,#1328,#1336,#1345,#1351));
#1030 = ORIENTED_EDGE('',*,*,#847,.T.);
#1031 = ORIENTED_EDGE('',*,*,#1032,.F.);
#1032 = EDGE_CURVE('',#1033,#840,#1035,.T.);
#1033 = VERTEX_POINT('',#1034);
#1034 = CARTESIAN_POINT('',(25.4,7.100000000003,0.));
#1035 = LINE('',#1036,#1037);
#1036 = CARTESIAN_POINT('',(25.4,7.100000000003,0.));
#1037 = VECTOR('',#1038,1.);
#1038 = DIRECTION('',(-1.,0.,0.));
#1039 = ORIENTED_EDGE('',*,*,#1040,.F.);
#1040 = EDGE_CURVE('',#1041,#1033,#1043,.T.);
#1041 = VERTEX_POINT('',#1042);
#1042 = CARTESIAN_POINT('',(25.750898373651,12.3267935038,0.));
#1043 = LINE('',#1044,#1045);
#1044 = CARTESIAN_POINT('',(25.750898373651,12.3267935038,0.));
#1045 = VECTOR('',#1046,1.);
#1046 = DIRECTION('',(-6.698375950074E-02,-0.997754065872,0.));
#1047 = ORIENTED_EDGE('',*,*,#1048,.F.);
#1048 = EDGE_CURVE('',#1049,#1041,#1051,.T.);
#1049 = VERTEX_POINT('',#1050);
#1050 = CARTESIAN_POINT('',(26.548525597304,12.334312509285,0.));
#1051 = CIRCLE('',#1052,0.4);
#1052 = AXIS2_PLACEMENT_3D('',#1053,#1054,#1055);
#1053 = CARTESIAN_POINT('',(26.15,12.3,0.));
#1054 = DIRECTION('',(0.,0.,1.));
#1055 = DIRECTION('',(0.99631399326,8.578127321336E-02,-0.));
#1056 = ORIENTED_EDGE('',*,*,#1057,.F.);
#1057 = EDGE_CURVE('',#1058,#1049,#1060,.T.);
#1058 = VERTEX_POINT('',#1059);
#1059 = CARTESIAN_POINT('',(26.851474402696,8.815687490715,0.));
#1060 = LINE('',#1061,#1062);
#1061 = CARTESIAN_POINT('',(26.851474402696,8.815687490715,0.));
#1062 = VECTOR('',#1063,1.);
#1063 = DIRECTION('',(-8.578127321339E-02,0.99631399326,0.));
#1064 = ORIENTED_EDGE('',*,*,#1065,.F.);
#1065 = EDGE_CURVE('',#1066,#1058,#1068,.T.);
#1066 = VERTEX_POINT('',#1067);
#1067 = CARTESIAN_POINT('',(27.593112851141,8.644394622196,0.));
#1068 = CIRCLE('',#1069,0.4);
#1069 = AXIS2_PLACEMENT_3D('',#1070,#1071,#1072);
#1070 = CARTESIAN_POINT('',(27.25,8.85,0.));
#1071 = DIRECTION('',(0.,0.,-1.));
#1072 = DIRECTION('',(0.99631399326,8.578127321337E-02,0.));
#1073 = ORIENTED_EDGE('',*,*,#1074,.F.);
#1074 = EDGE_CURVE('',#1075,#1066,#1077,.T.);
#1075 = VERTEX_POINT('',#1076);
#1076 = CARTESIAN_POINT('',(29.906887148859,12.505605377804,0.));
#1077 = LINE('',#1078,#1079);
#1078 = CARTESIAN_POINT('',(29.906887148859,12.505605377804,0.));
#1079 = VECTOR('',#1080,1.);
#1080 = DIRECTION('',(-0.51401344451,-0.857782127853,0.));
#1081 = ORIENTED_EDGE('',*,*,#1082,.F.);
#1082 = EDGE_CURVE('',#1083,#1075,#1085,.T.);
#1083 = VERTEX_POINT('',#1084);
#1084 = CARTESIAN_POINT('',(30.606012596507,12.117640379666,0.));
#1085 = CIRCLE('',#1086,0.4);
#1086 = AXIS2_PLACEMENT_3D('',#1087,#1088,#1089);
#1087 = CARTESIAN_POINT('',(30.25,12.3,0.));
#1088 = DIRECTION('',(0.,0.,1.));
#1089 = DIRECTION('',(0.890031491268,-0.455899050834,0.));
#1090 = ORIENTED_EDGE('',*,*,#1091,.F.);
#1091 = EDGE_CURVE('',#1092,#1083,#1094,.T.);
#1092 = VERTEX_POINT('',#1093);
#1093 = CARTESIAN_POINT('',(29.793987403493,10.532359620334,0.));
#1094 = LINE('',#1095,#1096);
#1095 = CARTESIAN_POINT('',(29.793987403493,10.532359620334,0.));
#1096 = VECTOR('',#1097,1.);
#1097 = DIRECTION('',(0.455899050834,0.890031491268,0.));
#1098 = ORIENTED_EDGE('',*,*,#1099,.F.);
#1099 = EDGE_CURVE('',#1100,#1092,#1102,.T.);
#1100 = VERTEX_POINT('',#1101);
#1101 = CARTESIAN_POINT('',(30.372555999248,10.017631488858,0.));
#1102 = CIRCLE('',#1103,0.4);
#1103 = AXIS2_PLACEMENT_3D('',#1104,#1105,#1106);
#1104 = CARTESIAN_POINT('',(30.15,10.35,0.));
#1105 = DIRECTION('',(0.,0.,-1.));
#1106 = DIRECTION('',(0.890031491268,-0.455899050834,0.));
#1107 = ORIENTED_EDGE('',*,*,#1108,.F.);
#1108 = EDGE_CURVE('',#1109,#1100,#1111,.T.);
#1109 = VERTEX_POINT('',#1110);
#1110 = CARTESIAN_POINT('',(34.277444000752,12.632368511142,0.));
#1111 = LINE('',#1112,#1113);
#1112 = CARTESIAN_POINT('',(34.277444000752,12.632368511142,0.));
#1113 = VECTOR('',#1114,1.);
#1114 = DIRECTION('',(-0.830921277855,-0.556389998119,0.));
#1115 = ORIENTED_EDGE('',*,*,#1116,.F.);
#1116 = EDGE_CURVE('',#1117,#1109,#1119,.T.);
#1117 = VERTEX_POINT('',#1118);
#1118 = CARTESIAN_POINT('',(34.751804946153,11.989203814224,0.));
#1119 = CIRCLE('',#1120,0.4);
#1120 = AXIS2_PLACEMENT_3D('',#1121,#1122,#1123);
#1121 = CARTESIAN_POINT('',(34.5,12.3,0.));
#1122 = DIRECTION('',(0.,0.,1.));
#1123 = DIRECTION('',(0.629512365383,-0.77699046444,0.));
#1124 = ORIENTED_EDGE('',*,*,#1125,.F.);
#1125 = EDGE_CURVE('',#1126,#1117,#1128,.T.);
#1126 = VERTEX_POINT('',#1127);
#1127 = CARTESIAN_POINT('',(32.248195053847,9.960796185776,0.));
#1128 = LINE('',#1129,#1130);
#1129 = CARTESIAN_POINT('',(32.248195053847,9.960796185776,0.));
#1130 = VECTOR('',#1131,1.);
#1131 = DIRECTION('',(0.77699046444,0.629512365383,0.));
#1132 = ORIENTED_EDGE('',*,*,#1133,.F.);
#1133 = EDGE_CURVE('',#1134,#1126,#1136,.T.);
#1134 = VERTEX_POINT('',#1135);
#1135 = CARTESIAN_POINT('',(32.66,9.283393944404,0.));
#1136 = CIRCLE('',#1137,0.4);
#1137 = AXIS2_PLACEMENT_3D('',#1138,#1139,#1140);
#1138 = CARTESIAN_POINT('',(32.5,9.65,0.));
#1139 = DIRECTION('',(0.,0.,-1.));
#1140 = DIRECTION('',(0.629512365383,-0.77699046444,0.));
#1141 = ORIENTED_EDGE('',*,*,#1142,.F.);
#1142 = EDGE_CURVE('',#1143,#1134,#1145,.T.);
#1143 = VERTEX_POINT('',#1144);
#1144 = CARTESIAN_POINT('',(34.34,10.016606055597,0.));
#1145 = LINE('',#1146,#1147);
#1146 = CARTESIAN_POINT('',(34.34,10.016606055597,0.));
#1147 = VECTOR('',#1148,1.);
#1148 = DIRECTION('',(-0.916515138991,-0.4,0.));
#1149 = ORIENTED_EDGE('',*,*,#1150,.F.);
#1150 = EDGE_CURVE('',#1151,#1143,#1153,.T.);
#1151 = VERTEX_POINT('',#1152);
#1152 = CARTESIAN_POINT('',(34.710526065819,9.309884173242,0.));
#1153 = CIRCLE('',#1154,0.4);
#1154 = AXIS2_PLACEMENT_3D('',#1155,#1156,#1157);
#1155 = CARTESIAN_POINT('',(34.5,9.65,0.));
#1156 = DIRECTION('',(0.,0.,1.));
#1157 = DIRECTION('',(0.526315164546,-0.850289566894,0.));
#1158 = ORIENTED_EDGE('',*,*,#1159,.F.);
#1159 = EDGE_CURVE('',#1160,#1151,#1162,.T.);
#1160 = VERTEX_POINT('',#1161);
#1161 = CARTESIAN_POINT('',(31.180591518535,7.124913129932,0.));
#1162 = LINE('',#1163,#1164);
#1163 = CARTESIAN_POINT('',(31.180591518535,7.124913129932,0.));
#1164 = VECTOR('',#1165,1.);
#1165 = DIRECTION('',(0.850289566894,0.526315164546,0.));
#1166 = ORIENTED_EDGE('',*,*,#1167,.F.);
#1167 = EDGE_CURVE('',#1168,#1160,#1170,.T.);
#1168 = VERTEX_POINT('',#1169);
#1169 = CARTESIAN_POINT('',(30.828764309355,7.151111111111,0.));
#1170 = CIRCLE('',#1171,0.3);
#1171 = AXIS2_PLACEMENT_3D('',#1172,#1173,#1174);
#1172 = CARTESIAN_POINT('',(31.022696969171,7.38,0.));
#1173 = DIRECTION('',(0.,0.,1.));
#1174 = DIRECTION('',(-0.646442199386,-0.762962962963,0.));
#1175 = ORIENTED_EDGE('',*,*,#1176,.F.);
#1176 = EDGE_CURVE('',#1177,#1168,#1179,.T.);
#1177 = VERTEX_POINT('',#1178);
#1178 = CARTESIAN_POINT('',(29.395281509436,7.08,0.));
#1179 = CIRCLE('',#1180,1.05);
#1180 = AXIS2_PLACEMENT_3D('',#1181,#1182,#1183);
#1181 = CARTESIAN_POINT('',(30.15,6.35,0.));
#1182 = DIRECTION('',(0.,0.,-1.));
#1183 = DIRECTION('',(-0.646442199386,-0.762962962963,-0.));
#1184 = ORIENTED_EDGE('',*,*,#1185,.F.);
#1185 = EDGE_CURVE('',#1186,#1177,#1188,.T.);
#1186 = VERTEX_POINT('',#1187);
#1187 = CARTESIAN_POINT('',(28.95,7.08,0.));
#1188 = LINE('',#1189,#1190);
#1189 = CARTESIAN_POINT('',(28.95,7.08,0.));
#1190 = VECTOR('',#1191,1.);
#1191 = DIRECTION('',(1.,0.,0.));
#1192 = ORIENTED_EDGE('',*,*,#1193,.F.);
#1193 = EDGE_CURVE('',#1194,#1186,#1196,.T.);
#1194 = VERTEX_POINT('',#1195);
#1195 = CARTESIAN_POINT('',(28.95,5.62,0.));
#1196 = LINE('',#1197,#1198);
#1197 = CARTESIAN_POINT('',(28.95,5.62,0.));
#1198 = VECTOR('',#1199,1.);
#1199 = DIRECTION('',(0.,1.,0.));
#1200 = ORIENTED_EDGE('',*,*,#1201,.F.);
#1201 = EDGE_CURVE('',#1202,#1194,#1204,.T.);
#1202 = VERTEX_POINT('',#1203);
#1203 = CARTESIAN_POINT('',(29.395281509436,5.62,0.));
#1204 = LINE('',#1205,#1206);
#1205 = CARTESIAN_POINT('',(29.395281509436,5.62,0.));
#1206 = VECTOR('',#1207,1.);
#1207 = DIRECTION('',(-1.,0.,0.));
#1208 = ORIENTED_EDGE('',*,*,#1209,.F.);
#1209 = EDGE_CURVE('',#1210,#1202,#1212,.T.);
#1210 = VERTEX_POINT('',#1211);
#1211 = CARTESIAN_POINT('',(30.828764309355,5.548888888889,0.));
#1212 = CIRCLE('',#1213,1.05);
#1213 = AXIS2_PLACEMENT_3D('',#1214,#1215,#1216);
#1214 = CARTESIAN_POINT('',(30.15,6.35,0.));
#1215 = DIRECTION('',(0.,0.,-1.));
#1216 = DIRECTION('',(0.718779514823,0.695238095238,0.));
#1217 = ORIENTED_EDGE('',*,*,#1218,.F.);
#1218 = EDGE_CURVE('',#1219,#1210,#1221,.T.);
#1219 = VERTEX_POINT('',#1220);
#1220 = CARTESIAN_POINT('',(31.180591518535,5.575086870068,0.));
#1221 = CIRCLE('',#1222,0.3);
#1222 = AXIS2_PLACEMENT_3D('',#1223,#1224,#1225);
#1223 = CARTESIAN_POINT('',(31.022696969171,5.32,0.));
#1224 = DIRECTION('',(0.,0.,1.));
#1225 = DIRECTION('',(0.526315164546,0.850289566894,-0.));
#1226 = ORIENTED_EDGE('',*,*,#1227,.F.);
#1227 = EDGE_CURVE('',#1228,#1219,#1230,.T.);
#1228 = VERTEX_POINT('',#1229);
#1229 = CARTESIAN_POINT('',(34.710526065819,3.390115826758,0.));
#1230 = LINE('',#1231,#1232);
#1231 = CARTESIAN_POINT('',(34.710526065819,3.390115826758,0.));
#1232 = VECTOR('',#1233,1.);
#1233 = DIRECTION('',(-0.850289566894,0.526315164546,0.));
#1234 = ORIENTED_EDGE('',*,*,#1235,.F.);
#1235 = EDGE_CURVE('',#1236,#1228,#1238,.T.);
#1236 = VERTEX_POINT('',#1237);
#1237 = CARTESIAN_POINT('',(34.34,2.683393944404,0.));
#1238 = CIRCLE('',#1239,0.4);
#1239 = AXIS2_PLACEMENT_3D('',#1240,#1241,#1242);
#1240 = CARTESIAN_POINT('',(34.5,3.05,0.));
#1241 = DIRECTION('',(0.,0.,1.));
#1242 = DIRECTION('',(-0.4,-0.916515138991,0.));
#1243 = ORIENTED_EDGE('',*,*,#1244,.F.);
#1244 = EDGE_CURVE('',#1245,#1236,#1247,.T.);
#1245 = VERTEX_POINT('',#1246);
#1246 = CARTESIAN_POINT('',(32.66,3.416606055596,0.));
#1247 = LINE('',#1248,#1249);
#1248 = CARTESIAN_POINT('',(32.66,3.416606055596,0.));
#1249 = VECTOR('',#1250,1.);
#1250 = DIRECTION('',(0.916515138991,-0.4,0.));
#1251 = ORIENTED_EDGE('',*,*,#1252,.F.);
#1252 = EDGE_CURVE('',#1253,#1245,#1255,.T.);
#1253 = VERTEX_POINT('',#1254);
#1254 = CARTESIAN_POINT('',(32.248195053847,2.739203814224,0.));
#1255 = CIRCLE('',#1256,0.4);
#1256 = AXIS2_PLACEMENT_3D('',#1257,#1258,#1259);
#1257 = CARTESIAN_POINT('',(32.5,3.05,0.));
#1258 = DIRECTION('',(0.,0.,-1.));
#1259 = DIRECTION('',(-0.4,-0.916515138991,-0.));
#1260 = ORIENTED_EDGE('',*,*,#1261,.F.);
#1261 = EDGE_CURVE('',#1262,#1253,#1264,.T.);
#1262 = VERTEX_POINT('',#1263);
#1263 = CARTESIAN_POINT('',(34.751804946153,0.710796185776,0.));
#1264 = LINE('',#1265,#1266);
#1265 = CARTESIAN_POINT('',(34.751804946153,0.710796185776,0.));
#1266 = VECTOR('',#1267,1.);
#1267 = DIRECTION('',(-0.77699046444,0.629512365383,0.));
#1268 = ORIENTED_EDGE('',*,*,#1269,.F.);
#1269 = EDGE_CURVE('',#1270,#1262,#1272,.T.);
#1270 = VERTEX_POINT('',#1271);
#1271 = CARTESIAN_POINT('',(34.277444000752,6.763148885781E-02,0.));
#1272 = CIRCLE('',#1273,0.4);
#1273 = AXIS2_PLACEMENT_3D('',#1274,#1275,#1276);
#1274 = CARTESIAN_POINT('',(34.5,0.4,0.));
#1275 = DIRECTION('',(0.,0.,1.));
#1276 = DIRECTION('',(-0.556389998119,-0.830921277855,0.));
#1277 = ORIENTED_EDGE('',*,*,#1278,.F.);
#1278 = EDGE_CURVE('',#1279,#1270,#1281,.T.);
#1279 = VERTEX_POINT('',#1280);
#1280 = CARTESIAN_POINT('',(30.372555999248,2.682368511142,0.));
#1281 = LINE('',#1282,#1283);
#1282 = CARTESIAN_POINT('',(30.372555999248,2.682368511142,0.));
#1283 = VECTOR('',#1284,1.);
#1284 = DIRECTION('',(0.830921277855,-0.556389998119,0.));
#1285 = ORIENTED_EDGE('',*,*,#1286,.F.);
#1286 = EDGE_CURVE('',#1287,#1279,#1289,.T.);
#1287 = VERTEX_POINT('',#1288);
#1288 = CARTESIAN_POINT('',(29.793987403493,2.167640379666,0.));
#1289 = CIRCLE('',#1290,0.4);
#1290 = AXIS2_PLACEMENT_3D('',#1291,#1292,#1293);
#1291 = CARTESIAN_POINT('',(30.15,2.35,0.));
#1292 = DIRECTION('',(0.,0.,-1.));
#1293 = DIRECTION('',(-0.556389998119,-0.830921277855,-0.));
#1294 = ORIENTED_EDGE('',*,*,#1295,.F.);
#1295 = EDGE_CURVE('',#1296,#1287,#1298,.T.);
#1296 = VERTEX_POINT('',#1297);
#1297 = CARTESIAN_POINT('',(30.606012596507,0.582359620334,0.));
#1298 = LINE('',#1299,#1300);
#1299 = CARTESIAN_POINT('',(30.606012596507,0.582359620334,0.));
#1300 = VECTOR('',#1301,1.);
#1301 = DIRECTION('',(-0.455899050834,0.890031491268,0.));
#1302 = ORIENTED_EDGE('',*,*,#1303,.F.);
#1303 = EDGE_CURVE('',#1304,#1296,#1306,.T.);
#1304 = VERTEX_POINT('',#1305);
#1305 = CARTESIAN_POINT('',(29.906887148859,0.194394622196,0.));
#1306 = CIRCLE('',#1307,0.4);
#1307 = AXIS2_PLACEMENT_3D('',#1308,#1309,#1310);
#1308 = CARTESIAN_POINT('',(30.25,0.4,0.));
#1309 = DIRECTION('',(0.,0.,1.));
#1310 = DIRECTION('',(-0.857782127853,-0.51401344451,0.));
#1311 = ORIENTED_EDGE('',*,*,#1312,.F.);
#1312 = EDGE_CURVE('',#1313,#1304,#1315,.T.);
#1313 = VERTEX_POINT('',#1314);
#1314 = CARTESIAN_POINT('',(27.593112851141,4.055605377804,0.));
#1315 = LINE('',#1316,#1317);
#1316 = CARTESIAN_POINT('',(27.593112851141,4.055605377804,0.));
#1317 = VECTOR('',#1318,1.);
#1318 = DIRECTION('',(0.51401344451,-0.857782127853,0.));
#1319 = ORIENTED_EDGE('',*,*,#1320,.F.);
#1320 = EDGE_CURVE('',#1321,#1313,#1323,.T.);
#1321 = VERTEX_POINT('',#1322);
#1322 = CARTESIAN_POINT('',(26.851474402696,3.884312509285,0.));
#1323 = CIRCLE('',#1324,0.4);
#1324 = AXIS2_PLACEMENT_3D('',#1325,#1326,#1327);
#1325 = CARTESIAN_POINT('',(27.25,3.85,0.));
#1326 = DIRECTION('',(0.,0.,-1.));
#1327 = DIRECTION('',(-0.857782127853,-0.51401344451,-0.));
#1328 = ORIENTED_EDGE('',*,*,#1329,.F.);
#1329 = EDGE_CURVE('',#1330,#1321,#1332,.T.);
#1330 = VERTEX_POINT('',#1331);
#1331 = CARTESIAN_POINT('',(26.548525597304,0.365687490715,0.));
#1332 = LINE('',#1333,#1334);
#1333 = CARTESIAN_POINT('',(26.548525597304,0.365687490715,0.));
#1334 = VECTOR('',#1335,1.);
#1335 = DIRECTION('',(8.578127321339E-02,0.99631399326,0.));
#1336 = ORIENTED_EDGE('',*,*,#1337,.F.);
#1337 = EDGE_CURVE('',#1338,#1330,#1340,.T.);
#1338 = VERTEX_POINT('',#1339);
#1339 = CARTESIAN_POINT('',(25.750898373651,0.3732064962,0.));
#1340 = CIRCLE('',#1341,0.4);
#1341 = AXIS2_PLACEMENT_3D('',#1342,#1343,#1344);
#1342 = CARTESIAN_POINT('',(26.15,0.4,0.));
#1343 = DIRECTION('',(0.,0.,1.));
#1344 = DIRECTION('',(-0.997754065872,-6.698375950074E-02,0.));
#1345 = ORIENTED_EDGE('',*,*,#1346,.F.);
#1346 = EDGE_CURVE('',#872,#1338,#1347,.T.);
#1347 = LINE('',#1348,#1349);
#1348 = CARTESIAN_POINT('',(25.4,5.6,0.));
#1349 = VECTOR('',#1350,1.);
#1350 = DIRECTION('',(6.698375950074E-02,-0.997754065872,0.));
#1351 = ORIENTED_EDGE('',*,*,#871,.F.);
#1352 = PLANE('',#1353);
#1353 = AXIS2_PLACEMENT_3D('',#1354,#1355,#1356);
#1354 = CARTESIAN_POINT('',(17.45,6.35,0.));
#1355 = DIRECTION('',(0.,0.,-1.));
#1356 = DIRECTION('',(-1.,0.,0.));
#1357 = ADVANCED_FACE('',(#1358),#1682,.T.);
#1358 = FACE_BOUND('',#1359,.T.);
#1359 = EDGE_LOOP('',(#1360,#1361,#1362,#1370,#1379,#1387,#1396,#1404,
    #1413,#1421,#1430,#1438,#1447,#1455,#1464,#1472,#1481,#1489,#1498,
    #1507,#1515,#1523,#1531,#1540,#1549,#1557,#1566,#1574,#1583,#1591,
    #1600,#1608,#1617,#1625,#1634,#1642,#1651,#1659,#1668,#1676));
#1360 = ORIENTED_EDGE('',*,*,#944,.T.);
#1361 = ORIENTED_EDGE('',*,*,#894,.F.);
#1362 = ORIENTED_EDGE('',*,*,#1363,.F.);
#1363 = EDGE_CURVE('',#1364,#887,#1366,.T.);
#1364 = VERTEX_POINT('',#1365);
#1365 = CARTESIAN_POINT('',(9.149101626349,0.3732064962,0.));
#1366 = LINE('',#1367,#1368);
#1367 = CARTESIAN_POINT('',(9.149101626349,0.3732064962,0.));
#1368 = VECTOR('',#1369,1.);
#1369 = DIRECTION('',(6.698375950074E-02,0.997754065872,0.));
#1370 = ORIENTED_EDGE('',*,*,#1371,.F.);
#1371 = EDGE_CURVE('',#1372,#1364,#1374,.T.);
#1372 = VERTEX_POINT('',#1373);
#1373 = CARTESIAN_POINT('',(8.351474402696,0.365687490715,0.));
#1374 = CIRCLE('',#1375,0.4);
#1375 = AXIS2_PLACEMENT_3D('',#1376,#1377,#1378);
#1376 = CARTESIAN_POINT('',(8.75,0.4,0.));
#1377 = DIRECTION('',(0.,0.,1.));
#1378 = DIRECTION('',(-0.99631399326,-8.578127321337E-02,0.));
#1379 = ORIENTED_EDGE('',*,*,#1380,.F.);
#1380 = EDGE_CURVE('',#1381,#1372,#1383,.T.);
#1381 = VERTEX_POINT('',#1382);
#1382 = CARTESIAN_POINT('',(8.048525597304,3.884312509285,0.));
#1383 = LINE('',#1384,#1385);
#1384 = CARTESIAN_POINT('',(8.048525597304,3.884312509285,0.));
#1385 = VECTOR('',#1386,1.);
#1386 = DIRECTION('',(8.578127321337E-02,-0.99631399326,0.));
#1387 = ORIENTED_EDGE('',*,*,#1388,.F.);
#1388 = EDGE_CURVE('',#1389,#1381,#1391,.T.);
#1389 = VERTEX_POINT('',#1390);
#1390 = CARTESIAN_POINT('',(7.306887148859,4.055605377804,0.));
#1391 = CIRCLE('',#1392,0.4);
#1392 = AXIS2_PLACEMENT_3D('',#1393,#1394,#1395);
#1393 = CARTESIAN_POINT('',(7.65,3.85,0.));
#1394 = DIRECTION('',(0.,0.,-1.));
#1395 = DIRECTION('',(-0.99631399326,-8.578127321337E-02,-0.));
#1396 = ORIENTED_EDGE('',*,*,#1397,.F.);
#1397 = EDGE_CURVE('',#1398,#1389,#1400,.T.);
#1398 = VERTEX_POINT('',#1399);
#1399 = CARTESIAN_POINT('',(4.993112851141,0.194394622196,0.));
#1400 = LINE('',#1401,#1402);
#1401 = CARTESIAN_POINT('',(4.993112851141,0.194394622196,0.));
#1402 = VECTOR('',#1403,1.);
#1403 = DIRECTION('',(0.51401344451,0.857782127853,0.));
#1404 = ORIENTED_EDGE('',*,*,#1405,.F.);
#1405 = EDGE_CURVE('',#1406,#1398,#1408,.T.);
#1406 = VERTEX_POINT('',#1407);
#1407 = CARTESIAN_POINT('',(4.293987403493,0.582359620334,0.));
#1408 = CIRCLE('',#1409,0.4);
#1409 = AXIS2_PLACEMENT_3D('',#1410,#1411,#1412);
#1410 = CARTESIAN_POINT('',(4.65,0.4,0.));
#1411 = DIRECTION('',(0.,0.,1.));
#1412 = DIRECTION('',(-0.890031491268,0.455899050834,0.));
#1413 = ORIENTED_EDGE('',*,*,#1414,.F.);
#1414 = EDGE_CURVE('',#1415,#1406,#1417,.T.);
#1415 = VERTEX_POINT('',#1416);
#1416 = CARTESIAN_POINT('',(5.106012596507,2.167640379666,0.));
#1417 = LINE('',#1418,#1419);
#1418 = CARTESIAN_POINT('',(5.106012596507,2.167640379666,0.));
#1419 = VECTOR('',#1420,1.);
#1420 = DIRECTION('',(-0.455899050834,-0.890031491268,0.));
#1421 = ORIENTED_EDGE('',*,*,#1422,.F.);
#1422 = EDGE_CURVE('',#1423,#1415,#1425,.T.);
#1423 = VERTEX_POINT('',#1424);
#1424 = CARTESIAN_POINT('',(4.527444000752,2.682368511142,0.));
#1425 = CIRCLE('',#1426,0.4);
#1426 = AXIS2_PLACEMENT_3D('',#1427,#1428,#1429);
#1427 = CARTESIAN_POINT('',(4.75,2.35,0.));
#1428 = DIRECTION('',(0.,0.,-1.));
#1429 = DIRECTION('',(-0.890031491268,0.455899050834,0.));
#1430 = ORIENTED_EDGE('',*,*,#1431,.F.);
#1431 = EDGE_CURVE('',#1432,#1423,#1434,.T.);
#1432 = VERTEX_POINT('',#1433);
#1433 = CARTESIAN_POINT('',(0.622555999248,6.76314888578E-02,0.));
#1434 = LINE('',#1435,#1436);
#1435 = CARTESIAN_POINT('',(0.622555999248,6.76314888578E-02,0.));
#1436 = VECTOR('',#1437,1.);
#1437 = DIRECTION('',(0.830921277855,0.556389998119,0.));
#1438 = ORIENTED_EDGE('',*,*,#1439,.F.);
#1439 = EDGE_CURVE('',#1440,#1432,#1442,.T.);
#1440 = VERTEX_POINT('',#1441);
#1441 = CARTESIAN_POINT('',(0.148195053847,0.710796185776,0.));
#1442 = CIRCLE('',#1443,0.4);
#1443 = AXIS2_PLACEMENT_3D('',#1444,#1445,#1446);
#1444 = CARTESIAN_POINT('',(0.4,0.4,0.));
#1445 = DIRECTION('',(0.,0.,1.));
#1446 = DIRECTION('',(-0.629512365383,0.77699046444,0.));
#1447 = ORIENTED_EDGE('',*,*,#1448,.F.);
#1448 = EDGE_CURVE('',#1449,#1440,#1451,.T.);
#1449 = VERTEX_POINT('',#1450);
#1450 = CARTESIAN_POINT('',(2.651804946153,2.739203814224,0.));
#1451 = LINE('',#1452,#1453);
#1452 = CARTESIAN_POINT('',(2.651804946153,2.739203814224,0.));
#1453 = VECTOR('',#1454,1.);
#1454 = DIRECTION('',(-0.77699046444,-0.629512365383,0.));
#1455 = ORIENTED_EDGE('',*,*,#1456,.F.);
#1456 = EDGE_CURVE('',#1457,#1449,#1459,.T.);
#1457 = VERTEX_POINT('',#1458);
#1458 = CARTESIAN_POINT('',(2.24,3.416606055596,0.));
#1459 = CIRCLE('',#1460,0.4);
#1460 = AXIS2_PLACEMENT_3D('',#1461,#1462,#1463);
#1461 = CARTESIAN_POINT('',(2.4,3.05,0.));
#1462 = DIRECTION('',(0.,0.,-1.));
#1463 = DIRECTION('',(-0.629512365383,0.77699046444,0.));
#1464 = ORIENTED_EDGE('',*,*,#1465,.F.);
#1465 = EDGE_CURVE('',#1466,#1457,#1468,.T.);
#1466 = VERTEX_POINT('',#1467);
#1467 = CARTESIAN_POINT('',(0.56,2.683393944404,0.));
#1468 = LINE('',#1469,#1470);
#1469 = CARTESIAN_POINT('',(0.56,2.683393944404,0.));
#1470 = VECTOR('',#1471,1.);
#1471 = DIRECTION('',(0.916515138991,0.4,0.));
#1472 = ORIENTED_EDGE('',*,*,#1473,.F.);
#1473 = EDGE_CURVE('',#1474,#1466,#1476,.T.);
#1474 = VERTEX_POINT('',#1475);
#1475 = CARTESIAN_POINT('',(0.189473934181,3.390115826758,0.));
#1476 = CIRCLE('',#1477,0.4);
#1477 = AXIS2_PLACEMENT_3D('',#1478,#1479,#1480);
#1478 = CARTESIAN_POINT('',(0.4,3.05,0.));
#1479 = DIRECTION('',(0.,0.,1.));
#1480 = DIRECTION('',(-0.526315164546,0.850289566894,0.));
#1481 = ORIENTED_EDGE('',*,*,#1482,.F.);
#1482 = EDGE_CURVE('',#1483,#1474,#1485,.T.);
#1483 = VERTEX_POINT('',#1484);
#1484 = CARTESIAN_POINT('',(3.719408481465,5.575086870068,0.));
#1485 = LINE('',#1486,#1487);
#1486 = CARTESIAN_POINT('',(3.719408481465,5.575086870068,0.));
#1487 = VECTOR('',#1488,1.);
#1488 = DIRECTION('',(-0.850289566894,-0.526315164546,0.));
#1489 = ORIENTED_EDGE('',*,*,#1490,.F.);
#1490 = EDGE_CURVE('',#1491,#1483,#1493,.T.);
#1491 = VERTEX_POINT('',#1492);
#1492 = CARTESIAN_POINT('',(4.071235690645,5.548888888889,0.));
#1493 = CIRCLE('',#1494,0.3);
#1494 = AXIS2_PLACEMENT_3D('',#1495,#1496,#1497);
#1495 = CARTESIAN_POINT('',(3.877303030829,5.32,0.));
#1496 = DIRECTION('',(0.,0.,1.));
#1497 = DIRECTION('',(0.646442199386,0.762962962963,-0.));
#1498 = ORIENTED_EDGE('',*,*,#1499,.F.);
#1499 = EDGE_CURVE('',#1500,#1491,#1502,.T.);
#1500 = VERTEX_POINT('',#1501);
#1501 = CARTESIAN_POINT('',(5.504718490565,5.62,0.));
#1502 = CIRCLE('',#1503,1.05);
#1503 = AXIS2_PLACEMENT_3D('',#1504,#1505,#1506);
#1504 = CARTESIAN_POINT('',(4.75,6.35,0.));
#1505 = DIRECTION('',(0.,0.,-1.));
#1506 = DIRECTION('',(0.646442199386,0.762962962963,0.));
#1507 = ORIENTED_EDGE('',*,*,#1508,.F.);
#1508 = EDGE_CURVE('',#1509,#1500,#1511,.T.);
#1509 = VERTEX_POINT('',#1510);
#1510 = CARTESIAN_POINT('',(5.95,5.62,0.));
#1511 = LINE('',#1512,#1513);
#1512 = CARTESIAN_POINT('',(5.95,5.62,0.));
#1513 = VECTOR('',#1514,1.);
#1514 = DIRECTION('',(-1.,0.,0.));
#1515 = ORIENTED_EDGE('',*,*,#1516,.F.);
#1516 = EDGE_CURVE('',#1517,#1509,#1519,.T.);
#1517 = VERTEX_POINT('',#1518);
#1518 = CARTESIAN_POINT('',(5.95,7.08,0.));
#1519 = LINE('',#1520,#1521);
#1520 = CARTESIAN_POINT('',(5.95,7.08,0.));
#1521 = VECTOR('',#1522,1.);
#1522 = DIRECTION('',(0.,-1.,0.));
#1523 = ORIENTED_EDGE('',*,*,#1524,.F.);
#1524 = EDGE_CURVE('',#1525,#1517,#1527,.T.);
#1525 = VERTEX_POINT('',#1526);
#1526 = CARTESIAN_POINT('',(5.504718490565,7.08,0.));
#1527 = LINE('',#1528,#1529);
#1528 = CARTESIAN_POINT('',(5.504718490565,7.08,0.));
#1529 = VECTOR('',#1530,1.);
#1530 = DIRECTION('',(1.,0.,0.));
#1531 = ORIENTED_EDGE('',*,*,#1532,.F.);
#1532 = EDGE_CURVE('',#1533,#1525,#1535,.T.);
#1533 = VERTEX_POINT('',#1534);
#1534 = CARTESIAN_POINT('',(4.071235690645,7.151111111111,0.));
#1535 = CIRCLE('',#1536,1.05);
#1536 = AXIS2_PLACEMENT_3D('',#1537,#1538,#1539);
#1537 = CARTESIAN_POINT('',(4.75,6.35,0.));
#1538 = DIRECTION('',(0.,0.,-1.));
#1539 = DIRECTION('',(-0.718779514823,-0.695238095238,-0.));
#1540 = ORIENTED_EDGE('',*,*,#1541,.F.);
#1541 = EDGE_CURVE('',#1542,#1533,#1544,.T.);
#1542 = VERTEX_POINT('',#1543);
#1543 = CARTESIAN_POINT('',(3.719408481465,7.124913129932,0.));
#1544 = CIRCLE('',#1545,0.3);
#1545 = AXIS2_PLACEMENT_3D('',#1546,#1547,#1548);
#1546 = CARTESIAN_POINT('',(3.877303030829,7.38,0.));
#1547 = DIRECTION('',(0.,0.,1.));
#1548 = DIRECTION('',(-0.526315164546,-0.850289566894,0.));
#1549 = ORIENTED_EDGE('',*,*,#1550,.F.);
#1550 = EDGE_CURVE('',#1551,#1542,#1553,.T.);
#1551 = VERTEX_POINT('',#1552);
#1552 = CARTESIAN_POINT('',(0.189473934181,9.309884173242,0.));
#1553 = LINE('',#1554,#1555);
#1554 = CARTESIAN_POINT('',(0.189473934181,9.309884173242,0.));
#1555 = VECTOR('',#1556,1.);
#1556 = DIRECTION('',(0.850289566894,-0.526315164546,0.));
#1557 = ORIENTED_EDGE('',*,*,#1558,.F.);
#1558 = EDGE_CURVE('',#1559,#1551,#1561,.T.);
#1559 = VERTEX_POINT('',#1560);
#1560 = CARTESIAN_POINT('',(0.56,10.016606055597,0.));
#1561 = CIRCLE('',#1562,0.4);
#1562 = AXIS2_PLACEMENT_3D('',#1563,#1564,#1565);
#1563 = CARTESIAN_POINT('',(0.4,9.65,0.));
#1564 = DIRECTION('',(0.,0.,1.));
#1565 = DIRECTION('',(0.4,0.916515138991,-0.));
#1566 = ORIENTED_EDGE('',*,*,#1567,.F.);
#1567 = EDGE_CURVE('',#1568,#1559,#1570,.T.);
#1568 = VERTEX_POINT('',#1569);
#1569 = CARTESIAN_POINT('',(2.24,9.283393944404,0.));
#1570 = LINE('',#1571,#1572);
#1571 = CARTESIAN_POINT('',(2.24,9.283393944404,0.));
#1572 = VECTOR('',#1573,1.);
#1573 = DIRECTION('',(-0.916515138991,0.4,0.));
#1574 = ORIENTED_EDGE('',*,*,#1575,.F.);
#1575 = EDGE_CURVE('',#1576,#1568,#1578,.T.);
#1576 = VERTEX_POINT('',#1577);
#1577 = CARTESIAN_POINT('',(2.651804946153,9.960796185776,0.));
#1578 = CIRCLE('',#1579,0.4);
#1579 = AXIS2_PLACEMENT_3D('',#1580,#1581,#1582);
#1580 = CARTESIAN_POINT('',(2.4,9.65,0.));
#1581 = DIRECTION('',(0.,0.,-1.));
#1582 = DIRECTION('',(0.4,0.916515138991,0.));
#1583 = ORIENTED_EDGE('',*,*,#1584,.F.);
#1584 = EDGE_CURVE('',#1585,#1576,#1587,.T.);
#1585 = VERTEX_POINT('',#1586);
#1586 = CARTESIAN_POINT('',(0.148195053847,11.989203814224,0.));
#1587 = LINE('',#1588,#1589);
#1588 = CARTESIAN_POINT('',(0.148195053847,11.989203814224,0.));
#1589 = VECTOR('',#1590,1.);
#1590 = DIRECTION('',(0.77699046444,-0.629512365383,0.));
#1591 = ORIENTED_EDGE('',*,*,#1592,.F.);
#1592 = EDGE_CURVE('',#1593,#1585,#1595,.T.);
#1593 = VERTEX_POINT('',#1594);
#1594 = CARTESIAN_POINT('',(0.622555999248,12.632368511142,0.));
#1595 = CIRCLE('',#1596,0.4);
#1596 = AXIS2_PLACEMENT_3D('',#1597,#1598,#1599);
#1597 = CARTESIAN_POINT('',(0.4,12.3,0.));
#1598 = DIRECTION('',(0.,0.,1.));
#1599 = DIRECTION('',(0.556389998119,0.830921277855,-0.));
#1600 = ORIENTED_EDGE('',*,*,#1601,.F.);
#1601 = EDGE_CURVE('',#1602,#1593,#1604,.T.);
#1602 = VERTEX_POINT('',#1603);
#1603 = CARTESIAN_POINT('',(4.527444000752,10.017631488858,0.));
#1604 = LINE('',#1605,#1606);
#1605 = CARTESIAN_POINT('',(4.527444000752,10.017631488858,0.));
#1606 = VECTOR('',#1607,1.);
#1607 = DIRECTION('',(-0.830921277855,0.556389998119,0.));
#1608 = ORIENTED_EDGE('',*,*,#1609,.F.);
#1609 = EDGE_CURVE('',#1610,#1602,#1612,.T.);
#1610 = VERTEX_POINT('',#1611);
#1611 = CARTESIAN_POINT('',(5.106012596507,10.532359620334,0.));
#1612 = CIRCLE('',#1613,0.4);
#1613 = AXIS2_PLACEMENT_3D('',#1614,#1615,#1616);
#1614 = CARTESIAN_POINT('',(4.75,10.35,0.));
#1615 = DIRECTION('',(0.,0.,-1.));
#1616 = DIRECTION('',(0.556389998119,0.830921277855,0.));
#1617 = ORIENTED_EDGE('',*,*,#1618,.F.);
#1618 = EDGE_CURVE('',#1619,#1610,#1621,.T.);
#1619 = VERTEX_POINT('',#1620);
#1620 = CARTESIAN_POINT('',(4.293987403493,12.117640379666,0.));
#1621 = LINE('',#1622,#1623);
#1622 = CARTESIAN_POINT('',(4.293987403493,12.117640379666,0.));
#1623 = VECTOR('',#1624,1.);
#1624 = DIRECTION('',(0.455899050834,-0.890031491268,0.));
#1625 = ORIENTED_EDGE('',*,*,#1626,.F.);
#1626 = EDGE_CURVE('',#1627,#1619,#1629,.T.);
#1627 = VERTEX_POINT('',#1628);
#1628 = CARTESIAN_POINT('',(4.993112851141,12.505605377804,0.));
#1629 = CIRCLE('',#1630,0.4);
#1630 = AXIS2_PLACEMENT_3D('',#1631,#1632,#1633);
#1631 = CARTESIAN_POINT('',(4.65,12.3,0.));
#1632 = DIRECTION('',(0.,0.,1.));
#1633 = DIRECTION('',(0.857782127853,0.51401344451,-0.));
#1634 = ORIENTED_EDGE('',*,*,#1635,.F.);
#1635 = EDGE_CURVE('',#1636,#1627,#1638,.T.);
#1636 = VERTEX_POINT('',#1637);
#1637 = CARTESIAN_POINT('',(7.306887148859,8.644394622196,0.));
#1638 = LINE('',#1639,#1640);
#1639 = CARTESIAN_POINT('',(7.306887148859,8.644394622196,0.));
#1640 = VECTOR('',#1641,1.);
#1641 = DIRECTION('',(-0.51401344451,0.857782127853,0.));
#1642 = ORIENTED_EDGE('',*,*,#1643,.F.);
#1643 = EDGE_CURVE('',#1644,#1636,#1646,.T.);
#1644 = VERTEX_POINT('',#1645);
#1645 = CARTESIAN_POINT('',(8.048525597304,8.815687490715,0.));
#1646 = CIRCLE('',#1647,0.4);
#1647 = AXIS2_PLACEMENT_3D('',#1648,#1649,#1650);
#1648 = CARTESIAN_POINT('',(7.65,8.85,0.));
#1649 = DIRECTION('',(0.,0.,-1.));
#1650 = DIRECTION('',(0.857782127853,0.51401344451,0.));
#1651 = ORIENTED_EDGE('',*,*,#1652,.F.);
#1652 = EDGE_CURVE('',#1653,#1644,#1655,.T.);
#1653 = VERTEX_POINT('',#1654);
#1654 = CARTESIAN_POINT('',(8.351474402696,12.334312509285,0.));
#1655 = LINE('',#1656,#1657);
#1656 = CARTESIAN_POINT('',(8.351474402696,12.334312509285,0.));
#1657 = VECTOR('',#1658,1.);
#1658 = DIRECTION('',(-8.578127321336E-02,-0.99631399326,0.));
#1659 = ORIENTED_EDGE('',*,*,#1660,.F.);
#1660 = EDGE_CURVE('',#1661,#1653,#1663,.T.);
#1661 = VERTEX_POINT('',#1662);
#1662 = CARTESIAN_POINT('',(9.149101626349,12.3267935038,0.));
#1663 = CIRCLE('',#1664,0.4);
#1664 = AXIS2_PLACEMENT_3D('',#1665,#1666,#1667);
#1665 = CARTESIAN_POINT('',(8.75,12.3,0.));
#1666 = DIRECTION('',(0.,0.,1.));
#1667 = DIRECTION('',(0.997754065872,6.698375950074E-02,-0.));
#1668 = ORIENTED_EDGE('',*,*,#1669,.F.);
#1669 = EDGE_CURVE('',#1670,#1661,#1672,.T.);
#1670 = VERTEX_POINT('',#1671);
#1671 = CARTESIAN_POINT('',(9.5,7.100000000003,0.));
#1672 = LINE('',#1673,#1674);
#1673 = CARTESIAN_POINT('',(9.5,7.100000000003,0.));
#1674 = VECTOR('',#1675,1.);
#1675 = DIRECTION('',(-6.698375950074E-02,0.997754065872,0.));
#1676 = ORIENTED_EDGE('',*,*,#1677,.F.);
#1677 = EDGE_CURVE('',#945,#1670,#1678,.T.);
#1678 = LINE('',#1679,#1680);
#1679 = CARTESIAN_POINT('',(12.05,7.100000000003,0.));
#1680 = VECTOR('',#1681,1.);
#1681 = DIRECTION('',(-1.,0.,0.));
#1682 = PLANE('',#1683);
#1683 = AXIS2_PLACEMENT_3D('',#1684,#1685,#1686);
#1684 = CARTESIAN_POINT('',(17.45,6.35,0.));
#1685 = DIRECTION('',(0.,0.,-1.));
#1686 = DIRECTION('',(-1.,0.,0.));
#1687 = ADVANCED_FACE('',(#1688),#1691,.T.);
#1688 = FACE_BOUND('',#1689,.T.);
#1689 = EDGE_LOOP('',(#1690));
#1690 = ORIENTED_EDGE('',*,*,#86,.F.);
#1691 = PLANE('',#1692);
#1692 = AXIS2_PLACEMENT_3D('',#1693,#1694,#1695);
#1693 = CARTESIAN_POINT('',(17.45,5.1,18.3));
#1694 = DIRECTION('',(0.,-1.,0.));
#1695 = DIRECTION('',(0.,0.,-1.));
#1696 = ADVANCED_FACE('',(#1697),#1713,.T.);
#1697 = FACE_BOUND('',#1698,.T.);
#1698 = EDGE_LOOP('',(#1699,#1705,#1706,#1712));
#1699 = ORIENTED_EDGE('',*,*,#1700,.F.);
#1700 = EDGE_CURVE('',#1653,#103,#1701,.T.);
#1701 = LINE('',#1702,#1703);
#1702 = CARTESIAN_POINT('',(8.351474402696,12.334312509285,0.));
#1703 = VECTOR('',#1704,1.);
#1704 = DIRECTION('',(0.,0.,1.));
#1705 = ORIENTED_EDGE('',*,*,#1652,.T.);
#1706 = ORIENTED_EDGE('',*,*,#1707,.T.);
#1707 = EDGE_CURVE('',#1644,#114,#1708,.T.);
#1708 = LINE('',#1709,#1710);
#1709 = CARTESIAN_POINT('',(8.048525597304,8.815687490715,0.));
#1710 = VECTOR('',#1711,1.);
#1711 = DIRECTION('',(0.,0.,1.));
#1712 = ORIENTED_EDGE('',*,*,#113,.T.);
#1713 = PLANE('',#1714);
#1714 = AXIS2_PLACEMENT_3D('',#1715,#1716,#1717);
#1715 = CARTESIAN_POINT('',(8.348529094563,12.300103974054,0.));
#1716 = DIRECTION('',(-0.99631399326,8.578127321337E-02,0.));
#1717 = DIRECTION('',(0.,0.,1.));
#1718 = ADVANCED_FACE('',(#1719),#1730,.T.);
#1719 = FACE_BOUND('',#1720,.T.);
#1720 = EDGE_LOOP('',(#1721,#1727,#1728,#1729));
#1721 = ORIENTED_EDGE('',*,*,#1722,.F.);
#1722 = EDGE_CURVE('',#1661,#105,#1723,.T.);
#1723 = LINE('',#1724,#1725);
#1724 = CARTESIAN_POINT('',(9.149101626349,12.3267935038,0.));
#1725 = VECTOR('',#1726,1.);
#1726 = DIRECTION('',(0.,0.,1.));
#1727 = ORIENTED_EDGE('',*,*,#1660,.T.);
#1728 = ORIENTED_EDGE('',*,*,#1700,.T.);
#1729 = ORIENTED_EDGE('',*,*,#102,.T.);
#1730 = CYLINDRICAL_SURFACE('',#1731,0.4);
#1731 = AXIS2_PLACEMENT_3D('',#1732,#1733,#1734);
#1732 = CARTESIAN_POINT('',(8.75,12.3,0.));
#1733 = DIRECTION('',(0.,0.,1.));
#1734 = DIRECTION('',(0.997754065872,6.698375950074E-02,-0.));
#1735 = ADVANCED_FACE('',(#1736),#1747,.T.);
#1736 = FACE_BOUND('',#1737,.T.);
#1737 = EDGE_LOOP('',(#1738,#1744,#1745,#1746));
#1738 = ORIENTED_EDGE('',*,*,#1739,.F.);
#1739 = EDGE_CURVE('',#1670,#733,#1740,.T.);
#1740 = LINE('',#1741,#1742);
#1741 = CARTESIAN_POINT('',(9.5,7.100000000003,0.));
#1742 = VECTOR('',#1743,1.);
#1743 = DIRECTION('',(0.,0.,1.));
#1744 = ORIENTED_EDGE('',*,*,#1669,.T.);
#1745 = ORIENTED_EDGE('',*,*,#1722,.T.);
#1746 = ORIENTED_EDGE('',*,*,#740,.T.);
#1747 = PLANE('',#1748);
#1748 = AXIS2_PLACEMENT_3D('',#1749,#1750,#1751);
#1749 = CARTESIAN_POINT('',(9.149101626349,12.3267935038,0.));
#1750 = DIRECTION('',(0.997754065872,6.698375950074E-02,0.));
#1751 = DIRECTION('',(0.,0.,-1.));
#1752 = ADVANCED_FACE('',(#1753),#1772,.T.);
#1753 = FACE_BOUND('',#1754,.T.);
#1754 = EDGE_LOOP('',(#1755,#1756,#1757,#1758,#1759,#1760,#1761,#1762,
    #1763,#1764,#1770,#1771));
#1755 = ORIENTED_EDGE('',*,*,#773,.T.);
#1756 = ORIENTED_EDGE('',*,*,#1000,.T.);
#1757 = ORIENTED_EDGE('',*,*,#1014,.T.);
#1758 = ORIENTED_EDGE('',*,*,#967,.T.);
#1759 = ORIENTED_EDGE('',*,*,#796,.T.);
#1760 = ORIENTED_EDGE('',*,*,#952,.T.);
#1761 = ORIENTED_EDGE('',*,*,#1677,.T.);
#1762 = ORIENTED_EDGE('',*,*,#1739,.T.);
#1763 = ORIENTED_EDGE('',*,*,#732,.T.);
#1764 = ORIENTED_EDGE('',*,*,#1765,.F.);
#1765 = EDGE_CURVE('',#1033,#725,#1766,.T.);
#1766 = LINE('',#1767,#1768);
#1767 = CARTESIAN_POINT('',(25.4,7.100000000003,0.));
#1768 = VECTOR('',#1769,1.);
#1769 = DIRECTION('',(0.,0.,1.));
#1770 = ORIENTED_EDGE('',*,*,#1032,.T.);
#1771 = ORIENTED_EDGE('',*,*,#839,.T.);
#1772 = PLANE('',#1773);
#1773 = AXIS2_PLACEMENT_3D('',#1774,#1775,#1776);
#1774 = CARTESIAN_POINT('',(9.5,7.100000000003,0.));
#1775 = DIRECTION('',(0.,1.,0.));
#1776 = DIRECTION('',(0.,-0.,1.));
#1777 = ADVANCED_FACE('',(#1778),#1789,.T.);
#1778 = FACE_BOUND('',#1779,.T.);
#1779 = EDGE_LOOP('',(#1780,#1786,#1787,#1788));
#1780 = ORIENTED_EDGE('',*,*,#1781,.F.);
#1781 = EDGE_CURVE('',#1041,#716,#1782,.T.);
#1782 = LINE('',#1783,#1784);
#1783 = CARTESIAN_POINT('',(25.750898373651,12.3267935038,0.));
#1784 = VECTOR('',#1785,1.);
#1785 = DIRECTION('',(0.,0.,1.));
#1786 = ORIENTED_EDGE('',*,*,#1040,.T.);
#1787 = ORIENTED_EDGE('',*,*,#1765,.T.);
#1788 = ORIENTED_EDGE('',*,*,#724,.T.);
#1789 = PLANE('',#1790);
#1790 = AXIS2_PLACEMENT_3D('',#1791,#1792,#1793);
#1791 = CARTESIAN_POINT('',(25.4,7.100000000003,0.));
#1792 = DIRECTION('',(-0.997754065872,6.698375950074E-02,0.));
#1793 = DIRECTION('',(0.,0.,1.));
#1794 = ADVANCED_FACE('',(#1795),#1806,.T.);
#1795 = FACE_BOUND('',#1796,.T.);
#1796 = EDGE_LOOP('',(#1797,#1803,#1804,#1805));
#1797 = ORIENTED_EDGE('',*,*,#1798,.F.);
#1798 = EDGE_CURVE('',#1049,#708,#1799,.T.);
#1799 = LINE('',#1800,#1801);
#1800 = CARTESIAN_POINT('',(26.548525597304,12.334312509285,0.));
#1801 = VECTOR('',#1802,1.);
#1802 = DIRECTION('',(0.,0.,1.));
#1803 = ORIENTED_EDGE('',*,*,#1048,.T.);
#1804 = ORIENTED_EDGE('',*,*,#1781,.T.);
#1805 = ORIENTED_EDGE('',*,*,#715,.T.);
#1806 = CYLINDRICAL_SURFACE('',#1807,0.4);
#1807 = AXIS2_PLACEMENT_3D('',#1808,#1809,#1810);
#1808 = CARTESIAN_POINT('',(26.15,12.3,0.));
#1809 = DIRECTION('',(0.,0.,1.));
#1810 = DIRECTION('',(0.99631399326,8.578127321336E-02,-0.));
#1811 = ADVANCED_FACE('',(#1812),#1823,.T.);
#1812 = FACE_BOUND('',#1813,.T.);
#1813 = EDGE_LOOP('',(#1814,#1820,#1821,#1822));
#1814 = ORIENTED_EDGE('',*,*,#1815,.F.);
#1815 = EDGE_CURVE('',#1058,#699,#1816,.T.);
#1816 = LINE('',#1817,#1818);
#1817 = CARTESIAN_POINT('',(26.851474402696,8.815687490715,0.));
#1818 = VECTOR('',#1819,1.);
#1819 = DIRECTION('',(0.,0.,1.));
#1820 = ORIENTED_EDGE('',*,*,#1057,.T.);
#1821 = ORIENTED_EDGE('',*,*,#1798,.T.);
#1822 = ORIENTED_EDGE('',*,*,#707,.T.);
#1823 = PLANE('',#1824);
#1824 = AXIS2_PLACEMENT_3D('',#1825,#1826,#1827);
#1825 = CARTESIAN_POINT('',(26.548525597304,12.334312509285,0.));
#1826 = DIRECTION('',(0.99631399326,8.578127321337E-02,0.));
#1827 = DIRECTION('',(0.,0.,-1.));
#1828 = ADVANCED_FACE('',(#1829),#1840,.F.);
#1829 = FACE_BOUND('',#1830,.F.);
#1830 = EDGE_LOOP('',(#1831,#1832,#1833,#1834));
#1831 = ORIENTED_EDGE('',*,*,#698,.F.);
#1832 = ORIENTED_EDGE('',*,*,#1815,.F.);
#1833 = ORIENTED_EDGE('',*,*,#1065,.F.);
#1834 = ORIENTED_EDGE('',*,*,#1835,.T.);
#1835 = EDGE_CURVE('',#1066,#691,#1836,.T.);
#1836 = LINE('',#1837,#1838);
#1837 = CARTESIAN_POINT('',(27.593112851141,8.644394622196,0.));
#1838 = VECTOR('',#1839,1.);
#1839 = DIRECTION('',(0.,0.,1.));
#1840 = CYLINDRICAL_SURFACE('',#1841,0.4);
#1841 = AXIS2_PLACEMENT_3D('',#1842,#1843,#1844);
#1842 = CARTESIAN_POINT('',(27.25,8.85,19.05));
#1843 = DIRECTION('',(0.,0.,1.));
#1844 = DIRECTION('',(0.99631399326,8.578127321338E-02,-0.));
#1845 = ADVANCED_FACE('',(#1846),#1857,.T.);
#1846 = FACE_BOUND('',#1847,.T.);
#1847 = EDGE_LOOP('',(#1848,#1854,#1855,#1856));
#1848 = ORIENTED_EDGE('',*,*,#1849,.F.);
#1849 = EDGE_CURVE('',#1075,#682,#1850,.T.);
#1850 = LINE('',#1851,#1852);
#1851 = CARTESIAN_POINT('',(29.906887148859,12.505605377804,0.));
#1852 = VECTOR('',#1853,1.);
#1853 = DIRECTION('',(0.,0.,1.));
#1854 = ORIENTED_EDGE('',*,*,#1074,.T.);
#1855 = ORIENTED_EDGE('',*,*,#1835,.T.);
#1856 = ORIENTED_EDGE('',*,*,#690,.T.);
#1857 = PLANE('',#1858);
#1858 = AXIS2_PLACEMENT_3D('',#1859,#1860,#1861);
#1859 = CARTESIAN_POINT('',(27.593112851141,8.644394622196,0.));
#1860 = DIRECTION('',(-0.857782127853,0.51401344451,0.));
#1861 = DIRECTION('',(0.,0.,1.));
#1862 = ADVANCED_FACE('',(#1863),#1874,.T.);
#1863 = FACE_BOUND('',#1864,.T.);
#1864 = EDGE_LOOP('',(#1865,#1871,#1872,#1873));
#1865 = ORIENTED_EDGE('',*,*,#1866,.F.);
#1866 = EDGE_CURVE('',#1083,#674,#1867,.T.);
#1867 = LINE('',#1868,#1869);
#1868 = CARTESIAN_POINT('',(30.606012596507,12.117640379666,0.));
#1869 = VECTOR('',#1870,1.);
#1870 = DIRECTION('',(0.,0.,1.));
#1871 = ORIENTED_EDGE('',*,*,#1082,.T.);
#1872 = ORIENTED_EDGE('',*,*,#1849,.T.);
#1873 = ORIENTED_EDGE('',*,*,#681,.T.);
#1874 = CYLINDRICAL_SURFACE('',#1875,0.4);
#1875 = AXIS2_PLACEMENT_3D('',#1876,#1877,#1878);
#1876 = CARTESIAN_POINT('',(30.25,12.3,0.));
#1877 = DIRECTION('',(0.,0.,1.));
#1878 = DIRECTION('',(0.890031491268,-0.455899050834,0.));
#1879 = ADVANCED_FACE('',(#1880),#1891,.T.);
#1880 = FACE_BOUND('',#1881,.T.);
#1881 = EDGE_LOOP('',(#1882,#1888,#1889,#1890));
#1882 = ORIENTED_EDGE('',*,*,#1883,.F.);
#1883 = EDGE_CURVE('',#1092,#665,#1884,.T.);
#1884 = LINE('',#1885,#1886);
#1885 = CARTESIAN_POINT('',(29.793987403493,10.532359620334,0.));
#1886 = VECTOR('',#1887,1.);
#1887 = DIRECTION('',(0.,0.,1.));
#1888 = ORIENTED_EDGE('',*,*,#1091,.T.);
#1889 = ORIENTED_EDGE('',*,*,#1866,.T.);
#1890 = ORIENTED_EDGE('',*,*,#673,.T.);
#1891 = PLANE('',#1892);
#1892 = AXIS2_PLACEMENT_3D('',#1893,#1894,#1895);
#1893 = CARTESIAN_POINT('',(30.606012596507,12.117640379666,0.));
#1894 = DIRECTION('',(0.890031491268,-0.455899050834,0.));
#1895 = DIRECTION('',(0.,0.,-1.));
#1896 = ADVANCED_FACE('',(#1897),#1908,.F.);
#1897 = FACE_BOUND('',#1898,.F.);
#1898 = EDGE_LOOP('',(#1899,#1900,#1901,#1902));
#1899 = ORIENTED_EDGE('',*,*,#664,.F.);
#1900 = ORIENTED_EDGE('',*,*,#1883,.F.);
#1901 = ORIENTED_EDGE('',*,*,#1099,.F.);
#1902 = ORIENTED_EDGE('',*,*,#1903,.T.);
#1903 = EDGE_CURVE('',#1100,#657,#1904,.T.);
#1904 = LINE('',#1905,#1906);
#1905 = CARTESIAN_POINT('',(30.372555999248,10.017631488858,0.));
#1906 = VECTOR('',#1907,1.);
#1907 = DIRECTION('',(0.,0.,1.));
#1908 = CYLINDRICAL_SURFACE('',#1909,0.4);
#1909 = AXIS2_PLACEMENT_3D('',#1910,#1911,#1912);
#1910 = CARTESIAN_POINT('',(30.15,10.35,19.05));
#1911 = DIRECTION('',(0.,0.,1.));
#1912 = DIRECTION('',(0.890031491268,-0.455899050834,0.));
#1913 = ADVANCED_FACE('',(#1914),#1925,.T.);
#1914 = FACE_BOUND('',#1915,.T.);
#1915 = EDGE_LOOP('',(#1916,#1922,#1923,#1924));
#1916 = ORIENTED_EDGE('',*,*,#1917,.F.);
#1917 = EDGE_CURVE('',#1109,#648,#1918,.T.);
#1918 = LINE('',#1919,#1920);
#1919 = CARTESIAN_POINT('',(34.277444000752,12.632368511142,0.));
#1920 = VECTOR('',#1921,1.);
#1921 = DIRECTION('',(0.,0.,1.));
#1922 = ORIENTED_EDGE('',*,*,#1108,.T.);
#1923 = ORIENTED_EDGE('',*,*,#1903,.T.);
#1924 = ORIENTED_EDGE('',*,*,#656,.T.);
#1925 = PLANE('',#1926);
#1926 = AXIS2_PLACEMENT_3D('',#1927,#1928,#1929);
#1927 = CARTESIAN_POINT('',(30.372555999248,10.017631488858,0.));
#1928 = DIRECTION('',(-0.556389998119,0.830921277855,0.));
#1929 = DIRECTION('',(0.,0.,1.));
#1930 = ADVANCED_FACE('',(#1931),#1942,.T.);
#1931 = FACE_BOUND('',#1932,.T.);
#1932 = EDGE_LOOP('',(#1933,#1939,#1940,#1941));
#1933 = ORIENTED_EDGE('',*,*,#1934,.F.);
#1934 = EDGE_CURVE('',#1117,#640,#1935,.T.);
#1935 = LINE('',#1936,#1937);
#1936 = CARTESIAN_POINT('',(34.751804946153,11.989203814224,0.));
#1937 = VECTOR('',#1938,1.);
#1938 = DIRECTION('',(0.,0.,1.));
#1939 = ORIENTED_EDGE('',*,*,#1116,.T.);
#1940 = ORIENTED_EDGE('',*,*,#1917,.T.);
#1941 = ORIENTED_EDGE('',*,*,#647,.T.);
#1942 = CYLINDRICAL_SURFACE('',#1943,0.4);
#1943 = AXIS2_PLACEMENT_3D('',#1944,#1945,#1946);
#1944 = CARTESIAN_POINT('',(34.5,12.3,0.));
#1945 = DIRECTION('',(0.,0.,1.));
#1946 = DIRECTION('',(0.629512365383,-0.77699046444,0.));
#1947 = ADVANCED_FACE('',(#1948),#1959,.T.);
#1948 = FACE_BOUND('',#1949,.T.);
#1949 = EDGE_LOOP('',(#1950,#1956,#1957,#1958));
#1950 = ORIENTED_EDGE('',*,*,#1951,.F.);
#1951 = EDGE_CURVE('',#1126,#631,#1952,.T.);
#1952 = LINE('',#1953,#1954);
#1953 = CARTESIAN_POINT('',(32.248195053847,9.960796185776,0.));
#1954 = VECTOR('',#1955,1.);
#1955 = DIRECTION('',(0.,0.,1.));
#1956 = ORIENTED_EDGE('',*,*,#1125,.T.);
#1957 = ORIENTED_EDGE('',*,*,#1934,.T.);
#1958 = ORIENTED_EDGE('',*,*,#639,.T.);
#1959 = PLANE('',#1960);
#1960 = AXIS2_PLACEMENT_3D('',#1961,#1962,#1963);
#1961 = CARTESIAN_POINT('',(34.751804946153,11.989203814224,0.));
#1962 = DIRECTION('',(0.629512365383,-0.77699046444,0.));
#1963 = DIRECTION('',(0.,0.,-1.));
#1964 = ADVANCED_FACE('',(#1965),#1976,.F.);
#1965 = FACE_BOUND('',#1966,.F.);
#1966 = EDGE_LOOP('',(#1967,#1968,#1969,#1970));
#1967 = ORIENTED_EDGE('',*,*,#630,.F.);
#1968 = ORIENTED_EDGE('',*,*,#1951,.F.);
#1969 = ORIENTED_EDGE('',*,*,#1133,.F.);
#1970 = ORIENTED_EDGE('',*,*,#1971,.T.);
#1971 = EDGE_CURVE('',#1134,#623,#1972,.T.);
#1972 = LINE('',#1973,#1974);
#1973 = CARTESIAN_POINT('',(32.66,9.283393944404,0.));
#1974 = VECTOR('',#1975,1.);
#1975 = DIRECTION('',(0.,0.,1.));
#1976 = CYLINDRICAL_SURFACE('',#1977,0.4);
#1977 = AXIS2_PLACEMENT_3D('',#1978,#1979,#1980);
#1978 = CARTESIAN_POINT('',(32.5,9.65,19.05));
#1979 = DIRECTION('',(0.,0.,1.));
#1980 = DIRECTION('',(0.629512365383,-0.77699046444,0.));
#1981 = ADVANCED_FACE('',(#1982),#1993,.T.);
#1982 = FACE_BOUND('',#1983,.T.);
#1983 = EDGE_LOOP('',(#1984,#1990,#1991,#1992));
#1984 = ORIENTED_EDGE('',*,*,#1985,.F.);
#1985 = EDGE_CURVE('',#1143,#614,#1986,.T.);
#1986 = LINE('',#1987,#1988);
#1987 = CARTESIAN_POINT('',(34.34,10.016606055597,0.));
#1988 = VECTOR('',#1989,1.);
#1989 = DIRECTION('',(0.,0.,1.));
#1990 = ORIENTED_EDGE('',*,*,#1142,.T.);
#1991 = ORIENTED_EDGE('',*,*,#1971,.T.);
#1992 = ORIENTED_EDGE('',*,*,#622,.T.);
#1993 = PLANE('',#1994);
#1994 = AXIS2_PLACEMENT_3D('',#1995,#1996,#1997);
#1995 = CARTESIAN_POINT('',(32.66,9.283393944404,0.));
#1996 = DIRECTION('',(-0.4,0.916515138991,0.));
#1997 = DIRECTION('',(0.,0.,1.));
#1998 = ADVANCED_FACE('',(#1999),#2010,.T.);
#1999 = FACE_BOUND('',#2000,.T.);
#2000 = EDGE_LOOP('',(#2001,#2007,#2008,#2009));
#2001 = ORIENTED_EDGE('',*,*,#2002,.F.);
#2002 = EDGE_CURVE('',#1151,#606,#2003,.T.);
#2003 = LINE('',#2004,#2005);
#2004 = CARTESIAN_POINT('',(34.710526065819,9.309884173242,0.));
#2005 = VECTOR('',#2006,1.);
#2006 = DIRECTION('',(0.,0.,1.));
#2007 = ORIENTED_EDGE('',*,*,#1150,.T.);
#2008 = ORIENTED_EDGE('',*,*,#1985,.T.);
#2009 = ORIENTED_EDGE('',*,*,#613,.T.);
#2010 = CYLINDRICAL_SURFACE('',#2011,0.4);
#2011 = AXIS2_PLACEMENT_3D('',#2012,#2013,#2014);
#2012 = CARTESIAN_POINT('',(34.5,9.65,0.));
#2013 = DIRECTION('',(0.,0.,1.));
#2014 = DIRECTION('',(0.526315164546,-0.850289566894,0.));
#2015 = ADVANCED_FACE('',(#2016),#2027,.T.);
#2016 = FACE_BOUND('',#2017,.T.);
#2017 = EDGE_LOOP('',(#2018,#2024,#2025,#2026));
#2018 = ORIENTED_EDGE('',*,*,#2019,.F.);
#2019 = EDGE_CURVE('',#1160,#597,#2020,.T.);
#2020 = LINE('',#2021,#2022);
#2021 = CARTESIAN_POINT('',(31.180591518535,7.124913129932,0.));
#2022 = VECTOR('',#2023,1.);
#2023 = DIRECTION('',(0.,0.,1.));
#2024 = ORIENTED_EDGE('',*,*,#1159,.T.);
#2025 = ORIENTED_EDGE('',*,*,#2002,.T.);
#2026 = ORIENTED_EDGE('',*,*,#605,.T.);
#2027 = PLANE('',#2028);
#2028 = AXIS2_PLACEMENT_3D('',#2029,#2030,#2031);
#2029 = CARTESIAN_POINT('',(34.710526065819,9.309884173242,0.));
#2030 = DIRECTION('',(0.526315164546,-0.850289566894,0.));
#2031 = DIRECTION('',(0.,0.,-1.));
#2032 = ADVANCED_FACE('',(#2033),#2044,.T.);
#2033 = FACE_BOUND('',#2034,.T.);
#2034 = EDGE_LOOP('',(#2035,#2041,#2042,#2043));
#2035 = ORIENTED_EDGE('',*,*,#2036,.F.);
#2036 = EDGE_CURVE('',#1168,#588,#2037,.T.);
#2037 = LINE('',#2038,#2039);
#2038 = CARTESIAN_POINT('',(30.828764309355,7.151111111111,0.));
#2039 = VECTOR('',#2040,1.);
#2040 = DIRECTION('',(0.,0.,1.));
#2041 = ORIENTED_EDGE('',*,*,#1167,.T.);
#2042 = ORIENTED_EDGE('',*,*,#2019,.T.);
#2043 = ORIENTED_EDGE('',*,*,#596,.T.);
#2044 = CYLINDRICAL_SURFACE('',#2045,0.3);
#2045 = AXIS2_PLACEMENT_3D('',#2046,#2047,#2048);
#2046 = CARTESIAN_POINT('',(31.022696969171,7.38,0.));
#2047 = DIRECTION('',(0.,0.,1.));
#2048 = DIRECTION('',(-0.646442199386,-0.762962962963,0.));
#2049 = ADVANCED_FACE('',(#2050),#2061,.F.);
#2050 = FACE_BOUND('',#2051,.F.);
#2051 = EDGE_LOOP('',(#2052,#2053,#2054,#2055));
#2052 = ORIENTED_EDGE('',*,*,#587,.F.);
#2053 = ORIENTED_EDGE('',*,*,#2036,.F.);
#2054 = ORIENTED_EDGE('',*,*,#1176,.F.);
#2055 = ORIENTED_EDGE('',*,*,#2056,.T.);
#2056 = EDGE_CURVE('',#1177,#580,#2057,.T.);
#2057 = LINE('',#2058,#2059);
#2058 = CARTESIAN_POINT('',(29.395281509436,7.08,0.));
#2059 = VECTOR('',#2060,1.);
#2060 = DIRECTION('',(0.,0.,1.));
#2061 = CYLINDRICAL_SURFACE('',#2062,1.05);
#2062 = AXIS2_PLACEMENT_3D('',#2063,#2064,#2065);
#2063 = CARTESIAN_POINT('',(30.15,6.35,19.05));
#2064 = DIRECTION('',(0.,0.,1.));
#2065 = DIRECTION('',(-0.646442199386,-0.762962962963,0.));
#2066 = ADVANCED_FACE('',(#2067),#2078,.T.);
#2067 = FACE_BOUND('',#2068,.T.);
#2068 = EDGE_LOOP('',(#2069,#2075,#2076,#2077));
#2069 = ORIENTED_EDGE('',*,*,#2070,.F.);
#2070 = EDGE_CURVE('',#1186,#572,#2071,.T.);
#2071 = LINE('',#2072,#2073);
#2072 = CARTESIAN_POINT('',(28.95,7.08,0.));
#2073 = VECTOR('',#2074,1.);
#2074 = DIRECTION('',(0.,0.,1.));
#2075 = ORIENTED_EDGE('',*,*,#1185,.T.);
#2076 = ORIENTED_EDGE('',*,*,#2056,.T.);
#2077 = ORIENTED_EDGE('',*,*,#579,.T.);
#2078 = PLANE('',#2079);
#2079 = AXIS2_PLACEMENT_3D('',#2080,#2081,#2082);
#2080 = CARTESIAN_POINT('',(29.395281509436,7.08,0.));
#2081 = DIRECTION('',(0.,-1.,0.));
#2082 = DIRECTION('',(0.,0.,-1.));
#2083 = ADVANCED_FACE('',(#2084),#2095,.T.);
#2084 = FACE_BOUND('',#2085,.T.);
#2085 = EDGE_LOOP('',(#2086,#2092,#2093,#2094));
#2086 = ORIENTED_EDGE('',*,*,#2087,.F.);
#2087 = EDGE_CURVE('',#1194,#564,#2088,.T.);
#2088 = LINE('',#2089,#2090);
#2089 = CARTESIAN_POINT('',(28.95,5.62,0.));
#2090 = VECTOR('',#2091,1.);
#2091 = DIRECTION('',(0.,0.,1.));
#2092 = ORIENTED_EDGE('',*,*,#1193,.T.);
#2093 = ORIENTED_EDGE('',*,*,#2070,.T.);
#2094 = ORIENTED_EDGE('',*,*,#571,.T.);
#2095 = PLANE('',#2096);
#2096 = AXIS2_PLACEMENT_3D('',#2097,#2098,#2099);
#2097 = CARTESIAN_POINT('',(28.95,7.08,0.));
#2098 = DIRECTION('',(1.,0.,0.));
#2099 = DIRECTION('',(0.,0.,-1.));
#2100 = ADVANCED_FACE('',(#2101),#2112,.T.);
#2101 = FACE_BOUND('',#2102,.T.);
#2102 = EDGE_LOOP('',(#2103,#2109,#2110,#2111));
#2103 = ORIENTED_EDGE('',*,*,#2104,.F.);
#2104 = EDGE_CURVE('',#1202,#555,#2105,.T.);
#2105 = LINE('',#2106,#2107);
#2106 = CARTESIAN_POINT('',(29.395281509436,5.62,0.));
#2107 = VECTOR('',#2108,1.);
#2108 = DIRECTION('',(0.,0.,1.));
#2109 = ORIENTED_EDGE('',*,*,#1201,.T.);
#2110 = ORIENTED_EDGE('',*,*,#2087,.T.);
#2111 = ORIENTED_EDGE('',*,*,#563,.T.);
#2112 = PLANE('',#2113);
#2113 = AXIS2_PLACEMENT_3D('',#2114,#2115,#2116);
#2114 = CARTESIAN_POINT('',(28.95,5.62,0.));
#2115 = DIRECTION('',(0.,1.,0.));
#2116 = DIRECTION('',(0.,-0.,1.));
#2117 = ADVANCED_FACE('',(#2118),#2129,.F.);
#2118 = FACE_BOUND('',#2119,.F.);
#2119 = EDGE_LOOP('',(#2120,#2121,#2122,#2123));
#2120 = ORIENTED_EDGE('',*,*,#554,.F.);
#2121 = ORIENTED_EDGE('',*,*,#2104,.F.);
#2122 = ORIENTED_EDGE('',*,*,#1209,.F.);
#2123 = ORIENTED_EDGE('',*,*,#2124,.T.);
#2124 = EDGE_CURVE('',#1210,#546,#2125,.T.);
#2125 = LINE('',#2126,#2127);
#2126 = CARTESIAN_POINT('',(30.828764309355,5.548888888889,0.));
#2127 = VECTOR('',#2128,1.);
#2128 = DIRECTION('',(0.,0.,1.));
#2129 = CYLINDRICAL_SURFACE('',#2130,1.05);
#2130 = AXIS2_PLACEMENT_3D('',#2131,#2132,#2133);
#2131 = CARTESIAN_POINT('',(30.15,6.35,19.05));
#2132 = DIRECTION('',(0.,0.,1.));
#2133 = DIRECTION('',(0.718779514823,0.695238095238,-0.));
#2134 = ADVANCED_FACE('',(#2135),#2146,.T.);
#2135 = FACE_BOUND('',#2136,.T.);
#2136 = EDGE_LOOP('',(#2137,#2143,#2144,#2145));
#2137 = ORIENTED_EDGE('',*,*,#2138,.F.);
#2138 = EDGE_CURVE('',#1219,#538,#2139,.T.);
#2139 = LINE('',#2140,#2141);
#2140 = CARTESIAN_POINT('',(31.180591518535,5.575086870068,0.));
#2141 = VECTOR('',#2142,1.);
#2142 = DIRECTION('',(0.,0.,1.));
#2143 = ORIENTED_EDGE('',*,*,#1218,.T.);
#2144 = ORIENTED_EDGE('',*,*,#2124,.T.);
#2145 = ORIENTED_EDGE('',*,*,#545,.T.);
#2146 = CYLINDRICAL_SURFACE('',#2147,0.3);
#2147 = AXIS2_PLACEMENT_3D('',#2148,#2149,#2150);
#2148 = CARTESIAN_POINT('',(31.022696969171,5.32,0.));
#2149 = DIRECTION('',(0.,0.,1.));
#2150 = DIRECTION('',(0.526315164546,0.850289566894,-0.));
#2151 = ADVANCED_FACE('',(#2152),#2163,.T.);
#2152 = FACE_BOUND('',#2153,.T.);
#2153 = EDGE_LOOP('',(#2154,#2160,#2161,#2162));
#2154 = ORIENTED_EDGE('',*,*,#2155,.F.);
#2155 = EDGE_CURVE('',#1228,#529,#2156,.T.);
#2156 = LINE('',#2157,#2158);
#2157 = CARTESIAN_POINT('',(34.710526065819,3.390115826758,0.));
#2158 = VECTOR('',#2159,1.);
#2159 = DIRECTION('',(0.,0.,1.));
#2160 = ORIENTED_EDGE('',*,*,#1227,.T.);
#2161 = ORIENTED_EDGE('',*,*,#2138,.T.);
#2162 = ORIENTED_EDGE('',*,*,#537,.T.);
#2163 = PLANE('',#2164);
#2164 = AXIS2_PLACEMENT_3D('',#2165,#2166,#2167);
#2165 = CARTESIAN_POINT('',(31.180591518535,5.575086870068,0.));
#2166 = DIRECTION('',(0.526315164546,0.850289566894,0.));
#2167 = DIRECTION('',(0.,0.,-1.));
#2168 = ADVANCED_FACE('',(#2169),#2180,.T.);
#2169 = FACE_BOUND('',#2170,.T.);
#2170 = EDGE_LOOP('',(#2171,#2177,#2178,#2179));
#2171 = ORIENTED_EDGE('',*,*,#2172,.F.);
#2172 = EDGE_CURVE('',#1236,#521,#2173,.T.);
#2173 = LINE('',#2174,#2175);
#2174 = CARTESIAN_POINT('',(34.34,2.683393944404,0.));
#2175 = VECTOR('',#2176,1.);
#2176 = DIRECTION('',(0.,0.,1.));
#2177 = ORIENTED_EDGE('',*,*,#1235,.T.);
#2178 = ORIENTED_EDGE('',*,*,#2155,.T.);
#2179 = ORIENTED_EDGE('',*,*,#528,.T.);
#2180 = CYLINDRICAL_SURFACE('',#2181,0.4);
#2181 = AXIS2_PLACEMENT_3D('',#2182,#2183,#2184);
#2182 = CARTESIAN_POINT('',(34.5,3.05,0.));
#2183 = DIRECTION('',(0.,0.,1.));
#2184 = DIRECTION('',(-0.4,-0.916515138991,0.));
#2185 = ADVANCED_FACE('',(#2186),#2197,.T.);
#2186 = FACE_BOUND('',#2187,.T.);
#2187 = EDGE_LOOP('',(#2188,#2194,#2195,#2196));
#2188 = ORIENTED_EDGE('',*,*,#2189,.F.);
#2189 = EDGE_CURVE('',#1245,#512,#2190,.T.);
#2190 = LINE('',#2191,#2192);
#2191 = CARTESIAN_POINT('',(32.66,3.416606055596,0.));
#2192 = VECTOR('',#2193,1.);
#2193 = DIRECTION('',(0.,0.,1.));
#2194 = ORIENTED_EDGE('',*,*,#1244,.T.);
#2195 = ORIENTED_EDGE('',*,*,#2172,.T.);
#2196 = ORIENTED_EDGE('',*,*,#520,.T.);
#2197 = PLANE('',#2198);
#2198 = AXIS2_PLACEMENT_3D('',#2199,#2200,#2201);
#2199 = CARTESIAN_POINT('',(34.34,2.683393944404,0.));
#2200 = DIRECTION('',(-0.4,-0.916515138991,0.));
#2201 = DIRECTION('',(-0.,0.,-1.));
#2202 = ADVANCED_FACE('',(#2203),#2214,.F.);
#2203 = FACE_BOUND('',#2204,.F.);
#2204 = EDGE_LOOP('',(#2205,#2206,#2207,#2208));
#2205 = ORIENTED_EDGE('',*,*,#511,.F.);
#2206 = ORIENTED_EDGE('',*,*,#2189,.F.);
#2207 = ORIENTED_EDGE('',*,*,#1252,.F.);
#2208 = ORIENTED_EDGE('',*,*,#2209,.T.);
#2209 = EDGE_CURVE('',#1253,#504,#2210,.T.);
#2210 = LINE('',#2211,#2212);
#2211 = CARTESIAN_POINT('',(32.248195053847,2.739203814224,0.));
#2212 = VECTOR('',#2213,1.);
#2213 = DIRECTION('',(0.,0.,1.));
#2214 = CYLINDRICAL_SURFACE('',#2215,0.4);
#2215 = AXIS2_PLACEMENT_3D('',#2216,#2217,#2218);
#2216 = CARTESIAN_POINT('',(32.5,3.05,19.05));
#2217 = DIRECTION('',(0.,0.,1.));
#2218 = DIRECTION('',(-0.4,-0.916515138991,0.));
#2219 = ADVANCED_FACE('',(#2220),#2231,.T.);
#2220 = FACE_BOUND('',#2221,.T.);
#2221 = EDGE_LOOP('',(#2222,#2228,#2229,#2230));
#2222 = ORIENTED_EDGE('',*,*,#2223,.F.);
#2223 = EDGE_CURVE('',#1262,#495,#2224,.T.);
#2224 = LINE('',#2225,#2226);
#2225 = CARTESIAN_POINT('',(34.751804946153,0.710796185776,0.));
#2226 = VECTOR('',#2227,1.);
#2227 = DIRECTION('',(0.,0.,1.));
#2228 = ORIENTED_EDGE('',*,*,#1261,.T.);
#2229 = ORIENTED_EDGE('',*,*,#2209,.T.);
#2230 = ORIENTED_EDGE('',*,*,#503,.T.);
#2231 = PLANE('',#2232);
#2232 = AXIS2_PLACEMENT_3D('',#2233,#2234,#2235);
#2233 = CARTESIAN_POINT('',(32.248195053847,2.739203814224,0.));
#2234 = DIRECTION('',(0.629512365383,0.77699046444,0.));
#2235 = DIRECTION('',(0.,0.,-1.));
#2236 = ADVANCED_FACE('',(#2237),#2248,.T.);
#2237 = FACE_BOUND('',#2238,.T.);
#2238 = EDGE_LOOP('',(#2239,#2245,#2246,#2247));
#2239 = ORIENTED_EDGE('',*,*,#2240,.F.);
#2240 = EDGE_CURVE('',#1270,#487,#2241,.T.);
#2241 = LINE('',#2242,#2243);
#2242 = CARTESIAN_POINT('',(34.277444000752,6.763148885781E-02,0.));
#2243 = VECTOR('',#2244,1.);
#2244 = DIRECTION('',(0.,0.,1.));
#2245 = ORIENTED_EDGE('',*,*,#1269,.T.);
#2246 = ORIENTED_EDGE('',*,*,#2223,.T.);
#2247 = ORIENTED_EDGE('',*,*,#494,.T.);
#2248 = CYLINDRICAL_SURFACE('',#2249,0.4);
#2249 = AXIS2_PLACEMENT_3D('',#2250,#2251,#2252);
#2250 = CARTESIAN_POINT('',(34.5,0.4,0.));
#2251 = DIRECTION('',(0.,0.,1.));
#2252 = DIRECTION('',(-0.556389998119,-0.830921277855,0.));
#2253 = ADVANCED_FACE('',(#2254),#2265,.T.);
#2254 = FACE_BOUND('',#2255,.T.);
#2255 = EDGE_LOOP('',(#2256,#2262,#2263,#2264));
#2256 = ORIENTED_EDGE('',*,*,#2257,.F.);
#2257 = EDGE_CURVE('',#1279,#478,#2258,.T.);
#2258 = LINE('',#2259,#2260);
#2259 = CARTESIAN_POINT('',(30.372555999248,2.682368511142,0.));
#2260 = VECTOR('',#2261,1.);
#2261 = DIRECTION('',(0.,0.,1.));
#2262 = ORIENTED_EDGE('',*,*,#1278,.T.);
#2263 = ORIENTED_EDGE('',*,*,#2240,.T.);
#2264 = ORIENTED_EDGE('',*,*,#486,.T.);
#2265 = PLANE('',#2266);
#2266 = AXIS2_PLACEMENT_3D('',#2267,#2268,#2269);
#2267 = CARTESIAN_POINT('',(34.277444000752,6.763148885781E-02,0.));
#2268 = DIRECTION('',(-0.556389998119,-0.830921277855,0.));
#2269 = DIRECTION('',(0.,0.,1.));
#2270 = ADVANCED_FACE('',(#2271),#2282,.F.);
#2271 = FACE_BOUND('',#2272,.F.);
#2272 = EDGE_LOOP('',(#2273,#2274,#2275,#2276));
#2273 = ORIENTED_EDGE('',*,*,#477,.F.);
#2274 = ORIENTED_EDGE('',*,*,#2257,.F.);
#2275 = ORIENTED_EDGE('',*,*,#1286,.F.);
#2276 = ORIENTED_EDGE('',*,*,#2277,.T.);
#2277 = EDGE_CURVE('',#1287,#470,#2278,.T.);
#2278 = LINE('',#2279,#2280);
#2279 = CARTESIAN_POINT('',(29.793987403493,2.167640379666,0.));
#2280 = VECTOR('',#2281,1.);
#2281 = DIRECTION('',(0.,0.,1.));
#2282 = CYLINDRICAL_SURFACE('',#2283,0.4);
#2283 = AXIS2_PLACEMENT_3D('',#2284,#2285,#2286);
#2284 = CARTESIAN_POINT('',(30.15,2.35,19.05));
#2285 = DIRECTION('',(0.,0.,1.));
#2286 = DIRECTION('',(-0.556389998119,-0.830921277856,0.));
#2287 = ADVANCED_FACE('',(#2288),#2299,.T.);
#2288 = FACE_BOUND('',#2289,.T.);
#2289 = EDGE_LOOP('',(#2290,#2296,#2297,#2298));
#2290 = ORIENTED_EDGE('',*,*,#2291,.F.);
#2291 = EDGE_CURVE('',#1296,#461,#2292,.T.);
#2292 = LINE('',#2293,#2294);
#2293 = CARTESIAN_POINT('',(30.606012596507,0.582359620334,0.));
#2294 = VECTOR('',#2295,1.);
#2295 = DIRECTION('',(0.,0.,1.));
#2296 = ORIENTED_EDGE('',*,*,#1295,.T.);
#2297 = ORIENTED_EDGE('',*,*,#2277,.T.);
#2298 = ORIENTED_EDGE('',*,*,#469,.T.);
#2299 = PLANE('',#2300);
#2300 = AXIS2_PLACEMENT_3D('',#2301,#2302,#2303);
#2301 = CARTESIAN_POINT('',(29.793987403493,2.167640379666,0.));
#2302 = DIRECTION('',(0.890031491268,0.455899050834,0.));
#2303 = DIRECTION('',(0.,0.,-1.));
#2304 = ADVANCED_FACE('',(#2305),#2316,.T.);
#2305 = FACE_BOUND('',#2306,.T.);
#2306 = EDGE_LOOP('',(#2307,#2313,#2314,#2315));
#2307 = ORIENTED_EDGE('',*,*,#2308,.F.);
#2308 = EDGE_CURVE('',#1304,#453,#2309,.T.);
#2309 = LINE('',#2310,#2311);
#2310 = CARTESIAN_POINT('',(29.906887148859,0.194394622196,0.));
#2311 = VECTOR('',#2312,1.);
#2312 = DIRECTION('',(0.,0.,1.));
#2313 = ORIENTED_EDGE('',*,*,#1303,.T.);
#2314 = ORIENTED_EDGE('',*,*,#2291,.T.);
#2315 = ORIENTED_EDGE('',*,*,#460,.T.);
#2316 = CYLINDRICAL_SURFACE('',#2317,0.4);
#2317 = AXIS2_PLACEMENT_3D('',#2318,#2319,#2320);
#2318 = CARTESIAN_POINT('',(30.25,0.4,0.));
#2319 = DIRECTION('',(0.,0.,1.));
#2320 = DIRECTION('',(-0.857782127853,-0.51401344451,0.));
#2321 = ADVANCED_FACE('',(#2322),#2333,.T.);
#2322 = FACE_BOUND('',#2323,.T.);
#2323 = EDGE_LOOP('',(#2324,#2330,#2331,#2332));
#2324 = ORIENTED_EDGE('',*,*,#2325,.F.);
#2325 = EDGE_CURVE('',#1313,#444,#2326,.T.);
#2326 = LINE('',#2327,#2328);
#2327 = CARTESIAN_POINT('',(27.593112851141,4.055605377804,0.));
#2328 = VECTOR('',#2329,1.);
#2329 = DIRECTION('',(0.,0.,1.));
#2330 = ORIENTED_EDGE('',*,*,#1312,.T.);
#2331 = ORIENTED_EDGE('',*,*,#2308,.T.);
#2332 = ORIENTED_EDGE('',*,*,#452,.T.);
#2333 = PLANE('',#2334);
#2334 = AXIS2_PLACEMENT_3D('',#2335,#2336,#2337);
#2335 = CARTESIAN_POINT('',(29.906887148859,0.194394622196,0.));
#2336 = DIRECTION('',(-0.857782127853,-0.51401344451,0.));
#2337 = DIRECTION('',(0.,0.,1.));
#2338 = ADVANCED_FACE('',(#2339),#2350,.F.);
#2339 = FACE_BOUND('',#2340,.F.);
#2340 = EDGE_LOOP('',(#2341,#2342,#2343,#2344));
#2341 = ORIENTED_EDGE('',*,*,#443,.F.);
#2342 = ORIENTED_EDGE('',*,*,#2325,.F.);
#2343 = ORIENTED_EDGE('',*,*,#1320,.F.);
#2344 = ORIENTED_EDGE('',*,*,#2345,.T.);
#2345 = EDGE_CURVE('',#1321,#436,#2346,.T.);
#2346 = LINE('',#2347,#2348);
#2347 = CARTESIAN_POINT('',(26.851474402696,3.884312509285,0.));
#2348 = VECTOR('',#2349,1.);
#2349 = DIRECTION('',(0.,0.,1.));
#2350 = CYLINDRICAL_SURFACE('',#2351,0.4);
#2351 = AXIS2_PLACEMENT_3D('',#2352,#2353,#2354);
#2352 = CARTESIAN_POINT('',(27.25,3.85,19.05));
#2353 = DIRECTION('',(0.,0.,1.));
#2354 = DIRECTION('',(-0.857782127853,-0.51401344451,0.));
#2355 = ADVANCED_FACE('',(#2356),#2367,.T.);
#2356 = FACE_BOUND('',#2357,.T.);
#2357 = EDGE_LOOP('',(#2358,#2364,#2365,#2366));
#2358 = ORIENTED_EDGE('',*,*,#2359,.F.);
#2359 = EDGE_CURVE('',#1330,#427,#2360,.T.);
#2360 = LINE('',#2361,#2362);
#2361 = CARTESIAN_POINT('',(26.548525597304,0.365687490715,0.));
#2362 = VECTOR('',#2363,1.);
#2363 = DIRECTION('',(0.,0.,1.));
#2364 = ORIENTED_EDGE('',*,*,#1329,.T.);
#2365 = ORIENTED_EDGE('',*,*,#2345,.T.);
#2366 = ORIENTED_EDGE('',*,*,#435,.T.);
#2367 = PLANE('',#2368);
#2368 = AXIS2_PLACEMENT_3D('',#2369,#2370,#2371);
#2369 = CARTESIAN_POINT('',(26.851474402696,3.884312509285,0.));
#2370 = DIRECTION('',(0.99631399326,-8.578127321337E-02,0.));
#2371 = DIRECTION('',(0.,0.,-1.));
#2372 = ADVANCED_FACE('',(#2373),#2384,.T.);
#2373 = FACE_BOUND('',#2374,.T.);
#2374 = EDGE_LOOP('',(#2375,#2381,#2382,#2383));
#2375 = ORIENTED_EDGE('',*,*,#2376,.F.);
#2376 = EDGE_CURVE('',#1338,#419,#2377,.T.);
#2377 = LINE('',#2378,#2379);
#2378 = CARTESIAN_POINT('',(25.750898373651,0.3732064962,0.));
#2379 = VECTOR('',#2380,1.);
#2380 = DIRECTION('',(0.,0.,1.));
#2381 = ORIENTED_EDGE('',*,*,#1337,.T.);
#2382 = ORIENTED_EDGE('',*,*,#2359,.T.);
#2383 = ORIENTED_EDGE('',*,*,#426,.T.);
#2384 = CYLINDRICAL_SURFACE('',#2385,0.4);
#2385 = AXIS2_PLACEMENT_3D('',#2386,#2387,#2388);
#2386 = CARTESIAN_POINT('',(26.15,0.4,0.));
#2387 = DIRECTION('',(0.,0.,1.));
#2388 = DIRECTION('',(-0.997754065872,-6.698375950074E-02,0.));
#2389 = ADVANCED_FACE('',(#2390),#2396,.T.);
#2390 = FACE_BOUND('',#2391,.T.);
#2391 = EDGE_LOOP('',(#2392,#2393,#2394,#2395));
#2392 = ORIENTED_EDGE('',*,*,#879,.F.);
#2393 = ORIENTED_EDGE('',*,*,#1346,.T.);
#2394 = ORIENTED_EDGE('',*,*,#2376,.T.);
#2395 = ORIENTED_EDGE('',*,*,#418,.T.);
#2396 = PLANE('',#2397);
#2397 = AXIS2_PLACEMENT_3D('',#2398,#2399,#2400);
#2398 = CARTESIAN_POINT('',(25.750898373651,0.3732064962,0.));
#2399 = DIRECTION('',(-0.997754065872,-6.698375950074E-02,0.));
#2400 = DIRECTION('',(0.,0.,1.));
#2401 = ADVANCED_FACE('',(#2402),#2413,.T.);
#2402 = FACE_BOUND('',#2403,.T.);
#2403 = EDGE_LOOP('',(#2404,#2410,#2411,#2412));
#2404 = ORIENTED_EDGE('',*,*,#2405,.F.);
#2405 = EDGE_CURVE('',#1364,#394,#2406,.T.);
#2406 = LINE('',#2407,#2408);
#2407 = CARTESIAN_POINT('',(9.149101626349,0.3732064962,0.));
#2408 = VECTOR('',#2409,1.);
#2409 = DIRECTION('',(0.,0.,1.));
#2410 = ORIENTED_EDGE('',*,*,#1363,.T.);
#2411 = ORIENTED_EDGE('',*,*,#886,.T.);
#2412 = ORIENTED_EDGE('',*,*,#402,.T.);
#2413 = PLANE('',#2414);
#2414 = AXIS2_PLACEMENT_3D('',#2415,#2416,#2417);
#2415 = CARTESIAN_POINT('',(9.5,5.6,0.));
#2416 = DIRECTION('',(0.997754065872,-6.698375950074E-02,0.));
#2417 = DIRECTION('',(0.,0.,-1.));
#2418 = ADVANCED_FACE('',(#2419),#2430,.T.);
#2419 = FACE_BOUND('',#2420,.T.);
#2420 = EDGE_LOOP('',(#2421,#2427,#2428,#2429));
#2421 = ORIENTED_EDGE('',*,*,#2422,.F.);
#2422 = EDGE_CURVE('',#1372,#386,#2423,.T.);
#2423 = LINE('',#2424,#2425);
#2424 = CARTESIAN_POINT('',(8.351474402696,0.365687490715,0.));
#2425 = VECTOR('',#2426,1.);
#2426 = DIRECTION('',(0.,0.,1.));
#2427 = ORIENTED_EDGE('',*,*,#1371,.T.);
#2428 = ORIENTED_EDGE('',*,*,#2405,.T.);
#2429 = ORIENTED_EDGE('',*,*,#393,.T.);
#2430 = CYLINDRICAL_SURFACE('',#2431,0.4);
#2431 = AXIS2_PLACEMENT_3D('',#2432,#2433,#2434);
#2432 = CARTESIAN_POINT('',(8.75,0.4,0.));
#2433 = DIRECTION('',(0.,0.,1.));
#2434 = DIRECTION('',(-0.99631399326,-8.578127321337E-02,0.));
#2435 = ADVANCED_FACE('',(#2436),#2447,.T.);
#2436 = FACE_BOUND('',#2437,.T.);
#2437 = EDGE_LOOP('',(#2438,#2444,#2445,#2446));
#2438 = ORIENTED_EDGE('',*,*,#2439,.F.);
#2439 = EDGE_CURVE('',#1381,#377,#2440,.T.);
#2440 = LINE('',#2441,#2442);
#2441 = CARTESIAN_POINT('',(8.048525597304,3.884312509285,0.));
#2442 = VECTOR('',#2443,1.);
#2443 = DIRECTION('',(0.,0.,1.));
#2444 = ORIENTED_EDGE('',*,*,#1380,.T.);
#2445 = ORIENTED_EDGE('',*,*,#2422,.T.);
#2446 = ORIENTED_EDGE('',*,*,#385,.T.);
#2447 = PLANE('',#2448);
#2448 = AXIS2_PLACEMENT_3D('',#2449,#2450,#2451);
#2449 = CARTESIAN_POINT('',(8.351474402696,0.365687490715,0.));
#2450 = DIRECTION('',(-0.99631399326,-8.578127321337E-02,0.));
#2451 = DIRECTION('',(0.,0.,1.));
#2452 = ADVANCED_FACE('',(#2453),#2464,.F.);
#2453 = FACE_BOUND('',#2454,.F.);
#2454 = EDGE_LOOP('',(#2455,#2456,#2457,#2458));
#2455 = ORIENTED_EDGE('',*,*,#376,.F.);
#2456 = ORIENTED_EDGE('',*,*,#2439,.F.);
#2457 = ORIENTED_EDGE('',*,*,#1388,.F.);
#2458 = ORIENTED_EDGE('',*,*,#2459,.T.);
#2459 = EDGE_CURVE('',#1389,#369,#2460,.T.);
#2460 = LINE('',#2461,#2462);
#2461 = CARTESIAN_POINT('',(7.306887148859,4.055605377804,0.));
#2462 = VECTOR('',#2463,1.);
#2463 = DIRECTION('',(0.,0.,1.));
#2464 = CYLINDRICAL_SURFACE('',#2465,0.4);
#2465 = AXIS2_PLACEMENT_3D('',#2466,#2467,#2468);
#2466 = CARTESIAN_POINT('',(7.65,3.85,19.05));
#2467 = DIRECTION('',(0.,0.,1.));
#2468 = DIRECTION('',(-0.99631399326,-8.578127321337E-02,0.));
#2469 = ADVANCED_FACE('',(#2470),#2481,.T.);
#2470 = FACE_BOUND('',#2471,.T.);
#2471 = EDGE_LOOP('',(#2472,#2478,#2479,#2480));
#2472 = ORIENTED_EDGE('',*,*,#2473,.F.);
#2473 = EDGE_CURVE('',#1398,#360,#2474,.T.);
#2474 = LINE('',#2475,#2476);
#2475 = CARTESIAN_POINT('',(4.993112851141,0.194394622196,0.));
#2476 = VECTOR('',#2477,1.);
#2477 = DIRECTION('',(0.,0.,1.));
#2478 = ORIENTED_EDGE('',*,*,#1397,.T.);
#2479 = ORIENTED_EDGE('',*,*,#2459,.T.);
#2480 = ORIENTED_EDGE('',*,*,#368,.T.);
#2481 = PLANE('',#2482);
#2482 = AXIS2_PLACEMENT_3D('',#2483,#2484,#2485);
#2483 = CARTESIAN_POINT('',(7.306887148859,4.055605377804,0.));
#2484 = DIRECTION('',(0.857782127853,-0.51401344451,0.));
#2485 = DIRECTION('',(0.,0.,-1.));
#2486 = ADVANCED_FACE('',(#2487),#2498,.T.);
#2487 = FACE_BOUND('',#2488,.T.);
#2488 = EDGE_LOOP('',(#2489,#2495,#2496,#2497));
#2489 = ORIENTED_EDGE('',*,*,#2490,.F.);
#2490 = EDGE_CURVE('',#1406,#352,#2491,.T.);
#2491 = LINE('',#2492,#2493);
#2492 = CARTESIAN_POINT('',(4.293987403493,0.582359620334,0.));
#2493 = VECTOR('',#2494,1.);
#2494 = DIRECTION('',(0.,0.,1.));
#2495 = ORIENTED_EDGE('',*,*,#1405,.T.);
#2496 = ORIENTED_EDGE('',*,*,#2473,.T.);
#2497 = ORIENTED_EDGE('',*,*,#359,.T.);
#2498 = CYLINDRICAL_SURFACE('',#2499,0.4);
#2499 = AXIS2_PLACEMENT_3D('',#2500,#2501,#2502);
#2500 = CARTESIAN_POINT('',(4.65,0.4,0.));
#2501 = DIRECTION('',(0.,0.,1.));
#2502 = DIRECTION('',(-0.890031491268,0.455899050834,0.));
#2503 = ADVANCED_FACE('',(#2504),#2515,.T.);
#2504 = FACE_BOUND('',#2505,.T.);
#2505 = EDGE_LOOP('',(#2506,#2512,#2513,#2514));
#2506 = ORIENTED_EDGE('',*,*,#2507,.F.);
#2507 = EDGE_CURVE('',#1415,#343,#2508,.T.);
#2508 = LINE('',#2509,#2510);
#2509 = CARTESIAN_POINT('',(5.106012596507,2.167640379666,0.));
#2510 = VECTOR('',#2511,1.);
#2511 = DIRECTION('',(0.,0.,1.));
#2512 = ORIENTED_EDGE('',*,*,#1414,.T.);
#2513 = ORIENTED_EDGE('',*,*,#2490,.T.);
#2514 = ORIENTED_EDGE('',*,*,#351,.T.);
#2515 = PLANE('',#2516);
#2516 = AXIS2_PLACEMENT_3D('',#2517,#2518,#2519);
#2517 = CARTESIAN_POINT('',(4.293987403493,0.582359620334,0.));
#2518 = DIRECTION('',(-0.890031491268,0.455899050834,0.));
#2519 = DIRECTION('',(0.,0.,1.));
#2520 = ADVANCED_FACE('',(#2521),#2532,.F.);
#2521 = FACE_BOUND('',#2522,.F.);
#2522 = EDGE_LOOP('',(#2523,#2524,#2525,#2526));
#2523 = ORIENTED_EDGE('',*,*,#342,.F.);
#2524 = ORIENTED_EDGE('',*,*,#2507,.F.);
#2525 = ORIENTED_EDGE('',*,*,#1422,.F.);
#2526 = ORIENTED_EDGE('',*,*,#2527,.T.);
#2527 = EDGE_CURVE('',#1423,#335,#2528,.T.);
#2528 = LINE('',#2529,#2530);
#2529 = CARTESIAN_POINT('',(4.527444000752,2.682368511142,0.));
#2530 = VECTOR('',#2531,1.);
#2531 = DIRECTION('',(0.,0.,1.));
#2532 = CYLINDRICAL_SURFACE('',#2533,0.4);
#2533 = AXIS2_PLACEMENT_3D('',#2534,#2535,#2536);
#2534 = CARTESIAN_POINT('',(4.75,2.35,19.05));
#2535 = DIRECTION('',(0.,0.,1.));
#2536 = DIRECTION('',(-0.890031491268,0.455899050834,0.));
#2537 = ADVANCED_FACE('',(#2538),#2549,.T.);
#2538 = FACE_BOUND('',#2539,.T.);
#2539 = EDGE_LOOP('',(#2540,#2546,#2547,#2548));
#2540 = ORIENTED_EDGE('',*,*,#2541,.F.);
#2541 = EDGE_CURVE('',#1432,#326,#2542,.T.);
#2542 = LINE('',#2543,#2544);
#2543 = CARTESIAN_POINT('',(0.622555999248,6.76314888578E-02,0.));
#2544 = VECTOR('',#2545,1.);
#2545 = DIRECTION('',(0.,0.,1.));
#2546 = ORIENTED_EDGE('',*,*,#1431,.T.);
#2547 = ORIENTED_EDGE('',*,*,#2527,.T.);
#2548 = ORIENTED_EDGE('',*,*,#334,.T.);
#2549 = PLANE('',#2550);
#2550 = AXIS2_PLACEMENT_3D('',#2551,#2552,#2553);
#2551 = CARTESIAN_POINT('',(4.527444000752,2.682368511142,0.));
#2552 = DIRECTION('',(0.556389998119,-0.830921277855,0.));
#2553 = DIRECTION('',(0.,0.,-1.));
#2554 = ADVANCED_FACE('',(#2555),#2566,.T.);
#2555 = FACE_BOUND('',#2556,.T.);
#2556 = EDGE_LOOP('',(#2557,#2563,#2564,#2565));
#2557 = ORIENTED_EDGE('',*,*,#2558,.F.);
#2558 = EDGE_CURVE('',#1440,#318,#2559,.T.);
#2559 = LINE('',#2560,#2561);
#2560 = CARTESIAN_POINT('',(0.148195053847,0.710796185776,0.));
#2561 = VECTOR('',#2562,1.);
#2562 = DIRECTION('',(0.,0.,1.));
#2563 = ORIENTED_EDGE('',*,*,#1439,.T.);
#2564 = ORIENTED_EDGE('',*,*,#2541,.T.);
#2565 = ORIENTED_EDGE('',*,*,#325,.T.);
#2566 = CYLINDRICAL_SURFACE('',#2567,0.4);
#2567 = AXIS2_PLACEMENT_3D('',#2568,#2569,#2570);
#2568 = CARTESIAN_POINT('',(0.4,0.4,0.));
#2569 = DIRECTION('',(0.,0.,1.));
#2570 = DIRECTION('',(-0.629512365383,0.77699046444,0.));
#2571 = ADVANCED_FACE('',(#2572),#2583,.T.);
#2572 = FACE_BOUND('',#2573,.T.);
#2573 = EDGE_LOOP('',(#2574,#2580,#2581,#2582));
#2574 = ORIENTED_EDGE('',*,*,#2575,.F.);
#2575 = EDGE_CURVE('',#1449,#309,#2576,.T.);
#2576 = LINE('',#2577,#2578);
#2577 = CARTESIAN_POINT('',(2.651804946153,2.739203814224,0.));
#2578 = VECTOR('',#2579,1.);
#2579 = DIRECTION('',(0.,0.,1.));
#2580 = ORIENTED_EDGE('',*,*,#1448,.T.);
#2581 = ORIENTED_EDGE('',*,*,#2558,.T.);
#2582 = ORIENTED_EDGE('',*,*,#317,.T.);
#2583 = PLANE('',#2584);
#2584 = AXIS2_PLACEMENT_3D('',#2585,#2586,#2587);
#2585 = CARTESIAN_POINT('',(0.148195053847,0.710796185776,0.));
#2586 = DIRECTION('',(-0.629512365383,0.77699046444,0.));
#2587 = DIRECTION('',(0.,0.,1.));
#2588 = ADVANCED_FACE('',(#2589),#2600,.F.);
#2589 = FACE_BOUND('',#2590,.F.);
#2590 = EDGE_LOOP('',(#2591,#2592,#2593,#2594));
#2591 = ORIENTED_EDGE('',*,*,#308,.F.);
#2592 = ORIENTED_EDGE('',*,*,#2575,.F.);
#2593 = ORIENTED_EDGE('',*,*,#1456,.F.);
#2594 = ORIENTED_EDGE('',*,*,#2595,.T.);
#2595 = EDGE_CURVE('',#1457,#301,#2596,.T.);
#2596 = LINE('',#2597,#2598);
#2597 = CARTESIAN_POINT('',(2.24,3.416606055596,0.));
#2598 = VECTOR('',#2599,1.);
#2599 = DIRECTION('',(0.,0.,1.));
#2600 = CYLINDRICAL_SURFACE('',#2601,0.4);
#2601 = AXIS2_PLACEMENT_3D('',#2602,#2603,#2604);
#2602 = CARTESIAN_POINT('',(2.4,3.05,19.05));
#2603 = DIRECTION('',(0.,0.,1.));
#2604 = DIRECTION('',(-0.629512365383,0.77699046444,0.));
#2605 = ADVANCED_FACE('',(#2606),#2617,.T.);
#2606 = FACE_BOUND('',#2607,.T.);
#2607 = EDGE_LOOP('',(#2608,#2614,#2615,#2616));
#2608 = ORIENTED_EDGE('',*,*,#2609,.F.);
#2609 = EDGE_CURVE('',#1466,#292,#2610,.T.);
#2610 = LINE('',#2611,#2612);
#2611 = CARTESIAN_POINT('',(0.56,2.683393944404,0.));
#2612 = VECTOR('',#2613,1.);
#2613 = DIRECTION('',(0.,0.,1.));
#2614 = ORIENTED_EDGE('',*,*,#1465,.T.);
#2615 = ORIENTED_EDGE('',*,*,#2595,.T.);
#2616 = ORIENTED_EDGE('',*,*,#300,.T.);
#2617 = PLANE('',#2618);
#2618 = AXIS2_PLACEMENT_3D('',#2619,#2620,#2621);
#2619 = CARTESIAN_POINT('',(2.24,3.416606055596,0.));
#2620 = DIRECTION('',(0.4,-0.916515138991,0.));
#2621 = DIRECTION('',(0.,0.,-1.));
#2622 = ADVANCED_FACE('',(#2623),#2634,.T.);
#2623 = FACE_BOUND('',#2624,.T.);
#2624 = EDGE_LOOP('',(#2625,#2631,#2632,#2633));
#2625 = ORIENTED_EDGE('',*,*,#2626,.F.);
#2626 = EDGE_CURVE('',#1474,#284,#2627,.T.);
#2627 = LINE('',#2628,#2629);
#2628 = CARTESIAN_POINT('',(0.189473934181,3.390115826758,0.));
#2629 = VECTOR('',#2630,1.);
#2630 = DIRECTION('',(0.,0.,1.));
#2631 = ORIENTED_EDGE('',*,*,#1473,.T.);
#2632 = ORIENTED_EDGE('',*,*,#2609,.T.);
#2633 = ORIENTED_EDGE('',*,*,#291,.T.);
#2634 = CYLINDRICAL_SURFACE('',#2635,0.4);
#2635 = AXIS2_PLACEMENT_3D('',#2636,#2637,#2638);
#2636 = CARTESIAN_POINT('',(0.4,3.05,0.));
#2637 = DIRECTION('',(0.,0.,1.));
#2638 = DIRECTION('',(-0.526315164546,0.850289566894,0.));
#2639 = ADVANCED_FACE('',(#2640),#2651,.T.);
#2640 = FACE_BOUND('',#2641,.T.);
#2641 = EDGE_LOOP('',(#2642,#2648,#2649,#2650));
#2642 = ORIENTED_EDGE('',*,*,#2643,.F.);
#2643 = EDGE_CURVE('',#1483,#275,#2644,.T.);
#2644 = LINE('',#2645,#2646);
#2645 = CARTESIAN_POINT('',(3.719408481465,5.575086870068,0.));
#2646 = VECTOR('',#2647,1.);
#2647 = DIRECTION('',(0.,0.,1.));
#2648 = ORIENTED_EDGE('',*,*,#1482,.T.);
#2649 = ORIENTED_EDGE('',*,*,#2626,.T.);
#2650 = ORIENTED_EDGE('',*,*,#283,.T.);
#2651 = PLANE('',#2652);
#2652 = AXIS2_PLACEMENT_3D('',#2653,#2654,#2655);
#2653 = CARTESIAN_POINT('',(0.189473934181,3.390115826758,0.));
#2654 = DIRECTION('',(-0.526315164546,0.850289566894,0.));
#2655 = DIRECTION('',(0.,0.,1.));
#2656 = ADVANCED_FACE('',(#2657),#2668,.T.);
#2657 = FACE_BOUND('',#2658,.T.);
#2658 = EDGE_LOOP('',(#2659,#2665,#2666,#2667));
#2659 = ORIENTED_EDGE('',*,*,#2660,.F.);
#2660 = EDGE_CURVE('',#1491,#266,#2661,.T.);
#2661 = LINE('',#2662,#2663);
#2662 = CARTESIAN_POINT('',(4.071235690645,5.548888888889,0.));
#2663 = VECTOR('',#2664,1.);
#2664 = DIRECTION('',(0.,0.,1.));
#2665 = ORIENTED_EDGE('',*,*,#1490,.T.);
#2666 = ORIENTED_EDGE('',*,*,#2643,.T.);
#2667 = ORIENTED_EDGE('',*,*,#274,.T.);
#2668 = CYLINDRICAL_SURFACE('',#2669,0.3);
#2669 = AXIS2_PLACEMENT_3D('',#2670,#2671,#2672);
#2670 = CARTESIAN_POINT('',(3.877303030829,5.32,0.));
#2671 = DIRECTION('',(0.,0.,1.));
#2672 = DIRECTION('',(0.646442199386,0.762962962963,-0.));
#2673 = ADVANCED_FACE('',(#2674),#2685,.F.);
#2674 = FACE_BOUND('',#2675,.F.);
#2675 = EDGE_LOOP('',(#2676,#2677,#2678,#2679));
#2676 = ORIENTED_EDGE('',*,*,#265,.F.);
#2677 = ORIENTED_EDGE('',*,*,#2660,.F.);
#2678 = ORIENTED_EDGE('',*,*,#1499,.F.);
#2679 = ORIENTED_EDGE('',*,*,#2680,.T.);
#2680 = EDGE_CURVE('',#1500,#258,#2681,.T.);
#2681 = LINE('',#2682,#2683);
#2682 = CARTESIAN_POINT('',(5.504718490565,5.62,0.));
#2683 = VECTOR('',#2684,1.);
#2684 = DIRECTION('',(0.,0.,1.));
#2685 = CYLINDRICAL_SURFACE('',#2686,1.05);
#2686 = AXIS2_PLACEMENT_3D('',#2687,#2688,#2689);
#2687 = CARTESIAN_POINT('',(4.75,6.35,19.05));
#2688 = DIRECTION('',(0.,0.,1.));
#2689 = DIRECTION('',(0.646442199386,0.762962962963,-0.));
#2690 = ADVANCED_FACE('',(#2691),#2702,.T.);
#2691 = FACE_BOUND('',#2692,.T.);
#2692 = EDGE_LOOP('',(#2693,#2699,#2700,#2701));
#2693 = ORIENTED_EDGE('',*,*,#2694,.F.);
#2694 = EDGE_CURVE('',#1509,#250,#2695,.T.);
#2695 = LINE('',#2696,#2697);
#2696 = CARTESIAN_POINT('',(5.95,5.62,0.));
#2697 = VECTOR('',#2698,1.);
#2698 = DIRECTION('',(0.,0.,1.));
#2699 = ORIENTED_EDGE('',*,*,#1508,.T.);
#2700 = ORIENTED_EDGE('',*,*,#2680,.T.);
#2701 = ORIENTED_EDGE('',*,*,#257,.T.);
#2702 = PLANE('',#2703);
#2703 = AXIS2_PLACEMENT_3D('',#2704,#2705,#2706);
#2704 = CARTESIAN_POINT('',(5.504718490565,5.62,0.));
#2705 = DIRECTION('',(0.,1.,0.));
#2706 = DIRECTION('',(0.,-0.,1.));
#2707 = ADVANCED_FACE('',(#2708),#2719,.T.);
#2708 = FACE_BOUND('',#2709,.T.);
#2709 = EDGE_LOOP('',(#2710,#2716,#2717,#2718));
#2710 = ORIENTED_EDGE('',*,*,#2711,.F.);
#2711 = EDGE_CURVE('',#1517,#242,#2712,.T.);
#2712 = LINE('',#2713,#2714);
#2713 = CARTESIAN_POINT('',(5.95,7.08,0.));
#2714 = VECTOR('',#2715,1.);
#2715 = DIRECTION('',(0.,0.,1.));
#2716 = ORIENTED_EDGE('',*,*,#1516,.T.);
#2717 = ORIENTED_EDGE('',*,*,#2694,.T.);
#2718 = ORIENTED_EDGE('',*,*,#249,.T.);
#2719 = PLANE('',#2720);
#2720 = AXIS2_PLACEMENT_3D('',#2721,#2722,#2723);
#2721 = CARTESIAN_POINT('',(5.95,5.62,0.));
#2722 = DIRECTION('',(-1.,0.,0.));
#2723 = DIRECTION('',(0.,0.,1.));
#2724 = ADVANCED_FACE('',(#2725),#2736,.T.);
#2725 = FACE_BOUND('',#2726,.T.);
#2726 = EDGE_LOOP('',(#2727,#2733,#2734,#2735));
#2727 = ORIENTED_EDGE('',*,*,#2728,.F.);
#2728 = EDGE_CURVE('',#1525,#233,#2729,.T.);
#2729 = LINE('',#2730,#2731);
#2730 = CARTESIAN_POINT('',(5.504718490565,7.08,0.));
#2731 = VECTOR('',#2732,1.);
#2732 = DIRECTION('',(0.,0.,1.));
#2733 = ORIENTED_EDGE('',*,*,#1524,.T.);
#2734 = ORIENTED_EDGE('',*,*,#2711,.T.);
#2735 = ORIENTED_EDGE('',*,*,#241,.T.);
#2736 = PLANE('',#2737);
#2737 = AXIS2_PLACEMENT_3D('',#2738,#2739,#2740);
#2738 = CARTESIAN_POINT('',(5.95,7.08,0.));
#2739 = DIRECTION('',(0.,-1.,0.));
#2740 = DIRECTION('',(0.,0.,-1.));
#2741 = ADVANCED_FACE('',(#2742),#2753,.F.);
#2742 = FACE_BOUND('',#2743,.F.);
#2743 = EDGE_LOOP('',(#2744,#2745,#2746,#2747));
#2744 = ORIENTED_EDGE('',*,*,#232,.F.);
#2745 = ORIENTED_EDGE('',*,*,#2728,.F.);
#2746 = ORIENTED_EDGE('',*,*,#1532,.F.);
#2747 = ORIENTED_EDGE('',*,*,#2748,.T.);
#2748 = EDGE_CURVE('',#1533,#224,#2749,.T.);
#2749 = LINE('',#2750,#2751);
#2750 = CARTESIAN_POINT('',(4.071235690645,7.151111111111,0.));
#2751 = VECTOR('',#2752,1.);
#2752 = DIRECTION('',(0.,0.,1.));
#2753 = CYLINDRICAL_SURFACE('',#2754,1.05);
#2754 = AXIS2_PLACEMENT_3D('',#2755,#2756,#2757);
#2755 = CARTESIAN_POINT('',(4.75,6.35,19.05));
#2756 = DIRECTION('',(0.,0.,1.));
#2757 = DIRECTION('',(-0.718779514823,-0.695238095238,0.));
#2758 = ADVANCED_FACE('',(#2759),#2770,.T.);
#2759 = FACE_BOUND('',#2760,.T.);
#2760 = EDGE_LOOP('',(#2761,#2767,#2768,#2769));
#2761 = ORIENTED_EDGE('',*,*,#2762,.F.);
#2762 = EDGE_CURVE('',#1542,#216,#2763,.T.);
#2763 = LINE('',#2764,#2765);
#2764 = CARTESIAN_POINT('',(3.719408481465,7.124913129932,0.));
#2765 = VECTOR('',#2766,1.);
#2766 = DIRECTION('',(0.,0.,1.));
#2767 = ORIENTED_EDGE('',*,*,#1541,.T.);
#2768 = ORIENTED_EDGE('',*,*,#2748,.T.);
#2769 = ORIENTED_EDGE('',*,*,#223,.T.);
#2770 = CYLINDRICAL_SURFACE('',#2771,0.3);
#2771 = AXIS2_PLACEMENT_3D('',#2772,#2773,#2774);
#2772 = CARTESIAN_POINT('',(3.877303030829,7.38,0.));
#2773 = DIRECTION('',(0.,0.,1.));
#2774 = DIRECTION('',(-0.526315164546,-0.850289566894,0.));
#2775 = ADVANCED_FACE('',(#2776),#2787,.T.);
#2776 = FACE_BOUND('',#2777,.T.);
#2777 = EDGE_LOOP('',(#2778,#2784,#2785,#2786));
#2778 = ORIENTED_EDGE('',*,*,#2779,.F.);
#2779 = EDGE_CURVE('',#1551,#207,#2780,.T.);
#2780 = LINE('',#2781,#2782);
#2781 = CARTESIAN_POINT('',(0.189473934181,9.309884173242,0.));
#2782 = VECTOR('',#2783,1.);
#2783 = DIRECTION('',(0.,0.,1.));
#2784 = ORIENTED_EDGE('',*,*,#1550,.T.);
#2785 = ORIENTED_EDGE('',*,*,#2762,.T.);
#2786 = ORIENTED_EDGE('',*,*,#215,.T.);
#2787 = PLANE('',#2788);
#2788 = AXIS2_PLACEMENT_3D('',#2789,#2790,#2791);
#2789 = CARTESIAN_POINT('',(3.719408481465,7.124913129932,0.));
#2790 = DIRECTION('',(-0.526315164546,-0.850289566894,0.));
#2791 = DIRECTION('',(0.,0.,1.));
#2792 = ADVANCED_FACE('',(#2793),#2804,.T.);
#2793 = FACE_BOUND('',#2794,.T.);
#2794 = EDGE_LOOP('',(#2795,#2801,#2802,#2803));
#2795 = ORIENTED_EDGE('',*,*,#2796,.F.);
#2796 = EDGE_CURVE('',#1559,#199,#2797,.T.);
#2797 = LINE('',#2798,#2799);
#2798 = CARTESIAN_POINT('',(0.56,10.016606055597,0.));
#2799 = VECTOR('',#2800,1.);
#2800 = DIRECTION('',(0.,0.,1.));
#2801 = ORIENTED_EDGE('',*,*,#1558,.T.);
#2802 = ORIENTED_EDGE('',*,*,#2779,.T.);
#2803 = ORIENTED_EDGE('',*,*,#206,.T.);
#2804 = CYLINDRICAL_SURFACE('',#2805,0.4);
#2805 = AXIS2_PLACEMENT_3D('',#2806,#2807,#2808);
#2806 = CARTESIAN_POINT('',(0.4,9.65,0.));
#2807 = DIRECTION('',(0.,0.,1.));
#2808 = DIRECTION('',(0.4,0.916515138991,-0.));
#2809 = ADVANCED_FACE('',(#2810),#2821,.T.);
#2810 = FACE_BOUND('',#2811,.T.);
#2811 = EDGE_LOOP('',(#2812,#2818,#2819,#2820));
#2812 = ORIENTED_EDGE('',*,*,#2813,.F.);
#2813 = EDGE_CURVE('',#1568,#190,#2814,.T.);
#2814 = LINE('',#2815,#2816);
#2815 = CARTESIAN_POINT('',(2.24,9.283393944404,0.));
#2816 = VECTOR('',#2817,1.);
#2817 = DIRECTION('',(0.,0.,1.));
#2818 = ORIENTED_EDGE('',*,*,#1567,.T.);
#2819 = ORIENTED_EDGE('',*,*,#2796,.T.);
#2820 = ORIENTED_EDGE('',*,*,#198,.T.);
#2821 = PLANE('',#2822);
#2822 = AXIS2_PLACEMENT_3D('',#2823,#2824,#2825);
#2823 = CARTESIAN_POINT('',(0.56,10.016606055597,0.));
#2824 = DIRECTION('',(0.4,0.916515138991,0.));
#2825 = DIRECTION('',(0.,-0.,1.));
#2826 = ADVANCED_FACE('',(#2827),#2838,.F.);
#2827 = FACE_BOUND('',#2828,.F.);
#2828 = EDGE_LOOP('',(#2829,#2830,#2831,#2832));
#2829 = ORIENTED_EDGE('',*,*,#189,.F.);
#2830 = ORIENTED_EDGE('',*,*,#2813,.F.);
#2831 = ORIENTED_EDGE('',*,*,#1575,.F.);
#2832 = ORIENTED_EDGE('',*,*,#2833,.T.);
#2833 = EDGE_CURVE('',#1576,#182,#2834,.T.);
#2834 = LINE('',#2835,#2836);
#2835 = CARTESIAN_POINT('',(2.651804946153,9.960796185776,0.));
#2836 = VECTOR('',#2837,1.);
#2837 = DIRECTION('',(0.,0.,1.));
#2838 = CYLINDRICAL_SURFACE('',#2839,0.4);
#2839 = AXIS2_PLACEMENT_3D('',#2840,#2841,#2842);
#2840 = CARTESIAN_POINT('',(2.4,9.65,19.05));
#2841 = DIRECTION('',(0.,0.,1.));
#2842 = DIRECTION('',(0.4,0.916515138991,-0.));
#2843 = ADVANCED_FACE('',(#2844),#2855,.T.);
#2844 = FACE_BOUND('',#2845,.T.);
#2845 = EDGE_LOOP('',(#2846,#2852,#2853,#2854));
#2846 = ORIENTED_EDGE('',*,*,#2847,.F.);
#2847 = EDGE_CURVE('',#1585,#173,#2848,.T.);
#2848 = LINE('',#2849,#2850);
#2849 = CARTESIAN_POINT('',(0.148195053847,11.989203814224,0.));
#2850 = VECTOR('',#2851,1.);
#2851 = DIRECTION('',(0.,0.,1.));
#2852 = ORIENTED_EDGE('',*,*,#1584,.T.);
#2853 = ORIENTED_EDGE('',*,*,#2833,.T.);
#2854 = ORIENTED_EDGE('',*,*,#181,.T.);
#2855 = PLANE('',#2856);
#2856 = AXIS2_PLACEMENT_3D('',#2857,#2858,#2859);
#2857 = CARTESIAN_POINT('',(2.651804946153,9.960796185776,0.));
#2858 = DIRECTION('',(-0.629512365383,-0.77699046444,0.));
#2859 = DIRECTION('',(0.,0.,1.));
#2860 = ADVANCED_FACE('',(#2861),#2872,.T.);
#2861 = FACE_BOUND('',#2862,.T.);
#2862 = EDGE_LOOP('',(#2863,#2869,#2870,#2871));
#2863 = ORIENTED_EDGE('',*,*,#2864,.F.);
#2864 = EDGE_CURVE('',#1593,#165,#2865,.T.);
#2865 = LINE('',#2866,#2867);
#2866 = CARTESIAN_POINT('',(0.622555999248,12.632368511142,0.));
#2867 = VECTOR('',#2868,1.);
#2868 = DIRECTION('',(0.,0.,1.));
#2869 = ORIENTED_EDGE('',*,*,#1592,.T.);
#2870 = ORIENTED_EDGE('',*,*,#2847,.T.);
#2871 = ORIENTED_EDGE('',*,*,#172,.T.);
#2872 = CYLINDRICAL_SURFACE('',#2873,0.4);
#2873 = AXIS2_PLACEMENT_3D('',#2874,#2875,#2876);
#2874 = CARTESIAN_POINT('',(0.4,12.3,0.));
#2875 = DIRECTION('',(0.,0.,1.));
#2876 = DIRECTION('',(0.556389998119,0.830921277855,-0.));
#2877 = ADVANCED_FACE('',(#2878),#2889,.T.);
#2878 = FACE_BOUND('',#2879,.T.);
#2879 = EDGE_LOOP('',(#2880,#2886,#2887,#2888));
#2880 = ORIENTED_EDGE('',*,*,#2881,.F.);
#2881 = EDGE_CURVE('',#1602,#156,#2882,.T.);
#2882 = LINE('',#2883,#2884);
#2883 = CARTESIAN_POINT('',(4.527444000752,10.017631488858,0.));
#2884 = VECTOR('',#2885,1.);
#2885 = DIRECTION('',(0.,0.,1.));
#2886 = ORIENTED_EDGE('',*,*,#1601,.T.);
#2887 = ORIENTED_EDGE('',*,*,#2864,.T.);
#2888 = ORIENTED_EDGE('',*,*,#164,.T.);
#2889 = PLANE('',#2890);
#2890 = AXIS2_PLACEMENT_3D('',#2891,#2892,#2893);
#2891 = CARTESIAN_POINT('',(0.622555999248,12.632368511142,0.));
#2892 = DIRECTION('',(0.556389998119,0.830921277855,0.));
#2893 = DIRECTION('',(0.,0.,-1.));
#2894 = ADVANCED_FACE('',(#2895),#2906,.F.);
#2895 = FACE_BOUND('',#2896,.F.);
#2896 = EDGE_LOOP('',(#2897,#2898,#2899,#2900));
#2897 = ORIENTED_EDGE('',*,*,#155,.F.);
#2898 = ORIENTED_EDGE('',*,*,#2881,.F.);
#2899 = ORIENTED_EDGE('',*,*,#1609,.F.);
#2900 = ORIENTED_EDGE('',*,*,#2901,.T.);
#2901 = EDGE_CURVE('',#1610,#148,#2902,.T.);
#2902 = LINE('',#2903,#2904);
#2903 = CARTESIAN_POINT('',(5.106012596507,10.532359620334,0.));
#2904 = VECTOR('',#2905,1.);
#2905 = DIRECTION('',(0.,0.,1.));
#2906 = CYLINDRICAL_SURFACE('',#2907,0.4);
#2907 = AXIS2_PLACEMENT_3D('',#2908,#2909,#2910);
#2908 = CARTESIAN_POINT('',(4.75,10.35,19.05));
#2909 = DIRECTION('',(0.,0.,1.));
#2910 = DIRECTION('',(0.556389998119,0.830921277855,-0.));
#2911 = ADVANCED_FACE('',(#2912),#2923,.T.);
#2912 = FACE_BOUND('',#2913,.T.);
#2913 = EDGE_LOOP('',(#2914,#2920,#2921,#2922));
#2914 = ORIENTED_EDGE('',*,*,#2915,.F.);
#2915 = EDGE_CURVE('',#1619,#139,#2916,.T.);
#2916 = LINE('',#2917,#2918);
#2917 = CARTESIAN_POINT('',(4.293987403493,12.117640379666,0.));
#2918 = VECTOR('',#2919,1.);
#2919 = DIRECTION('',(0.,0.,1.));
#2920 = ORIENTED_EDGE('',*,*,#1618,.T.);
#2921 = ORIENTED_EDGE('',*,*,#2901,.T.);
#2922 = ORIENTED_EDGE('',*,*,#147,.T.);
#2923 = PLANE('',#2924);
#2924 = AXIS2_PLACEMENT_3D('',#2925,#2926,#2927);
#2925 = CARTESIAN_POINT('',(5.106012596507,10.532359620334,0.));
#2926 = DIRECTION('',(-0.890031491268,-0.455899050834,0.));
#2927 = DIRECTION('',(0.,0.,1.));
#2928 = ADVANCED_FACE('',(#2929),#2940,.T.);
#2929 = FACE_BOUND('',#2930,.T.);
#2930 = EDGE_LOOP('',(#2931,#2937,#2938,#2939));
#2931 = ORIENTED_EDGE('',*,*,#2932,.F.);
#2932 = EDGE_CURVE('',#1627,#131,#2933,.T.);
#2933 = LINE('',#2934,#2935);
#2934 = CARTESIAN_POINT('',(4.993112851141,12.505605377804,0.));
#2935 = VECTOR('',#2936,1.);
#2936 = DIRECTION('',(0.,0.,1.));
#2937 = ORIENTED_EDGE('',*,*,#1626,.T.);
#2938 = ORIENTED_EDGE('',*,*,#2915,.T.);
#2939 = ORIENTED_EDGE('',*,*,#138,.T.);
#2940 = CYLINDRICAL_SURFACE('',#2941,0.4);
#2941 = AXIS2_PLACEMENT_3D('',#2942,#2943,#2944);
#2942 = CARTESIAN_POINT('',(4.65,12.3,0.));
#2943 = DIRECTION('',(0.,0.,1.));
#2944 = DIRECTION('',(0.857782127853,0.51401344451,-0.));
#2945 = ADVANCED_FACE('',(#2946),#2957,.T.);
#2946 = FACE_BOUND('',#2947,.T.);
#2947 = EDGE_LOOP('',(#2948,#2954,#2955,#2956));
#2948 = ORIENTED_EDGE('',*,*,#2949,.F.);
#2949 = EDGE_CURVE('',#1636,#122,#2950,.T.);
#2950 = LINE('',#2951,#2952);
#2951 = CARTESIAN_POINT('',(7.306887148859,8.644394622196,0.));
#2952 = VECTOR('',#2953,1.);
#2953 = DIRECTION('',(0.,0.,1.));
#2954 = ORIENTED_EDGE('',*,*,#1635,.T.);
#2955 = ORIENTED_EDGE('',*,*,#2932,.T.);
#2956 = ORIENTED_EDGE('',*,*,#130,.T.);
#2957 = PLANE('',#2958);
#2958 = AXIS2_PLACEMENT_3D('',#2959,#2960,#2961);
#2959 = CARTESIAN_POINT('',(4.993112851141,12.505605377804,0.));
#2960 = DIRECTION('',(0.857782127853,0.51401344451,0.));
#2961 = DIRECTION('',(0.,0.,-1.));
#2962 = ADVANCED_FACE('',(#2963),#2969,.F.);
#2963 = FACE_BOUND('',#2964,.F.);
#2964 = EDGE_LOOP('',(#2965,#2966,#2967,#2968));
#2965 = ORIENTED_EDGE('',*,*,#121,.F.);
#2966 = ORIENTED_EDGE('',*,*,#2949,.F.);
#2967 = ORIENTED_EDGE('',*,*,#1643,.F.);
#2968 = ORIENTED_EDGE('',*,*,#1707,.T.);
#2969 = CYLINDRICAL_SURFACE('',#2970,0.4);
#2970 = AXIS2_PLACEMENT_3D('',#2971,#2972,#2973);
#2971 = CARTESIAN_POINT('',(7.65,8.85,19.05));
#2972 = DIRECTION('',(0.,0.,1.));
#2973 = DIRECTION('',(0.857782127853,0.51401344451,-0.));
#2974 = ( GEOMETRIC_REPRESENTATION_CONTEXT(3) 
GLOBAL_UNCERTAINTY_ASSIGNED_CONTEXT((#2978)) 
GLOBAL_UNIT_ASSIGNED_CONTEXT((#2975,#2976,#2977)) REPRESENTATION_CONTEXT
('Context #1','3D Context with UNIT and UNCERTAINTY') );
#2975 = ( LENGTH_UNIT() NAMED_UNIT(*) SI_UNIT(.MILLI.,.METRE.) );
#2976 = ( NAMED_UNIT(*) PLANE_ANGLE_UNIT() SI_UNIT($,.RADIAN.) );
#2977 = ( NAMED_UNIT(*) SI_UNIT($,.STERADIAN.) SOLID_ANGLE_UNIT() );
#2978 = UNCERTAINTY_MEASURE_WITH_UNIT(LENGTH_MEASURE(2.E-07),#2975,
  'distance_accuracy_value','confusion accuracy');
#2979 = CONTEXT_DEPENDENT_SHAPE_REPRESENTATION(#2980,#2982);
#2980 = ( REPRESENTATION_RELATIONSHIP('','',#63,#32) 
REPRESENTATION_RELATIONSHIP_WITH_TRANSFORMATION(#2981) 
SHAPE_REPRESENTATION_RELATIONSHIP() );
#2981 = ITEM_DEFINED_TRANSFORMATION('','',#11,#33);
#2982 = PRODUCT_DEFINITION_SHAPE('Placement','Placement of an item',
  #2983);
#2983 = NEXT_ASSEMBLY_USAGE_OCCURRENCE('1','001020022','',#27,#58,$);
#2984 = PRODUCT_RELATED_PRODUCT_CATEGORY('part',$,(#60));
#2985 = SHAPE_DEFINITION_REPRESENTATION(#2986,#2992);
#2986 = PRODUCT_DEFINITION_SHAPE('','',#2987);
#2987 = PRODUCT_DEFINITION('design','',#2988,#2991);
#2988 = PRODUCT_DEFINITION_FORMATION('','',#2989);
#2989 = PRODUCT('A9001B20100008S','A9001B20100008S','',(#2990));
#2990 = PRODUCT_CONTEXT('',#2,'mechanical');
#2991 = PRODUCT_DEFINITION_CONTEXT('part definition',#2,'design');
#2992 = ADVANCED_BREP_SHAPE_REPRESENTATION('',(#11,#2993),#5611);
#2993 = MANIFOLD_SOLID_BREP('',#2994);
#2994 = CLOSED_SHELL('',(#2995,#3051,#3083,#3117,#3173,#3205,#3239,#3303
    ,#4030,#4055,#4090,#4132,#4157,#4193,#4235,#4260,#4296,#4903,#4925,
    #4942,#4959,#4981,#4998,#5015,#5037,#5054,#5071,#5093,#5110,#5127,
    #5149,#5166,#5183,#5205,#5222,#5239,#5261,#5278,#5295,#5317,#5334,
    #5351,#5373,#5386,#5403,#5425,#5442,#5454,#5466,#5478,#5490,#5502,
    #5514,#5526,#5538,#5550,#5562,#5574,#5586,#5598));
#2995 = ADVANCED_FACE('',(#2996),#3046,.T.);
#2996 = FACE_BOUND('',#2997,.T.);
#2997 = EDGE_LOOP('',(#2998,#3015,#3024,#3039));
#2998 = ORIENTED_EDGE('',*,*,#2999,.T.);
#2999 = EDGE_CURVE('',#3000,#3002,#3004,.T.);
#3000 = VERTEX_POINT('',#3001);
#3001 = CARTESIAN_POINT('',(0.465287670943,9.412781935447,
    -0.838534508187));
#3002 = VERTEX_POINT('',#3003);
#3003 = CARTESIAN_POINT('',(0.358621004276,9.312781935447,
    -0.975448508506));
#3004 = B_SPLINE_CURVE_WITH_KNOTS('',3,(#3005,#3006,#3007,#3008,#3009,
    #3010,#3011,#3012,#3013,#3014),.UNSPECIFIED.,.F.,.F.,(4,2,2,2,4),(
    5.484773424596E-02,5.857335135474E-02,6.344097171504E-02,
    6.916408163826E-02,7.515245872788E-02),.UNSPECIFIED.);
#3005 = CARTESIAN_POINT('',(0.465287670943,9.412781935447,
    -0.838534508187));
#3006 = CARTESIAN_POINT('',(0.465287670943,9.412781935447,
    -0.850953231883));
#3007 = CARTESIAN_POINT('',(0.4626822701,9.410339372157,-0.865421450035)
  );
#3008 = CARTESIAN_POINT('',(0.454371081292,9.402547632649,
    -0.891702599689));
#3009 = CARTESIAN_POINT('',(0.446161317927,9.394850979494,-0.9075916199)
  );
#3010 = CARTESIAN_POINT('',(0.428292463132,9.378098928124,
    -0.933014732793));
#3011 = CARTESIAN_POINT('',(0.41480438031,9.365453850478,-0.946514267163
    ));
#3012 = CARTESIAN_POINT('',(0.38955309282,9.341780768457,-0.964568235069
    ));
#3013 = CARTESIAN_POINT('',(0.37298988326,9.326252759494,-0.97220443762)
  );
#3014 = CARTESIAN_POINT('',(0.358621004276,9.312781935447,
    -0.975448508506));
#3015 = ORIENTED_EDGE('',*,*,#3016,.T.);
#3016 = EDGE_CURVE('',#3002,#3017,#3019,.T.);
#3017 = VERTEX_POINT('',#3018);
#3018 = CARTESIAN_POINT('',(0.431726711608,9.312781935447,
    -0.956010227746));
#3019 = CIRCLE('',#3020,1.);
#3020 = AXIS2_PLACEMENT_3D('',#3021,#3022,#3023);
#3021 = CARTESIAN_POINT('',(0.138393378275,9.312781935447,0.));
#3022 = DIRECTION('',(-3.785798E-17,1.,9.695427E-17));
#3023 = DIRECTION('',(-0.363727292656,-1.040834142451E-16,0.931505478555
    ));
#3024 = ORIENTED_EDGE('',*,*,#3025,.T.);
#3025 = EDGE_CURVE('',#3017,#3026,#3028,.T.);
#3026 = VERTEX_POINT('',#3027);
#3027 = CARTESIAN_POINT('',(0.538393378275,9.412781935447,-0.80622577483
    ));
#3028 = B_SPLINE_CURVE_WITH_KNOTS('',3,(#3029,#3030,#3031,#3032,#3033,
    #3034,#3035,#3036,#3037,#3038),.UNSPECIFIED.,.F.,.F.,(4,2,2,2,4),(0.
    ,6.031503591588E-03,1.198618190696E-02,1.71462032307E-02,
    2.107504684099E-02),.UNSPECIFIED.);
#3029 = CARTESIAN_POINT('',(0.431726711608,9.312781935447,
    -0.956010227746));
#3030 = CARTESIAN_POINT('',(0.446039858919,9.326200511051,-0.95161851405
    ));
#3031 = CARTESIAN_POINT('',(0.462380139825,9.3415195244,-0.942652599754)
  );
#3032 = CARTESIAN_POINT('',(0.487523739677,9.365091649262,
    -0.922441919095));
#3033 = CARTESIAN_POINT('',(0.501057528529,9.37777957631,-0.907502569445
    ));
#3034 = CARTESIAN_POINT('',(0.519054958527,9.394652166934,
    -0.879861359071));
#3035 = CARTESIAN_POINT('',(0.527359690102,9.402437852785,
    -0.862644284689));
#3036 = CARTESIAN_POINT('',(0.535741530598,9.41029582825,-0.834611131058
    ));
#3037 = CARTESIAN_POINT('',(0.538393378275,9.412781935447,
    -0.819321920197));
#3038 = CARTESIAN_POINT('',(0.538393378275,9.412781935447,-0.80622577483
    ));
#3039 = ORIENTED_EDGE('',*,*,#3040,.T.);
#3040 = EDGE_CURVE('',#3026,#3000,#3041,.T.);
#3041 = CIRCLE('',#3042,0.9);
#3042 = AXIS2_PLACEMENT_3D('',#3043,#3044,#3045);
#3043 = CARTESIAN_POINT('',(0.138393378275,9.412781935447,0.));
#3044 = DIRECTION('',(4.016244E-17,-1.,-1.02856E-16));
#3045 = DIRECTION('',(-0.363727292656,-1.104191030699E-16,0.931505478555
    ));
#3046 = TOROIDAL_SURFACE('',#3047,0.9,0.1);
#3047 = AXIS2_PLACEMENT_3D('',#3048,#3049,#3050);
#3048 = CARTESIAN_POINT('',(0.138393378275,9.312781935447,0.));
#3049 = DIRECTION('',(0.,-1.,0.));
#3050 = DIRECTION('',(0.,0.,-1.));
#3051 = ADVANCED_FACE('',(#3052),#3078,.T.);
#3052 = FACE_BOUND('',#3053,.T.);
#3053 = EDGE_LOOP('',(#3054,#3055,#3063,#3072));
#3054 = ORIENTED_EDGE('',*,*,#3040,.F.);
#3055 = ORIENTED_EDGE('',*,*,#3056,.T.);
#3056 = EDGE_CURVE('',#3026,#3057,#3059,.T.);
#3057 = VERTEX_POINT('',#3058);
#3058 = CARTESIAN_POINT('',(0.538393378275,9.412781935447,
    -0.634428877022));
#3059 = LINE('',#3060,#3061);
#3060 = CARTESIAN_POINT('',(0.538393378275,9.412781935447,-0.80622577483
    ));
#3061 = VECTOR('',#3062,1.);
#3062 = DIRECTION('',(0.,0.,1.));
#3063 = ORIENTED_EDGE('',*,*,#3064,.T.);
#3064 = EDGE_CURVE('',#3057,#3065,#3067,.T.);
#3065 = VERTEX_POINT('',#3066);
#3066 = CARTESIAN_POINT('',(0.465287670943,9.412781935447,
    -0.675011200959));
#3067 = CIRCLE('',#3068,0.75);
#3068 = AXIS2_PLACEMENT_3D('',#3069,#3070,#3071);
#3069 = CARTESIAN_POINT('',(0.138393378275,9.412781935447,0.));
#3070 = DIRECTION('',(0.,-1.,0.));
#3071 = DIRECTION('',(1.,0.,0.));
#3072 = ORIENTED_EDGE('',*,*,#3073,.T.);
#3073 = EDGE_CURVE('',#3065,#3000,#3074,.T.);
#3074 = LINE('',#3075,#3076);
#3075 = CARTESIAN_POINT('',(0.465287670943,9.412781935447,
    -0.675011200959));
#3076 = VECTOR('',#3077,1.);
#3077 = DIRECTION('',(0.,0.,-1.));
#3078 = PLANE('',#3079);
#3079 = AXIS2_PLACEMENT_3D('',#3080,#3081,#3082);
#3080 = CARTESIAN_POINT('',(1.013393378275,9.412781935447,0.));
#3081 = DIRECTION('',(0.,1.,0.));
#3082 = DIRECTION('',(0.,-0.,1.));
#3083 = ADVANCED_FACE('',(#3084),#3112,.T.);
#3084 = FACE_BOUND('',#3085,.T.);
#3085 = EDGE_LOOP('',(#3086,#3087,#3096,#3104,#3111));
#3086 = ORIENTED_EDGE('',*,*,#3025,.F.);
#3087 = ORIENTED_EDGE('',*,*,#3088,.F.);
#3088 = EDGE_CURVE('',#3089,#3017,#3091,.T.);
#3089 = VERTEX_POINT('',#3090);
#3090 = CARTESIAN_POINT('',(-0.105972018175,8.808689376275,
    -0.969683223026));
#3091 = ELLIPSE('',#3092,1.370732012466,1.);
#3092 = AXIS2_PLACEMENT_3D('',#3093,#3094,#3095);
#3093 = CARTESIAN_POINT('',(0.138393378275,9.037781935447,0.));
#3094 = DIRECTION('',(0.683941128881,-0.72953720414,0.));
#3095 = DIRECTION('',(0.72953720414,0.683941128881,0.));
#3096 = ORIENTED_EDGE('',*,*,#3097,.F.);
#3097 = EDGE_CURVE('',#3098,#3089,#3100,.T.);
#3098 = VERTEX_POINT('',#3099);
#3099 = CARTESIAN_POINT('',(-0.105972018175,8.808689376275,
    -0.709073728901));
#3100 = LINE('',#3101,#3102);
#3101 = CARTESIAN_POINT('',(-0.105972018175,8.808689376275,
    -0.709073728901));
#3102 = VECTOR('',#3103,1.);
#3103 = DIRECTION('',(0.,0.,-1.));
#3104 = ORIENTED_EDGE('',*,*,#3105,.F.);
#3105 = EDGE_CURVE('',#3057,#3098,#3106,.T.);
#3106 = ELLIPSE('',#3107,1.02804900935,0.75);
#3107 = AXIS2_PLACEMENT_3D('',#3108,#3109,#3110);
#3108 = CARTESIAN_POINT('',(0.138393378275,9.037781935447,0.));
#3109 = DIRECTION('',(-0.683941128881,0.72953720414,0.));
#3110 = DIRECTION('',(0.72953720414,0.683941128881,0.));
#3111 = ORIENTED_EDGE('',*,*,#3056,.F.);
#3112 = PLANE('',#3113);
#3113 = AXIS2_PLACEMENT_3D('',#3114,#3115,#3116);
#3114 = CARTESIAN_POINT('',(-0.261606621725,8.662781935447,0.));
#3115 = DIRECTION('',(-0.683941128881,0.72953720414,0.));
#3116 = DIRECTION('',(0.,0.,1.));
#3117 = ADVANCED_FACE('',(#3118),#3168,.T.);
#3118 = FACE_BOUND('',#3119,.T.);
#3119 = EDGE_LOOP('',(#3120,#3137,#3146,#3161));
#3120 = ORIENTED_EDGE('',*,*,#3121,.T.);
#3121 = EDGE_CURVE('',#3122,#3124,#3126,.T.);
#3122 = VERTEX_POINT('',#3123);
#3123 = CARTESIAN_POINT('',(-0.174712329057,-0.487218064553,
    -0.949718282459));
#3124 = VERTEX_POINT('',#3125);
#3125 = CARTESIAN_POINT('',(-6.804566239025E-02,-0.587218064553,
    -0.876003951184));
#3126 = B_SPLINE_CURVE_WITH_KNOTS('',3,(#3127,#3128,#3129,#3130,#3131,
    #3132,#3133,#3134,#3135,#3136),.UNSPECIFIED.,.F.,.F.,(4,2,2,2,4),(0.
    ,6.024816507556E-03,1.067034513155E-02,1.440094128456E-02,
    1.77629417214E-02),.UNSPECIFIED.);
#3127 = CARTESIAN_POINT('',(-0.174712329057,-0.487218064553,
    -0.949718282459));
#3128 = CARTESIAN_POINT('',(-0.160467461707,-0.500572627693,
    -0.954414569084));
#3129 = CARTESIAN_POINT('',(-0.142934913148,-0.517009391967,
    -0.956208209079));
#3130 = CARTESIAN_POINT('',(-0.117230339002,-0.541107430229,
    -0.951347238652));
#3131 = CARTESIAN_POINT('',(-0.104308095349,-0.553222033654,
    -0.945730568643));
#3132 = CARTESIAN_POINT('',(-8.698148567685E-02,-0.569465730222,
    -0.931051313062));
#3133 = CARTESIAN_POINT('',(-7.91309626485E-02,-0.576825595561,
    -0.920713071777));
#3134 = CARTESIAN_POINT('',(-7.053024629785E-02,-0.584888767139,
    -0.900220229883));
#3135 = CARTESIAN_POINT('',(-6.804566239025E-02,-0.587218064553,
    -0.887210619306));
#3136 = CARTESIAN_POINT('',(-6.804566239025E-02,-0.587218064553,
    -0.876003951184));
#3137 = ORIENTED_EDGE('',*,*,#3138,.T.);
#3138 = EDGE_CURVE('',#3124,#3139,#3141,.T.);
#3139 = VERTEX_POINT('',#3140);
#3140 = CARTESIAN_POINT('',(5.060044941287E-03,-0.587218064553,
    -0.890068661521));
#3141 = CIRCLE('',#3142,0.9);
#3142 = AXIS2_PLACEMENT_3D('',#3143,#3144,#3145);
#3143 = CARTESIAN_POINT('',(0.138393378275,-0.587218064553,0.));
#3144 = DIRECTION('',(-8.773692E-18,1.,-5.085774E-17));
#3145 = DIRECTION('',(0.17000317885,5.160898554727E-17,0.985443513947));
#3146 = ORIENTED_EDGE('',*,*,#3147,.T.);
#3147 = EDGE_CURVE('',#3139,#3148,#3150,.T.);
#3148 = VERTEX_POINT('',#3149);
#3149 = CARTESIAN_POINT('',(-0.101606621725,-0.487218064553,
    -0.970772887961));
#3150 = B_SPLINE_CURVE_WITH_KNOTS('',3,(#3151,#3152,#3153,#3154,#3155,
    #3156,#3157,#3158,#3159,#3160),.UNSPECIFIED.,.F.,.F.,(4,2,2,2,4),(
    5.75427740436E-02,6.086775296774E-02,6.469406668588E-02,
    6.945003880228E-02,7.543088787474E-02),.UNSPECIFIED.);
#3151 = CARTESIAN_POINT('',(5.06004494128E-03,-0.587218064553,
    -0.890068661521));
#3152 = CARTESIAN_POINT('',(5.06004494128E-03,-0.587218064553,
    -0.901151924602));
#3153 = CARTESIAN_POINT('',(2.571811373095E-03,-0.584885345583,
    -0.914007074288));
#3154 = CARTESIAN_POINT('',(-5.908278302355E-03,-0.576935261512,
    -0.934818547691));
#3155 = CARTESIAN_POINT('',(-1.378482786328E-02,-0.569550996299,
    -0.945666746665));
#3156 = CARTESIAN_POINT('',(-3.115839163675E-02,-0.553263280261,
    -0.961518102399));
#3157 = CARTESIAN_POINT('',(-4.418334837819E-02,-0.541052383316,
    -0.968087183768));
#3158 = CARTESIAN_POINT('',(-6.984274752772E-02,-0.516996696613,
    -0.974705386588));
#3159 = CARTESIAN_POINT('',(-8.729338927479E-02,-0.500636719975,
    -0.974311486773));
#3160 = CARTESIAN_POINT('',(-0.101606621725,-0.487218064553,
    -0.970772887961));
#3161 = ORIENTED_EDGE('',*,*,#3162,.T.);
#3162 = EDGE_CURVE('',#3148,#3122,#3163,.T.);
#3163 = CIRCLE('',#3164,1.);
#3164 = AXIS2_PLACEMENT_3D('',#3165,#3166,#3167);
#3165 = CARTESIAN_POINT('',(0.138393378275,-0.487218064553,0.));
#3166 = DIRECTION('',(8.847255E-18,-1.,5.128416E-17));
#3167 = DIRECTION('',(0.17000317885,5.204170431433E-17,0.985443513947));
#3168 = TOROIDAL_SURFACE('',#3169,0.9,0.1);
#3169 = AXIS2_PLACEMENT_3D('',#3170,#3171,#3172);
#3170 = CARTESIAN_POINT('',(0.138393378275,-0.487218064553,0.));
#3171 = DIRECTION('',(0.,-1.,0.));
#3172 = DIRECTION('',(0.,0.,-1.));
#3173 = ADVANCED_FACE('',(#3174),#3200,.T.);
#3174 = FACE_BOUND('',#3175,.T.);
#3175 = EDGE_LOOP('',(#3176,#3177,#3185,#3194));
#3176 = ORIENTED_EDGE('',*,*,#3138,.F.);
#3177 = ORIENTED_EDGE('',*,*,#3178,.T.);
#3178 = EDGE_CURVE('',#3124,#3179,#3181,.T.);
#3179 = VERTEX_POINT('',#3180);
#3180 = CARTESIAN_POINT('',(-6.804566239025E-02,-0.587218064553,
    -0.721029071875));
#3181 = LINE('',#3182,#3183);
#3182 = CARTESIAN_POINT('',(-6.804566239025E-02,-0.587218064553,
    -0.876003951184));
#3183 = VECTOR('',#3184,1.);
#3184 = DIRECTION('',(0.,0.,1.));
#3185 = ORIENTED_EDGE('',*,*,#3186,.F.);
#3186 = EDGE_CURVE('',#3187,#3179,#3189,.T.);
#3187 = VERTEX_POINT('',#3188);
#3188 = CARTESIAN_POINT('',(5.060044941286E-03,-0.587218064553,
    -0.738052994183));
#3189 = CIRCLE('',#3190,0.75);
#3190 = AXIS2_PLACEMENT_3D('',#3191,#3192,#3193);
#3191 = CARTESIAN_POINT('',(0.138393378275,-0.587218064553,0.));
#3192 = DIRECTION('',(0.,-1.,0.));
#3193 = DIRECTION('',(1.,0.,0.));
#3194 = ORIENTED_EDGE('',*,*,#3195,.T.);
#3195 = EDGE_CURVE('',#3187,#3139,#3196,.T.);
#3196 = LINE('',#3197,#3198);
#3197 = CARTESIAN_POINT('',(5.060044941287E-03,-0.587218064553,
    -0.738052994183));
#3198 = VECTOR('',#3199,1.);
#3199 = DIRECTION('',(0.,0.,-1.));
#3200 = PLANE('',#3201);
#3201 = AXIS2_PLACEMENT_3D('',#3202,#3203,#3204);
#3202 = CARTESIAN_POINT('',(1.013393378275,-0.587218064553,0.));
#3203 = DIRECTION('',(0.,-1.,0.));
#3204 = DIRECTION('',(0.,0.,-1.));
#3205 = ADVANCED_FACE('',(#3206),#3234,.T.);
#3206 = FACE_BOUND('',#3207,.T.);
#3207 = EDGE_LOOP('',(#3208,#3209,#3218,#3226,#3233));
#3208 = ORIENTED_EDGE('',*,*,#3121,.F.);
#3209 = ORIENTED_EDGE('',*,*,#3210,.F.);
#3210 = EDGE_CURVE('',#3211,#3122,#3213,.T.);
#3211 = VERTEX_POINT('',#3212);
#3212 = CARTESIAN_POINT('',(-0.179077725507,-0.483125505381,
    -0.94826794645));
#3213 = ELLIPSE('',#3214,1.370732012466,1.);
#3214 = AXIS2_PLACEMENT_3D('',#3215,#3216,#3217);
#3215 = CARTESIAN_POINT('',(0.138393378275,-0.780754665176,0.));
#3216 = DIRECTION('',(-0.683941128881,-0.72953720414,0.));
#3217 = DIRECTION('',(0.72953720414,-0.683941128881,0.));
#3218 = ORIENTED_EDGE('',*,*,#3219,.F.);
#3219 = EDGE_CURVE('',#3220,#3211,#3222,.T.);
#3220 = VERTEX_POINT('',#3221);
#3221 = CARTESIAN_POINT('',(-0.179077725507,-0.483125505381,
    -0.679494001639));
#3222 = LINE('',#3223,#3224);
#3223 = CARTESIAN_POINT('',(-0.179077725507,-0.483125505381,
    -0.679494001639));
#3224 = VECTOR('',#3225,1.);
#3225 = DIRECTION('',(0.,0.,-1.));
#3226 = ORIENTED_EDGE('',*,*,#3227,.F.);
#3227 = EDGE_CURVE('',#3179,#3220,#3228,.T.);
#3228 = ELLIPSE('',#3229,1.02804900935,0.75);
#3229 = AXIS2_PLACEMENT_3D('',#3230,#3231,#3232);
#3230 = CARTESIAN_POINT('',(0.138393378275,-0.780754665176,0.));
#3231 = DIRECTION('',(0.683941128881,0.72953720414,0.));
#3232 = DIRECTION('',(0.72953720414,-0.683941128881,0.));
#3233 = ORIENTED_EDGE('',*,*,#3178,.F.);
#3234 = PLANE('',#3235);
#3235 = AXIS2_PLACEMENT_3D('',#3236,#3237,#3238);
#3236 = CARTESIAN_POINT('',(-0.334712329057,-0.337218064553,0.));
#3237 = DIRECTION('',(0.683941128881,0.72953720414,0.));
#3238 = DIRECTION('',(0.,0.,-1.));
#3239 = ADVANCED_FACE('',(#3240),#3298,.T.);
#3240 = FACE_BOUND('',#3241,.T.);
#3241 = EDGE_LOOP('',(#3242,#3264,#3272,#3292));
#3242 = ORIENTED_EDGE('',*,*,#3243,.T.);
#3243 = EDGE_CURVE('',#3244,#3246,#3248,.T.);
#3244 = VERTEX_POINT('',#3245);
#3245 = CARTESIAN_POINT('',(0.309653067393,7.766874494619,
    -0.985225922762));
#3246 = VERTEX_POINT('',#3247);
#3247 = CARTESIAN_POINT('',(0.309653067393,8.058689376275,
    -0.985225922762));
#3248 = B_SPLINE_CURVE_WITH_KNOTS('',3,(#3249,#3250,#3251,#3252,#3253,
    #3254,#3255,#3256,#3257,#3258,#3259,#3260,#3261,#3262,#3263),
  .UNSPECIFIED.,.F.,.F.,(4,2,2,3,2,2,4),(0.105150197393,0.105812679011,
    0.113370874797,0.120929070582,0.128487266368,0.136045462153,
    0.136707943771),.UNSPECIFIED.);
#3249 = CARTESIAN_POINT('',(0.309653067393,7.766874494619,
    -0.985225922762));
#3250 = CARTESIAN_POINT('',(0.311269231589,7.768389648553,
    -0.984944988439));
#3251 = CARTESIAN_POINT('',(0.312851770118,7.76992375502,-0.984665802287
    ));
#3252 = CARTESIAN_POINT('',(0.332059868724,7.789162722266,
    -0.981231441877));
#3253 = CARTESIAN_POINT('',(0.347411124394,7.811568952552,
    -0.977959857733));
#3254 = CARTESIAN_POINT('',(0.367812111687,7.860780964272,
    -0.973392437584));
#3255 = CARTESIAN_POINT('',(0.372864841617,7.887587949496,
    -0.972123002957));
#3256 = CARTESIAN_POINT('',(0.372864841617,7.912781935447,
    -0.972123002957));
#3257 = CARTESIAN_POINT('',(0.372864841617,7.937975921399,
    -0.972123002957));
#3258 = CARTESIAN_POINT('',(0.367812111687,7.964782906623,
    -0.973392437584));
#3259 = CARTESIAN_POINT('',(0.347411124394,8.013994918342,
    -0.977959857733));
#3260 = CARTESIAN_POINT('',(0.332059868724,8.036401148628,
    -0.981231441877));
#3261 = CARTESIAN_POINT('',(0.312851770118,8.055640115875,
    -0.984665802287));
#3262 = CARTESIAN_POINT('',(0.311269231589,8.057174222342,
    -0.984944988439));
#3263 = CARTESIAN_POINT('',(0.309653067393,8.058689376275,
    -0.985225922762));
#3264 = ORIENTED_EDGE('',*,*,#3265,.T.);
#3265 = EDGE_CURVE('',#3246,#3266,#3268,.T.);
#3266 = VERTEX_POINT('',#3267);
#3267 = CARTESIAN_POINT('',(0.309653067393,8.058689376275,
    -0.730184989494));
#3268 = LINE('',#3269,#3270);
#3269 = CARTESIAN_POINT('',(0.309653067393,8.058689376275,
    -0.985225922762));
#3270 = VECTOR('',#3271,1.);
#3271 = DIRECTION('',(0.,0.,1.));
#3272 = ORIENTED_EDGE('',*,*,#3273,.T.);
#3273 = EDGE_CURVE('',#3266,#3274,#3276,.T.);
#3274 = VERTEX_POINT('',#3275);
#3275 = CARTESIAN_POINT('',(0.309653067393,7.766874494619,
    -0.730184989494));
#3276 = B_SPLINE_CURVE_WITH_KNOTS('',3,(#3277,#3278,#3279,#3280,#3281,
    #3282,#3283,#3284,#3285,#3286,#3287,#3288,#3289,#3290,#3291),
  .UNSPECIFIED.,.F.,.F.,(4,2,2,3,2,2,4),(0.105407629036,0.106087146357,
    0.113666111282,0.121245076206,0.128824041131,0.136403006056,
    0.137082523377),.UNSPECIFIED.);
#3277 = CARTESIAN_POINT('',(0.309653067393,8.058689376275,
    -0.730184989494));
#3278 = CARTESIAN_POINT('',(0.311300668422,8.057144750311,
    -0.729798556407));
#3279 = CARTESIAN_POINT('',(0.312913263718,8.055580482125,
    -0.729414450196));
#3280 = CARTESIAN_POINT('',(0.332073943968,8.036364504558,-0.72478623063
    ));
#3281 = CARTESIAN_POINT('',(0.347391266143,8.014026033498,
    -0.720359367815));
#3282 = CARTESIAN_POINT('',(0.367783921024,7.964867625382,-0.71415029402
    ));
#3283 = CARTESIAN_POINT('',(0.372864841617,7.938045151863,
    -0.712406578351));
#3284 = CARTESIAN_POINT('',(0.372864841617,7.912781935447,
    -0.712406578351));
#3285 = CARTESIAN_POINT('',(0.372864841617,7.887518719032,
    -0.712406578351));
#3286 = CARTESIAN_POINT('',(0.367783921024,7.860696245512,-0.71415029402
    ));
#3287 = CARTESIAN_POINT('',(0.347391266143,7.811537837396,
    -0.720359367815));
#3288 = CARTESIAN_POINT('',(0.332073943968,7.789199366336,-0.72478623063
    ));
#3289 = CARTESIAN_POINT('',(0.312913263718,7.76998338877,-0.729414450196
    ));
#3290 = CARTESIAN_POINT('',(0.311300668422,7.768419120583,
    -0.729798556407));
#3291 = CARTESIAN_POINT('',(0.309653067393,7.766874494619,
    -0.730184989494));
#3292 = ORIENTED_EDGE('',*,*,#3293,.T.);
#3293 = EDGE_CURVE('',#3274,#3244,#3294,.T.);
#3294 = LINE('',#3295,#3296);
#3295 = CARTESIAN_POINT('',(0.309653067393,7.766874494619,
    -0.730184989494));
#3296 = VECTOR('',#3297,1.);
#3297 = DIRECTION('',(0.,0.,-1.));
#3298 = CYLINDRICAL_SURFACE('',#3299,0.2);
#3299 = AXIS2_PLACEMENT_3D('',#3300,#3301,#3302);
#3300 = CARTESIAN_POINT('',(0.172864841617,7.912781935447,0.));
#3301 = DIRECTION('',(0.,0.,-1.));
#3302 = DIRECTION('',(1.,0.,0.));
#3303 = ADVANCED_FACE('',(#3304),#4025,.F.);
#3304 = FACE_BOUND('',#3305,.F.);
#3305 = EDGE_LOOP('',(#3306,#3315,#3334,#3343,#3363,#3372,#3391,#3400,
    #3420,#3429,#3448,#3457,#3477,#3486,#3505,#3514,#3534,#3543,#3562,
    #3571,#3591,#3600,#3617,#3618,#3619,#3628,#3647,#3656,#3676,#3685,
    #3704,#3713,#3733,#3742,#3761,#3770,#3790,#3799,#3818,#3827,#3847,
    #3856,#3875,#3884,#3904,#3913,#3932,#3941,#3961,#3970,#3987,#3988,
    #3989,#3998,#4017,#4024));
#3306 = ORIENTED_EDGE('',*,*,#3307,.F.);
#3307 = EDGE_CURVE('',#3308,#3274,#3310,.T.);
#3308 = VERTEX_POINT('',#3309);
#3309 = CARTESIAN_POINT('',(-0.179077725507,7.308689376275,
    -0.679494001639));
#3310 = ELLIPSE('',#3311,1.02804900935,0.75);
#3311 = AXIS2_PLACEMENT_3D('',#3312,#3313,#3314);
#3312 = CARTESIAN_POINT('',(0.138393378275,7.60631853607,0.));
#3313 = DIRECTION('',(0.683941128881,-0.72953720414,0.));
#3314 = DIRECTION('',(0.72953720414,0.683941128881,0.));
#3315 = ORIENTED_EDGE('',*,*,#3316,.T.);
#3316 = EDGE_CURVE('',#3308,#3317,#3319,.T.);
#3317 = VERTEX_POINT('',#3318);
#3318 = CARTESIAN_POINT('',(-0.179077725507,7.016874494619,
    -0.679494001639));
#3319 = B_SPLINE_CURVE_WITH_KNOTS('',3,(#3320,#3321,#3322,#3323,#3324,
    #3325,#3326,#3327,#3328,#3329,#3330,#3331,#3332,#3333),
  .UNSPECIFIED.,.F.,.F.,(4,2,2,2,2,2,4),(-7.77748389416E-02,
    -7.682678601682E-02,-6.922206203352E-02,-6.161733805022E-02,
    -5.401261406692E-02,-4.640789008361E-02,-4.545983715884E-02),
  .UNSPECIFIED.);
#3320 = CARTESIAN_POINT('',(-0.179077725507,7.308689376275,
    -0.679494001639));
#3321 = CARTESIAN_POINT('',(-0.18129326733,7.306612305816,
    -0.678458862982));
#3322 = CARTESIAN_POINT('',(-0.183448018337,7.304497340673,
    -0.677438922337));
#3323 = CARTESIAN_POINT('',(-0.202317242152,7.285130390991,
    -0.668402808634));
#3324 = CARTESIAN_POINT('',(-0.217191318173,7.263289901435,
    -0.660433596988));
#3325 = CARTESIAN_POINT('',(-0.237168892092,7.214792454993,
    -0.649309388221));
#3326 = CARTESIAN_POINT('',(-0.242289499731,7.188131015392,
    -0.646204724831));
#3327 = CARTESIAN_POINT('',(-0.242289499731,7.137432855503,
    -0.646204724831));
#3328 = CARTESIAN_POINT('',(-0.237168892092,7.110771415901,
    -0.649309388221));
#3329 = CARTESIAN_POINT('',(-0.217191318173,7.062273969459,
    -0.660433596988));
#3330 = CARTESIAN_POINT('',(-0.202317242152,7.040433479903,
    -0.668402808634));
#3331 = CARTESIAN_POINT('',(-0.183448018337,7.021066530222,
    -0.677438922337));
#3332 = CARTESIAN_POINT('',(-0.18129326733,7.018951565079,
    -0.678458862982));
#3333 = CARTESIAN_POINT('',(-0.179077725507,7.016874494619,
    -0.679494001639));
#3334 = ORIENTED_EDGE('',*,*,#3335,.F.);
#3335 = EDGE_CURVE('',#3336,#3317,#3338,.T.);
#3336 = VERTEX_POINT('',#3337);
#3337 = CARTESIAN_POINT('',(0.309653067393,6.558689376275,
    -0.730184989494));
#3338 = ELLIPSE('',#3339,1.02804900935,0.75);
#3339 = AXIS2_PLACEMENT_3D('',#3340,#3341,#3342);
#3340 = CARTESIAN_POINT('',(0.138393378275,6.719245334824,0.));
#3341 = DIRECTION('',(0.683941128881,0.72953720414,0.));
#3342 = DIRECTION('',(0.72953720414,-0.683941128881,0.));
#3343 = ORIENTED_EDGE('',*,*,#3344,.T.);
#3344 = EDGE_CURVE('',#3336,#3345,#3347,.T.);
#3345 = VERTEX_POINT('',#3346);
#3346 = CARTESIAN_POINT('',(0.309653067393,6.266874494619,
    -0.730184989494));
#3347 = B_SPLINE_CURVE_WITH_KNOTS('',3,(#3348,#3349,#3350,#3351,#3352,
    #3353,#3354,#3355,#3356,#3357,#3358,#3359,#3360,#3361,#3362),
  .UNSPECIFIED.,.F.,.F.,(4,2,2,3,2,2,4),(-1.583744717044E-02,
    -1.515792984926E-02,-7.578964924629E-03,0.,7.578964924629E-03,
    1.515792984926E-02,1.583744717044E-02),.UNSPECIFIED.);
#3348 = CARTESIAN_POINT('',(0.309653067393,6.558689376275,
    -0.730184989494));
#3349 = CARTESIAN_POINT('',(0.311300668422,6.557144750311,
    -0.729798556407));
#3350 = CARTESIAN_POINT('',(0.312913263718,6.555580482125,
    -0.729414450196));
#3351 = CARTESIAN_POINT('',(0.332073943968,6.536364504558,-0.72478623063
    ));
#3352 = CARTESIAN_POINT('',(0.347391266143,6.514026033498,
    -0.720359367815));
#3353 = CARTESIAN_POINT('',(0.367783921024,6.464867625382,-0.71415029402
    ));
#3354 = CARTESIAN_POINT('',(0.372864841617,6.438045151863,
    -0.712406578351));
#3355 = CARTESIAN_POINT('',(0.372864841617,6.412781935447,
    -0.712406578351));
#3356 = CARTESIAN_POINT('',(0.372864841617,6.387518719032,
    -0.712406578351));
#3357 = CARTESIAN_POINT('',(0.367783921024,6.360696245512,
    -0.714150294019));
#3358 = CARTESIAN_POINT('',(0.347391266143,6.311537837396,
    -0.720359367815));
#3359 = CARTESIAN_POINT('',(0.332073943968,6.289199366336,-0.72478623063
    ));
#3360 = CARTESIAN_POINT('',(0.312913263718,6.26998338877,-0.729414450196
    ));
#3361 = CARTESIAN_POINT('',(0.311300668422,6.268419120583,
    -0.729798556407));
#3362 = CARTESIAN_POINT('',(0.309653067393,6.266874494619,
    -0.730184989494));
#3363 = ORIENTED_EDGE('',*,*,#3364,.F.);
#3364 = EDGE_CURVE('',#3365,#3345,#3367,.T.);
#3365 = VERTEX_POINT('',#3366);
#3366 = CARTESIAN_POINT('',(-0.179077725507,5.808689376275,
    -0.679494001639));
#3367 = ELLIPSE('',#3368,1.02804900935,0.75);
#3368 = AXIS2_PLACEMENT_3D('',#3369,#3370,#3371);
#3369 = CARTESIAN_POINT('',(0.138393378275,6.10631853607,0.));
#3370 = DIRECTION('',(0.683941128881,-0.72953720414,0.));
#3371 = DIRECTION('',(0.72953720414,0.683941128881,0.));
#3372 = ORIENTED_EDGE('',*,*,#3373,.T.);
#3373 = EDGE_CURVE('',#3365,#3374,#3376,.T.);
#3374 = VERTEX_POINT('',#3375);
#3375 = CARTESIAN_POINT('',(-0.179077725507,5.516874494619,
    -0.679494001639));
#3376 = B_SPLINE_CURVE_WITH_KNOTS('',3,(#3377,#3378,#3379,#3380,#3381,
    #3382,#3383,#3384,#3385,#3386,#3387,#3388,#3389,#3390),
  .UNSPECIFIED.,.F.,.F.,(4,2,2,2,2,2,4),(-7.77748389416E-02,
    -7.682678601682E-02,-6.922206203352E-02,-6.161733805022E-02,
    -5.401261406692E-02,-4.640789008361E-02,-4.545983715884E-02),
  .UNSPECIFIED.);
#3377 = CARTESIAN_POINT('',(-0.179077725507,5.808689376275,
    -0.679494001639));
#3378 = CARTESIAN_POINT('',(-0.18129326733,5.806612305816,
    -0.678458862982));
#3379 = CARTESIAN_POINT('',(-0.183448018337,5.804497340673,
    -0.677438922337));
#3380 = CARTESIAN_POINT('',(-0.202317242152,5.785130390991,
    -0.668402808634));
#3381 = CARTESIAN_POINT('',(-0.217191318173,5.763289901435,
    -0.660433596988));
#3382 = CARTESIAN_POINT('',(-0.237168892092,5.714792454993,
    -0.649309388221));
#3383 = CARTESIAN_POINT('',(-0.242289499731,5.688131015392,
    -0.646204724831));
#3384 = CARTESIAN_POINT('',(-0.242289499731,5.637432855503,
    -0.646204724831));
#3385 = CARTESIAN_POINT('',(-0.237168892092,5.610771415901,
    -0.649309388221));
#3386 = CARTESIAN_POINT('',(-0.217191318173,5.562273969459,
    -0.660433596988));
#3387 = CARTESIAN_POINT('',(-0.202317242152,5.540433479903,
    -0.668402808634));
#3388 = CARTESIAN_POINT('',(-0.183448018337,5.521066530222,
    -0.677438922337));
#3389 = CARTESIAN_POINT('',(-0.18129326733,5.518951565079,
    -0.678458862982));
#3390 = CARTESIAN_POINT('',(-0.179077725507,5.516874494619,
    -0.679494001639));
#3391 = ORIENTED_EDGE('',*,*,#3392,.F.);
#3392 = EDGE_CURVE('',#3393,#3374,#3395,.T.);
#3393 = VERTEX_POINT('',#3394);
#3394 = CARTESIAN_POINT('',(0.309653067393,5.058689376275,
    -0.730184989494));
#3395 = ELLIPSE('',#3396,1.02804900935,0.75);
#3396 = AXIS2_PLACEMENT_3D('',#3397,#3398,#3399);
#3397 = CARTESIAN_POINT('',(0.138393378275,5.219245334824,0.));
#3398 = DIRECTION('',(0.683941128881,0.72953720414,0.));
#3399 = DIRECTION('',(0.72953720414,-0.683941128881,0.));
#3400 = ORIENTED_EDGE('',*,*,#3401,.T.);
#3401 = EDGE_CURVE('',#3393,#3402,#3404,.T.);
#3402 = VERTEX_POINT('',#3403);
#3403 = CARTESIAN_POINT('',(0.309653067393,4.766874494619,
    -0.730184989494));
#3404 = B_SPLINE_CURVE_WITH_KNOTS('',3,(#3405,#3406,#3407,#3408,#3409,
    #3410,#3411,#3412,#3413,#3414,#3415,#3416,#3417,#3418,#3419),
  .UNSPECIFIED.,.F.,.F.,(4,2,2,3,2,2,4),(-1.583744717044E-02,
    -1.515792984926E-02,-7.578964924629E-03,0.,7.578964924629E-03,
    1.515792984926E-02,1.583744717044E-02),.UNSPECIFIED.);
#3405 = CARTESIAN_POINT('',(0.309653067393,5.058689376275,
    -0.730184989494));
#3406 = CARTESIAN_POINT('',(0.311300668422,5.057144750311,
    -0.729798556407));
#3407 = CARTESIAN_POINT('',(0.312913263718,5.055580482125,
    -0.729414450196));
#3408 = CARTESIAN_POINT('',(0.332073943968,5.036364504558,-0.72478623063
    ));
#3409 = CARTESIAN_POINT('',(0.347391266143,5.014026033498,
    -0.720359367815));
#3410 = CARTESIAN_POINT('',(0.367783921024,4.964867625382,
    -0.714150294019));
#3411 = CARTESIAN_POINT('',(0.372864841617,4.938045151863,
    -0.712406578351));
#3412 = CARTESIAN_POINT('',(0.372864841617,4.912781935447,
    -0.712406578351));
#3413 = CARTESIAN_POINT('',(0.372864841617,4.887518719032,
    -0.712406578351));
#3414 = CARTESIAN_POINT('',(0.367783921024,4.860696245512,
    -0.714150294019));
#3415 = CARTESIAN_POINT('',(0.347391266143,4.811537837396,
    -0.720359367815));
#3416 = CARTESIAN_POINT('',(0.332073943968,4.789199366336,-0.72478623063
    ));
#3417 = CARTESIAN_POINT('',(0.312913263718,4.76998338877,-0.729414450196
    ));
#3418 = CARTESIAN_POINT('',(0.311300668422,4.768419120583,
    -0.729798556407));
#3419 = CARTESIAN_POINT('',(0.309653067393,4.766874494619,
    -0.730184989494));
#3420 = ORIENTED_EDGE('',*,*,#3421,.F.);
#3421 = EDGE_CURVE('',#3422,#3402,#3424,.T.);
#3422 = VERTEX_POINT('',#3423);
#3423 = CARTESIAN_POINT('',(-0.179077725507,4.308689376275,
    -0.679494001639));
#3424 = ELLIPSE('',#3425,1.02804900935,0.75);
#3425 = AXIS2_PLACEMENT_3D('',#3426,#3427,#3428);
#3426 = CARTESIAN_POINT('',(0.138393378275,4.60631853607,0.));
#3427 = DIRECTION('',(0.683941128881,-0.72953720414,0.));
#3428 = DIRECTION('',(0.72953720414,0.683941128881,0.));
#3429 = ORIENTED_EDGE('',*,*,#3430,.T.);
#3430 = EDGE_CURVE('',#3422,#3431,#3433,.T.);
#3431 = VERTEX_POINT('',#3432);
#3432 = CARTESIAN_POINT('',(-0.179077725507,4.016874494619,
    -0.679494001639));
#3433 = B_SPLINE_CURVE_WITH_KNOTS('',3,(#3434,#3435,#3436,#3437,#3438,
    #3439,#3440,#3441,#3442,#3443,#3444,#3445,#3446,#3447),
  .UNSPECIFIED.,.F.,.F.,(4,2,2,2,2,2,4),(-7.77748389416E-02,
    -7.682678601682E-02,-6.922206203352E-02,-6.161733805022E-02,
    -5.401261406692E-02,-4.640789008361E-02,-4.545983715884E-02),
  .UNSPECIFIED.);
#3434 = CARTESIAN_POINT('',(-0.179077725507,4.308689376275,
    -0.679494001639));
#3435 = CARTESIAN_POINT('',(-0.18129326733,4.306612305816,
    -0.678458862982));
#3436 = CARTESIAN_POINT('',(-0.183448018337,4.304497340673,
    -0.677438922337));
#3437 = CARTESIAN_POINT('',(-0.202317242152,4.285130390991,
    -0.668402808634));
#3438 = CARTESIAN_POINT('',(-0.217191318173,4.263289901435,
    -0.660433596988));
#3439 = CARTESIAN_POINT('',(-0.237168892092,4.214792454993,
    -0.649309388221));
#3440 = CARTESIAN_POINT('',(-0.242289499731,4.188131015392,
    -0.646204724831));
#3441 = CARTESIAN_POINT('',(-0.242289499731,4.137432855503,
    -0.646204724831));
#3442 = CARTESIAN_POINT('',(-0.237168892092,4.110771415901,
    -0.649309388221));
#3443 = CARTESIAN_POINT('',(-0.217191318173,4.062273969459,
    -0.660433596988));
#3444 = CARTESIAN_POINT('',(-0.202317242152,4.040433479903,
    -0.668402808634));
#3445 = CARTESIAN_POINT('',(-0.183448018337,4.021066530222,
    -0.677438922337));
#3446 = CARTESIAN_POINT('',(-0.18129326733,4.018951565079,
    -0.678458862982));
#3447 = CARTESIAN_POINT('',(-0.179077725507,4.016874494619,
    -0.679494001639));
#3448 = ORIENTED_EDGE('',*,*,#3449,.F.);
#3449 = EDGE_CURVE('',#3450,#3431,#3452,.T.);
#3450 = VERTEX_POINT('',#3451);
#3451 = CARTESIAN_POINT('',(0.309653067393,3.558689376275,
    -0.730184989494));
#3452 = ELLIPSE('',#3453,1.02804900935,0.75);
#3453 = AXIS2_PLACEMENT_3D('',#3454,#3455,#3456);
#3454 = CARTESIAN_POINT('',(0.138393378275,3.719245334824,0.));
#3455 = DIRECTION('',(0.683941128881,0.72953720414,0.));
#3456 = DIRECTION('',(0.72953720414,-0.683941128881,0.));
#3457 = ORIENTED_EDGE('',*,*,#3458,.T.);
#3458 = EDGE_CURVE('',#3450,#3459,#3461,.T.);
#3459 = VERTEX_POINT('',#3460);
#3460 = CARTESIAN_POINT('',(0.309653067393,3.266874494619,
    -0.730184989494));
#3461 = B_SPLINE_CURVE_WITH_KNOTS('',3,(#3462,#3463,#3464,#3465,#3466,
    #3467,#3468,#3469,#3470,#3471,#3472,#3473,#3474,#3475,#3476),
  .UNSPECIFIED.,.F.,.F.,(4,2,2,3,2,2,4),(-1.583744717044E-02,
    -1.515792984926E-02,-7.578964924629E-03,0.,7.578964924629E-03,
    1.515792984926E-02,1.583744717044E-02),.UNSPECIFIED.);
#3462 = CARTESIAN_POINT('',(0.309653067393,3.558689376275,
    -0.730184989494));
#3463 = CARTESIAN_POINT('',(0.311300668422,3.557144750311,
    -0.729798556407));
#3464 = CARTESIAN_POINT('',(0.312913263718,3.555580482125,
    -0.729414450196));
#3465 = CARTESIAN_POINT('',(0.332073943968,3.536364504558,-0.72478623063
    ));
#3466 = CARTESIAN_POINT('',(0.347391266143,3.514026033498,
    -0.720359367815));
#3467 = CARTESIAN_POINT('',(0.367783921024,3.464867625382,
    -0.714150294019));
#3468 = CARTESIAN_POINT('',(0.372864841617,3.438045151863,
    -0.712406578351));
#3469 = CARTESIAN_POINT('',(0.372864841617,3.412781935447,
    -0.712406578351));
#3470 = CARTESIAN_POINT('',(0.372864841617,3.387518719032,
    -0.712406578351));
#3471 = CARTESIAN_POINT('',(0.367783921024,3.360696245512,
    -0.714150294019));
#3472 = CARTESIAN_POINT('',(0.347391266143,3.311537837396,
    -0.720359367815));
#3473 = CARTESIAN_POINT('',(0.332073943968,3.289199366336,-0.72478623063
    ));
#3474 = CARTESIAN_POINT('',(0.312913263718,3.26998338877,-0.729414450196
    ));
#3475 = CARTESIAN_POINT('',(0.311300668422,3.268419120583,
    -0.729798556407));
#3476 = CARTESIAN_POINT('',(0.309653067393,3.266874494619,
    -0.730184989494));
#3477 = ORIENTED_EDGE('',*,*,#3478,.F.);
#3478 = EDGE_CURVE('',#3479,#3459,#3481,.T.);
#3479 = VERTEX_POINT('',#3480);
#3480 = CARTESIAN_POINT('',(-0.179077725507,2.808689376275,
    -0.679494001639));
#3481 = ELLIPSE('',#3482,1.02804900935,0.75);
#3482 = AXIS2_PLACEMENT_3D('',#3483,#3484,#3485);
#3483 = CARTESIAN_POINT('',(0.138393378275,3.10631853607,0.));
#3484 = DIRECTION('',(0.683941128881,-0.72953720414,0.));
#3485 = DIRECTION('',(0.72953720414,0.683941128881,0.));
#3486 = ORIENTED_EDGE('',*,*,#3487,.T.);
#3487 = EDGE_CURVE('',#3479,#3488,#3490,.T.);
#3488 = VERTEX_POINT('',#3489);
#3489 = CARTESIAN_POINT('',(-0.179077725507,2.516874494619,
    -0.679494001639));
#3490 = B_SPLINE_CURVE_WITH_KNOTS('',3,(#3491,#3492,#3493,#3494,#3495,
    #3496,#3497,#3498,#3499,#3500,#3501,#3502,#3503,#3504),
  .UNSPECIFIED.,.F.,.F.,(4,2,2,2,2,2,4),(-7.77748389416E-02,
    -7.682678601682E-02,-6.922206203352E-02,-6.161733805022E-02,
    -5.401261406692E-02,-4.640789008361E-02,-4.545983715884E-02),
  .UNSPECIFIED.);
#3491 = CARTESIAN_POINT('',(-0.179077725507,2.808689376275,
    -0.679494001639));
#3492 = CARTESIAN_POINT('',(-0.18129326733,2.806612305816,
    -0.678458862982));
#3493 = CARTESIAN_POINT('',(-0.183448018337,2.804497340673,
    -0.677438922337));
#3494 = CARTESIAN_POINT('',(-0.202317242152,2.785130390991,
    -0.668402808634));
#3495 = CARTESIAN_POINT('',(-0.217191318173,2.763289901435,
    -0.660433596988));
#3496 = CARTESIAN_POINT('',(-0.237168892092,2.714792454993,
    -0.649309388221));
#3497 = CARTESIAN_POINT('',(-0.242289499731,2.688131015392,
    -0.646204724831));
#3498 = CARTESIAN_POINT('',(-0.242289499731,2.637432855503,
    -0.646204724831));
#3499 = CARTESIAN_POINT('',(-0.237168892092,2.610771415901,
    -0.649309388221));
#3500 = CARTESIAN_POINT('',(-0.217191318173,2.562273969459,
    -0.660433596988));
#3501 = CARTESIAN_POINT('',(-0.202317242152,2.540433479903,
    -0.668402808634));
#3502 = CARTESIAN_POINT('',(-0.183448018337,2.521066530222,
    -0.677438922337));
#3503 = CARTESIAN_POINT('',(-0.18129326733,2.518951565079,
    -0.678458862982));
#3504 = CARTESIAN_POINT('',(-0.179077725507,2.516874494619,
    -0.679494001639));
#3505 = ORIENTED_EDGE('',*,*,#3506,.F.);
#3506 = EDGE_CURVE('',#3507,#3488,#3509,.T.);
#3507 = VERTEX_POINT('',#3508);
#3508 = CARTESIAN_POINT('',(0.309653067393,2.058689376275,
    -0.730184989494));
#3509 = ELLIPSE('',#3510,1.02804900935,0.75);
#3510 = AXIS2_PLACEMENT_3D('',#3511,#3512,#3513);
#3511 = CARTESIAN_POINT('',(0.138393378275,2.219245334824,0.));
#3512 = DIRECTION('',(0.683941128881,0.72953720414,0.));
#3513 = DIRECTION('',(0.72953720414,-0.683941128881,0.));
#3514 = ORIENTED_EDGE('',*,*,#3515,.T.);
#3515 = EDGE_CURVE('',#3507,#3516,#3518,.T.);
#3516 = VERTEX_POINT('',#3517);
#3517 = CARTESIAN_POINT('',(0.309653067393,1.766874494619,
    -0.730184989494));
#3518 = B_SPLINE_CURVE_WITH_KNOTS('',3,(#3519,#3520,#3521,#3522,#3523,
    #3524,#3525,#3526,#3527,#3528,#3529,#3530,#3531,#3532,#3533),
  .UNSPECIFIED.,.F.,.F.,(4,2,2,3,2,2,4),(-1.583744717044E-02,
    -1.515792984926E-02,-7.578964924629E-03,0.,7.593661448487E-03,
    1.518732289698E-02,1.583792049388E-02),.UNSPECIFIED.);
#3519 = CARTESIAN_POINT('',(0.309653067393,2.058689376275,
    -0.730184989494));
#3520 = CARTESIAN_POINT('',(0.311300668422,2.057144750311,
    -0.729798556407));
#3521 = CARTESIAN_POINT('',(0.312913263718,2.055580482125,
    -0.729414450196));
#3522 = CARTESIAN_POINT('',(0.332073943968,2.036364504558,-0.72478623063
    ));
#3523 = CARTESIAN_POINT('',(0.347391266143,2.014026033498,
    -0.720359367815));
#3524 = CARTESIAN_POINT('',(0.367783921024,1.964867625382,
    -0.714150294019));
#3525 = CARTESIAN_POINT('',(0.372864841617,1.938045151863,
    -0.712406578351));
#3526 = CARTESIAN_POINT('',(0.372864841617,1.912781935447,
    -0.712406578351));
#3527 = CARTESIAN_POINT('',(0.372864841617,1.887469730619,
    -0.712406578351));
#3528 = CARTESIAN_POINT('',(0.367764421473,1.860599134502,
    -0.714157186539));
#3529 = CARTESIAN_POINT('',(0.347299699003,1.811367608287,
    -0.720386416738));
#3530 = CARTESIAN_POINT('',(0.331929745433,1.789004126789,
    -0.724826246441));
#3531 = CARTESIAN_POINT('',(0.312774562165,1.769848943521,
    -0.729447476343));
#3532 = CARTESIAN_POINT('',(0.311229884313,1.768352760482,
    -0.729815158316));
#3533 = CARTESIAN_POINT('',(0.309653067393,1.766874494619,
    -0.730184989494));
#3534 = ORIENTED_EDGE('',*,*,#3535,.F.);
#3535 = EDGE_CURVE('',#3536,#3516,#3538,.T.);
#3536 = VERTEX_POINT('',#3537);
#3537 = CARTESIAN_POINT('',(-0.179077725507,1.308689376275,
    -0.679494001639));
#3538 = ELLIPSE('',#3539,1.02804900935,0.75);
#3539 = AXIS2_PLACEMENT_3D('',#3540,#3541,#3542);
#3540 = CARTESIAN_POINT('',(0.138393378275,1.60631853607,0.));
#3541 = DIRECTION('',(0.683941128881,-0.72953720414,0.));
#3542 = DIRECTION('',(0.72953720414,0.683941128881,0.));
#3543 = ORIENTED_EDGE('',*,*,#3544,.T.);
#3544 = EDGE_CURVE('',#3536,#3545,#3547,.T.);
#3545 = VERTEX_POINT('',#3546);
#3546 = CARTESIAN_POINT('',(-0.179077725507,1.016874494619,
    -0.679494001639));
#3547 = B_SPLINE_CURVE_WITH_KNOTS('',3,(#3548,#3549,#3550,#3551,#3552,
    #3553,#3554,#3555,#3556,#3557,#3558,#3559,#3560,#3561),
  .UNSPECIFIED.,.F.,.F.,(4,2,2,2,2,2,4),(-7.778048534853E-02,
    -7.710353898983E-02,-6.936043852003E-02,-6.161733805022E-02,
    -5.401261406692E-02,-4.640789008361E-02,-4.545983715884E-02),
  .UNSPECIFIED.);
#3548 = CARTESIAN_POINT('',(-0.179077725507,1.308689376275,
    -0.679494001639));
#3549 = CARTESIAN_POINT('',(-0.180653830361,1.307211777974,
    -0.678757618762));
#3550 = CARTESIAN_POINT('',(-0.182198497616,1.305715650036,
    -0.678029242454));
#3551 = CARTESIAN_POINT('',(-0.201009630848,1.286904516804,
    -0.669083345461));
#3552 = CARTESIAN_POINT('',(-0.216353944329,1.264845383839,
    -0.660889551437));
#3553 = CARTESIAN_POINT('',(-0.236984326827,1.215691497275,
    -0.649423430964));
#3554 = CARTESIAN_POINT('',(-0.242289499731,1.188592270347,
    -0.646204724831));
#3555 = CARTESIAN_POINT('',(-0.242289499731,1.137432855503,
    -0.646204724831));
#3556 = CARTESIAN_POINT('',(-0.237168892092,1.110771415901,
    -0.649309388221));
#3557 = CARTESIAN_POINT('',(-0.217191318173,1.062273969459,
    -0.660433596988));
#3558 = CARTESIAN_POINT('',(-0.202317242152,1.040433479903,
    -0.668402808634));
#3559 = CARTESIAN_POINT('',(-0.183448018337,1.021066530222,
    -0.677438922337));
#3560 = CARTESIAN_POINT('',(-0.18129326733,1.018951565079,
    -0.678458862982));
#3561 = CARTESIAN_POINT('',(-0.179077725507,1.016874494619,
    -0.679494001639));
#3562 = ORIENTED_EDGE('',*,*,#3563,.F.);
#3563 = EDGE_CURVE('',#3564,#3545,#3566,.T.);
#3564 = VERTEX_POINT('',#3565);
#3565 = CARTESIAN_POINT('',(0.309653067393,0.558689376275,
    -0.730184989494));
#3566 = ELLIPSE('',#3567,1.02804900935,0.75);
#3567 = AXIS2_PLACEMENT_3D('',#3568,#3569,#3570);
#3568 = CARTESIAN_POINT('',(0.138393378275,0.719245334824,0.));
#3569 = DIRECTION('',(0.683941128881,0.72953720414,0.));
#3570 = DIRECTION('',(0.72953720414,-0.683941128881,0.));
#3571 = ORIENTED_EDGE('',*,*,#3572,.T.);
#3572 = EDGE_CURVE('',#3564,#3573,#3575,.T.);
#3573 = VERTEX_POINT('',#3574);
#3574 = CARTESIAN_POINT('',(0.309653067393,0.266874494619,
    -0.730184989494));
#3575 = B_SPLINE_CURVE_WITH_KNOTS('',3,(#3576,#3577,#3578,#3579,#3580,
    #3581,#3582,#3583,#3584,#3585,#3586,#3587,#3588,#3589,#3590),
  .UNSPECIFIED.,.F.,.F.,(4,2,2,3,2,2,4),(-1.583744717044E-02,
    -1.515792984926E-02,-7.578964924629E-03,0.,7.578964924629E-03,
    1.515792984926E-02,1.583744717044E-02),.UNSPECIFIED.);
#3576 = CARTESIAN_POINT('',(0.309653067393,0.558689376275,
    -0.730184989494));
#3577 = CARTESIAN_POINT('',(0.311300668422,0.557144750311,
    -0.729798556407));
#3578 = CARTESIAN_POINT('',(0.312913263718,0.555580482125,
    -0.729414450196));
#3579 = CARTESIAN_POINT('',(0.332073943968,0.536364504558,-0.72478623063
    ));
#3580 = CARTESIAN_POINT('',(0.347391266143,0.514026033498,
    -0.720359367815));
#3581 = CARTESIAN_POINT('',(0.367783921024,0.464867625382,
    -0.714150294019));
#3582 = CARTESIAN_POINT('',(0.372864841617,0.438045151863,
    -0.712406578351));
#3583 = CARTESIAN_POINT('',(0.372864841617,0.412781935447,
    -0.712406578351));
#3584 = CARTESIAN_POINT('',(0.372864841617,0.387518719032,
    -0.712406578351));
#3585 = CARTESIAN_POINT('',(0.367783921024,0.360696245512,
    -0.714150294019));
#3586 = CARTESIAN_POINT('',(0.347391266143,0.311537837396,
    -0.720359367815));
#3587 = CARTESIAN_POINT('',(0.332073943968,0.289199366336,-0.72478623063
    ));
#3588 = CARTESIAN_POINT('',(0.312913263718,0.26998338877,-0.729414450196
    ));
#3589 = CARTESIAN_POINT('',(0.311300668422,0.268419120583,
    -0.729798556407));
#3590 = CARTESIAN_POINT('',(0.309653067393,0.266874494619,
    -0.730184989494));
#3591 = ORIENTED_EDGE('',*,*,#3592,.F.);
#3592 = EDGE_CURVE('',#3593,#3573,#3595,.T.);
#3593 = VERTEX_POINT('',#3594);
#3594 = CARTESIAN_POINT('',(-0.179077725507,-0.191310623725,
    -0.679494001639));
#3595 = ELLIPSE('',#3596,1.02804900935,0.75);
#3596 = AXIS2_PLACEMENT_3D('',#3597,#3598,#3599);
#3597 = CARTESIAN_POINT('',(0.138393378275,0.10631853607,0.));
#3598 = DIRECTION('',(0.683941128881,-0.72953720414,0.));
#3599 = DIRECTION('',(0.72953720414,0.683941128881,0.));
#3600 = ORIENTED_EDGE('',*,*,#3601,.T.);
#3601 = EDGE_CURVE('',#3593,#3220,#3602,.T.);
#3602 = B_SPLINE_CURVE_WITH_KNOTS('',3,(#3603,#3604,#3605,#3606,#3607,
    #3608,#3609,#3610,#3611,#3612,#3613,#3614,#3615,#3616),
  .UNSPECIFIED.,.F.,.F.,(4,2,2,2,2,2,4),(-7.777658400009E-02,
    -7.682853107531E-02,-6.922380709201E-02,-6.161908310871E-02,
    -5.38759826389E-02,-4.613288216909E-02,-4.54559358104E-02),
  .UNSPECIFIED.);
#3603 = CARTESIAN_POINT('',(-0.179077725507,-0.191310623725,
    -0.679494001639));
#3604 = CARTESIAN_POINT('',(-0.18129326733,-0.193387694184,
    -0.678458862982));
#3605 = CARTESIAN_POINT('',(-0.183448018337,-0.195502659327,
    -0.677438922337));
#3606 = CARTESIAN_POINT('',(-0.202317242152,-0.214869609009,
    -0.668402808634));
#3607 = CARTESIAN_POINT('',(-0.217191318173,-0.236710098565,
    -0.660433596988));
#3608 = CARTESIAN_POINT('',(-0.237168892092,-0.285207545007,
    -0.649309388221));
#3609 = CARTESIAN_POINT('',(-0.242289499731,-0.311868984609,
    -0.646204724831));
#3610 = CARTESIAN_POINT('',(-0.242289499731,-0.363028399452,
    -0.646204724831));
#3611 = CARTESIAN_POINT('',(-0.236984326827,-0.39012762638,
    -0.649423430964));
#3612 = CARTESIAN_POINT('',(-0.216353944329,-0.439281512945,
    -0.660889551437));
#3613 = CARTESIAN_POINT('',(-0.201009630848,-0.46134064591,
    -0.669083345461));
#3614 = CARTESIAN_POINT('',(-0.182198497616,-0.480151779142,
    -0.678029242454));
#3615 = CARTESIAN_POINT('',(-0.180653830361,-0.48164790708,
    -0.678757618762));
#3616 = CARTESIAN_POINT('',(-0.179077725507,-0.483125505381,
    -0.679494001639));
#3617 = ORIENTED_EDGE('',*,*,#3227,.F.);
#3618 = ORIENTED_EDGE('',*,*,#3186,.F.);
#3619 = ORIENTED_EDGE('',*,*,#3620,.F.);
#3620 = EDGE_CURVE('',#3621,#3187,#3623,.T.);
#3621 = VERTEX_POINT('',#3622);
#3622 = CARTESIAN_POINT('',(-0.105972018175,-0.483125505381,
    -0.709073728901));
#3623 = ELLIPSE('',#3624,1.02804900935,0.75);
#3624 = AXIS2_PLACEMENT_3D('',#3625,#3626,#3627);
#3625 = CARTESIAN_POINT('',(0.138393378275,-0.712218064553,0.));
#3626 = DIRECTION('',(-0.683941128881,-0.72953720414,0.));
#3627 = DIRECTION('',(0.72953720414,-0.683941128881,0.));
#3628 = ORIENTED_EDGE('',*,*,#3629,.T.);
#3629 = EDGE_CURVE('',#3621,#3630,#3632,.T.);
#3630 = VERTEX_POINT('',#3631);
#3631 = CARTESIAN_POINT('',(-0.105972018175,-0.191310623725,
    -0.709073728901));
#3632 = B_SPLINE_CURVE_WITH_KNOTS('',3,(#3633,#3634,#3635,#3636,#3637,
    #3638,#3639,#3640,#3641,#3642,#3643,#3644,#3645,#3646),
  .UNSPECIFIED.,.F.,.F.,(4,2,2,2,2,2,4),(-7.690458609088E-02,
    -7.6243576514E-02,-6.859101236906E-02,-6.093844822411E-02,
    -5.334852743987E-02,-4.575860665562E-02,-4.497452681983E-02),
  .UNSPECIFIED.);
#3633 = CARTESIAN_POINT('',(-0.105972018175,-0.483125505381,
    -0.709073728901));
#3634 = CARTESIAN_POINT('',(-0.107548580522,-0.481647478181,
    -0.708530404184));
#3635 = CARTESIAN_POINT('',(-0.109093252893,-0.480151316534,
    -0.707992186668));
#3636 = CARTESIAN_POINT('',(-0.128108494375,-0.461136075051,
    -0.701299558491));
#3637 = CARTESIAN_POINT('',(-0.143469710297,-0.438894664842,
    -0.695097278472));
#3638 = CARTESIAN_POINT('',(-0.16400186499,-0.389691577982,
    -0.686439813326));
#3639 = CARTESIAN_POINT('',(-0.169183792399,-0.362726611703,
    -0.684029446793));
#3640 = CARTESIAN_POINT('',(-0.169183792399,-0.311918328605,
    -0.684029446793));
#3641 = CARTESIAN_POINT('',(-0.164085195284,-0.285155769627,
    -0.686400162961));
#3642 = CARTESIAN_POINT('',(-0.143855560275,-0.236258516641,
    -0.694938399361));
#3643 = CARTESIAN_POINT('',(-0.128714066397,-0.214120572988,
    -0.701062477224));
#3644 = CARTESIAN_POINT('',(-0.109674196083,-0.194849245517,
    -0.707789554531));
#3645 = CARTESIAN_POINT('',(-0.10784539617,-0.193066915595,
    -0.708428113731));
#3646 = CARTESIAN_POINT('',(-0.105972018175,-0.191310623725,
    -0.709073728901));
#3647 = ORIENTED_EDGE('',*,*,#3648,.F.);
#3648 = EDGE_CURVE('',#3649,#3630,#3651,.T.);
#3649 = VERTEX_POINT('',#3650);
#3650 = CARTESIAN_POINT('',(0.382758774725,0.266874494619,
    -0.709073728901));
#3651 = ELLIPSE('',#3652,1.02804900935,0.75);
#3652 = AXIS2_PLACEMENT_3D('',#3653,#3654,#3655);
#3653 = CARTESIAN_POINT('',(0.138393378275,3.778193544716E-02,0.));
#3654 = DIRECTION('',(-0.683941128881,0.72953720414,0.));
#3655 = DIRECTION('',(0.72953720414,0.683941128881,0.));
#3656 = ORIENTED_EDGE('',*,*,#3657,.T.);
#3657 = EDGE_CURVE('',#3649,#3658,#3660,.T.);
#3658 = VERTEX_POINT('',#3659);
#3659 = CARTESIAN_POINT('',(0.382758774725,0.558689376275,
    -0.709073728901));
#3660 = B_SPLINE_CURVE_WITH_KNOTS('',3,(#3661,#3662,#3663,#3664,#3665,
    #3666,#3667,#3668,#3669,#3670,#3671,#3672,#3673,#3674,#3675),
  .UNSPECIFIED.,.F.,.F.,(4,2,2,3,2,2,4),(-1.596392140428E-02,
    -1.517984156849E-02,-7.589920784245E-03,0.,7.589920784245E-03,
    1.517984156849E-02,1.596392140428E-02),.UNSPECIFIED.);
#3661 = CARTESIAN_POINT('',(0.382758774725,0.266874494619,
    -0.709073728901));
#3662 = CARTESIAN_POINT('',(0.384632152719,0.268630786489,
    -0.708428113731));
#3663 = CARTESIAN_POINT('',(0.386460952632,0.270413116412,
    -0.707789554531));
#3664 = CARTESIAN_POINT('',(0.405500822946,0.289684443882,
    -0.701062477224));
#3665 = CARTESIAN_POINT('',(0.420642316824,0.311822387535,
    -0.694938399361));
#3666 = CARTESIAN_POINT('',(0.440871951833,0.360719640521,
    -0.686400162961));
#3667 = CARTESIAN_POINT('',(0.445970548948,0.3874821995,-0.684029446793)
  );
#3668 = CARTESIAN_POINT('',(0.445970548948,0.412781935447,
    -0.684029446793));
#3669 = CARTESIAN_POINT('',(0.445970548948,0.438081671395,
    -0.684029446793));
#3670 = CARTESIAN_POINT('',(0.440871951833,0.464844230373,
    -0.686400162961));
#3671 = CARTESIAN_POINT('',(0.420642316824,0.513741483359,
    -0.694938399361));
#3672 = CARTESIAN_POINT('',(0.405500822946,0.535879427012,
    -0.701062477224));
#3673 = CARTESIAN_POINT('',(0.386460952632,0.555150754483,
    -0.707789554531));
#3674 = CARTESIAN_POINT('',(0.384632152719,0.556933084405,
    -0.708428113731));
#3675 = CARTESIAN_POINT('',(0.382758774725,0.558689376275,
    -0.709073728901));
#3676 = ORIENTED_EDGE('',*,*,#3677,.F.);
#3677 = EDGE_CURVE('',#3678,#3658,#3680,.T.);
#3678 = VERTEX_POINT('',#3679);
#3679 = CARTESIAN_POINT('',(-0.105972018175,1.016874494619,
    -0.709073728901));
#3680 = ELLIPSE('',#3681,1.02804900935,0.75);
#3681 = AXIS2_PLACEMENT_3D('',#3682,#3683,#3684);
#3682 = CARTESIAN_POINT('',(0.138393378275,0.787781935447,0.));
#3683 = DIRECTION('',(-0.683941128881,-0.72953720414,0.));
#3684 = DIRECTION('',(0.72953720414,-0.683941128881,0.));
#3685 = ORIENTED_EDGE('',*,*,#3686,.T.);
#3686 = EDGE_CURVE('',#3678,#3687,#3689,.T.);
#3687 = VERTEX_POINT('',#3688);
#3688 = CARTESIAN_POINT('',(-0.105972018175,1.308689376275,
    -0.709073728901));
#3689 = B_SPLINE_CURVE_WITH_KNOTS('',3,(#3690,#3691,#3692,#3693,#3694,
    #3695,#3696,#3697,#3698,#3699,#3700,#3701,#3702,#3703),
  .UNSPECIFIED.,.F.,.F.,(4,2,2,2,2,2,4),(-7.690276732781E-02,
    -7.611868749202E-02,-6.852876670778E-02,-6.093884592353E-02,
    -5.328628177859E-02,-4.563371763365E-02,-4.497270805677E-02),
  .UNSPECIFIED.);
#3690 = CARTESIAN_POINT('',(-0.105972018175,1.016874494619,
    -0.709073728901));
#3691 = CARTESIAN_POINT('',(-0.10784539617,1.018630786489,
    -0.708428113731));
#3692 = CARTESIAN_POINT('',(-0.109674196083,1.020413116412,
    -0.707789554531));
#3693 = CARTESIAN_POINT('',(-0.128714066397,1.039684443882,
    -0.701062477224));
#3694 = CARTESIAN_POINT('',(-0.143855560275,1.061822387535,
    -0.694938399361));
#3695 = CARTESIAN_POINT('',(-0.164085195284,1.110719640521,
    -0.686400162961));
#3696 = CARTESIAN_POINT('',(-0.169183792399,1.1374821995,-0.684029446793
    ));
#3697 = CARTESIAN_POINT('',(-0.169183792399,1.188290482597,
    -0.684029446793));
#3698 = CARTESIAN_POINT('',(-0.16400186499,1.215255448877,
    -0.686439813326));
#3699 = CARTESIAN_POINT('',(-0.143469710297,1.264458535736,
    -0.695097278472));
#3700 = CARTESIAN_POINT('',(-0.128108494375,1.286699945946,
    -0.701299558491));
#3701 = CARTESIAN_POINT('',(-0.109093252893,1.305715187428,
    -0.707992186668));
#3702 = CARTESIAN_POINT('',(-0.107548580522,1.307211349075,
    -0.708530404184));
#3703 = CARTESIAN_POINT('',(-0.105972018175,1.308689376275,
    -0.709073728901));
#3704 = ORIENTED_EDGE('',*,*,#3705,.F.);
#3705 = EDGE_CURVE('',#3706,#3687,#3708,.T.);
#3706 = VERTEX_POINT('',#3707);
#3707 = CARTESIAN_POINT('',(0.382758774725,1.766874494619,
    -0.709073728901));
#3708 = ELLIPSE('',#3709,1.02804900935,0.75);
#3709 = AXIS2_PLACEMENT_3D('',#3710,#3711,#3712);
#3710 = CARTESIAN_POINT('',(0.138393378275,1.537781935447,0.));
#3711 = DIRECTION('',(-0.683941128881,0.72953720414,0.));
#3712 = DIRECTION('',(0.72953720414,0.683941128881,0.));
#3713 = ORIENTED_EDGE('',*,*,#3714,.T.);
#3714 = EDGE_CURVE('',#3706,#3715,#3717,.T.);
#3715 = VERTEX_POINT('',#3716);
#3716 = CARTESIAN_POINT('',(0.382758774725,2.058689376275,
    -0.709073728901));
#3717 = B_SPLINE_CURVE_WITH_KNOTS('',3,(#3718,#3719,#3720,#3721,#3722,
    #3723,#3724,#3725,#3726,#3727,#3728,#3729,#3730,#3731,#3732),
  .UNSPECIFIED.,.F.,.F.,(4,2,2,3,2,2,4),(-1.596613786676E-02,
    -1.530512828988E-02,-7.652564144941E-03,0.,7.589920784245E-03,
    1.517984156849E-02,1.596392140428E-02),.UNSPECIFIED.);
#3718 = CARTESIAN_POINT('',(0.382758774725,1.766874494619,
    -0.709073728901));
#3719 = CARTESIAN_POINT('',(0.384335337071,1.768352521819,
    -0.708530404184));
#3720 = CARTESIAN_POINT('',(0.385880009442,1.769848683466,
    -0.707992186668));
#3721 = CARTESIAN_POINT('',(0.404895250924,1.788863924949,
    -0.701299558491));
#3722 = CARTESIAN_POINT('',(0.420256466847,1.811105335158,
    -0.695097278472));
#3723 = CARTESIAN_POINT('',(0.44078862154,1.860308422018,-0.686439813326
    ));
#3724 = CARTESIAN_POINT('',(0.445970548948,1.887273388297,
    -0.684029446793));
#3725 = CARTESIAN_POINT('',(0.445970548948,1.912781935447,
    -0.684029446793));
#3726 = CARTESIAN_POINT('',(0.445970548948,1.938081671395,
    -0.684029446793));
#3727 = CARTESIAN_POINT('',(0.440871951833,1.964844230373,
    -0.686400162961));
#3728 = CARTESIAN_POINT('',(0.420642316824,2.013741483359,
    -0.694938399361));
#3729 = CARTESIAN_POINT('',(0.405500822946,2.035879427012,
    -0.701062477224));
#3730 = CARTESIAN_POINT('',(0.386460952632,2.055150754483,
    -0.707789554531));
#3731 = CARTESIAN_POINT('',(0.384632152719,2.056933084405,
    -0.708428113731));
#3732 = CARTESIAN_POINT('',(0.382758774725,2.058689376275,
    -0.709073728901));
#3733 = ORIENTED_EDGE('',*,*,#3734,.F.);
#3734 = EDGE_CURVE('',#3735,#3715,#3737,.T.);
#3735 = VERTEX_POINT('',#3736);
#3736 = CARTESIAN_POINT('',(-0.105972018175,2.516874494619,
    -0.709073728901));
#3737 = ELLIPSE('',#3738,1.02804900935,0.75);
#3738 = AXIS2_PLACEMENT_3D('',#3739,#3740,#3741);
#3739 = CARTESIAN_POINT('',(0.138393378275,2.287781935447,0.));
#3740 = DIRECTION('',(-0.683941128881,-0.72953720414,0.));
#3741 = DIRECTION('',(0.72953720414,-0.683941128881,0.));
#3742 = ORIENTED_EDGE('',*,*,#3743,.T.);
#3743 = EDGE_CURVE('',#3735,#3744,#3746,.T.);
#3744 = VERTEX_POINT('',#3745);
#3745 = CARTESIAN_POINT('',(-0.105972018175,2.808689376275,
    -0.709073728901));
#3746 = B_SPLINE_CURVE_WITH_KNOTS('',3,(#3747,#3748,#3749,#3750,#3751,
    #3752,#3753,#3754,#3755,#3756,#3757,#3758,#3759,#3760),
  .UNSPECIFIED.,.F.,.F.,(4,2,2,2,2,2,4),(-7.69023696284E-02,
    -7.61182897926E-02,-6.852836900836E-02,-6.093844822411E-02,
    -5.334852743987E-02,-4.575860665562E-02,-4.497452681983E-02),
  .UNSPECIFIED.);
#3747 = CARTESIAN_POINT('',(-0.105972018175,2.516874494619,
    -0.709073728901));
#3748 = CARTESIAN_POINT('',(-0.10784539617,2.518630786489,
    -0.708428113731));
#3749 = CARTESIAN_POINT('',(-0.109674196083,2.520413116412,
    -0.707789554531));
#3750 = CARTESIAN_POINT('',(-0.128714066397,2.539684443882,
    -0.701062477224));
#3751 = CARTESIAN_POINT('',(-0.143855560275,2.561822387535,
    -0.694938399361));
#3752 = CARTESIAN_POINT('',(-0.164085195284,2.610719640521,
    -0.686400162961));
#3753 = CARTESIAN_POINT('',(-0.169183792399,2.6374821995,-0.684029446793
    ));
#3754 = CARTESIAN_POINT('',(-0.169183792399,2.688081671395,
    -0.684029446793));
#3755 = CARTESIAN_POINT('',(-0.164085195284,2.714844230373,
    -0.686400162961));
#3756 = CARTESIAN_POINT('',(-0.143855560275,2.763741483359,
    -0.694938399361));
#3757 = CARTESIAN_POINT('',(-0.128714066397,2.785879427012,
    -0.701062477224));
#3758 = CARTESIAN_POINT('',(-0.109674196083,2.805150754483,
    -0.707789554531));
#3759 = CARTESIAN_POINT('',(-0.10784539617,2.806933084405,
    -0.708428113731));
#3760 = CARTESIAN_POINT('',(-0.105972018175,2.808689376275,
    -0.709073728901));
#3761 = ORIENTED_EDGE('',*,*,#3762,.F.);
#3762 = EDGE_CURVE('',#3763,#3744,#3765,.T.);
#3763 = VERTEX_POINT('',#3764);
#3764 = CARTESIAN_POINT('',(0.382758774725,3.266874494619,
    -0.709073728901));
#3765 = ELLIPSE('',#3766,1.02804900935,0.75);
#3766 = AXIS2_PLACEMENT_3D('',#3767,#3768,#3769);
#3767 = CARTESIAN_POINT('',(0.138393378275,3.037781935447,0.));
#3768 = DIRECTION('',(-0.683941128881,0.72953720414,0.));
#3769 = DIRECTION('',(0.72953720414,0.683941128881,0.));
#3770 = ORIENTED_EDGE('',*,*,#3771,.T.);
#3771 = EDGE_CURVE('',#3763,#3772,#3774,.T.);
#3772 = VERTEX_POINT('',#3773);
#3773 = CARTESIAN_POINT('',(0.382758774725,3.558689376275,
    -0.709073728901));
#3774 = B_SPLINE_CURVE_WITH_KNOTS('',3,(#3775,#3776,#3777,#3778,#3779,
    #3780,#3781,#3782,#3783,#3784,#3785,#3786,#3787,#3788,#3789),
  .UNSPECIFIED.,.F.,.F.,(4,2,2,3,2,2,4),(-1.596392140428E-02,
    -1.517984156849E-02,-7.589920784245E-03,0.,7.589920784245E-03,
    1.517984156849E-02,1.596392140428E-02),.UNSPECIFIED.);
#3775 = CARTESIAN_POINT('',(0.382758774725,3.266874494619,
    -0.709073728901));
#3776 = CARTESIAN_POINT('',(0.384632152719,3.268630786489,
    -0.708428113731));
#3777 = CARTESIAN_POINT('',(0.386460952632,3.270413116412,
    -0.707789554531));
#3778 = CARTESIAN_POINT('',(0.405500822946,3.289684443882,
    -0.701062477224));
#3779 = CARTESIAN_POINT('',(0.420642316824,3.311822387535,
    -0.694938399361));
#3780 = CARTESIAN_POINT('',(0.440871951833,3.360719640521,
    -0.686400162961));
#3781 = CARTESIAN_POINT('',(0.445970548948,3.3874821995,-0.684029446793)
  );
#3782 = CARTESIAN_POINT('',(0.445970548948,3.412781935447,
    -0.684029446793));
#3783 = CARTESIAN_POINT('',(0.445970548948,3.438081671395,
    -0.684029446793));
#3784 = CARTESIAN_POINT('',(0.440871951833,3.464844230373,
    -0.686400162961));
#3785 = CARTESIAN_POINT('',(0.420642316824,3.513741483359,
    -0.694938399361));
#3786 = CARTESIAN_POINT('',(0.405500822946,3.535879427012,
    -0.701062477224));
#3787 = CARTESIAN_POINT('',(0.386460952632,3.555150754483,
    -0.707789554531));
#3788 = CARTESIAN_POINT('',(0.384632152719,3.556933084405,
    -0.708428113731));
#3789 = CARTESIAN_POINT('',(0.382758774725,3.558689376275,
    -0.709073728901));
#3790 = ORIENTED_EDGE('',*,*,#3791,.F.);
#3791 = EDGE_CURVE('',#3792,#3772,#3794,.T.);
#3792 = VERTEX_POINT('',#3793);
#3793 = CARTESIAN_POINT('',(-0.105972018175,4.016874494619,
    -0.709073728901));
#3794 = ELLIPSE('',#3795,1.02804900935,0.75);
#3795 = AXIS2_PLACEMENT_3D('',#3796,#3797,#3798);
#3796 = CARTESIAN_POINT('',(0.138393378275,3.787781935447,0.));
#3797 = DIRECTION('',(-0.683941128881,-0.72953720414,0.));
#3798 = DIRECTION('',(0.72953720414,-0.683941128881,0.));
#3799 = ORIENTED_EDGE('',*,*,#3800,.T.);
#3800 = EDGE_CURVE('',#3792,#3801,#3803,.T.);
#3801 = VERTEX_POINT('',#3802);
#3802 = CARTESIAN_POINT('',(-0.105972018175,4.308689376275,
    -0.709073728901));
#3803 = B_SPLINE_CURVE_WITH_KNOTS('',3,(#3804,#3805,#3806,#3807,#3808,
    #3809,#3810,#3811,#3812,#3813,#3814,#3815,#3816,#3817),
  .UNSPECIFIED.,.F.,.F.,(4,2,2,2,2,2,4),(-7.69023696284E-02,
    -7.61182897926E-02,-6.852836900836E-02,-6.093844822411E-02,
    -5.334852743987E-02,-4.575860665562E-02,-4.497452681983E-02),
  .UNSPECIFIED.);
#3804 = CARTESIAN_POINT('',(-0.105972018175,4.016874494619,
    -0.709073728901));
#3805 = CARTESIAN_POINT('',(-0.10784539617,4.018630786489,
    -0.708428113731));
#3806 = CARTESIAN_POINT('',(-0.109674196083,4.020413116412,
    -0.707789554531));
#3807 = CARTESIAN_POINT('',(-0.128714066397,4.039684443882,
    -0.701062477224));
#3808 = CARTESIAN_POINT('',(-0.143855560275,4.061822387535,
    -0.694938399361));
#3809 = CARTESIAN_POINT('',(-0.164085195284,4.110719640521,
    -0.686400162961));
#3810 = CARTESIAN_POINT('',(-0.169183792399,4.1374821995,-0.684029446793
    ));
#3811 = CARTESIAN_POINT('',(-0.169183792399,4.188081671395,
    -0.684029446793));
#3812 = CARTESIAN_POINT('',(-0.164085195284,4.214844230373,
    -0.686400162961));
#3813 = CARTESIAN_POINT('',(-0.143855560275,4.263741483359,
    -0.694938399361));
#3814 = CARTESIAN_POINT('',(-0.128714066397,4.285879427012,
    -0.701062477224));
#3815 = CARTESIAN_POINT('',(-0.109674196083,4.305150754483,
    -0.707789554531));
#3816 = CARTESIAN_POINT('',(-0.10784539617,4.306933084405,
    -0.708428113731));
#3817 = CARTESIAN_POINT('',(-0.105972018175,4.308689376275,
    -0.709073728901));
#3818 = ORIENTED_EDGE('',*,*,#3819,.F.);
#3819 = EDGE_CURVE('',#3820,#3801,#3822,.T.);
#3820 = VERTEX_POINT('',#3821);
#3821 = CARTESIAN_POINT('',(0.382758774725,4.766874494619,
    -0.709073728901));
#3822 = ELLIPSE('',#3823,1.02804900935,0.75);
#3823 = AXIS2_PLACEMENT_3D('',#3824,#3825,#3826);
#3824 = CARTESIAN_POINT('',(0.138393378275,4.537781935447,0.));
#3825 = DIRECTION('',(-0.683941128881,0.72953720414,0.));
#3826 = DIRECTION('',(0.72953720414,0.683941128881,0.));
#3827 = ORIENTED_EDGE('',*,*,#3828,.T.);
#3828 = EDGE_CURVE('',#3820,#3829,#3831,.T.);
#3829 = VERTEX_POINT('',#3830);
#3830 = CARTESIAN_POINT('',(0.382758774725,5.058689376275,
    -0.709073728901));
#3831 = B_SPLINE_CURVE_WITH_KNOTS('',3,(#3832,#3833,#3834,#3835,#3836,
    #3837,#3838,#3839,#3840,#3841,#3842,#3843,#3844,#3845,#3846),
  .UNSPECIFIED.,.F.,.F.,(4,2,2,3,2,2,4),(-1.596392140428E-02,
    -1.517984156849E-02,-7.589920784245E-03,0.,7.589920784245E-03,
    1.517984156849E-02,1.596392140428E-02),.UNSPECIFIED.);
#3832 = CARTESIAN_POINT('',(0.382758774725,4.766874494619,
    -0.709073728901));
#3833 = CARTESIAN_POINT('',(0.384632152719,4.768630786489,
    -0.708428113731));
#3834 = CARTESIAN_POINT('',(0.386460952632,4.770413116412,
    -0.707789554531));
#3835 = CARTESIAN_POINT('',(0.405500822946,4.789684443882,
    -0.701062477224));
#3836 = CARTESIAN_POINT('',(0.420642316824,4.811822387535,
    -0.694938399361));
#3837 = CARTESIAN_POINT('',(0.440871951833,4.860719640521,
    -0.686400162961));
#3838 = CARTESIAN_POINT('',(0.445970548948,4.8874821995,-0.684029446793)
  );
#3839 = CARTESIAN_POINT('',(0.445970548948,4.912781935447,
    -0.684029446793));
#3840 = CARTESIAN_POINT('',(0.445970548948,4.938081671395,
    -0.684029446793));
#3841 = CARTESIAN_POINT('',(0.440871951833,4.964844230373,
    -0.686400162961));
#3842 = CARTESIAN_POINT('',(0.420642316824,5.013741483359,
    -0.694938399361));
#3843 = CARTESIAN_POINT('',(0.405500822946,5.035879427012,
    -0.701062477224));
#3844 = CARTESIAN_POINT('',(0.386460952632,5.055150754483,
    -0.707789554531));
#3845 = CARTESIAN_POINT('',(0.384632152719,5.056933084405,
    -0.708428113731));
#3846 = CARTESIAN_POINT('',(0.382758774725,5.058689376275,
    -0.709073728901));
#3847 = ORIENTED_EDGE('',*,*,#3848,.F.);
#3848 = EDGE_CURVE('',#3849,#3829,#3851,.T.);
#3849 = VERTEX_POINT('',#3850);
#3850 = CARTESIAN_POINT('',(-0.105972018175,5.516874494619,
    -0.709073728901));
#3851 = ELLIPSE('',#3852,1.02804900935,0.75);
#3852 = AXIS2_PLACEMENT_3D('',#3853,#3854,#3855);
#3853 = CARTESIAN_POINT('',(0.138393378275,5.287781935447,0.));
#3854 = DIRECTION('',(-0.683941128881,-0.72953720414,0.));
#3855 = DIRECTION('',(0.72953720414,-0.683941128881,0.));
#3856 = ORIENTED_EDGE('',*,*,#3857,.T.);
#3857 = EDGE_CURVE('',#3849,#3858,#3860,.T.);
#3858 = VERTEX_POINT('',#3859);
#3859 = CARTESIAN_POINT('',(-0.105972018175,5.808689376275,
    -0.709073728901));
#3860 = B_SPLINE_CURVE_WITH_KNOTS('',3,(#3861,#3862,#3863,#3864,#3865,
    #3866,#3867,#3868,#3869,#3870,#3871,#3872,#3873,#3874),
  .UNSPECIFIED.,.F.,.F.,(4,2,2,2,2,2,4),(-7.69023696284E-02,
    -7.61182897926E-02,-6.852836900836E-02,-6.093844822411E-02,
    -5.334852743987E-02,-4.575860665562E-02,-4.497452681983E-02),
  .UNSPECIFIED.);
#3861 = CARTESIAN_POINT('',(-0.105972018175,5.516874494619,
    -0.709073728901));
#3862 = CARTESIAN_POINT('',(-0.10784539617,5.518630786489,
    -0.708428113731));
#3863 = CARTESIAN_POINT('',(-0.109674196083,5.520413116412,
    -0.707789554531));
#3864 = CARTESIAN_POINT('',(-0.128714066397,5.539684443882,
    -0.701062477224));
#3865 = CARTESIAN_POINT('',(-0.143855560275,5.561822387535,
    -0.694938399361));
#3866 = CARTESIAN_POINT('',(-0.164085195284,5.610719640521,
    -0.686400162961));
#3867 = CARTESIAN_POINT('',(-0.169183792399,5.6374821995,-0.684029446793
    ));
#3868 = CARTESIAN_POINT('',(-0.169183792399,5.688081671395,
    -0.684029446793));
#3869 = CARTESIAN_POINT('',(-0.164085195284,5.714844230373,
    -0.686400162961));
#3870 = CARTESIAN_POINT('',(-0.143855560275,5.763741483359,
    -0.694938399361));
#3871 = CARTESIAN_POINT('',(-0.128714066397,5.785879427012,
    -0.701062477224));
#3872 = CARTESIAN_POINT('',(-0.109674196083,5.805150754483,
    -0.707789554531));
#3873 = CARTESIAN_POINT('',(-0.10784539617,5.806933084405,
    -0.708428113731));
#3874 = CARTESIAN_POINT('',(-0.105972018175,5.808689376275,
    -0.709073728901));
#3875 = ORIENTED_EDGE('',*,*,#3876,.F.);
#3876 = EDGE_CURVE('',#3877,#3858,#3879,.T.);
#3877 = VERTEX_POINT('',#3878);
#3878 = CARTESIAN_POINT('',(0.382758774725,6.266874494619,
    -0.709073728901));
#3879 = ELLIPSE('',#3880,1.02804900935,0.75);
#3880 = AXIS2_PLACEMENT_3D('',#3881,#3882,#3883);
#3881 = CARTESIAN_POINT('',(0.138393378275,6.037781935447,0.));
#3882 = DIRECTION('',(-0.683941128881,0.72953720414,0.));
#3883 = DIRECTION('',(0.72953720414,0.683941128881,0.));
#3884 = ORIENTED_EDGE('',*,*,#3885,.T.);
#3885 = EDGE_CURVE('',#3877,#3886,#3888,.T.);
#3886 = VERTEX_POINT('',#3887);
#3887 = CARTESIAN_POINT('',(0.382758774725,6.558689376275,
    -0.709073728901));
#3888 = B_SPLINE_CURVE_WITH_KNOTS('',3,(#3889,#3890,#3891,#3892,#3893,
    #3894,#3895,#3896,#3897,#3898,#3899,#3900,#3901,#3902,#3903),
  .UNSPECIFIED.,.F.,.F.,(4,2,2,3,2,2,4),(-1.596392140428E-02,
    -1.517984156849E-02,-7.589920784245E-03,0.,7.589920784245E-03,
    1.517984156849E-02,1.596392140428E-02),.UNSPECIFIED.);
#3889 = CARTESIAN_POINT('',(0.382758774725,6.266874494619,
    -0.709073728901));
#3890 = CARTESIAN_POINT('',(0.384632152719,6.268630786489,
    -0.708428113731));
#3891 = CARTESIAN_POINT('',(0.386460952632,6.270413116412,
    -0.707789554531));
#3892 = CARTESIAN_POINT('',(0.405500822946,6.289684443882,
    -0.701062477224));
#3893 = CARTESIAN_POINT('',(0.420642316824,6.311822387535,
    -0.694938399361));
#3894 = CARTESIAN_POINT('',(0.440871951833,6.360719640521,
    -0.686400162961));
#3895 = CARTESIAN_POINT('',(0.445970548948,6.3874821995,-0.684029446793)
  );
#3896 = CARTESIAN_POINT('',(0.445970548948,6.412781935447,
    -0.684029446793));
#3897 = CARTESIAN_POINT('',(0.445970548948,6.438081671395,
    -0.684029446793));
#3898 = CARTESIAN_POINT('',(0.440871951833,6.464844230373,
    -0.686400162961));
#3899 = CARTESIAN_POINT('',(0.420642316824,6.513741483359,
    -0.694938399361));
#3900 = CARTESIAN_POINT('',(0.405500822946,6.535879427012,
    -0.701062477224));
#3901 = CARTESIAN_POINT('',(0.386460952632,6.555150754483,
    -0.707789554531));
#3902 = CARTESIAN_POINT('',(0.384632152719,6.556933084405,
    -0.708428113731));
#3903 = CARTESIAN_POINT('',(0.382758774725,6.558689376275,
    -0.709073728901));
#3904 = ORIENTED_EDGE('',*,*,#3905,.F.);
#3905 = EDGE_CURVE('',#3906,#3886,#3908,.T.);
#3906 = VERTEX_POINT('',#3907);
#3907 = CARTESIAN_POINT('',(-0.105972018175,7.016874494619,
    -0.709073728901));
#3908 = ELLIPSE('',#3909,1.02804900935,0.75);
#3909 = AXIS2_PLACEMENT_3D('',#3910,#3911,#3912);
#3910 = CARTESIAN_POINT('',(0.138393378275,6.787781935447,0.));
#3911 = DIRECTION('',(-0.683941128881,-0.72953720414,0.));
#3912 = DIRECTION('',(0.72953720414,-0.683941128881,0.));
#3913 = ORIENTED_EDGE('',*,*,#3914,.T.);
#3914 = EDGE_CURVE('',#3906,#3915,#3917,.T.);
#3915 = VERTEX_POINT('',#3916);
#3916 = CARTESIAN_POINT('',(-0.105972018175,7.308689376275,
    -0.709073728901));
#3917 = B_SPLINE_CURVE_WITH_KNOTS('',3,(#3918,#3919,#3920,#3921,#3922,
    #3923,#3924,#3925,#3926,#3927,#3928,#3929,#3930,#3931),
  .UNSPECIFIED.,.F.,.F.,(4,2,2,2,2,2,4),(-7.69023696284E-02,
    -7.61182897926E-02,-6.852836900836E-02,-6.093844822411E-02,
    -5.334852743987E-02,-4.575860665562E-02,-4.497452681983E-02),
  .UNSPECIFIED.);
#3918 = CARTESIAN_POINT('',(-0.105972018175,7.016874494619,
    -0.709073728901));
#3919 = CARTESIAN_POINT('',(-0.10784539617,7.018630786489,
    -0.708428113731));
#3920 = CARTESIAN_POINT('',(-0.109674196083,7.020413116412,
    -0.707789554531));
#3921 = CARTESIAN_POINT('',(-0.128714066397,7.039684443882,
    -0.701062477224));
#3922 = CARTESIAN_POINT('',(-0.143855560275,7.061822387535,
    -0.694938399361));
#3923 = CARTESIAN_POINT('',(-0.164085195284,7.110719640521,
    -0.686400162961));
#3924 = CARTESIAN_POINT('',(-0.169183792399,7.1374821995,-0.684029446793
    ));
#3925 = CARTESIAN_POINT('',(-0.169183792399,7.188081671395,
    -0.684029446793));
#3926 = CARTESIAN_POINT('',(-0.164085195284,7.214844230373,
    -0.686400162961));
#3927 = CARTESIAN_POINT('',(-0.143855560275,7.263741483359,
    -0.694938399361));
#3928 = CARTESIAN_POINT('',(-0.128714066397,7.285879427012,
    -0.701062477224));
#3929 = CARTESIAN_POINT('',(-0.109674196083,7.305150754483,
    -0.707789554531));
#3930 = CARTESIAN_POINT('',(-0.10784539617,7.306933084405,
    -0.708428113731));
#3931 = CARTESIAN_POINT('',(-0.105972018175,7.308689376275,
    -0.709073728901));
#3932 = ORIENTED_EDGE('',*,*,#3933,.F.);
#3933 = EDGE_CURVE('',#3934,#3915,#3936,.T.);
#3934 = VERTEX_POINT('',#3935);
#3935 = CARTESIAN_POINT('',(0.382758774725,7.766874494619,
    -0.709073728901));
#3936 = ELLIPSE('',#3937,1.02804900935,0.75);
#3937 = AXIS2_PLACEMENT_3D('',#3938,#3939,#3940);
#3938 = CARTESIAN_POINT('',(0.138393378275,7.537781935447,0.));
#3939 = DIRECTION('',(-0.683941128881,0.72953720414,0.));
#3940 = DIRECTION('',(0.72953720414,0.683941128881,0.));
#3941 = ORIENTED_EDGE('',*,*,#3942,.T.);
#3942 = EDGE_CURVE('',#3934,#3943,#3945,.T.);
#3943 = VERTEX_POINT('',#3944);
#3944 = CARTESIAN_POINT('',(0.382758774725,8.058689376275,
    -0.709073728901));
#3945 = B_SPLINE_CURVE_WITH_KNOTS('',3,(#3946,#3947,#3948,#3949,#3950,
    #3951,#3952,#3953,#3954,#3955,#3956,#3957,#3958,#3959,#3960),
  .UNSPECIFIED.,.F.,.F.,(4,2,2,3,2,2,4),(-1.596392140428E-02,
    -1.517984156849E-02,-7.589920784245E-03,0.,7.589920784245E-03,
    1.517984156849E-02,1.596392140428E-02),.UNSPECIFIED.);
#3946 = CARTESIAN_POINT('',(0.382758774725,7.766874494619,
    -0.709073728901));
#3947 = CARTESIAN_POINT('',(0.384632152719,7.768630786489,
    -0.708428113731));
#3948 = CARTESIAN_POINT('',(0.386460952632,7.770413116412,
    -0.707789554531));
#3949 = CARTESIAN_POINT('',(0.405500822946,7.789684443882,
    -0.701062477224));
#3950 = CARTESIAN_POINT('',(0.420642316824,7.811822387535,
    -0.694938399361));
#3951 = CARTESIAN_POINT('',(0.440871951833,7.860719640521,
    -0.686400162961));
#3952 = CARTESIAN_POINT('',(0.445970548948,7.8874821995,-0.684029446793)
  );
#3953 = CARTESIAN_POINT('',(0.445970548948,7.912781935447,
    -0.684029446793));
#3954 = CARTESIAN_POINT('',(0.445970548948,7.938081671395,
    -0.684029446793));
#3955 = CARTESIAN_POINT('',(0.440871951833,7.964844230373,
    -0.686400162961));
#3956 = CARTESIAN_POINT('',(0.420642316824,8.013741483359,
    -0.694938399361));
#3957 = CARTESIAN_POINT('',(0.405500822946,8.035879427012,
    -0.701062477224));
#3958 = CARTESIAN_POINT('',(0.386460952632,8.055150754483,
    -0.707789554531));
#3959 = CARTESIAN_POINT('',(0.384632152719,8.056933084405,
    -0.708428113731));
#3960 = CARTESIAN_POINT('',(0.382758774725,8.058689376275,
    -0.709073728901));
#3961 = ORIENTED_EDGE('',*,*,#3962,.F.);
#3962 = EDGE_CURVE('',#3963,#3943,#3965,.T.);
#3963 = VERTEX_POINT('',#3964);
#3964 = CARTESIAN_POINT('',(-0.105972018175,8.516874494619,
    -0.709073728901));
#3965 = ELLIPSE('',#3966,1.02804900935,0.75);
#3966 = AXIS2_PLACEMENT_3D('',#3967,#3968,#3969);
#3967 = CARTESIAN_POINT('',(0.138393378275,8.287781935447,0.));
#3968 = DIRECTION('',(-0.683941128881,-0.72953720414,0.));
#3969 = DIRECTION('',(0.72953720414,-0.683941128881,0.));
#3970 = ORIENTED_EDGE('',*,*,#3971,.T.);
#3971 = EDGE_CURVE('',#3963,#3098,#3972,.T.);
#3972 = B_SPLINE_CURVE_WITH_KNOTS('',3,(#3973,#3974,#3975,#3976,#3977,
    #3978,#3979,#3980,#3981,#3982,#3983,#3984,#3985,#3986),
  .UNSPECIFIED.,.F.,.F.,(4,2,2,2,2,2,4),(-7.69023696284E-02,
    -7.61182897926E-02,-6.852836900836E-02,-6.093844822411E-02,
    -5.334852743987E-02,-4.575860665562E-02,-4.497452681983E-02),
  .UNSPECIFIED.);
#3973 = CARTESIAN_POINT('',(-0.105972018175,8.516874494619,
    -0.709073728901));
#3974 = CARTESIAN_POINT('',(-0.10784539617,8.518630786489,
    -0.708428113731));
#3975 = CARTESIAN_POINT('',(-0.109674196083,8.520413116412,
    -0.707789554531));
#3976 = CARTESIAN_POINT('',(-0.128714066397,8.539684443882,
    -0.701062477224));
#3977 = CARTESIAN_POINT('',(-0.143855560275,8.561822387535,
    -0.694938399361));
#3978 = CARTESIAN_POINT('',(-0.164085195284,8.610719640521,
    -0.686400162961));
#3979 = CARTESIAN_POINT('',(-0.169183792399,8.6374821995,-0.684029446793
    ));
#3980 = CARTESIAN_POINT('',(-0.169183792399,8.688081671395,
    -0.684029446793));
#3981 = CARTESIAN_POINT('',(-0.164085195284,8.714844230373,
    -0.686400162961));
#3982 = CARTESIAN_POINT('',(-0.143855560275,8.763741483359,
    -0.694938399361));
#3983 = CARTESIAN_POINT('',(-0.128714066397,8.785879427012,
    -0.701062477224));
#3984 = CARTESIAN_POINT('',(-0.109674196083,8.805150754483,
    -0.707789554531));
#3985 = CARTESIAN_POINT('',(-0.10784539617,8.806933084405,
    -0.708428113731));
#3986 = CARTESIAN_POINT('',(-0.105972018175,8.808689376275,
    -0.709073728901));
#3987 = ORIENTED_EDGE('',*,*,#3105,.F.);
#3988 = ORIENTED_EDGE('',*,*,#3064,.T.);
#3989 = ORIENTED_EDGE('',*,*,#3990,.F.);
#3990 = EDGE_CURVE('',#3991,#3065,#3993,.T.);
#3991 = VERTEX_POINT('',#3992);
#3992 = CARTESIAN_POINT('',(-0.179077725507,8.808689376275,
    -0.679494001639));
#3993 = ELLIPSE('',#3994,1.02804900935,0.75);
#3994 = AXIS2_PLACEMENT_3D('',#3995,#3996,#3997);
#3995 = CARTESIAN_POINT('',(0.138393378275,9.10631853607,0.));
#3996 = DIRECTION('',(0.683941128881,-0.72953720414,0.));
#3997 = DIRECTION('',(0.72953720414,0.683941128881,0.));
#3998 = ORIENTED_EDGE('',*,*,#3999,.T.);
#3999 = EDGE_CURVE('',#3991,#4000,#4002,.T.);
#4000 = VERTEX_POINT('',#4001);
#4001 = CARTESIAN_POINT('',(-0.179077725507,8.516874494619,
    -0.679494001639));
#4002 = B_SPLINE_CURVE_WITH_KNOTS('',3,(#4003,#4004,#4005,#4006,#4007,
    #4008,#4009,#4010,#4011,#4012,#4013,#4014,#4015,#4016),
  .UNSPECIFIED.,.F.,.F.,(4,2,2,2,2,2,4),(-7.77748389416E-02,
    -7.682678601682E-02,-6.922206203352E-02,-6.161733805022E-02,
    -5.401261406692E-02,-4.640789008361E-02,-4.545983715884E-02),
  .UNSPECIFIED.);
#4003 = CARTESIAN_POINT('',(-0.179077725507,8.808689376275,
    -0.679494001639));
#4004 = CARTESIAN_POINT('',(-0.18129326733,8.806612305816,
    -0.678458862982));
#4005 = CARTESIAN_POINT('',(-0.183448018337,8.804497340673,
    -0.677438922337));
#4006 = CARTESIAN_POINT('',(-0.202317242152,8.785130390991,
    -0.668402808634));
#4007 = CARTESIAN_POINT('',(-0.217191318173,8.763289901435,
    -0.660433596988));
#4008 = CARTESIAN_POINT('',(-0.237168892092,8.714792454993,
    -0.649309388221));
#4009 = CARTESIAN_POINT('',(-0.242289499731,8.688131015392,
    -0.646204724831));
#4010 = CARTESIAN_POINT('',(-0.242289499731,8.637432855503,
    -0.646204724831));
#4011 = CARTESIAN_POINT('',(-0.237168892092,8.610771415901,
    -0.649309388221));
#4012 = CARTESIAN_POINT('',(-0.217191318173,8.562273969459,
    -0.660433596988));
#4013 = CARTESIAN_POINT('',(-0.202317242152,8.540433479903,
    -0.668402808634));
#4014 = CARTESIAN_POINT('',(-0.183448018337,8.521066530222,
    -0.677438922337));
#4015 = CARTESIAN_POINT('',(-0.18129326733,8.518951565079,
    -0.678458862982));
#4016 = CARTESIAN_POINT('',(-0.179077725507,8.516874494619,
    -0.679494001639));
#4017 = ORIENTED_EDGE('',*,*,#4018,.F.);
#4018 = EDGE_CURVE('',#3266,#4000,#4019,.T.);
#4019 = ELLIPSE('',#4020,1.02804900935,0.75);
#4020 = AXIS2_PLACEMENT_3D('',#4021,#4022,#4023);
#4021 = CARTESIAN_POINT('',(0.138393378275,8.219245334824,0.));
#4022 = DIRECTION('',(0.683941128881,0.72953720414,0.));
#4023 = DIRECTION('',(0.72953720414,-0.683941128881,0.));
#4024 = ORIENTED_EDGE('',*,*,#3273,.T.);
#4025 = CYLINDRICAL_SURFACE('',#4026,0.75);
#4026 = AXIS2_PLACEMENT_3D('',#4027,#4028,#4029);
#4027 = CARTESIAN_POINT('',(0.138393378275,4.412781935447,0.));
#4028 = DIRECTION('',(3.532528E-16,-1.,5.70205E-16));
#4029 = DIRECTION('',(1.,3.532528E-16,-2.01426512824E-31));
#4030 = ADVANCED_FACE('',(#4031),#4050,.T.);
#4031 = FACE_BOUND('',#4032,.T.);
#4032 = EDGE_LOOP('',(#4033,#4034,#4043,#4049));
#4033 = ORIENTED_EDGE('',*,*,#3265,.F.);
#4034 = ORIENTED_EDGE('',*,*,#4035,.F.);
#4035 = EDGE_CURVE('',#4036,#3246,#4038,.T.);
#4036 = VERTEX_POINT('',#4037);
#4037 = CARTESIAN_POINT('',(-0.179077725507,8.516874494619,
    -0.94826794645));
#4038 = ELLIPSE('',#4039,1.370732012466,1.);
#4039 = AXIS2_PLACEMENT_3D('',#4040,#4041,#4042);
#4040 = CARTESIAN_POINT('',(0.138393378275,8.219245334824,0.));
#4041 = DIRECTION('',(-0.683941128881,-0.72953720414,0.));
#4042 = DIRECTION('',(0.72953720414,-0.683941128881,0.));
#4043 = ORIENTED_EDGE('',*,*,#4044,.F.);
#4044 = EDGE_CURVE('',#4000,#4036,#4045,.T.);
#4045 = LINE('',#4046,#4047);
#4046 = CARTESIAN_POINT('',(-0.179077725507,8.516874494619,
    -0.679494001639));
#4047 = VECTOR('',#4048,1.);
#4048 = DIRECTION('',(0.,0.,-1.));
#4049 = ORIENTED_EDGE('',*,*,#4018,.F.);
#4050 = PLANE('',#4051);
#4051 = AXIS2_PLACEMENT_3D('',#4052,#4053,#4054);
#4052 = CARTESIAN_POINT('',(-0.334712329057,8.662781935447,0.));
#4053 = DIRECTION('',(0.683941128881,0.72953720414,0.));
#4054 = DIRECTION('',(0.,0.,-1.));
#4055 = ADVANCED_FACE('',(#4056),#4085,.F.);
#4056 = FACE_BOUND('',#4057,.F.);
#4057 = EDGE_LOOP('',(#4058,#4066,#4083,#4084));
#4058 = ORIENTED_EDGE('',*,*,#4059,.F.);
#4059 = EDGE_CURVE('',#4060,#3991,#4062,.T.);
#4060 = VERTEX_POINT('',#4061);
#4061 = CARTESIAN_POINT('',(-0.179077725507,8.808689376275,
    -0.94826794645));
#4062 = LINE('',#4063,#4064);
#4063 = CARTESIAN_POINT('',(-0.179077725507,8.808689376275,
    -0.94826794645));
#4064 = VECTOR('',#4065,1.);
#4065 = DIRECTION('',(0.,0.,1.));
#4066 = ORIENTED_EDGE('',*,*,#4067,.F.);
#4067 = EDGE_CURVE('',#4036,#4060,#4068,.T.);
#4068 = B_SPLINE_CURVE_WITH_KNOTS('',3,(#4069,#4070,#4071,#4072,#4073,
    #4074,#4075,#4076,#4077,#4078,#4079,#4080,#4081,#4082),
  .UNSPECIFIED.,.F.,.F.,(4,2,2,2,2,2,4),(4.50464759049E-02,
    4.584979465293E-02,5.341616642707E-02,6.09825382012E-02,
    6.854890997533E-02,7.611528174946E-02,7.69186004975E-02),
  .UNSPECIFIED.);
#4069 = CARTESIAN_POINT('',(-0.179077725507,8.516874494619,
    -0.94826794645));
#4070 = CARTESIAN_POINT('',(-0.181000498535,8.518677094333,
    -0.947624220298));
#4071 = CARTESIAN_POINT('',(-0.182876817633,8.520507599474,
    -0.946989542341));
#4072 = CARTESIAN_POINT('',(-0.201925103127,8.539826572309,
    -0.940486270354));
#4073 = CARTESIAN_POINT('',(-0.217042641554,8.561971849499,
    -0.934754615089));
#4074 = CARTESIAN_POINT('',(-0.237220421335,8.610838289352,
    -0.926849167947));
#4075 = CARTESIAN_POINT('',(-0.242289499731,8.6375606962,-0.924705653921
    ));
#4076 = CARTESIAN_POINT('',(-0.242289499731,8.688003174694,
    -0.924705653921));
#4077 = CARTESIAN_POINT('',(-0.237220421335,8.714725581543,
    -0.926849167947));
#4078 = CARTESIAN_POINT('',(-0.217042641554,8.763592021395,
    -0.934754615089));
#4079 = CARTESIAN_POINT('',(-0.201925103127,8.785737298586,
    -0.940486270354));
#4080 = CARTESIAN_POINT('',(-0.182876817633,8.805056271421,
    -0.946989542341));
#4081 = CARTESIAN_POINT('',(-0.181000498535,8.806886776562,
    -0.947624220298));
#4082 = CARTESIAN_POINT('',(-0.179077725507,8.808689376275,
    -0.94826794645));
#4083 = ORIENTED_EDGE('',*,*,#4044,.F.);
#4084 = ORIENTED_EDGE('',*,*,#3999,.F.);
#4085 = CYLINDRICAL_SURFACE('',#4086,0.2);
#4086 = AXIS2_PLACEMENT_3D('',#4087,#4088,#4089);
#4087 = CARTESIAN_POINT('',(-4.228949973077E-02,8.662781935447,
    -0.481674404393));
#4088 = DIRECTION('',(0.,0.,-1.));
#4089 = DIRECTION('',(-1.,0.,0.));
#4090 = ADVANCED_FACE('',(#4091),#4127,.T.);
#4091 = FACE_BOUND('',#4092,.T.);
#4092 = EDGE_LOOP('',(#4093,#4114,#4120,#4121));
#4093 = ORIENTED_EDGE('',*,*,#4094,.T.);
#4094 = EDGE_CURVE('',#4095,#4097,#4099,.T.);
#4095 = VERTEX_POINT('',#4096);
#4096 = CARTESIAN_POINT('',(-0.105972018175,7.308689376275,
    -0.969683223026));
#4097 = VERTEX_POINT('',#4098);
#4098 = CARTESIAN_POINT('',(-0.105972018175,7.016874494619,
    -0.969683223026));
#4099 = B_SPLINE_CURVE_WITH_KNOTS('',3,(#4100,#4101,#4102,#4103,#4104,
    #4105,#4106,#4107,#4108,#4109,#4110,#4111,#4112,#4113),
  .UNSPECIFIED.,.F.,.F.,(4,2,2,2,2,2,4),(4.478849309994E-02,
    4.550739170809E-02,5.30698098872E-02,6.063222806632E-02,
    6.819464624543E-02,7.575706442454E-02,7.647596303269E-02),
  .UNSPECIFIED.);
#4100 = CARTESIAN_POINT('',(-0.105972018175,7.308689376275,
    -0.969683223026));
#4101 = CARTESIAN_POINT('',(-0.10771214136,7.307058010789,
    -0.969244702608));
#4102 = CARTESIAN_POINT('',(-0.109413632811,7.305404342564,
    -0.968810935921));
#4103 = CARTESIAN_POINT('',(-0.128554875347,7.286135198005,
    -0.963879890369));
#4104 = CARTESIAN_POINT('',(-0.143811336217,7.26383653908,-0.95940470363
    ));
#4105 = CARTESIAN_POINT('',(-0.164123032514,7.214764569437,
    -0.953212247972));
#4106 = CARTESIAN_POINT('',(-0.169183792399,7.187989996044,
    -0.951523139015));
#4107 = CARTESIAN_POINT('',(-0.169183792399,7.13757387485,
    -0.951523139015));
#4108 = CARTESIAN_POINT('',(-0.164123032514,7.110799301457,
    -0.953212247972));
#4109 = CARTESIAN_POINT('',(-0.143811336217,7.061727331815,
    -0.95940470363));
#4110 = CARTESIAN_POINT('',(-0.128554875347,7.03942867289,
    -0.963879890369));
#4111 = CARTESIAN_POINT('',(-0.109413632811,7.02015952833,
    -0.968810935921));
#4112 = CARTESIAN_POINT('',(-0.10771214136,7.018505860105,
    -0.969244702608));
#4113 = CARTESIAN_POINT('',(-0.105972018175,7.016874494619,
    -0.969683223026));
#4114 = ORIENTED_EDGE('',*,*,#4115,.T.);
#4115 = EDGE_CURVE('',#4097,#3906,#4116,.T.);
#4116 = LINE('',#4117,#4118);
#4117 = CARTESIAN_POINT('',(-0.105972018175,7.016874494619,
    -0.969683223026));
#4118 = VECTOR('',#4119,1.);
#4119 = DIRECTION('',(0.,0.,1.));
#4120 = ORIENTED_EDGE('',*,*,#3914,.T.);
#4121 = ORIENTED_EDGE('',*,*,#4122,.T.);
#4122 = EDGE_CURVE('',#3915,#4095,#4123,.T.);
#4123 = LINE('',#4124,#4125);
#4124 = CARTESIAN_POINT('',(-0.105972018175,7.308689376275,
    -0.709073728901));
#4125 = VECTOR('',#4126,1.);
#4126 = DIRECTION('',(0.,0.,-1.));
#4127 = CYLINDRICAL_SURFACE('',#4128,0.2);
#4128 = AXIS2_PLACEMENT_3D('',#4129,#4130,#4131);
#4129 = CARTESIAN_POINT('',(3.081620760077E-02,7.162781935447,0.));
#4130 = DIRECTION('',(0.,0.,-1.));
#4131 = DIRECTION('',(-1.,0.,0.));
#4132 = ADVANCED_FACE('',(#4133),#4152,.T.);
#4133 = FACE_BOUND('',#4134,.T.);
#4134 = EDGE_LOOP('',(#4135,#4136,#4145,#4151));
#4135 = ORIENTED_EDGE('',*,*,#4115,.F.);
#4136 = ORIENTED_EDGE('',*,*,#4137,.F.);
#4137 = EDGE_CURVE('',#4138,#4097,#4140,.T.);
#4138 = VERTEX_POINT('',#4139);
#4139 = CARTESIAN_POINT('',(0.382758774725,6.558689376275,
    -0.969683223026));
#4140 = ELLIPSE('',#4141,1.370732012466,1.);
#4141 = AXIS2_PLACEMENT_3D('',#4142,#4143,#4144);
#4142 = CARTESIAN_POINT('',(0.138393378275,6.787781935447,0.));
#4143 = DIRECTION('',(0.683941128881,0.72953720414,0.));
#4144 = DIRECTION('',(0.72953720414,-0.683941128881,0.));
#4145 = ORIENTED_EDGE('',*,*,#4146,.F.);
#4146 = EDGE_CURVE('',#3886,#4138,#4147,.T.);
#4147 = LINE('',#4148,#4149);
#4148 = CARTESIAN_POINT('',(0.382758774725,6.558689376275,
    -0.709073728901));
#4149 = VECTOR('',#4150,1.);
#4150 = DIRECTION('',(0.,0.,-1.));
#4151 = ORIENTED_EDGE('',*,*,#3905,.F.);
#4152 = PLANE('',#4153);
#4153 = AXIS2_PLACEMENT_3D('',#4154,#4155,#4156);
#4154 = CARTESIAN_POINT('',(0.538393378275,6.412781935447,0.));
#4155 = DIRECTION('',(-0.683941128881,-0.72953720414,0.));
#4156 = DIRECTION('',(0.,0.,1.));
#4157 = ADVANCED_FACE('',(#4158),#4188,.F.);
#4158 = FACE_BOUND('',#4159,.F.);
#4159 = EDGE_LOOP('',(#4160,#4168,#4186,#4187));
#4160 = ORIENTED_EDGE('',*,*,#4161,.F.);
#4161 = EDGE_CURVE('',#4162,#3877,#4164,.T.);
#4162 = VERTEX_POINT('',#4163);
#4163 = CARTESIAN_POINT('',(0.382758774725,6.266874494619,
    -0.969683223026));
#4164 = LINE('',#4165,#4166);
#4165 = CARTESIAN_POINT('',(0.382758774725,6.266874494619,
    -0.969683223026));
#4166 = VECTOR('',#4167,1.);
#4167 = DIRECTION('',(0.,0.,1.));
#4168 = ORIENTED_EDGE('',*,*,#4169,.F.);
#4169 = EDGE_CURVE('',#4138,#4162,#4170,.T.);
#4170 = B_SPLINE_CURVE_WITH_KNOTS('',3,(#4171,#4172,#4173,#4174,#4175,
    #4176,#4177,#4178,#4179,#4180,#4181,#4182,#4183,#4184,#4185),
  .UNSPECIFIED.,.F.,.F.,(4,2,2,3,2,2,4),(0.105420721166,0.106139619774,
    0.113702037954,0.121264456133,0.128826874312,0.136389292491,
    0.137108191099),.UNSPECIFIED.);
#4171 = CARTESIAN_POINT('',(0.382758774725,6.558689376275,
    -0.969683223026));
#4172 = CARTESIAN_POINT('',(0.38449889791,6.557058010789,-0.969244702608
    ));
#4173 = CARTESIAN_POINT('',(0.38620038936,6.555404342564,-0.968810935921
    ));
#4174 = CARTESIAN_POINT('',(0.405341631896,6.536135198005,
    -0.963879890369));
#4175 = CARTESIAN_POINT('',(0.420598092766,6.51383653908,-0.95940470363)
  );
#4176 = CARTESIAN_POINT('',(0.440909789063,6.464764569437,
    -0.953212247972));
#4177 = CARTESIAN_POINT('',(0.445970548948,6.437989996044,
    -0.951523139015));
#4178 = CARTESIAN_POINT('',(0.445970548948,6.412781935447,
    -0.951523139015));
#4179 = CARTESIAN_POINT('',(0.445970548948,6.38757387485,-0.951523139015
    ));
#4180 = CARTESIAN_POINT('',(0.440909789063,6.360799301457,
    -0.953212247972));
#4181 = CARTESIAN_POINT('',(0.420598092766,6.311727331815,-0.95940470363
    ));
#4182 = CARTESIAN_POINT('',(0.405341631896,6.28942867289,-0.963879890369
    ));
#4183 = CARTESIAN_POINT('',(0.38620038936,6.27015952833,-0.968810935921)
  );
#4184 = CARTESIAN_POINT('',(0.38449889791,6.268505860105,-0.969244702608
    ));
#4185 = CARTESIAN_POINT('',(0.382758774725,6.266874494619,
    -0.969683223026));
#4186 = ORIENTED_EDGE('',*,*,#4146,.F.);
#4187 = ORIENTED_EDGE('',*,*,#3885,.F.);
#4188 = CYLINDRICAL_SURFACE('',#4189,0.2);
#4189 = AXIS2_PLACEMENT_3D('',#4190,#4191,#4192);
#4190 = CARTESIAN_POINT('',(0.245970548948,6.412781935447,
    -0.491977373121));
#4191 = DIRECTION('',(0.,0.,-1.));
#4192 = DIRECTION('',(1.,0.,0.));
#4193 = ADVANCED_FACE('',(#4194),#4230,.F.);
#4194 = FACE_BOUND('',#4195,.F.);
#4195 = EDGE_LOOP('',(#4196,#4204,#4223,#4229));
#4196 = ORIENTED_EDGE('',*,*,#4197,.F.);
#4197 = EDGE_CURVE('',#4198,#3308,#4200,.T.);
#4198 = VERTEX_POINT('',#4199);
#4199 = CARTESIAN_POINT('',(-0.179077725507,7.308689376275,
    -0.94826794645));
#4200 = LINE('',#4201,#4202);
#4201 = CARTESIAN_POINT('',(-0.179077725507,7.308689376275,
    -0.94826794645));
#4202 = VECTOR('',#4203,1.);
#4203 = DIRECTION('',(0.,0.,1.));
#4204 = ORIENTED_EDGE('',*,*,#4205,.F.);
#4205 = EDGE_CURVE('',#4206,#4198,#4208,.T.);
#4206 = VERTEX_POINT('',#4207);
#4207 = CARTESIAN_POINT('',(-0.179077725507,7.016874494619,
    -0.94826794645));
#4208 = B_SPLINE_CURVE_WITH_KNOTS('',3,(#4209,#4210,#4211,#4212,#4213,
    #4214,#4215,#4216,#4217,#4218,#4219,#4220,#4221,#4222),
  .UNSPECIFIED.,.F.,.F.,(4,2,2,2,2,2,4),(4.50464759049E-02,
    4.584979465293E-02,5.341616642707E-02,6.09825382012E-02,
    6.854890997533E-02,7.611528174946E-02,7.69186004975E-02),
  .UNSPECIFIED.);
#4209 = CARTESIAN_POINT('',(-0.179077725507,7.016874494619,
    -0.94826794645));
#4210 = CARTESIAN_POINT('',(-0.181000498535,7.018677094333,
    -0.947624220298));
#4211 = CARTESIAN_POINT('',(-0.182876817633,7.020507599474,
    -0.946989542341));
#4212 = CARTESIAN_POINT('',(-0.201925103127,7.039826572309,
    -0.940486270354));
#4213 = CARTESIAN_POINT('',(-0.217042641554,7.061971849499,
    -0.934754615089));
#4214 = CARTESIAN_POINT('',(-0.237220421335,7.110838289352,
    -0.926849167947));
#4215 = CARTESIAN_POINT('',(-0.242289499731,7.1375606962,-0.924705653921
    ));
#4216 = CARTESIAN_POINT('',(-0.242289499731,7.188003174694,
    -0.924705653921));
#4217 = CARTESIAN_POINT('',(-0.237220421335,7.214725581543,
    -0.926849167947));
#4218 = CARTESIAN_POINT('',(-0.217042641554,7.263592021395,
    -0.934754615089));
#4219 = CARTESIAN_POINT('',(-0.201925103127,7.285737298586,
    -0.940486270354));
#4220 = CARTESIAN_POINT('',(-0.182876817633,7.305056271421,
    -0.946989542341));
#4221 = CARTESIAN_POINT('',(-0.181000498535,7.306886776562,
    -0.947624220298));
#4222 = CARTESIAN_POINT('',(-0.179077725507,7.308689376275,
    -0.94826794645));
#4223 = ORIENTED_EDGE('',*,*,#4224,.F.);
#4224 = EDGE_CURVE('',#3317,#4206,#4225,.T.);
#4225 = LINE('',#4226,#4227);
#4226 = CARTESIAN_POINT('',(-0.179077725507,7.016874494619,
    -0.679494001639));
#4227 = VECTOR('',#4228,1.);
#4228 = DIRECTION('',(0.,0.,-1.));
#4229 = ORIENTED_EDGE('',*,*,#3316,.F.);
#4230 = CYLINDRICAL_SURFACE('',#4231,0.2);
#4231 = AXIS2_PLACEMENT_3D('',#4232,#4233,#4234);
#4232 = CARTESIAN_POINT('',(-4.228949973077E-02,7.162781935447,
    -0.481674712893));
#4233 = DIRECTION('',(0.,0.,-1.));
#4234 = DIRECTION('',(-1.,0.,0.));
#4235 = ADVANCED_FACE('',(#4236),#4255,.T.);
#4236 = FACE_BOUND('',#4237,.T.);
#4237 = EDGE_LOOP('',(#4238,#4239,#4240,#4248));
#4238 = ORIENTED_EDGE('',*,*,#4224,.F.);
#4239 = ORIENTED_EDGE('',*,*,#3335,.F.);
#4240 = ORIENTED_EDGE('',*,*,#4241,.F.);
#4241 = EDGE_CURVE('',#4242,#3336,#4244,.T.);
#4242 = VERTEX_POINT('',#4243);
#4243 = CARTESIAN_POINT('',(0.309653067393,6.558689376275,
    -0.985225922762));
#4244 = LINE('',#4245,#4246);
#4245 = CARTESIAN_POINT('',(0.309653067393,6.558689376275,
    -0.985225922762));
#4246 = VECTOR('',#4247,1.);
#4247 = DIRECTION('',(0.,0.,1.));
#4248 = ORIENTED_EDGE('',*,*,#4249,.F.);
#4249 = EDGE_CURVE('',#4206,#4242,#4250,.T.);
#4250 = ELLIPSE('',#4251,1.370732012466,1.);
#4251 = AXIS2_PLACEMENT_3D('',#4252,#4253,#4254);
#4252 = CARTESIAN_POINT('',(0.138393378275,6.719245334824,0.));
#4253 = DIRECTION('',(-0.683941128881,-0.72953720414,0.));
#4254 = DIRECTION('',(0.72953720414,-0.683941128881,0.));
#4255 = PLANE('',#4256);
#4256 = AXIS2_PLACEMENT_3D('',#4257,#4258,#4259);
#4257 = CARTESIAN_POINT('',(-0.334712329057,7.162781935447,0.));
#4258 = DIRECTION('',(0.683941128881,0.72953720414,0.));
#4259 = DIRECTION('',(0.,0.,-1.));
#4260 = ADVANCED_FACE('',(#4261),#4291,.T.);
#4261 = FACE_BOUND('',#4262,.T.);
#4262 = EDGE_LOOP('',(#4263,#4283,#4284,#4285));
#4263 = ORIENTED_EDGE('',*,*,#4264,.T.);
#4264 = EDGE_CURVE('',#4265,#4242,#4267,.T.);
#4265 = VERTEX_POINT('',#4266);
#4266 = CARTESIAN_POINT('',(0.309653067393,6.266874494619,
    -0.985225922762));
#4267 = B_SPLINE_CURVE_WITH_KNOTS('',3,(#4268,#4269,#4270,#4271,#4272,
    #4273,#4274,#4275,#4276,#4277,#4278,#4279,#4280,#4281,#4282),
  .UNSPECIFIED.,.F.,.F.,(4,2,2,3,2,2,4),(0.105150197393,0.105812679011,
    0.113370874797,0.120929070582,0.128487266368,0.136045462153,
    0.136707943771),.UNSPECIFIED.);
#4268 = CARTESIAN_POINT('',(0.309653067393,6.266874494619,
    -0.985225922762));
#4269 = CARTESIAN_POINT('',(0.311269231589,6.268389648553,
    -0.984944988439));
#4270 = CARTESIAN_POINT('',(0.312851770118,6.26992375502,-0.984665802287
    ));
#4271 = CARTESIAN_POINT('',(0.332059868724,6.289162722266,
    -0.981231441877));
#4272 = CARTESIAN_POINT('',(0.347411124394,6.311568952552,
    -0.977959857733));
#4273 = CARTESIAN_POINT('',(0.367812111687,6.360780964272,
    -0.973392437584));
#4274 = CARTESIAN_POINT('',(0.372864841617,6.387587949496,
    -0.972123002957));
#4275 = CARTESIAN_POINT('',(0.372864841617,6.412781935447,
    -0.972123002957));
#4276 = CARTESIAN_POINT('',(0.372864841617,6.437975921399,
    -0.972123002957));
#4277 = CARTESIAN_POINT('',(0.367812111687,6.464782906623,
    -0.973392437584));
#4278 = CARTESIAN_POINT('',(0.347411124394,6.513994918342,
    -0.977959857733));
#4279 = CARTESIAN_POINT('',(0.332059868724,6.536401148628,
    -0.981231441877));
#4280 = CARTESIAN_POINT('',(0.312851770118,6.555640115875,
    -0.984665802287));
#4281 = CARTESIAN_POINT('',(0.311269231589,6.557174222342,
    -0.984944988439));
#4282 = CARTESIAN_POINT('',(0.309653067393,6.558689376275,
    -0.985225922762));
#4283 = ORIENTED_EDGE('',*,*,#4241,.T.);
#4284 = ORIENTED_EDGE('',*,*,#3344,.T.);
#4285 = ORIENTED_EDGE('',*,*,#4286,.T.);
#4286 = EDGE_CURVE('',#3345,#4265,#4287,.T.);
#4287 = LINE('',#4288,#4289);
#4288 = CARTESIAN_POINT('',(0.309653067393,6.266874494619,
    -0.730184989494));
#4289 = VECTOR('',#4290,1.);
#4290 = DIRECTION('',(0.,0.,-1.));
#4291 = CYLINDRICAL_SURFACE('',#4292,0.2);
#4292 = AXIS2_PLACEMENT_3D('',#4293,#4294,#4295);
#4293 = CARTESIAN_POINT('',(0.172864841617,6.412781935447,0.));
#4294 = DIRECTION('',(0.,0.,-1.));
#4295 = DIRECTION('',(1.,0.,0.));
#4296 = ADVANCED_FACE('',(#4297),#4898,.T.);
#4297 = FACE_BOUND('',#4298,.T.);
#4298 = EDGE_LOOP('',(#4299,#4300,#4307,#4308,#4309,#4310,#4317,#4318,
    #4319,#4320,#4329,#4348,#4357,#4377,#4386,#4405,#4414,#4434,#4443,
    #4462,#4471,#4491,#4500,#4519,#4528,#4548,#4557,#4574,#4575,#4576,
    #4585,#4604,#4613,#4633,#4642,#4661,#4670,#4690,#4699,#4718,#4727,
    #4747,#4756,#4775,#4784,#4804,#4813,#4832,#4839,#4840,#4841,#4842,
    #4851,#4871,#4880,#4897));
#4299 = ORIENTED_EDGE('',*,*,#3016,.F.);
#4300 = ORIENTED_EDGE('',*,*,#4301,.T.);
#4301 = EDGE_CURVE('',#3002,#4060,#4302,.T.);
#4302 = ELLIPSE('',#4303,1.370732012466,1.);
#4303 = AXIS2_PLACEMENT_3D('',#4304,#4305,#4306);
#4304 = CARTESIAN_POINT('',(0.138393378275,9.10631853607,0.));
#4305 = DIRECTION('',(-0.683941128881,0.72953720414,0.));
#4306 = DIRECTION('',(0.72953720414,0.683941128881,0.));
#4307 = ORIENTED_EDGE('',*,*,#4067,.F.);
#4308 = ORIENTED_EDGE('',*,*,#4035,.T.);
#4309 = ORIENTED_EDGE('',*,*,#3243,.F.);
#4310 = ORIENTED_EDGE('',*,*,#4311,.T.);
#4311 = EDGE_CURVE('',#3244,#4198,#4312,.T.);
#4312 = ELLIPSE('',#4313,1.370732012466,1.);
#4313 = AXIS2_PLACEMENT_3D('',#4314,#4315,#4316);
#4314 = CARTESIAN_POINT('',(0.138393378275,7.60631853607,0.));
#4315 = DIRECTION('',(-0.683941128881,0.72953720414,0.));
#4316 = DIRECTION('',(0.72953720414,0.683941128881,0.));
#4317 = ORIENTED_EDGE('',*,*,#4205,.F.);
#4318 = ORIENTED_EDGE('',*,*,#4249,.T.);
#4319 = ORIENTED_EDGE('',*,*,#4264,.F.);
#4320 = ORIENTED_EDGE('',*,*,#4321,.T.);
#4321 = EDGE_CURVE('',#4265,#4322,#4324,.T.);
#4322 = VERTEX_POINT('',#4323);
#4323 = CARTESIAN_POINT('',(-0.179077725507,5.808689376275,
    -0.94826794645));
#4324 = ELLIPSE('',#4325,1.370732012466,1.);
#4325 = AXIS2_PLACEMENT_3D('',#4326,#4327,#4328);
#4326 = CARTESIAN_POINT('',(0.138393378275,6.10631853607,0.));
#4327 = DIRECTION('',(-0.683941128881,0.72953720414,0.));
#4328 = DIRECTION('',(0.72953720414,0.683941128881,0.));
#4329 = ORIENTED_EDGE('',*,*,#4330,.F.);
#4330 = EDGE_CURVE('',#4331,#4322,#4333,.T.);
#4331 = VERTEX_POINT('',#4332);
#4332 = CARTESIAN_POINT('',(-0.179077725507,5.516874494619,
    -0.94826794645));
#4333 = B_SPLINE_CURVE_WITH_KNOTS('',3,(#4334,#4335,#4336,#4337,#4338,
    #4339,#4340,#4341,#4342,#4343,#4344,#4345,#4346,#4347),
  .UNSPECIFIED.,.F.,.F.,(4,2,2,2,2,2,4),(-7.69186004975E-02,
    -7.611528174946E-02,-6.854890997533E-02,-6.09825382012E-02,
    -5.341616642707E-02,-4.584979465293E-02,-4.50464759049E-02),
  .UNSPECIFIED.);
#4334 = CARTESIAN_POINT('',(-0.179077725507,5.516874494619,
    -0.94826794645));
#4335 = CARTESIAN_POINT('',(-0.181000498535,5.518677094333,
    -0.947624220298));
#4336 = CARTESIAN_POINT('',(-0.182876817633,5.520507599474,
    -0.946989542341));
#4337 = CARTESIAN_POINT('',(-0.201925103127,5.539826572309,
    -0.940486270354));
#4338 = CARTESIAN_POINT('',(-0.217042641554,5.561971849499,
    -0.934754615089));
#4339 = CARTESIAN_POINT('',(-0.237220421335,5.610838289352,
    -0.926849167947));
#4340 = CARTESIAN_POINT('',(-0.242289499731,5.6375606962,-0.924705653921
    ));
#4341 = CARTESIAN_POINT('',(-0.242289499731,5.688003174694,
    -0.924705653921));
#4342 = CARTESIAN_POINT('',(-0.237220421335,5.714725581543,
    -0.926849167947));
#4343 = CARTESIAN_POINT('',(-0.217042641554,5.763592021395,
    -0.934754615089));
#4344 = CARTESIAN_POINT('',(-0.201925103127,5.785737298586,
    -0.940486270354));
#4345 = CARTESIAN_POINT('',(-0.182876817633,5.805056271421,
    -0.946989542341));
#4346 = CARTESIAN_POINT('',(-0.181000498535,5.806886776562,
    -0.947624220298));
#4347 = CARTESIAN_POINT('',(-0.179077725507,5.808689376275,
    -0.94826794645));
#4348 = ORIENTED_EDGE('',*,*,#4349,.T.);
#4349 = EDGE_CURVE('',#4331,#4350,#4352,.T.);
#4350 = VERTEX_POINT('',#4351);
#4351 = CARTESIAN_POINT('',(0.309653067393,5.058689376275,
    -0.985225922762));
#4352 = ELLIPSE('',#4353,1.370732012466,1.);
#4353 = AXIS2_PLACEMENT_3D('',#4354,#4355,#4356);
#4354 = CARTESIAN_POINT('',(0.138393378275,5.219245334824,0.));
#4355 = DIRECTION('',(-0.683941128881,-0.72953720414,0.));
#4356 = DIRECTION('',(0.72953720414,-0.683941128881,0.));
#4357 = ORIENTED_EDGE('',*,*,#4358,.F.);
#4358 = EDGE_CURVE('',#4359,#4350,#4361,.T.);
#4359 = VERTEX_POINT('',#4360);
#4360 = CARTESIAN_POINT('',(0.309653067393,4.766874494619,
    -0.985225922762));
#4361 = B_SPLINE_CURVE_WITH_KNOTS('',3,(#4362,#4363,#4364,#4365,#4366,
    #4367,#4368,#4369,#4370,#4371,#4372,#4373,#4374,#4375,#4376),
  .UNSPECIFIED.,.F.,.F.,(4,2,2,3,2,2,4),(-1.577887318932E-02,
    -1.511639157099E-02,-7.558195785496E-03,0.,7.558195785496E-03,
    1.511639157099E-02,1.577887318932E-02),.UNSPECIFIED.);
#4362 = CARTESIAN_POINT('',(0.309653067393,4.766874494619,
    -0.985225922762));
#4363 = CARTESIAN_POINT('',(0.311269231589,4.768389648553,
    -0.984944988439));
#4364 = CARTESIAN_POINT('',(0.312851770118,4.76992375502,-0.984665802287
    ));
#4365 = CARTESIAN_POINT('',(0.332059868724,4.789162722266,
    -0.981231441877));
#4366 = CARTESIAN_POINT('',(0.347411124394,4.811568952552,
    -0.977959857733));
#4367 = CARTESIAN_POINT('',(0.367812111687,4.860780964272,
    -0.973392437584));
#4368 = CARTESIAN_POINT('',(0.372864841617,4.887587949496,
    -0.972123002957));
#4369 = CARTESIAN_POINT('',(0.372864841617,4.912781935447,
    -0.972123002957));
#4370 = CARTESIAN_POINT('',(0.372864841617,4.937975921399,
    -0.972123002957));
#4371 = CARTESIAN_POINT('',(0.367812111687,4.964782906623,
    -0.973392437584));
#4372 = CARTESIAN_POINT('',(0.347411124394,5.013994918342,
    -0.977959857733));
#4373 = CARTESIAN_POINT('',(0.332059868724,5.036401148628,
    -0.981231441877));
#4374 = CARTESIAN_POINT('',(0.312851770118,5.055640115875,
    -0.984665802287));
#4375 = CARTESIAN_POINT('',(0.311269231589,5.057174222342,
    -0.984944988439));
#4376 = CARTESIAN_POINT('',(0.309653067393,5.058689376275,
    -0.985225922762));
#4377 = ORIENTED_EDGE('',*,*,#4378,.T.);
#4378 = EDGE_CURVE('',#4359,#4379,#4381,.T.);
#4379 = VERTEX_POINT('',#4380);
#4380 = CARTESIAN_POINT('',(-0.179077725507,4.308689376275,
    -0.94826794645));
#4381 = ELLIPSE('',#4382,1.370732012466,1.);
#4382 = AXIS2_PLACEMENT_3D('',#4383,#4384,#4385);
#4383 = CARTESIAN_POINT('',(0.138393378275,4.60631853607,0.));
#4384 = DIRECTION('',(-0.683941128881,0.72953720414,0.));
#4385 = DIRECTION('',(0.72953720414,0.683941128881,0.));
#4386 = ORIENTED_EDGE('',*,*,#4387,.F.);
#4387 = EDGE_CURVE('',#4388,#4379,#4390,.T.);
#4388 = VERTEX_POINT('',#4389);
#4389 = CARTESIAN_POINT('',(-0.179077725507,4.016874494619,
    -0.94826794645));
#4390 = B_SPLINE_CURVE_WITH_KNOTS('',3,(#4391,#4392,#4393,#4394,#4395,
    #4396,#4397,#4398,#4399,#4400,#4401,#4402,#4403,#4404),
  .UNSPECIFIED.,.F.,.F.,(4,2,2,2,2,2,4),(-7.69186004975E-02,
    -7.611528174946E-02,-6.854890997533E-02,-6.09825382012E-02,
    -5.341616642707E-02,-4.584979465293E-02,-4.50464759049E-02),
  .UNSPECIFIED.);
#4391 = CARTESIAN_POINT('',(-0.179077725507,4.016874494619,
    -0.94826794645));
#4392 = CARTESIAN_POINT('',(-0.181000498535,4.018677094333,
    -0.947624220298));
#4393 = CARTESIAN_POINT('',(-0.182876817633,4.020507599474,
    -0.946989542341));
#4394 = CARTESIAN_POINT('',(-0.201925103127,4.039826572309,
    -0.940486270354));
#4395 = CARTESIAN_POINT('',(-0.217042641554,4.061971849499,
    -0.934754615089));
#4396 = CARTESIAN_POINT('',(-0.237220421335,4.110838289352,
    -0.926849167947));
#4397 = CARTESIAN_POINT('',(-0.242289499731,4.1375606962,-0.924705653921
    ));
#4398 = CARTESIAN_POINT('',(-0.242289499731,4.188003174694,
    -0.924705653921));
#4399 = CARTESIAN_POINT('',(-0.237220421335,4.214725581543,
    -0.926849167947));
#4400 = CARTESIAN_POINT('',(-0.217042641554,4.263592021395,
    -0.934754615089));
#4401 = CARTESIAN_POINT('',(-0.201925103127,4.285737298586,
    -0.940486270354));
#4402 = CARTESIAN_POINT('',(-0.182876817633,4.305056271421,
    -0.946989542341));
#4403 = CARTESIAN_POINT('',(-0.181000498535,4.306886776562,
    -0.947624220298));
#4404 = CARTESIAN_POINT('',(-0.179077725507,4.308689376275,
    -0.94826794645));
#4405 = ORIENTED_EDGE('',*,*,#4406,.T.);
#4406 = EDGE_CURVE('',#4388,#4407,#4409,.T.);
#4407 = VERTEX_POINT('',#4408);
#4408 = CARTESIAN_POINT('',(0.309653067393,3.558689376275,
    -0.985225922762));
#4409 = ELLIPSE('',#4410,1.370732012466,1.);
#4410 = AXIS2_PLACEMENT_3D('',#4411,#4412,#4413);
#4411 = CARTESIAN_POINT('',(0.138393378275,3.719245334824,0.));
#4412 = DIRECTION('',(-0.683941128881,-0.72953720414,0.));
#4413 = DIRECTION('',(0.72953720414,-0.683941128881,0.));
#4414 = ORIENTED_EDGE('',*,*,#4415,.F.);
#4415 = EDGE_CURVE('',#4416,#4407,#4418,.T.);
#4416 = VERTEX_POINT('',#4417);
#4417 = CARTESIAN_POINT('',(0.309653067393,3.266874494619,
    -0.985225922762));
#4418 = B_SPLINE_CURVE_WITH_KNOTS('',3,(#4419,#4420,#4421,#4422,#4423,
    #4424,#4425,#4426,#4427,#4428,#4429,#4430,#4431,#4432,#4433),
  .UNSPECIFIED.,.F.,.F.,(4,2,2,3,2,2,4),(-1.577887318932E-02,
    -1.511639157099E-02,-7.558195785496E-03,0.,7.558195785496E-03,
    1.511639157099E-02,1.577887318932E-02),.UNSPECIFIED.);
#4419 = CARTESIAN_POINT('',(0.309653067393,3.266874494619,
    -0.985225922762));
#4420 = CARTESIAN_POINT('',(0.311269231589,3.268389648553,
    -0.984944988439));
#4421 = CARTESIAN_POINT('',(0.312851770118,3.26992375502,-0.984665802287
    ));
#4422 = CARTESIAN_POINT('',(0.332059868724,3.289162722266,
    -0.981231441877));
#4423 = CARTESIAN_POINT('',(0.347411124394,3.311568952552,
    -0.977959857733));
#4424 = CARTESIAN_POINT('',(0.367812111687,3.360780964272,
    -0.973392437584));
#4425 = CARTESIAN_POINT('',(0.372864841617,3.387587949496,
    -0.972123002957));
#4426 = CARTESIAN_POINT('',(0.372864841617,3.412781935447,
    -0.972123002957));
#4427 = CARTESIAN_POINT('',(0.372864841617,3.437975921399,
    -0.972123002957));
#4428 = CARTESIAN_POINT('',(0.367812111687,3.464782906623,
    -0.973392437584));
#4429 = CARTESIAN_POINT('',(0.347411124394,3.513994918342,
    -0.977959857733));
#4430 = CARTESIAN_POINT('',(0.332059868724,3.536401148628,
    -0.981231441877));
#4431 = CARTESIAN_POINT('',(0.312851770118,3.555640115875,
    -0.984665802287));
#4432 = CARTESIAN_POINT('',(0.311269231589,3.557174222342,
    -0.984944988439));
#4433 = CARTESIAN_POINT('',(0.309653067393,3.558689376275,
    -0.985225922762));
#4434 = ORIENTED_EDGE('',*,*,#4435,.T.);
#4435 = EDGE_CURVE('',#4416,#4436,#4438,.T.);
#4436 = VERTEX_POINT('',#4437);
#4437 = CARTESIAN_POINT('',(-0.179077725507,2.808689376275,
    -0.94826794645));
#4438 = ELLIPSE('',#4439,1.370732012466,1.);
#4439 = AXIS2_PLACEMENT_3D('',#4440,#4441,#4442);
#4440 = CARTESIAN_POINT('',(0.138393378275,3.10631853607,0.));
#4441 = DIRECTION('',(-0.683941128881,0.72953720414,0.));
#4442 = DIRECTION('',(0.72953720414,0.683941128881,0.));
#4443 = ORIENTED_EDGE('',*,*,#4444,.F.);
#4444 = EDGE_CURVE('',#4445,#4436,#4447,.T.);
#4445 = VERTEX_POINT('',#4446);
#4446 = CARTESIAN_POINT('',(-0.179077725507,2.516874494619,
    -0.94826794645));
#4447 = B_SPLINE_CURVE_WITH_KNOTS('',3,(#4448,#4449,#4450,#4451,#4452,
    #4453,#4454,#4455,#4456,#4457,#4458,#4459,#4460,#4461),
  .UNSPECIFIED.,.F.,.F.,(4,2,2,2,2,2,4),(-7.69186004975E-02,
    -7.611528174946E-02,-6.854890997533E-02,-6.09825382012E-02,
    -5.341616642707E-02,-4.584979465293E-02,-4.50464759049E-02),
  .UNSPECIFIED.);
#4448 = CARTESIAN_POINT('',(-0.179077725507,2.516874494619,
    -0.94826794645));
#4449 = CARTESIAN_POINT('',(-0.181000498535,2.518677094333,
    -0.947624220298));
#4450 = CARTESIAN_POINT('',(-0.182876817633,2.520507599474,
    -0.946989542341));
#4451 = CARTESIAN_POINT('',(-0.201925103127,2.539826572309,
    -0.940486270354));
#4452 = CARTESIAN_POINT('',(-0.217042641554,2.561971849499,
    -0.934754615089));
#4453 = CARTESIAN_POINT('',(-0.237220421335,2.610838289352,
    -0.926849167947));
#4454 = CARTESIAN_POINT('',(-0.242289499731,2.6375606962,-0.924705653921
    ));
#4455 = CARTESIAN_POINT('',(-0.242289499731,2.688003174694,
    -0.924705653921));
#4456 = CARTESIAN_POINT('',(-0.237220421335,2.714725581543,
    -0.926849167947));
#4457 = CARTESIAN_POINT('',(-0.217042641554,2.763592021395,
    -0.934754615089));
#4458 = CARTESIAN_POINT('',(-0.201925103127,2.785737298586,
    -0.940486270354));
#4459 = CARTESIAN_POINT('',(-0.182876817633,2.805056271421,
    -0.946989542341));
#4460 = CARTESIAN_POINT('',(-0.181000498535,2.806886776562,
    -0.947624220298));
#4461 = CARTESIAN_POINT('',(-0.179077725507,2.808689376275,
    -0.94826794645));
#4462 = ORIENTED_EDGE('',*,*,#4463,.T.);
#4463 = EDGE_CURVE('',#4445,#4464,#4466,.T.);
#4464 = VERTEX_POINT('',#4465);
#4465 = CARTESIAN_POINT('',(0.309653067393,2.058689376275,
    -0.985225922762));
#4466 = ELLIPSE('',#4467,1.370732012466,1.);
#4467 = AXIS2_PLACEMENT_3D('',#4468,#4469,#4470);
#4468 = CARTESIAN_POINT('',(0.138393378275,2.219245334824,0.));
#4469 = DIRECTION('',(-0.683941128881,-0.72953720414,0.));
#4470 = DIRECTION('',(0.72953720414,-0.683941128881,0.));
#4471 = ORIENTED_EDGE('',*,*,#4472,.F.);
#4472 = EDGE_CURVE('',#4473,#4464,#4475,.T.);
#4473 = VERTEX_POINT('',#4474);
#4474 = CARTESIAN_POINT('',(0.309653067393,1.766874494619,
    -0.985225922762));
#4475 = B_SPLINE_CURVE_WITH_KNOTS('',3,(#4476,#4477,#4478,#4479,#4480,
    #4481,#4482,#4483,#4484,#4485,#4486,#4487,#4488,#4489,#4490),
  .UNSPECIFIED.,.F.,.F.,(4,2,2,3,2,2,4),(-1.577887318932E-02,
    -1.511639157099E-02,-7.558195785496E-03,0.,7.566326741551E-03,
    1.51326534831E-02,1.577912036932E-02),.UNSPECIFIED.);
#4476 = CARTESIAN_POINT('',(0.309653067393,1.766874494619,
    -0.985225922762));
#4477 = CARTESIAN_POINT('',(0.311269231589,1.768389648553,
    -0.984944988439));
#4478 = CARTESIAN_POINT('',(0.312851770118,1.76992375502,-0.984665802287
    ));
#4479 = CARTESIAN_POINT('',(0.332059868724,1.789162722266,
    -0.981231441877));
#4480 = CARTESIAN_POINT('',(0.347411124394,1.811568952552,
    -0.977959857733));
#4481 = CARTESIAN_POINT('',(0.367812111687,1.860780964272,
    -0.973392437584));
#4482 = CARTESIAN_POINT('',(0.372864841617,1.887587949496,
    -0.972123002957));
#4483 = CARTESIAN_POINT('',(0.372864841617,1.912781935447,
    -0.972123002957));
#4484 = CARTESIAN_POINT('',(0.372864841617,1.938003024586,
    -0.972123002957));
#4485 = CARTESIAN_POINT('',(0.36780134078,1.96483683506,-0.973395224881)
  );
#4486 = CARTESIAN_POINT('',(0.347360198934,2.01408969342,-0.977970933238
    ));
#4487 = CARTESIAN_POINT('',(0.331979540626,2.036509948912,
    -0.981247902777));
#4488 = CARTESIAN_POINT('',(0.312774478813,2.055715010726,
    -0.984679435161));
#4489 = CARTESIAN_POINT('',(0.311229796449,2.057211192785,
    -0.984951843364));
#4490 = CARTESIAN_POINT('',(0.309653067393,2.058689376275,
    -0.985225922762));
#4491 = ORIENTED_EDGE('',*,*,#4492,.T.);
#4492 = EDGE_CURVE('',#4473,#4493,#4495,.T.);
#4493 = VERTEX_POINT('',#4494);
#4494 = CARTESIAN_POINT('',(-0.179077725507,1.308689376275,
    -0.94826794645));
#4495 = ELLIPSE('',#4496,1.370732012466,1.);
#4496 = AXIS2_PLACEMENT_3D('',#4497,#4498,#4499);
#4497 = CARTESIAN_POINT('',(0.138393378275,1.60631853607,0.));
#4498 = DIRECTION('',(-0.683941128881,0.72953720414,0.));
#4499 = DIRECTION('',(0.72953720414,0.683941128881,0.));
#4500 = ORIENTED_EDGE('',*,*,#4501,.F.);
#4501 = EDGE_CURVE('',#4502,#4493,#4504,.T.);
#4502 = VERTEX_POINT('',#4503);
#4503 = CARTESIAN_POINT('',(-0.179077725507,1.016874494619,
    -0.94826794645));
#4504 = B_SPLINE_CURVE_WITH_KNOTS('',3,(#4505,#4506,#4507,#4508,#4509,
    #4510,#4511,#4512,#4513,#4514,#4515,#4516,#4517,#4518),
  .UNSPECIFIED.,.F.,.F.,(4,2,2,2,2,2,4),(-7.692108916158E-02,
    -7.626121456106E-02,-6.862187638113E-02,-6.09825382012E-02,
    -5.341616642707E-02,-4.584979465293E-02,-4.50464759049E-02),
  .UNSPECIFIED.);
#4505 = CARTESIAN_POINT('',(-0.179077725507,1.016874494619,
    -0.94826794645));
#4506 = CARTESIAN_POINT('',(-0.180653985679,1.01835223853,
    -0.947740229512));
#4507 = CARTESIAN_POINT('',(-0.182198664444,1.019848387686,
    -0.947218714756));
#4508 = CARTESIAN_POINT('',(-0.201217428331,1.038867151572,
    -0.940747818873));
#4509 = CARTESIAN_POINT('',(-0.216592054502,1.061133480911,
    -0.93492776854));
#4510 = CARTESIAN_POINT('',(-0.23712339729,1.110358038966,
    -0.926890983595));
#4511 = CARTESIAN_POINT('',(-0.242289499731,1.137317474847,
    -0.924705653921));
#4512 = CARTESIAN_POINT('',(-0.242289499731,1.188003174694,
    -0.924705653921));
#4513 = CARTESIAN_POINT('',(-0.237220421335,1.214725581543,
    -0.926849167947));
#4514 = CARTESIAN_POINT('',(-0.217042641554,1.263592021395,
    -0.934754615089));
#4515 = CARTESIAN_POINT('',(-0.201925103127,1.285737298586,
    -0.940486270354));
#4516 = CARTESIAN_POINT('',(-0.182876817633,1.305056271421,
    -0.946989542341));
#4517 = CARTESIAN_POINT('',(-0.181000498535,1.306886776562,
    -0.947624220298));
#4518 = CARTESIAN_POINT('',(-0.179077725507,1.308689376275,
    -0.94826794645));
#4519 = ORIENTED_EDGE('',*,*,#4520,.T.);
#4520 = EDGE_CURVE('',#4502,#4521,#4523,.T.);
#4521 = VERTEX_POINT('',#4522);
#4522 = CARTESIAN_POINT('',(0.309653067393,0.558689376275,
    -0.985225922762));
#4523 = ELLIPSE('',#4524,1.370732012466,1.);
#4524 = AXIS2_PLACEMENT_3D('',#4525,#4526,#4527);
#4525 = CARTESIAN_POINT('',(0.138393378275,0.719245334824,0.));
#4526 = DIRECTION('',(-0.683941128881,-0.72953720414,0.));
#4527 = DIRECTION('',(0.72953720414,-0.683941128881,0.));
#4528 = ORIENTED_EDGE('',*,*,#4529,.F.);
#4529 = EDGE_CURVE('',#4530,#4521,#4532,.T.);
#4530 = VERTEX_POINT('',#4531);
#4531 = CARTESIAN_POINT('',(0.309653067393,0.266874494619,
    -0.985225922762));
#4532 = B_SPLINE_CURVE_WITH_KNOTS('',3,(#4533,#4534,#4535,#4536,#4537,
    #4538,#4539,#4540,#4541,#4542,#4543,#4544,#4545,#4546,#4547),
  .UNSPECIFIED.,.F.,.F.,(4,2,2,3,2,2,4),(-1.577912036932E-02,
    -1.51326534831E-02,-7.566326741551E-03,0.,7.558195785496E-03,
    1.511639157099E-02,1.577887318932E-02),.UNSPECIFIED.);
#4533 = CARTESIAN_POINT('',(0.309653067393,0.266874494619,
    -0.985225922762));
#4534 = CARTESIAN_POINT('',(0.311229796449,0.268352678109,
    -0.984951843364));
#4535 = CARTESIAN_POINT('',(0.312774478813,0.269848860168,
    -0.984679435161));
#4536 = CARTESIAN_POINT('',(0.331979540626,0.289053921982,
    -0.981247902777));
#4537 = CARTESIAN_POINT('',(0.347360198934,0.311474177474,
    -0.977970933238));
#4538 = CARTESIAN_POINT('',(0.36780134078,0.360727035834,-0.973395224881
    ));
#4539 = CARTESIAN_POINT('',(0.372864841617,0.387560846309,
    -0.972123002957));
#4540 = CARTESIAN_POINT('',(0.372864841617,0.412781935447,
    -0.972123002957));
#4541 = CARTESIAN_POINT('',(0.372864841617,0.437975921399,
    -0.972123002957));
#4542 = CARTESIAN_POINT('',(0.367812111687,0.464782906623,
    -0.973392437584));
#4543 = CARTESIAN_POINT('',(0.347411124394,0.513994918342,
    -0.977959857733));
#4544 = CARTESIAN_POINT('',(0.332059868724,0.536401148628,
    -0.981231441877));
#4545 = CARTESIAN_POINT('',(0.312851770118,0.555640115875,
    -0.984665802287));
#4546 = CARTESIAN_POINT('',(0.311269231589,0.557174222342,
    -0.984944988439));
#4547 = CARTESIAN_POINT('',(0.309653067393,0.558689376275,
    -0.985225922762));
#4548 = ORIENTED_EDGE('',*,*,#4549,.T.);
#4549 = EDGE_CURVE('',#4530,#4550,#4552,.T.);
#4550 = VERTEX_POINT('',#4551);
#4551 = CARTESIAN_POINT('',(-0.179077725507,-0.191310623725,
    -0.94826794645));
#4552 = ELLIPSE('',#4553,1.370732012466,1.);
#4553 = AXIS2_PLACEMENT_3D('',#4554,#4555,#4556);
#4554 = CARTESIAN_POINT('',(0.138393378275,0.10631853607,0.));
#4555 = DIRECTION('',(-0.683941128881,0.72953720414,0.));
#4556 = DIRECTION('',(0.72953720414,0.683941128881,0.));
#4557 = ORIENTED_EDGE('',*,*,#4558,.F.);
#4558 = EDGE_CURVE('',#3211,#4550,#4559,.T.);
#4559 = B_SPLINE_CURVE_WITH_KNOTS('',3,(#4560,#4561,#4562,#4563,#4564,
    #4565,#4566,#4567,#4568,#4569,#4570,#4571,#4572,#4573),
  .UNSPECIFIED.,.F.,.F.,(4,2,2,2,2,2,4),(-7.691900862638E-02,
    -7.611568987834E-02,-6.854931810421E-02,-6.098294633008E-02,
    -5.334360815015E-02,-4.570426997021E-02,-4.50443953697E-02),
  .UNSPECIFIED.);
#4560 = CARTESIAN_POINT('',(-0.179077725507,-0.483125505381,
    -0.94826794645));
#4561 = CARTESIAN_POINT('',(-0.181000498535,-0.481322905667,
    -0.947624220298));
#4562 = CARTESIAN_POINT('',(-0.182876817633,-0.479492400526,
    -0.946989542341));
#4563 = CARTESIAN_POINT('',(-0.201925103127,-0.460173427691,
    -0.940486270354));
#4564 = CARTESIAN_POINT('',(-0.217042641554,-0.438028150501,
    -0.934754615089));
#4565 = CARTESIAN_POINT('',(-0.237220421335,-0.389161710648,
    -0.926849167947));
#4566 = CARTESIAN_POINT('',(-0.242289499731,-0.3624393038,
    -0.924705653921));
#4567 = CARTESIAN_POINT('',(-0.242289499731,-0.311753603953,
    -0.924705653921));
#4568 = CARTESIAN_POINT('',(-0.23712339729,-0.284794168071,
    -0.926890983595));
#4569 = CARTESIAN_POINT('',(-0.216592054502,-0.235569610017,
    -0.93492776854));
#4570 = CARTESIAN_POINT('',(-0.201217428331,-0.213303280678,
    -0.940747818873));
#4571 = CARTESIAN_POINT('',(-0.182198664444,-0.194284516792,
    -0.947218714756));
#4572 = CARTESIAN_POINT('',(-0.180653985679,-0.192788367636,
    -0.947740229512));
#4573 = CARTESIAN_POINT('',(-0.179077725507,-0.191310623725,
    -0.94826794645));
#4574 = ORIENTED_EDGE('',*,*,#3210,.T.);
#4575 = ORIENTED_EDGE('',*,*,#3162,.F.);
#4576 = ORIENTED_EDGE('',*,*,#4577,.T.);
#4577 = EDGE_CURVE('',#3148,#4578,#4580,.T.);
#4578 = VERTEX_POINT('',#4579);
#4579 = CARTESIAN_POINT('',(-0.105972018175,-0.483125505381,
    -0.969683223026));
#4580 = ELLIPSE('',#4581,1.370732012466,1.);
#4581 = AXIS2_PLACEMENT_3D('',#4582,#4583,#4584);
#4582 = CARTESIAN_POINT('',(0.138393378275,-0.712218064553,0.));
#4583 = DIRECTION('',(0.683941128881,0.72953720414,0.));
#4584 = DIRECTION('',(0.72953720414,-0.683941128881,0.));
#4585 = ORIENTED_EDGE('',*,*,#4586,.F.);
#4586 = EDGE_CURVE('',#4587,#4578,#4589,.T.);
#4587 = VERTEX_POINT('',#4588);
#4588 = CARTESIAN_POINT('',(-0.105972018175,-0.191310623725,
    -0.969683223026));
#4589 = B_SPLINE_CURVE_WITH_KNOTS('',3,(#4590,#4591,#4592,#4593,#4594,
    #4595,#4596,#4597,#4598,#4599,#4600,#4601,#4602,#4603),
  .UNSPECIFIED.,.F.,.F.,(4,2,2,2,2,2,4),(-7.647704683612E-02,
    -7.582509437246E-02,-6.822866121939E-02,-6.063222806632E-02,
    -5.30698098872E-02,-4.550739170809E-02,-4.478849309994E-02),
  .UNSPECIFIED.);
#4590 = CARTESIAN_POINT('',(-0.105972018175,-0.191310623725,
    -0.969683223026));
#4591 = CARTESIAN_POINT('',(-0.107548582189,-0.192788652487,
    -0.969285920401));
#4592 = CARTESIAN_POINT('',(-0.109093262178,-0.194284821857,
    -0.968892563541));
#4593 = CARTESIAN_POINT('',(-0.12822137843,-0.213412938109,
    -0.963974800227));
#4594 = CARTESIAN_POINT('',(-0.143599530305,-0.235769334991,
    -0.959467827329));
#4595 = CARTESIAN_POINT('',(-0.164077897905,-0.285010542952,
    -0.953227663881));
#4596 = CARTESIAN_POINT('',(-0.169183792399,-0.311896620709,
    -0.951523139015));
#4597 = CARTESIAN_POINT('',(-0.169183792399,-0.36242612515,
    -0.951523139015));
#4598 = CARTESIAN_POINT('',(-0.164123032514,-0.389200698543,
    -0.953212247972));
#4599 = CARTESIAN_POINT('',(-0.143811336217,-0.438272668185,
    -0.95940470363));
#4600 = CARTESIAN_POINT('',(-0.128554875347,-0.46057132711,
    -0.963879890369));
#4601 = CARTESIAN_POINT('',(-0.109413632811,-0.47984047167,
    -0.968810935921));
#4602 = CARTESIAN_POINT('',(-0.10771214136,-0.481494139895,
    -0.969244702608));
#4603 = CARTESIAN_POINT('',(-0.105972018175,-0.483125505381,
    -0.969683223026));
#4604 = ORIENTED_EDGE('',*,*,#4605,.T.);
#4605 = EDGE_CURVE('',#4587,#4606,#4608,.T.);
#4606 = VERTEX_POINT('',#4607);
#4607 = CARTESIAN_POINT('',(0.382758774725,0.266874494619,
    -0.969683223026));
#4608 = ELLIPSE('',#4609,1.370732012466,1.);
#4609 = AXIS2_PLACEMENT_3D('',#4610,#4611,#4612);
#4610 = CARTESIAN_POINT('',(0.138393378275,3.778193544716E-02,0.));
#4611 = DIRECTION('',(0.683941128881,-0.72953720414,0.));
#4612 = DIRECTION('',(0.72953720414,0.683941128881,0.));
#4613 = ORIENTED_EDGE('',*,*,#4614,.F.);
#4614 = EDGE_CURVE('',#4615,#4606,#4617,.T.);
#4615 = VERTEX_POINT('',#4616);
#4616 = CARTESIAN_POINT('',(0.382758774725,0.558689376275,
    -0.969683223026));
#4617 = B_SPLINE_CURVE_WITH_KNOTS('',3,(#4618,#4619,#4620,#4621,#4622,
    #4623,#4624,#4625,#4626,#4627,#4628,#4629,#4630,#4631,#4632),
  .UNSPECIFIED.,.F.,.F.,(4,2,2,3,2,2,4),(-1.584373496637E-02,
    -1.512483635822E-02,-7.562418179112E-03,0.,7.596433153072E-03,
    1.519286630614E-02,1.584481876981E-02),.UNSPECIFIED.);
#4618 = CARTESIAN_POINT('',(0.382758774725,0.558689376275,
    -0.969683223026));
#4619 = CARTESIAN_POINT('',(0.38449889791,0.557058010789,-0.969244702608
    ));
#4620 = CARTESIAN_POINT('',(0.38620038936,0.555404342564,-0.968810935921
    ));
#4621 = CARTESIAN_POINT('',(0.405341631896,0.536135198005,
    -0.963879890369));
#4622 = CARTESIAN_POINT('',(0.420598092766,0.51383653908,-0.95940470363)
  );
#4623 = CARTESIAN_POINT('',(0.440909789063,0.464764569437,
    -0.953212247972));
#4624 = CARTESIAN_POINT('',(0.445970548948,0.437989996044,
    -0.951523139015));
#4625 = CARTESIAN_POINT('',(0.445970548948,0.412781935447,
    -0.951523139015));
#4626 = CARTESIAN_POINT('',(0.445970548948,0.387460491604,
    -0.951523139015));
#4627 = CARTESIAN_POINT('',(0.440864654454,0.360574413847,
    -0.953227663881));
#4628 = CARTESIAN_POINT('',(0.420386286854,0.311333205885,
    -0.959467827329));
#4629 = CARTESIAN_POINT('',(0.405008134979,0.288976809003,
    -0.963974800227));
#4630 = CARTESIAN_POINT('',(0.385880018728,0.269848692752,
    -0.968892563541));
#4631 = CARTESIAN_POINT('',(0.384335338738,0.268352523382,
    -0.969285920401));
#4632 = CARTESIAN_POINT('',(0.382758774725,0.266874494619,
    -0.969683223026));
#4633 = ORIENTED_EDGE('',*,*,#4634,.T.);
#4634 = EDGE_CURVE('',#4615,#4635,#4637,.T.);
#4635 = VERTEX_POINT('',#4636);
#4636 = CARTESIAN_POINT('',(-0.105972018175,1.016874494619,
    -0.969683223026));
#4637 = ELLIPSE('',#4638,1.370732012466,1.);
#4638 = AXIS2_PLACEMENT_3D('',#4639,#4640,#4641);
#4639 = CARTESIAN_POINT('',(0.138393378275,0.787781935447,0.));
#4640 = DIRECTION('',(0.683941128881,0.72953720414,0.));
#4641 = DIRECTION('',(0.72953720414,-0.683941128881,0.));
#4642 = ORIENTED_EDGE('',*,*,#4643,.F.);
#4643 = EDGE_CURVE('',#4644,#4635,#4646,.T.);
#4644 = VERTEX_POINT('',#4645);
#4645 = CARTESIAN_POINT('',(-0.105972018175,1.308689376275,
    -0.969683223026));
#4646 = B_SPLINE_CURVE_WITH_KNOTS('',3,(#4647,#4648,#4649,#4650,#4651,
    #4652,#4653,#4654,#4655,#4656,#4657,#4658,#4659,#4660),
  .UNSPECIFIED.,.F.,.F.,(4,2,2,2,2,2,4),(-7.647606646974E-02,
    -7.575716786159E-02,-6.819474968248E-02,-6.063233150337E-02,
    -5.30358983503E-02,-4.543946519723E-02,-4.478751273356E-02),
  .UNSPECIFIED.);
#4647 = CARTESIAN_POINT('',(-0.105972018175,1.308689376275,
    -0.969683223026));
#4648 = CARTESIAN_POINT('',(-0.10771214136,1.307058010789,
    -0.969244702608));
#4649 = CARTESIAN_POINT('',(-0.109413632811,1.305404342564,
    -0.968810935921));
#4650 = CARTESIAN_POINT('',(-0.128554875347,1.286135198005,
    -0.963879890369));
#4651 = CARTESIAN_POINT('',(-0.143811336217,1.26383653908,-0.95940470363
    ));
#4652 = CARTESIAN_POINT('',(-0.164123032514,1.214764569437,
    -0.953212247972));
#4653 = CARTESIAN_POINT('',(-0.169183792399,1.187989996044,
    -0.951523139015));
#4654 = CARTESIAN_POINT('',(-0.169183792399,1.137460491604,
    -0.951523139015));
#4655 = CARTESIAN_POINT('',(-0.164077897905,1.110574413847,
    -0.953227663881));
#4656 = CARTESIAN_POINT('',(-0.143599530305,1.061333205885,
    -0.959467827329));
#4657 = CARTESIAN_POINT('',(-0.12822137843,1.038976809003,
    -0.963974800227));
#4658 = CARTESIAN_POINT('',(-0.109093262178,1.019848692752,
    -0.968892563541));
#4659 = CARTESIAN_POINT('',(-0.107548582189,1.018352523382,
    -0.969285920401));
#4660 = CARTESIAN_POINT('',(-0.105972018175,1.016874494619,
    -0.969683223026));
#4661 = ORIENTED_EDGE('',*,*,#4662,.T.);
#4662 = EDGE_CURVE('',#4644,#4663,#4665,.T.);
#4663 = VERTEX_POINT('',#4664);
#4664 = CARTESIAN_POINT('',(0.382758774725,1.766874494619,
    -0.969683223026));
#4665 = ELLIPSE('',#4666,1.370732012466,1.);
#4666 = AXIS2_PLACEMENT_3D('',#4667,#4668,#4669);
#4667 = CARTESIAN_POINT('',(0.138393378275,1.537781935447,0.));
#4668 = DIRECTION('',(0.683941128881,-0.72953720414,0.));
#4669 = DIRECTION('',(0.72953720414,0.683941128881,0.));
#4670 = ORIENTED_EDGE('',*,*,#4671,.F.);
#4671 = EDGE_CURVE('',#4672,#4663,#4674,.T.);
#4672 = VERTEX_POINT('',#4673);
#4673 = CARTESIAN_POINT('',(0.382758774725,2.058689376275,
    -0.969683223026));
#4674 = B_SPLINE_CURVE_WITH_KNOTS('',3,(#4675,#4676,#4677,#4678,#4679,
    #4680,#4681,#4682,#4683,#4684,#4685,#4686,#4687,#4688,#4689),
  .UNSPECIFIED.,.F.,.F.,(4,2,2,3,2,2,4),(-1.584481876981E-02,
    -1.519286630614E-02,-7.596433153072E-03,0.,7.562418179112E-03,
    1.512483635822E-02,1.584373496637E-02),.UNSPECIFIED.);
#4675 = CARTESIAN_POINT('',(0.382758774725,2.058689376275,
    -0.969683223026));
#4676 = CARTESIAN_POINT('',(0.384335338738,2.057211347513,
    -0.969285920401));
#4677 = CARTESIAN_POINT('',(0.385880018728,2.055715178143,
    -0.968892563541));
#4678 = CARTESIAN_POINT('',(0.405008134979,2.036587061891,
    -0.963974800227));
#4679 = CARTESIAN_POINT('',(0.420386286854,2.014230665009,
    -0.959467827329));
#4680 = CARTESIAN_POINT('',(0.440864654454,1.964989457048,
    -0.953227663881));
#4681 = CARTESIAN_POINT('',(0.445970548948,1.938103379291,
    -0.951523139015));
#4682 = CARTESIAN_POINT('',(0.445970548948,1.912781935447,
    -0.951523139015));
#4683 = CARTESIAN_POINT('',(0.445970548948,1.88757387485,-0.951523139015
    ));
#4684 = CARTESIAN_POINT('',(0.440909789063,1.860799301457,
    -0.953212247972));
#4685 = CARTESIAN_POINT('',(0.420598092766,1.811727331815,-0.95940470363
    ));
#4686 = CARTESIAN_POINT('',(0.405341631896,1.78942867289,-0.963879890369
    ));
#4687 = CARTESIAN_POINT('',(0.38620038936,1.77015952833,-0.968810935921)
  );
#4688 = CARTESIAN_POINT('',(0.38449889791,1.768505860105,-0.969244702608
    ));
#4689 = CARTESIAN_POINT('',(0.382758774725,1.766874494619,
    -0.969683223026));
#4690 = ORIENTED_EDGE('',*,*,#4691,.T.);
#4691 = EDGE_CURVE('',#4672,#4692,#4694,.T.);
#4692 = VERTEX_POINT('',#4693);
#4693 = CARTESIAN_POINT('',(-0.105972018175,2.516874494619,
    -0.969683223026));
#4694 = ELLIPSE('',#4695,1.370732012466,1.);
#4695 = AXIS2_PLACEMENT_3D('',#4696,#4697,#4698);
#4696 = CARTESIAN_POINT('',(0.138393378275,2.287781935447,0.));
#4697 = DIRECTION('',(0.683941128881,0.72953720414,0.));
#4698 = DIRECTION('',(0.72953720414,-0.683941128881,0.));
#4699 = ORIENTED_EDGE('',*,*,#4700,.F.);
#4700 = EDGE_CURVE('',#4701,#4692,#4703,.T.);
#4701 = VERTEX_POINT('',#4702);
#4702 = CARTESIAN_POINT('',(-0.105972018175,2.808689376275,
    -0.969683223026));
#4703 = B_SPLINE_CURVE_WITH_KNOTS('',3,(#4704,#4705,#4706,#4707,#4708,
    #4709,#4710,#4711,#4712,#4713,#4714,#4715,#4716,#4717),
  .UNSPECIFIED.,.F.,.F.,(4,2,2,2,2,2,4),(-7.647596303269E-02,
    -7.575706442454E-02,-6.819464624543E-02,-6.063222806632E-02,
    -5.30698098872E-02,-4.550739170809E-02,-4.478849309994E-02),
  .UNSPECIFIED.);
#4704 = CARTESIAN_POINT('',(-0.105972018175,2.808689376275,
    -0.969683223026));
#4705 = CARTESIAN_POINT('',(-0.10771214136,2.807058010789,
    -0.969244702608));
#4706 = CARTESIAN_POINT('',(-0.109413632811,2.805404342564,
    -0.968810935921));
#4707 = CARTESIAN_POINT('',(-0.128554875347,2.786135198005,
    -0.963879890369));
#4708 = CARTESIAN_POINT('',(-0.143811336217,2.76383653908,-0.95940470363
    ));
#4709 = CARTESIAN_POINT('',(-0.164123032514,2.714764569437,
    -0.953212247972));
#4710 = CARTESIAN_POINT('',(-0.169183792399,2.687989996044,
    -0.951523139015));
#4711 = CARTESIAN_POINT('',(-0.169183792399,2.63757387485,
    -0.951523139015));
#4712 = CARTESIAN_POINT('',(-0.164123032514,2.610799301457,
    -0.953212247972));
#4713 = CARTESIAN_POINT('',(-0.143811336217,2.561727331815,
    -0.95940470363));
#4714 = CARTESIAN_POINT('',(-0.128554875347,2.53942867289,
    -0.963879890369));
#4715 = CARTESIAN_POINT('',(-0.109413632811,2.52015952833,
    -0.968810935921));
#4716 = CARTESIAN_POINT('',(-0.10771214136,2.518505860105,
    -0.969244702608));
#4717 = CARTESIAN_POINT('',(-0.105972018175,2.516874494619,
    -0.969683223026));
#4718 = ORIENTED_EDGE('',*,*,#4719,.T.);
#4719 = EDGE_CURVE('',#4701,#4720,#4722,.T.);
#4720 = VERTEX_POINT('',#4721);
#4721 = CARTESIAN_POINT('',(0.382758774725,3.266874494619,
    -0.969683223026));
#4722 = ELLIPSE('',#4723,1.370732012466,1.);
#4723 = AXIS2_PLACEMENT_3D('',#4724,#4725,#4726);
#4724 = CARTESIAN_POINT('',(0.138393378275,3.037781935447,0.));
#4725 = DIRECTION('',(0.683941128881,-0.72953720414,0.));
#4726 = DIRECTION('',(0.72953720414,0.683941128881,0.));
#4727 = ORIENTED_EDGE('',*,*,#4728,.F.);
#4728 = EDGE_CURVE('',#4729,#4720,#4731,.T.);
#4729 = VERTEX_POINT('',#4730);
#4730 = CARTESIAN_POINT('',(0.382758774725,3.558689376275,
    -0.969683223026));
#4731 = B_SPLINE_CURVE_WITH_KNOTS('',3,(#4732,#4733,#4734,#4735,#4736,
    #4737,#4738,#4739,#4740,#4741,#4742,#4743,#4744,#4745,#4746),
  .UNSPECIFIED.,.F.,.F.,(4,2,2,3,2,2,4),(-1.584373496637E-02,
    -1.512483635822E-02,-7.562418179112E-03,0.,7.562418179112E-03,
    1.512483635822E-02,1.584373496637E-02),.UNSPECIFIED.);
#4732 = CARTESIAN_POINT('',(0.382758774725,3.558689376275,
    -0.969683223026));
#4733 = CARTESIAN_POINT('',(0.38449889791,3.557058010789,-0.969244702608
    ));
#4734 = CARTESIAN_POINT('',(0.38620038936,3.555404342564,-0.968810935921
    ));
#4735 = CARTESIAN_POINT('',(0.405341631896,3.536135198005,
    -0.963879890369));
#4736 = CARTESIAN_POINT('',(0.420598092766,3.51383653908,-0.95940470363)
  );
#4737 = CARTESIAN_POINT('',(0.440909789063,3.464764569437,
    -0.953212247972));
#4738 = CARTESIAN_POINT('',(0.445970548948,3.437989996044,
    -0.951523139015));
#4739 = CARTESIAN_POINT('',(0.445970548948,3.412781935447,
    -0.951523139015));
#4740 = CARTESIAN_POINT('',(0.445970548948,3.38757387485,-0.951523139015
    ));
#4741 = CARTESIAN_POINT('',(0.440909789063,3.360799301457,
    -0.953212247972));
#4742 = CARTESIAN_POINT('',(0.420598092766,3.311727331815,-0.95940470363
    ));
#4743 = CARTESIAN_POINT('',(0.405341631896,3.28942867289,-0.963879890369
    ));
#4744 = CARTESIAN_POINT('',(0.38620038936,3.27015952833,-0.968810935921)
  );
#4745 = CARTESIAN_POINT('',(0.38449889791,3.268505860105,-0.969244702608
    ));
#4746 = CARTESIAN_POINT('',(0.382758774725,3.266874494619,
    -0.969683223026));
#4747 = ORIENTED_EDGE('',*,*,#4748,.T.);
#4748 = EDGE_CURVE('',#4729,#4749,#4751,.T.);
#4749 = VERTEX_POINT('',#4750);
#4750 = CARTESIAN_POINT('',(-0.105972018175,4.016874494619,
    -0.969683223026));
#4751 = ELLIPSE('',#4752,1.370732012466,1.);
#4752 = AXIS2_PLACEMENT_3D('',#4753,#4754,#4755);
#4753 = CARTESIAN_POINT('',(0.138393378275,3.787781935447,0.));
#4754 = DIRECTION('',(0.683941128881,0.72953720414,0.));
#4755 = DIRECTION('',(0.72953720414,-0.683941128881,0.));
#4756 = ORIENTED_EDGE('',*,*,#4757,.F.);
#4757 = EDGE_CURVE('',#4758,#4749,#4760,.T.);
#4758 = VERTEX_POINT('',#4759);
#4759 = CARTESIAN_POINT('',(-0.105972018175,4.308689376275,
    -0.969683223026));
#4760 = B_SPLINE_CURVE_WITH_KNOTS('',3,(#4761,#4762,#4763,#4764,#4765,
    #4766,#4767,#4768,#4769,#4770,#4771,#4772,#4773,#4774),
  .UNSPECIFIED.,.F.,.F.,(4,2,2,2,2,2,4),(-7.647596303269E-02,
    -7.575706442454E-02,-6.819464624543E-02,-6.063222806632E-02,
    -5.30698098872E-02,-4.550739170809E-02,-4.478849309994E-02),
  .UNSPECIFIED.);
#4761 = CARTESIAN_POINT('',(-0.105972018175,4.308689376275,
    -0.969683223026));
#4762 = CARTESIAN_POINT('',(-0.10771214136,4.307058010789,
    -0.969244702608));
#4763 = CARTESIAN_POINT('',(-0.109413632811,4.305404342564,
    -0.968810935921));
#4764 = CARTESIAN_POINT('',(-0.128554875347,4.286135198005,
    -0.963879890369));
#4765 = CARTESIAN_POINT('',(-0.143811336217,4.26383653908,-0.95940470363
    ));
#4766 = CARTESIAN_POINT('',(-0.164123032514,4.214764569437,
    -0.953212247972));
#4767 = CARTESIAN_POINT('',(-0.169183792399,4.187989996044,
    -0.951523139015));
#4768 = CARTESIAN_POINT('',(-0.169183792399,4.13757387485,
    -0.951523139015));
#4769 = CARTESIAN_POINT('',(-0.164123032514,4.110799301457,
    -0.953212247972));
#4770 = CARTESIAN_POINT('',(-0.143811336217,4.061727331815,
    -0.95940470363));
#4771 = CARTESIAN_POINT('',(-0.128554875347,4.03942867289,
    -0.963879890369));
#4772 = CARTESIAN_POINT('',(-0.109413632811,4.02015952833,
    -0.968810935921));
#4773 = CARTESIAN_POINT('',(-0.10771214136,4.018505860105,
    -0.969244702608));
#4774 = CARTESIAN_POINT('',(-0.105972018175,4.016874494619,
    -0.969683223026));
#4775 = ORIENTED_EDGE('',*,*,#4776,.T.);
#4776 = EDGE_CURVE('',#4758,#4777,#4779,.T.);
#4777 = VERTEX_POINT('',#4778);
#4778 = CARTESIAN_POINT('',(0.382758774725,4.766874494619,
    -0.969683223026));
#4779 = ELLIPSE('',#4780,1.370732012466,1.);
#4780 = AXIS2_PLACEMENT_3D('',#4781,#4782,#4783);
#4781 = CARTESIAN_POINT('',(0.138393378275,4.537781935447,0.));
#4782 = DIRECTION('',(0.683941128881,-0.72953720414,0.));
#4783 = DIRECTION('',(0.72953720414,0.683941128881,0.));
#4784 = ORIENTED_EDGE('',*,*,#4785,.F.);
#4785 = EDGE_CURVE('',#4786,#4777,#4788,.T.);
#4786 = VERTEX_POINT('',#4787);
#4787 = CARTESIAN_POINT('',(0.382758774725,5.058689376275,
    -0.969683223026));
#4788 = B_SPLINE_CURVE_WITH_KNOTS('',3,(#4789,#4790,#4791,#4792,#4793,
    #4794,#4795,#4796,#4797,#4798,#4799,#4800,#4801,#4802,#4803),
  .UNSPECIFIED.,.F.,.F.,(4,2,2,3,2,2,4),(-1.584373496637E-02,
    -1.512483635822E-02,-7.562418179112E-03,0.,7.562418179112E-03,
    1.512483635822E-02,1.584373496637E-02),.UNSPECIFIED.);
#4789 = CARTESIAN_POINT('',(0.382758774725,5.058689376275,
    -0.969683223026));
#4790 = CARTESIAN_POINT('',(0.38449889791,5.057058010789,-0.969244702608
    ));
#4791 = CARTESIAN_POINT('',(0.38620038936,5.055404342564,-0.968810935921
    ));
#4792 = CARTESIAN_POINT('',(0.405341631896,5.036135198005,
    -0.963879890369));
#4793 = CARTESIAN_POINT('',(0.420598092766,5.01383653908,-0.95940470363)
  );
#4794 = CARTESIAN_POINT('',(0.440909789063,4.964764569437,
    -0.953212247972));
#4795 = CARTESIAN_POINT('',(0.445970548948,4.937989996044,
    -0.951523139015));
#4796 = CARTESIAN_POINT('',(0.445970548948,4.912781935447,
    -0.951523139015));
#4797 = CARTESIAN_POINT('',(0.445970548948,4.88757387485,-0.951523139015
    ));
#4798 = CARTESIAN_POINT('',(0.440909789063,4.860799301457,
    -0.953212247972));
#4799 = CARTESIAN_POINT('',(0.420598092766,4.811727331815,-0.95940470363
    ));
#4800 = CARTESIAN_POINT('',(0.405341631896,4.78942867289,-0.963879890369
    ));
#4801 = CARTESIAN_POINT('',(0.38620038936,4.77015952833,-0.968810935921)
  );
#4802 = CARTESIAN_POINT('',(0.38449889791,4.768505860105,-0.969244702608
    ));
#4803 = CARTESIAN_POINT('',(0.382758774725,4.766874494619,
    -0.969683223026));
#4804 = ORIENTED_EDGE('',*,*,#4805,.T.);
#4805 = EDGE_CURVE('',#4786,#4806,#4808,.T.);
#4806 = VERTEX_POINT('',#4807);
#4807 = CARTESIAN_POINT('',(-0.105972018175,5.516874494619,
    -0.969683223026));
#4808 = ELLIPSE('',#4809,1.370732012466,1.);
#4809 = AXIS2_PLACEMENT_3D('',#4810,#4811,#4812);
#4810 = CARTESIAN_POINT('',(0.138393378275,5.287781935447,0.));
#4811 = DIRECTION('',(0.683941128881,0.72953720414,0.));
#4812 = DIRECTION('',(0.72953720414,-0.683941128881,0.));
#4813 = ORIENTED_EDGE('',*,*,#4814,.F.);
#4814 = EDGE_CURVE('',#4815,#4806,#4817,.T.);
#4815 = VERTEX_POINT('',#4816);
#4816 = CARTESIAN_POINT('',(-0.105972018175,5.808689376275,
    -0.969683223026));
#4817 = B_SPLINE_CURVE_WITH_KNOTS('',3,(#4818,#4819,#4820,#4821,#4822,
    #4823,#4824,#4825,#4826,#4827,#4828,#4829,#4830,#4831),
  .UNSPECIFIED.,.F.,.F.,(4,2,2,2,2,2,4),(-7.647596303269E-02,
    -7.575706442454E-02,-6.819464624543E-02,-6.063222806632E-02,
    -5.30698098872E-02,-4.550739170809E-02,-4.478849309994E-02),
  .UNSPECIFIED.);
#4818 = CARTESIAN_POINT('',(-0.105972018175,5.808689376275,
    -0.969683223026));
#4819 = CARTESIAN_POINT('',(-0.10771214136,5.807058010789,
    -0.969244702608));
#4820 = CARTESIAN_POINT('',(-0.109413632811,5.805404342564,
    -0.968810935921));
#4821 = CARTESIAN_POINT('',(-0.128554875347,5.786135198005,
    -0.963879890369));
#4822 = CARTESIAN_POINT('',(-0.143811336217,5.76383653908,-0.95940470363
    ));
#4823 = CARTESIAN_POINT('',(-0.164123032514,5.714764569437,
    -0.953212247972));
#4824 = CARTESIAN_POINT('',(-0.169183792399,5.687989996044,
    -0.951523139015));
#4825 = CARTESIAN_POINT('',(-0.169183792399,5.63757387485,
    -0.951523139015));
#4826 = CARTESIAN_POINT('',(-0.164123032514,5.610799301457,
    -0.953212247972));
#4827 = CARTESIAN_POINT('',(-0.143811336217,5.561727331815,
    -0.95940470363));
#4828 = CARTESIAN_POINT('',(-0.128554875347,5.53942867289,
    -0.963879890369));
#4829 = CARTESIAN_POINT('',(-0.109413632811,5.52015952833,
    -0.968810935921));
#4830 = CARTESIAN_POINT('',(-0.10771214136,5.518505860105,
    -0.969244702608));
#4831 = CARTESIAN_POINT('',(-0.105972018175,5.516874494619,
    -0.969683223026));
#4832 = ORIENTED_EDGE('',*,*,#4833,.T.);
#4833 = EDGE_CURVE('',#4815,#4162,#4834,.T.);
#4834 = ELLIPSE('',#4835,1.370732012466,1.);
#4835 = AXIS2_PLACEMENT_3D('',#4836,#4837,#4838);
#4836 = CARTESIAN_POINT('',(0.138393378275,6.037781935447,0.));
#4837 = DIRECTION('',(0.683941128881,-0.72953720414,0.));
#4838 = DIRECTION('',(0.72953720414,0.683941128881,0.));
#4839 = ORIENTED_EDGE('',*,*,#4169,.F.);
#4840 = ORIENTED_EDGE('',*,*,#4137,.T.);
#4841 = ORIENTED_EDGE('',*,*,#4094,.F.);
#4842 = ORIENTED_EDGE('',*,*,#4843,.T.);
#4843 = EDGE_CURVE('',#4095,#4844,#4846,.T.);
#4844 = VERTEX_POINT('',#4845);
#4845 = CARTESIAN_POINT('',(0.382758774725,7.766874494619,
    -0.969683223026));
#4846 = ELLIPSE('',#4847,1.370732012466,1.);
#4847 = AXIS2_PLACEMENT_3D('',#4848,#4849,#4850);
#4848 = CARTESIAN_POINT('',(0.138393378275,7.537781935447,0.));
#4849 = DIRECTION('',(0.683941128881,-0.72953720414,0.));
#4850 = DIRECTION('',(0.72953720414,0.683941128881,0.));
#4851 = ORIENTED_EDGE('',*,*,#4852,.F.);
#4852 = EDGE_CURVE('',#4853,#4844,#4855,.T.);
#4853 = VERTEX_POINT('',#4854);
#4854 = CARTESIAN_POINT('',(0.382758774725,8.058689376275,
    -0.969683223026));
#4855 = B_SPLINE_CURVE_WITH_KNOTS('',3,(#4856,#4857,#4858,#4859,#4860,
    #4861,#4862,#4863,#4864,#4865,#4866,#4867,#4868,#4869,#4870),
  .UNSPECIFIED.,.F.,.F.,(4,2,2,3,2,2,4),(-1.584373496637E-02,
    -1.512483635822E-02,-7.562418179112E-03,0.,7.562418179112E-03,
    1.512483635822E-02,1.584373496637E-02),.UNSPECIFIED.);
#4856 = CARTESIAN_POINT('',(0.382758774725,8.058689376275,
    -0.969683223026));
#4857 = CARTESIAN_POINT('',(0.38449889791,8.057058010789,-0.969244702608
    ));
#4858 = CARTESIAN_POINT('',(0.38620038936,8.055404342564,-0.968810935921
    ));
#4859 = CARTESIAN_POINT('',(0.405341631896,8.036135198005,
    -0.963879890369));
#4860 = CARTESIAN_POINT('',(0.420598092766,8.01383653908,-0.95940470363)
  );
#4861 = CARTESIAN_POINT('',(0.440909789063,7.964764569437,
    -0.953212247972));
#4862 = CARTESIAN_POINT('',(0.445970548948,7.937989996044,
    -0.951523139015));
#4863 = CARTESIAN_POINT('',(0.445970548948,7.912781935447,
    -0.951523139015));
#4864 = CARTESIAN_POINT('',(0.445970548948,7.88757387485,-0.951523139015
    ));
#4865 = CARTESIAN_POINT('',(0.440909789063,7.860799301457,
    -0.953212247972));
#4866 = CARTESIAN_POINT('',(0.420598092766,7.811727331815,-0.95940470363
    ));
#4867 = CARTESIAN_POINT('',(0.405341631896,7.78942867289,-0.963879890369
    ));
#4868 = CARTESIAN_POINT('',(0.38620038936,7.77015952833,-0.968810935921)
  );
#4869 = CARTESIAN_POINT('',(0.38449889791,7.768505860105,-0.969244702608
    ));
#4870 = CARTESIAN_POINT('',(0.382758774725,7.766874494619,
    -0.969683223026));
#4871 = ORIENTED_EDGE('',*,*,#4872,.T.);
#4872 = EDGE_CURVE('',#4853,#4873,#4875,.T.);
#4873 = VERTEX_POINT('',#4874);
#4874 = CARTESIAN_POINT('',(-0.105972018175,8.516874494619,
    -0.969683223026));
#4875 = ELLIPSE('',#4876,1.370732012466,1.);
#4876 = AXIS2_PLACEMENT_3D('',#4877,#4878,#4879);
#4877 = CARTESIAN_POINT('',(0.138393378275,8.287781935447,0.));
#4878 = DIRECTION('',(0.683941128881,0.72953720414,0.));
#4879 = DIRECTION('',(0.72953720414,-0.683941128881,0.));
#4880 = ORIENTED_EDGE('',*,*,#4881,.F.);
#4881 = EDGE_CURVE('',#3089,#4873,#4882,.T.);
#4882 = B_SPLINE_CURVE_WITH_KNOTS('',3,(#4883,#4884,#4885,#4886,#4887,
    #4888,#4889,#4890,#4891,#4892,#4893,#4894,#4895,#4896),
  .UNSPECIFIED.,.F.,.F.,(4,2,2,2,2,2,4),(-7.647596303269E-02,
    -7.575706442454E-02,-6.819464624543E-02,-6.063222806632E-02,
    -5.30698098872E-02,-4.550739170809E-02,-4.478849309994E-02),
  .UNSPECIFIED.);
#4883 = CARTESIAN_POINT('',(-0.105972018175,8.808689376275,
    -0.969683223026));
#4884 = CARTESIAN_POINT('',(-0.10771214136,8.807058010789,
    -0.969244702608));
#4885 = CARTESIAN_POINT('',(-0.109413632811,8.805404342564,
    -0.968810935921));
#4886 = CARTESIAN_POINT('',(-0.128554875347,8.786135198005,
    -0.963879890369));
#4887 = CARTESIAN_POINT('',(-0.143811336217,8.76383653908,-0.95940470363
    ));
#4888 = CARTESIAN_POINT('',(-0.164123032514,8.714764569437,
    -0.953212247972));
#4889 = CARTESIAN_POINT('',(-0.169183792399,8.687989996044,
    -0.951523139015));
#4890 = CARTESIAN_POINT('',(-0.169183792399,8.63757387485,
    -0.951523139015));
#4891 = CARTESIAN_POINT('',(-0.164123032514,8.610799301457,
    -0.953212247972));
#4892 = CARTESIAN_POINT('',(-0.143811336217,8.561727331815,
    -0.95940470363));
#4893 = CARTESIAN_POINT('',(-0.128554875347,8.53942867289,
    -0.963879890369));
#4894 = CARTESIAN_POINT('',(-0.109413632811,8.52015952833,
    -0.968810935921));
#4895 = CARTESIAN_POINT('',(-0.10771214136,8.518505860105,
    -0.969244702608));
#4896 = CARTESIAN_POINT('',(-0.105972018175,8.516874494619,
    -0.969683223026));
#4897 = ORIENTED_EDGE('',*,*,#3088,.T.);
#4898 = CYLINDRICAL_SURFACE('',#4899,1.);
#4899 = AXIS2_PLACEMENT_3D('',#4900,#4901,#4902);
#4900 = CARTESIAN_POINT('',(0.138393378275,4.412781935447,0.));
#4901 = DIRECTION('',(0.,-1.,0.));
#4902 = DIRECTION('',(1.,0.,0.));
#4903 = ADVANCED_FACE('',(#4904),#4920,.T.);
#4904 = FACE_BOUND('',#4905,.T.);
#4905 = EDGE_LOOP('',(#4906,#4907,#4913,#4914));
#4906 = ORIENTED_EDGE('',*,*,#4814,.T.);
#4907 = ORIENTED_EDGE('',*,*,#4908,.T.);
#4908 = EDGE_CURVE('',#4806,#3849,#4909,.T.);
#4909 = LINE('',#4910,#4911);
#4910 = CARTESIAN_POINT('',(-0.105972018175,5.516874494619,
    -0.969683223026));
#4911 = VECTOR('',#4912,1.);
#4912 = DIRECTION('',(0.,0.,1.));
#4913 = ORIENTED_EDGE('',*,*,#3857,.T.);
#4914 = ORIENTED_EDGE('',*,*,#4915,.T.);
#4915 = EDGE_CURVE('',#3858,#4815,#4916,.T.);
#4916 = LINE('',#4917,#4918);
#4917 = CARTESIAN_POINT('',(-0.105972018175,5.808689376275,
    -0.709073728901));
#4918 = VECTOR('',#4919,1.);
#4919 = DIRECTION('',(0.,0.,-1.));
#4920 = CYLINDRICAL_SURFACE('',#4921,0.2);
#4921 = AXIS2_PLACEMENT_3D('',#4922,#4923,#4924);
#4922 = CARTESIAN_POINT('',(3.081620760077E-02,5.662781935447,0.));
#4923 = DIRECTION('',(0.,0.,-1.));
#4924 = DIRECTION('',(-1.,0.,0.));
#4925 = ADVANCED_FACE('',(#4926),#4937,.T.);
#4926 = FACE_BOUND('',#4927,.T.);
#4927 = EDGE_LOOP('',(#4928,#4929,#4930,#4936));
#4928 = ORIENTED_EDGE('',*,*,#4908,.F.);
#4929 = ORIENTED_EDGE('',*,*,#4805,.F.);
#4930 = ORIENTED_EDGE('',*,*,#4931,.F.);
#4931 = EDGE_CURVE('',#3829,#4786,#4932,.T.);
#4932 = LINE('',#4933,#4934);
#4933 = CARTESIAN_POINT('',(0.382758774725,5.058689376275,
    -0.709073728901));
#4934 = VECTOR('',#4935,1.);
#4935 = DIRECTION('',(0.,0.,-1.));
#4936 = ORIENTED_EDGE('',*,*,#3848,.F.);
#4937 = PLANE('',#4938);
#4938 = AXIS2_PLACEMENT_3D('',#4939,#4940,#4941);
#4939 = CARTESIAN_POINT('',(0.538393378275,4.912781935447,0.));
#4940 = DIRECTION('',(-0.683941128881,-0.72953720414,0.));
#4941 = DIRECTION('',(0.,0.,1.));
#4942 = ADVANCED_FACE('',(#4943),#4954,.F.);
#4943 = FACE_BOUND('',#4944,.F.);
#4944 = EDGE_LOOP('',(#4945,#4951,#4952,#4953));
#4945 = ORIENTED_EDGE('',*,*,#4946,.F.);
#4946 = EDGE_CURVE('',#4777,#3820,#4947,.T.);
#4947 = LINE('',#4948,#4949);
#4948 = CARTESIAN_POINT('',(0.382758774725,4.766874494619,
    -0.969683223026));
#4949 = VECTOR('',#4950,1.);
#4950 = DIRECTION('',(0.,0.,1.));
#4951 = ORIENTED_EDGE('',*,*,#4785,.F.);
#4952 = ORIENTED_EDGE('',*,*,#4931,.F.);
#4953 = ORIENTED_EDGE('',*,*,#3828,.F.);
#4954 = CYLINDRICAL_SURFACE('',#4955,0.2);
#4955 = AXIS2_PLACEMENT_3D('',#4956,#4957,#4958);
#4956 = CARTESIAN_POINT('',(0.245970548948,4.912781935447,
    -0.491977373121));
#4957 = DIRECTION('',(0.,0.,-1.));
#4958 = DIRECTION('',(1.,0.,0.));
#4959 = ADVANCED_FACE('',(#4960),#4976,.F.);
#4960 = FACE_BOUND('',#4961,.F.);
#4961 = EDGE_LOOP('',(#4962,#4968,#4969,#4975));
#4962 = ORIENTED_EDGE('',*,*,#4963,.F.);
#4963 = EDGE_CURVE('',#4322,#3365,#4964,.T.);
#4964 = LINE('',#4965,#4966);
#4965 = CARTESIAN_POINT('',(-0.179077725507,5.808689376275,
    -0.94826794645));
#4966 = VECTOR('',#4967,1.);
#4967 = DIRECTION('',(0.,0.,1.));
#4968 = ORIENTED_EDGE('',*,*,#4330,.F.);
#4969 = ORIENTED_EDGE('',*,*,#4970,.F.);
#4970 = EDGE_CURVE('',#3374,#4331,#4971,.T.);
#4971 = LINE('',#4972,#4973);
#4972 = CARTESIAN_POINT('',(-0.179077725507,5.516874494619,
    -0.679494001639));
#4973 = VECTOR('',#4974,1.);
#4974 = DIRECTION('',(0.,0.,-1.));
#4975 = ORIENTED_EDGE('',*,*,#3373,.F.);
#4976 = CYLINDRICAL_SURFACE('',#4977,0.2);
#4977 = AXIS2_PLACEMENT_3D('',#4978,#4979,#4980);
#4978 = CARTESIAN_POINT('',(-4.228949973077E-02,5.662781935447,
    -0.481674712893));
#4979 = DIRECTION('',(0.,0.,-1.));
#4980 = DIRECTION('',(-1.,0.,0.));
#4981 = ADVANCED_FACE('',(#4982),#4993,.T.);
#4982 = FACE_BOUND('',#4983,.T.);
#4983 = EDGE_LOOP('',(#4984,#4985,#4986,#4992));
#4984 = ORIENTED_EDGE('',*,*,#4970,.F.);
#4985 = ORIENTED_EDGE('',*,*,#3392,.F.);
#4986 = ORIENTED_EDGE('',*,*,#4987,.F.);
#4987 = EDGE_CURVE('',#4350,#3393,#4988,.T.);
#4988 = LINE('',#4989,#4990);
#4989 = CARTESIAN_POINT('',(0.309653067393,5.058689376275,
    -0.985225922762));
#4990 = VECTOR('',#4991,1.);
#4991 = DIRECTION('',(0.,0.,1.));
#4992 = ORIENTED_EDGE('',*,*,#4349,.F.);
#4993 = PLANE('',#4994);
#4994 = AXIS2_PLACEMENT_3D('',#4995,#4996,#4997);
#4995 = CARTESIAN_POINT('',(-0.334712329057,5.662781935447,0.));
#4996 = DIRECTION('',(0.683941128881,0.72953720414,0.));
#4997 = DIRECTION('',(0.,0.,-1.));
#4998 = ADVANCED_FACE('',(#4999),#5010,.T.);
#4999 = FACE_BOUND('',#5000,.T.);
#5000 = EDGE_LOOP('',(#5001,#5002,#5003,#5004));
#5001 = ORIENTED_EDGE('',*,*,#4358,.T.);
#5002 = ORIENTED_EDGE('',*,*,#4987,.T.);
#5003 = ORIENTED_EDGE('',*,*,#3401,.T.);
#5004 = ORIENTED_EDGE('',*,*,#5005,.T.);
#5005 = EDGE_CURVE('',#3402,#4359,#5006,.T.);
#5006 = LINE('',#5007,#5008);
#5007 = CARTESIAN_POINT('',(0.309653067393,4.766874494619,
    -0.730184989494));
#5008 = VECTOR('',#5009,1.);
#5009 = DIRECTION('',(0.,0.,-1.));
#5010 = CYLINDRICAL_SURFACE('',#5011,0.2);
#5011 = AXIS2_PLACEMENT_3D('',#5012,#5013,#5014);
#5012 = CARTESIAN_POINT('',(0.172864841617,4.912781935447,0.));
#5013 = DIRECTION('',(0.,0.,-1.));
#5014 = DIRECTION('',(1.,0.,0.));
#5015 = ADVANCED_FACE('',(#5016),#5032,.T.);
#5016 = FACE_BOUND('',#5017,.T.);
#5017 = EDGE_LOOP('',(#5018,#5019,#5025,#5026));
#5018 = ORIENTED_EDGE('',*,*,#4757,.T.);
#5019 = ORIENTED_EDGE('',*,*,#5020,.T.);
#5020 = EDGE_CURVE('',#4749,#3792,#5021,.T.);
#5021 = LINE('',#5022,#5023);
#5022 = CARTESIAN_POINT('',(-0.105972018175,4.016874494619,
    -0.969683223026));
#5023 = VECTOR('',#5024,1.);
#5024 = DIRECTION('',(0.,0.,1.));
#5025 = ORIENTED_EDGE('',*,*,#3800,.T.);
#5026 = ORIENTED_EDGE('',*,*,#5027,.T.);
#5027 = EDGE_CURVE('',#3801,#4758,#5028,.T.);
#5028 = LINE('',#5029,#5030);
#5029 = CARTESIAN_POINT('',(-0.105972018175,4.308689376275,
    -0.709073728901));
#5030 = VECTOR('',#5031,1.);
#5031 = DIRECTION('',(0.,0.,-1.));
#5032 = CYLINDRICAL_SURFACE('',#5033,0.2);
#5033 = AXIS2_PLACEMENT_3D('',#5034,#5035,#5036);
#5034 = CARTESIAN_POINT('',(3.081620760077E-02,4.162781935447,0.));
#5035 = DIRECTION('',(0.,0.,-1.));
#5036 = DIRECTION('',(-1.,0.,0.));
#5037 = ADVANCED_FACE('',(#5038),#5049,.T.);
#5038 = FACE_BOUND('',#5039,.T.);
#5039 = EDGE_LOOP('',(#5040,#5041,#5042,#5048));
#5040 = ORIENTED_EDGE('',*,*,#5020,.F.);
#5041 = ORIENTED_EDGE('',*,*,#4748,.F.);
#5042 = ORIENTED_EDGE('',*,*,#5043,.F.);
#5043 = EDGE_CURVE('',#3772,#4729,#5044,.T.);
#5044 = LINE('',#5045,#5046);
#5045 = CARTESIAN_POINT('',(0.382758774725,3.558689376275,
    -0.709073728901));
#5046 = VECTOR('',#5047,1.);
#5047 = DIRECTION('',(0.,0.,-1.));
#5048 = ORIENTED_EDGE('',*,*,#3791,.F.);
#5049 = PLANE('',#5050);
#5050 = AXIS2_PLACEMENT_3D('',#5051,#5052,#5053);
#5051 = CARTESIAN_POINT('',(0.538393378275,3.412781935447,0.));
#5052 = DIRECTION('',(-0.683941128881,-0.72953720414,0.));
#5053 = DIRECTION('',(0.,0.,1.));
#5054 = ADVANCED_FACE('',(#5055),#5066,.F.);
#5055 = FACE_BOUND('',#5056,.F.);
#5056 = EDGE_LOOP('',(#5057,#5063,#5064,#5065));
#5057 = ORIENTED_EDGE('',*,*,#5058,.F.);
#5058 = EDGE_CURVE('',#4720,#3763,#5059,.T.);
#5059 = LINE('',#5060,#5061);
#5060 = CARTESIAN_POINT('',(0.382758774725,3.266874494619,
    -0.969683223026));
#5061 = VECTOR('',#5062,1.);
#5062 = DIRECTION('',(0.,0.,1.));
#5063 = ORIENTED_EDGE('',*,*,#4728,.F.);
#5064 = ORIENTED_EDGE('',*,*,#5043,.F.);
#5065 = ORIENTED_EDGE('',*,*,#3771,.F.);
#5066 = CYLINDRICAL_SURFACE('',#5067,0.2);
#5067 = AXIS2_PLACEMENT_3D('',#5068,#5069,#5070);
#5068 = CARTESIAN_POINT('',(0.245970548948,3.412781935447,
    -0.491977373121));
#5069 = DIRECTION('',(0.,0.,-1.));
#5070 = DIRECTION('',(1.,0.,0.));
#5071 = ADVANCED_FACE('',(#5072),#5088,.F.);
#5072 = FACE_BOUND('',#5073,.F.);
#5073 = EDGE_LOOP('',(#5074,#5080,#5081,#5087));
#5074 = ORIENTED_EDGE('',*,*,#5075,.F.);
#5075 = EDGE_CURVE('',#4379,#3422,#5076,.T.);
#5076 = LINE('',#5077,#5078);
#5077 = CARTESIAN_POINT('',(-0.179077725507,4.308689376275,
    -0.94826794645));
#5078 = VECTOR('',#5079,1.);
#5079 = DIRECTION('',(0.,0.,1.));
#5080 = ORIENTED_EDGE('',*,*,#4387,.F.);
#5081 = ORIENTED_EDGE('',*,*,#5082,.F.);
#5082 = EDGE_CURVE('',#3431,#4388,#5083,.T.);
#5083 = LINE('',#5084,#5085);
#5084 = CARTESIAN_POINT('',(-0.179077725507,4.016874494619,
    -0.679494001639));
#5085 = VECTOR('',#5086,1.);
#5086 = DIRECTION('',(0.,0.,-1.));
#5087 = ORIENTED_EDGE('',*,*,#3430,.F.);
#5088 = CYLINDRICAL_SURFACE('',#5089,0.2);
#5089 = AXIS2_PLACEMENT_3D('',#5090,#5091,#5092);
#5090 = CARTESIAN_POINT('',(-4.228949973076E-02,4.162781935447,
    -0.481674712893));
#5091 = DIRECTION('',(0.,0.,-1.));
#5092 = DIRECTION('',(-1.,0.,0.));
#5093 = ADVANCED_FACE('',(#5094),#5105,.T.);
#5094 = FACE_BOUND('',#5095,.T.);
#5095 = EDGE_LOOP('',(#5096,#5097,#5098,#5104));
#5096 = ORIENTED_EDGE('',*,*,#5082,.F.);
#5097 = ORIENTED_EDGE('',*,*,#3449,.F.);
#5098 = ORIENTED_EDGE('',*,*,#5099,.F.);
#5099 = EDGE_CURVE('',#4407,#3450,#5100,.T.);
#5100 = LINE('',#5101,#5102);
#5101 = CARTESIAN_POINT('',(0.309653067393,3.558689376275,
    -0.985225922762));
#5102 = VECTOR('',#5103,1.);
#5103 = DIRECTION('',(0.,0.,1.));
#5104 = ORIENTED_EDGE('',*,*,#4406,.F.);
#5105 = PLANE('',#5106);
#5106 = AXIS2_PLACEMENT_3D('',#5107,#5108,#5109);
#5107 = CARTESIAN_POINT('',(-0.334712329057,4.162781935447,0.));
#5108 = DIRECTION('',(0.683941128881,0.72953720414,0.));
#5109 = DIRECTION('',(0.,0.,-1.));
#5110 = ADVANCED_FACE('',(#5111),#5122,.T.);
#5111 = FACE_BOUND('',#5112,.T.);
#5112 = EDGE_LOOP('',(#5113,#5114,#5115,#5116));
#5113 = ORIENTED_EDGE('',*,*,#4415,.T.);
#5114 = ORIENTED_EDGE('',*,*,#5099,.T.);
#5115 = ORIENTED_EDGE('',*,*,#3458,.T.);
#5116 = ORIENTED_EDGE('',*,*,#5117,.T.);
#5117 = EDGE_CURVE('',#3459,#4416,#5118,.T.);
#5118 = LINE('',#5119,#5120);
#5119 = CARTESIAN_POINT('',(0.309653067393,3.266874494619,
    -0.730184989494));
#5120 = VECTOR('',#5121,1.);
#5121 = DIRECTION('',(0.,0.,-1.));
#5122 = CYLINDRICAL_SURFACE('',#5123,0.2);
#5123 = AXIS2_PLACEMENT_3D('',#5124,#5125,#5126);
#5124 = CARTESIAN_POINT('',(0.172864841617,3.412781935447,0.));
#5125 = DIRECTION('',(0.,0.,-1.));
#5126 = DIRECTION('',(1.,0.,0.));
#5127 = ADVANCED_FACE('',(#5128),#5144,.T.);
#5128 = FACE_BOUND('',#5129,.T.);
#5129 = EDGE_LOOP('',(#5130,#5131,#5137,#5138));
#5130 = ORIENTED_EDGE('',*,*,#4700,.T.);
#5131 = ORIENTED_EDGE('',*,*,#5132,.T.);
#5132 = EDGE_CURVE('',#4692,#3735,#5133,.T.);
#5133 = LINE('',#5134,#5135);
#5134 = CARTESIAN_POINT('',(-0.105972018175,2.516874494619,
    -0.969683223026));
#5135 = VECTOR('',#5136,1.);
#5136 = DIRECTION('',(0.,0.,1.));
#5137 = ORIENTED_EDGE('',*,*,#3743,.T.);
#5138 = ORIENTED_EDGE('',*,*,#5139,.T.);
#5139 = EDGE_CURVE('',#3744,#4701,#5140,.T.);
#5140 = LINE('',#5141,#5142);
#5141 = CARTESIAN_POINT('',(-0.105972018175,2.808689376275,
    -0.709073728901));
#5142 = VECTOR('',#5143,1.);
#5143 = DIRECTION('',(0.,0.,-1.));
#5144 = CYLINDRICAL_SURFACE('',#5145,0.2);
#5145 = AXIS2_PLACEMENT_3D('',#5146,#5147,#5148);
#5146 = CARTESIAN_POINT('',(3.081620760077E-02,2.662781935447,0.));
#5147 = DIRECTION('',(0.,0.,-1.));
#5148 = DIRECTION('',(-1.,0.,0.));
#5149 = ADVANCED_FACE('',(#5150),#5161,.T.);
#5150 = FACE_BOUND('',#5151,.T.);
#5151 = EDGE_LOOP('',(#5152,#5153,#5154,#5160));
#5152 = ORIENTED_EDGE('',*,*,#5132,.F.);
#5153 = ORIENTED_EDGE('',*,*,#4691,.F.);
#5154 = ORIENTED_EDGE('',*,*,#5155,.F.);
#5155 = EDGE_CURVE('',#3715,#4672,#5156,.T.);
#5156 = LINE('',#5157,#5158);
#5157 = CARTESIAN_POINT('',(0.382758774725,2.058689376275,
    -0.709073728901));
#5158 = VECTOR('',#5159,1.);
#5159 = DIRECTION('',(0.,0.,-1.));
#5160 = ORIENTED_EDGE('',*,*,#3734,.F.);
#5161 = PLANE('',#5162);
#5162 = AXIS2_PLACEMENT_3D('',#5163,#5164,#5165);
#5163 = CARTESIAN_POINT('',(0.538393378275,1.912781935447,0.));
#5164 = DIRECTION('',(-0.683941128881,-0.72953720414,0.));
#5165 = DIRECTION('',(0.,0.,1.));
#5166 = ADVANCED_FACE('',(#5167),#5178,.F.);
#5167 = FACE_BOUND('',#5168,.F.);
#5168 = EDGE_LOOP('',(#5169,#5175,#5176,#5177));
#5169 = ORIENTED_EDGE('',*,*,#5170,.F.);
#5170 = EDGE_CURVE('',#4663,#3706,#5171,.T.);
#5171 = LINE('',#5172,#5173);
#5172 = CARTESIAN_POINT('',(0.382758774725,1.766874494619,
    -0.969683223026));
#5173 = VECTOR('',#5174,1.);
#5174 = DIRECTION('',(0.,0.,1.));
#5175 = ORIENTED_EDGE('',*,*,#4671,.F.);
#5176 = ORIENTED_EDGE('',*,*,#5155,.F.);
#5177 = ORIENTED_EDGE('',*,*,#3714,.F.);
#5178 = CYLINDRICAL_SURFACE('',#5179,0.2);
#5179 = AXIS2_PLACEMENT_3D('',#5180,#5181,#5182);
#5180 = CARTESIAN_POINT('',(0.245970548948,1.912781935447,
    -0.491977373121));
#5181 = DIRECTION('',(0.,0.,-1.));
#5182 = DIRECTION('',(1.,0.,0.));
#5183 = ADVANCED_FACE('',(#5184),#5200,.F.);
#5184 = FACE_BOUND('',#5185,.F.);
#5185 = EDGE_LOOP('',(#5186,#5192,#5193,#5199));
#5186 = ORIENTED_EDGE('',*,*,#5187,.F.);
#5187 = EDGE_CURVE('',#4436,#3479,#5188,.T.);
#5188 = LINE('',#5189,#5190);
#5189 = CARTESIAN_POINT('',(-0.179077725507,2.808689376275,
    -0.94826794645));
#5190 = VECTOR('',#5191,1.);
#5191 = DIRECTION('',(0.,0.,1.));
#5192 = ORIENTED_EDGE('',*,*,#4444,.F.);
#5193 = ORIENTED_EDGE('',*,*,#5194,.F.);
#5194 = EDGE_CURVE('',#3488,#4445,#5195,.T.);
#5195 = LINE('',#5196,#5197);
#5196 = CARTESIAN_POINT('',(-0.179077725507,2.516874494619,
    -0.679494001639));
#5197 = VECTOR('',#5198,1.);
#5198 = DIRECTION('',(0.,0.,-1.));
#5199 = ORIENTED_EDGE('',*,*,#3487,.F.);
#5200 = CYLINDRICAL_SURFACE('',#5201,0.2);
#5201 = AXIS2_PLACEMENT_3D('',#5202,#5203,#5204);
#5202 = CARTESIAN_POINT('',(-4.228949973076E-02,2.662781935447,
    -0.481674712893));
#5203 = DIRECTION('',(0.,0.,-1.));
#5204 = DIRECTION('',(-1.,0.,0.));
#5205 = ADVANCED_FACE('',(#5206),#5217,.T.);
#5206 = FACE_BOUND('',#5207,.T.);
#5207 = EDGE_LOOP('',(#5208,#5209,#5210,#5216));
#5208 = ORIENTED_EDGE('',*,*,#5194,.F.);
#5209 = ORIENTED_EDGE('',*,*,#3506,.F.);
#5210 = ORIENTED_EDGE('',*,*,#5211,.F.);
#5211 = EDGE_CURVE('',#4464,#3507,#5212,.T.);
#5212 = LINE('',#5213,#5214);
#5213 = CARTESIAN_POINT('',(0.309653067393,2.058689376275,
    -0.985225922762));
#5214 = VECTOR('',#5215,1.);
#5215 = DIRECTION('',(0.,0.,1.));
#5216 = ORIENTED_EDGE('',*,*,#4463,.F.);
#5217 = PLANE('',#5218);
#5218 = AXIS2_PLACEMENT_3D('',#5219,#5220,#5221);
#5219 = CARTESIAN_POINT('',(-0.334712329057,2.662781935447,0.));
#5220 = DIRECTION('',(0.683941128881,0.72953720414,0.));
#5221 = DIRECTION('',(0.,0.,-1.));
#5222 = ADVANCED_FACE('',(#5223),#5234,.T.);
#5223 = FACE_BOUND('',#5224,.T.);
#5224 = EDGE_LOOP('',(#5225,#5226,#5227,#5228));
#5225 = ORIENTED_EDGE('',*,*,#4472,.T.);
#5226 = ORIENTED_EDGE('',*,*,#5211,.T.);
#5227 = ORIENTED_EDGE('',*,*,#3515,.T.);
#5228 = ORIENTED_EDGE('',*,*,#5229,.T.);
#5229 = EDGE_CURVE('',#3516,#4473,#5230,.T.);
#5230 = LINE('',#5231,#5232);
#5231 = CARTESIAN_POINT('',(0.309653067393,1.766874494619,
    -0.730184989494));
#5232 = VECTOR('',#5233,1.);
#5233 = DIRECTION('',(0.,0.,-1.));
#5234 = CYLINDRICAL_SURFACE('',#5235,0.2);
#5235 = AXIS2_PLACEMENT_3D('',#5236,#5237,#5238);
#5236 = CARTESIAN_POINT('',(0.172864841617,1.912781935447,0.));
#5237 = DIRECTION('',(0.,0.,-1.));
#5238 = DIRECTION('',(1.,0.,0.));
#5239 = ADVANCED_FACE('',(#5240),#5256,.T.);
#5240 = FACE_BOUND('',#5241,.T.);
#5241 = EDGE_LOOP('',(#5242,#5243,#5249,#5250));
#5242 = ORIENTED_EDGE('',*,*,#4643,.T.);
#5243 = ORIENTED_EDGE('',*,*,#5244,.T.);
#5244 = EDGE_CURVE('',#4635,#3678,#5245,.T.);
#5245 = LINE('',#5246,#5247);
#5246 = CARTESIAN_POINT('',(-0.105972018175,1.016874494619,
    -0.969683223026));
#5247 = VECTOR('',#5248,1.);
#5248 = DIRECTION('',(0.,0.,1.));
#5249 = ORIENTED_EDGE('',*,*,#3686,.T.);
#5250 = ORIENTED_EDGE('',*,*,#5251,.T.);
#5251 = EDGE_CURVE('',#3687,#4644,#5252,.T.);
#5252 = LINE('',#5253,#5254);
#5253 = CARTESIAN_POINT('',(-0.105972018175,1.308689376275,
    -0.709073728901));
#5254 = VECTOR('',#5255,1.);
#5255 = DIRECTION('',(0.,0.,-1.));
#5256 = CYLINDRICAL_SURFACE('',#5257,0.2);
#5257 = AXIS2_PLACEMENT_3D('',#5258,#5259,#5260);
#5258 = CARTESIAN_POINT('',(3.081620760077E-02,1.162781935447,0.));
#5259 = DIRECTION('',(0.,0.,-1.));
#5260 = DIRECTION('',(-1.,0.,0.));
#5261 = ADVANCED_FACE('',(#5262),#5273,.T.);
#5262 = FACE_BOUND('',#5263,.T.);
#5263 = EDGE_LOOP('',(#5264,#5265,#5266,#5272));
#5264 = ORIENTED_EDGE('',*,*,#5244,.F.);
#5265 = ORIENTED_EDGE('',*,*,#4634,.F.);
#5266 = ORIENTED_EDGE('',*,*,#5267,.F.);
#5267 = EDGE_CURVE('',#3658,#4615,#5268,.T.);
#5268 = LINE('',#5269,#5270);
#5269 = CARTESIAN_POINT('',(0.382758774725,0.558689376275,
    -0.709073728901));
#5270 = VECTOR('',#5271,1.);
#5271 = DIRECTION('',(0.,0.,-1.));
#5272 = ORIENTED_EDGE('',*,*,#3677,.F.);
#5273 = PLANE('',#5274);
#5274 = AXIS2_PLACEMENT_3D('',#5275,#5276,#5277);
#5275 = CARTESIAN_POINT('',(0.538393378275,0.412781935447,0.));
#5276 = DIRECTION('',(-0.683941128881,-0.72953720414,0.));
#5277 = DIRECTION('',(0.,0.,1.));
#5278 = ADVANCED_FACE('',(#5279),#5290,.F.);
#5279 = FACE_BOUND('',#5280,.F.);
#5280 = EDGE_LOOP('',(#5281,#5287,#5288,#5289));
#5281 = ORIENTED_EDGE('',*,*,#5282,.F.);
#5282 = EDGE_CURVE('',#4606,#3649,#5283,.T.);
#5283 = LINE('',#5284,#5285);
#5284 = CARTESIAN_POINT('',(0.382758774725,0.266874494619,
    -0.969683223026));
#5285 = VECTOR('',#5286,1.);
#5286 = DIRECTION('',(0.,0.,1.));
#5287 = ORIENTED_EDGE('',*,*,#4614,.F.);
#5288 = ORIENTED_EDGE('',*,*,#5267,.F.);
#5289 = ORIENTED_EDGE('',*,*,#3657,.F.);
#5290 = CYLINDRICAL_SURFACE('',#5291,0.2);
#5291 = AXIS2_PLACEMENT_3D('',#5292,#5293,#5294);
#5292 = CARTESIAN_POINT('',(0.245970548948,0.412781935447,
    -0.491977163792));
#5293 = DIRECTION('',(0.,0.,-1.));
#5294 = DIRECTION('',(1.,0.,0.));
#5295 = ADVANCED_FACE('',(#5296),#5312,.F.);
#5296 = FACE_BOUND('',#5297,.F.);
#5297 = EDGE_LOOP('',(#5298,#5304,#5305,#5311));
#5298 = ORIENTED_EDGE('',*,*,#5299,.F.);
#5299 = EDGE_CURVE('',#4493,#3536,#5300,.T.);
#5300 = LINE('',#5301,#5302);
#5301 = CARTESIAN_POINT('',(-0.179077725507,1.308689376275,
    -0.94826794645));
#5302 = VECTOR('',#5303,1.);
#5303 = DIRECTION('',(0.,0.,1.));
#5304 = ORIENTED_EDGE('',*,*,#4501,.F.);
#5305 = ORIENTED_EDGE('',*,*,#5306,.F.);
#5306 = EDGE_CURVE('',#3545,#4502,#5307,.T.);
#5307 = LINE('',#5308,#5309);
#5308 = CARTESIAN_POINT('',(-0.179077725507,1.016874494619,
    -0.679494001639));
#5309 = VECTOR('',#5310,1.);
#5310 = DIRECTION('',(0.,0.,-1.));
#5311 = ORIENTED_EDGE('',*,*,#3544,.F.);
#5312 = CYLINDRICAL_SURFACE('',#5313,0.2);
#5313 = AXIS2_PLACEMENT_3D('',#5314,#5315,#5316);
#5314 = CARTESIAN_POINT('',(-4.228949973076E-02,1.162781935447,
    -0.481673888125));
#5315 = DIRECTION('',(0.,0.,-1.));
#5316 = DIRECTION('',(-1.,0.,0.));
#5317 = ADVANCED_FACE('',(#5318),#5329,.T.);
#5318 = FACE_BOUND('',#5319,.T.);
#5319 = EDGE_LOOP('',(#5320,#5321,#5322,#5328));
#5320 = ORIENTED_EDGE('',*,*,#5306,.F.);
#5321 = ORIENTED_EDGE('',*,*,#3563,.F.);
#5322 = ORIENTED_EDGE('',*,*,#5323,.F.);
#5323 = EDGE_CURVE('',#4521,#3564,#5324,.T.);
#5324 = LINE('',#5325,#5326);
#5325 = CARTESIAN_POINT('',(0.309653067393,0.558689376275,
    -0.985225922762));
#5326 = VECTOR('',#5327,1.);
#5327 = DIRECTION('',(0.,0.,1.));
#5328 = ORIENTED_EDGE('',*,*,#4520,.F.);
#5329 = PLANE('',#5330);
#5330 = AXIS2_PLACEMENT_3D('',#5331,#5332,#5333);
#5331 = CARTESIAN_POINT('',(-0.334712329057,1.162781935447,0.));
#5332 = DIRECTION('',(0.683941128881,0.72953720414,0.));
#5333 = DIRECTION('',(0.,0.,-1.));
#5334 = ADVANCED_FACE('',(#5335),#5346,.T.);
#5335 = FACE_BOUND('',#5336,.T.);
#5336 = EDGE_LOOP('',(#5337,#5338,#5339,#5340));
#5337 = ORIENTED_EDGE('',*,*,#4529,.T.);
#5338 = ORIENTED_EDGE('',*,*,#5323,.T.);
#5339 = ORIENTED_EDGE('',*,*,#3572,.T.);
#5340 = ORIENTED_EDGE('',*,*,#5341,.T.);
#5341 = EDGE_CURVE('',#3573,#4530,#5342,.T.);
#5342 = LINE('',#5343,#5344);
#5343 = CARTESIAN_POINT('',(0.309653067393,0.266874494619,
    -0.730184989494));
#5344 = VECTOR('',#5345,1.);
#5345 = DIRECTION('',(0.,0.,-1.));
#5346 = CYLINDRICAL_SURFACE('',#5347,0.2);
#5347 = AXIS2_PLACEMENT_3D('',#5348,#5349,#5350);
#5348 = CARTESIAN_POINT('',(0.172864841617,0.412781935447,0.));
#5349 = DIRECTION('',(0.,0.,-1.));
#5350 = DIRECTION('',(1.,0.,0.));
#5351 = ADVANCED_FACE('',(#5352),#5368,.T.);
#5352 = FACE_BOUND('',#5353,.T.);
#5353 = EDGE_LOOP('',(#5354,#5355,#5361,#5362));
#5354 = ORIENTED_EDGE('',*,*,#4586,.T.);
#5355 = ORIENTED_EDGE('',*,*,#5356,.T.);
#5356 = EDGE_CURVE('',#4578,#3621,#5357,.T.);
#5357 = LINE('',#5358,#5359);
#5358 = CARTESIAN_POINT('',(-0.105972018175,-0.483125505381,
    -0.969683223026));
#5359 = VECTOR('',#5360,1.);
#5360 = DIRECTION('',(0.,0.,1.));
#5361 = ORIENTED_EDGE('',*,*,#3629,.T.);
#5362 = ORIENTED_EDGE('',*,*,#5363,.T.);
#5363 = EDGE_CURVE('',#3630,#4587,#5364,.T.);
#5364 = LINE('',#5365,#5366);
#5365 = CARTESIAN_POINT('',(-0.105972018175,-0.191310623725,
    -0.709073728901));
#5366 = VECTOR('',#5367,1.);
#5367 = DIRECTION('',(0.,0.,-1.));
#5368 = CYLINDRICAL_SURFACE('',#5369,0.2);
#5369 = AXIS2_PLACEMENT_3D('',#5370,#5371,#5372);
#5370 = CARTESIAN_POINT('',(3.081620760077E-02,-0.337218064553,0.));
#5371 = DIRECTION('',(0.,0.,-1.));
#5372 = DIRECTION('',(-1.,0.,0.));
#5373 = ADVANCED_FACE('',(#5374),#5381,.T.);
#5374 = FACE_BOUND('',#5375,.T.);
#5375 = EDGE_LOOP('',(#5376,#5377,#5378,#5379,#5380));
#5376 = ORIENTED_EDGE('',*,*,#3147,.F.);
#5377 = ORIENTED_EDGE('',*,*,#3195,.F.);
#5378 = ORIENTED_EDGE('',*,*,#3620,.F.);
#5379 = ORIENTED_EDGE('',*,*,#5356,.F.);
#5380 = ORIENTED_EDGE('',*,*,#4577,.F.);
#5381 = PLANE('',#5382);
#5382 = AXIS2_PLACEMENT_3D('',#5383,#5384,#5385);
#5383 = CARTESIAN_POINT('',(0.538393378275,-1.087218064553,0.));
#5384 = DIRECTION('',(-0.683941128881,-0.72953720414,0.));
#5385 = DIRECTION('',(0.,0.,1.));
#5386 = ADVANCED_FACE('',(#5387),#5398,.F.);
#5387 = FACE_BOUND('',#5388,.F.);
#5388 = EDGE_LOOP('',(#5389,#5395,#5396,#5397));
#5389 = ORIENTED_EDGE('',*,*,#5390,.F.);
#5390 = EDGE_CURVE('',#4550,#3593,#5391,.T.);
#5391 = LINE('',#5392,#5393);
#5392 = CARTESIAN_POINT('',(-0.179077725507,-0.191310623725,
    -0.94826794645));
#5393 = VECTOR('',#5394,1.);
#5394 = DIRECTION('',(0.,0.,1.));
#5395 = ORIENTED_EDGE('',*,*,#4558,.F.);
#5396 = ORIENTED_EDGE('',*,*,#3219,.F.);
#5397 = ORIENTED_EDGE('',*,*,#3601,.F.);
#5398 = CYLINDRICAL_SURFACE('',#5399,0.2);
#5399 = AXIS2_PLACEMENT_3D('',#5400,#5401,#5402);
#5400 = CARTESIAN_POINT('',(-4.228949973076E-02,-0.337218064553,
    -0.481673888125));
#5401 = DIRECTION('',(0.,0.,-1.));
#5402 = DIRECTION('',(-1.,0.,0.));
#5403 = ADVANCED_FACE('',(#5404),#5420,.F.);
#5404 = FACE_BOUND('',#5405,.F.);
#5405 = EDGE_LOOP('',(#5406,#5412,#5413,#5419));
#5406 = ORIENTED_EDGE('',*,*,#5407,.F.);
#5407 = EDGE_CURVE('',#4844,#3934,#5408,.T.);
#5408 = LINE('',#5409,#5410);
#5409 = CARTESIAN_POINT('',(0.382758774725,7.766874494619,
    -0.969683223026));
#5410 = VECTOR('',#5411,1.);
#5411 = DIRECTION('',(0.,0.,1.));
#5412 = ORIENTED_EDGE('',*,*,#4852,.F.);
#5413 = ORIENTED_EDGE('',*,*,#5414,.F.);
#5414 = EDGE_CURVE('',#3943,#4853,#5415,.T.);
#5415 = LINE('',#5416,#5417);
#5416 = CARTESIAN_POINT('',(0.382758774725,8.058689376275,
    -0.709073728901));
#5417 = VECTOR('',#5418,1.);
#5418 = DIRECTION('',(0.,0.,-1.));
#5419 = ORIENTED_EDGE('',*,*,#3942,.F.);
#5420 = CYLINDRICAL_SURFACE('',#5421,0.2);
#5421 = AXIS2_PLACEMENT_3D('',#5422,#5423,#5424);
#5422 = CARTESIAN_POINT('',(0.245970548948,7.912781935447,
    -0.491977373121));
#5423 = DIRECTION('',(0.,0.,-1.));
#5424 = DIRECTION('',(1.,0.,0.));
#5425 = ADVANCED_FACE('',(#5426),#5437,.T.);
#5426 = FACE_BOUND('',#5427,.T.);
#5427 = EDGE_LOOP('',(#5428,#5429,#5430,#5436));
#5428 = ORIENTED_EDGE('',*,*,#5414,.F.);
#5429 = ORIENTED_EDGE('',*,*,#3962,.F.);
#5430 = ORIENTED_EDGE('',*,*,#5431,.F.);
#5431 = EDGE_CURVE('',#4873,#3963,#5432,.T.);
#5432 = LINE('',#5433,#5434);
#5433 = CARTESIAN_POINT('',(-0.105972018175,8.516874494619,
    -0.969683223026));
#5434 = VECTOR('',#5435,1.);
#5435 = DIRECTION('',(0.,0.,1.));
#5436 = ORIENTED_EDGE('',*,*,#4872,.F.);
#5437 = PLANE('',#5438);
#5438 = AXIS2_PLACEMENT_3D('',#5439,#5440,#5441);
#5439 = CARTESIAN_POINT('',(0.538393378275,7.912781935447,0.));
#5440 = DIRECTION('',(-0.683941128881,-0.72953720414,0.));
#5441 = DIRECTION('',(0.,0.,1.));
#5442 = ADVANCED_FACE('',(#5443),#5449,.T.);
#5443 = FACE_BOUND('',#5444,.T.);
#5444 = EDGE_LOOP('',(#5445,#5446,#5447,#5448));
#5445 = ORIENTED_EDGE('',*,*,#4881,.T.);
#5446 = ORIENTED_EDGE('',*,*,#5431,.T.);
#5447 = ORIENTED_EDGE('',*,*,#3971,.T.);
#5448 = ORIENTED_EDGE('',*,*,#3097,.T.);
#5449 = CYLINDRICAL_SURFACE('',#5450,0.2);
#5450 = AXIS2_PLACEMENT_3D('',#5451,#5452,#5453);
#5451 = CARTESIAN_POINT('',(3.081620760077E-02,8.662781935447,0.));
#5452 = DIRECTION('',(0.,0.,-1.));
#5453 = DIRECTION('',(-1.,0.,0.));
#5454 = ADVANCED_FACE('',(#5455),#5461,.T.);
#5455 = FACE_BOUND('',#5456,.T.);
#5456 = EDGE_LOOP('',(#5457,#5458,#5459,#5460));
#5457 = ORIENTED_EDGE('',*,*,#5341,.F.);
#5458 = ORIENTED_EDGE('',*,*,#3592,.F.);
#5459 = ORIENTED_EDGE('',*,*,#5390,.F.);
#5460 = ORIENTED_EDGE('',*,*,#4549,.F.);
#5461 = PLANE('',#5462);
#5462 = AXIS2_PLACEMENT_3D('',#5463,#5464,#5465);
#5463 = CARTESIAN_POINT('',(0.465287670943,0.412781935447,0.));
#5464 = DIRECTION('',(0.683941128881,-0.72953720414,0.));
#5465 = DIRECTION('',(0.,0.,-1.));
#5466 = ADVANCED_FACE('',(#5467),#5473,.T.);
#5467 = FACE_BOUND('',#5468,.T.);
#5468 = EDGE_LOOP('',(#5469,#5470,#5471,#5472));
#5469 = ORIENTED_EDGE('',*,*,#5282,.F.);
#5470 = ORIENTED_EDGE('',*,*,#4605,.F.);
#5471 = ORIENTED_EDGE('',*,*,#5363,.F.);
#5472 = ORIENTED_EDGE('',*,*,#3648,.F.);
#5473 = PLANE('',#5474);
#5474 = AXIS2_PLACEMENT_3D('',#5475,#5476,#5477);
#5475 = CARTESIAN_POINT('',(-0.261606621725,-0.337218064553,0.));
#5476 = DIRECTION('',(-0.683941128881,0.72953720414,0.));
#5477 = DIRECTION('',(0.,0.,1.));
#5478 = ADVANCED_FACE('',(#5479),#5485,.T.);
#5479 = FACE_BOUND('',#5480,.T.);
#5480 = EDGE_LOOP('',(#5481,#5482,#5483,#5484));
#5481 = ORIENTED_EDGE('',*,*,#5229,.F.);
#5482 = ORIENTED_EDGE('',*,*,#3535,.F.);
#5483 = ORIENTED_EDGE('',*,*,#5299,.F.);
#5484 = ORIENTED_EDGE('',*,*,#4492,.F.);
#5485 = PLANE('',#5486);
#5486 = AXIS2_PLACEMENT_3D('',#5487,#5488,#5489);
#5487 = CARTESIAN_POINT('',(0.465287670943,1.912781935447,0.));
#5488 = DIRECTION('',(0.683941128881,-0.72953720414,0.));
#5489 = DIRECTION('',(0.,0.,-1.));
#5490 = ADVANCED_FACE('',(#5491),#5497,.T.);
#5491 = FACE_BOUND('',#5492,.T.);
#5492 = EDGE_LOOP('',(#5493,#5494,#5495,#5496));
#5493 = ORIENTED_EDGE('',*,*,#5170,.F.);
#5494 = ORIENTED_EDGE('',*,*,#4662,.F.);
#5495 = ORIENTED_EDGE('',*,*,#5251,.F.);
#5496 = ORIENTED_EDGE('',*,*,#3705,.F.);
#5497 = PLANE('',#5498);
#5498 = AXIS2_PLACEMENT_3D('',#5499,#5500,#5501);
#5499 = CARTESIAN_POINT('',(-0.261606621725,1.162781935447,0.));
#5500 = DIRECTION('',(-0.683941128881,0.72953720414,0.));
#5501 = DIRECTION('',(0.,0.,1.));
#5502 = ADVANCED_FACE('',(#5503),#5509,.T.);
#5503 = FACE_BOUND('',#5504,.T.);
#5504 = EDGE_LOOP('',(#5505,#5506,#5507,#5508));
#5505 = ORIENTED_EDGE('',*,*,#5117,.F.);
#5506 = ORIENTED_EDGE('',*,*,#3478,.F.);
#5507 = ORIENTED_EDGE('',*,*,#5187,.F.);
#5508 = ORIENTED_EDGE('',*,*,#4435,.F.);
#5509 = PLANE('',#5510);
#5510 = AXIS2_PLACEMENT_3D('',#5511,#5512,#5513);
#5511 = CARTESIAN_POINT('',(0.465287670943,3.412781935447,0.));
#5512 = DIRECTION('',(0.683941128881,-0.72953720414,0.));
#5513 = DIRECTION('',(0.,0.,-1.));
#5514 = ADVANCED_FACE('',(#5515),#5521,.T.);
#5515 = FACE_BOUND('',#5516,.T.);
#5516 = EDGE_LOOP('',(#5517,#5518,#5519,#5520));
#5517 = ORIENTED_EDGE('',*,*,#5058,.F.);
#5518 = ORIENTED_EDGE('',*,*,#4719,.F.);
#5519 = ORIENTED_EDGE('',*,*,#5139,.F.);
#5520 = ORIENTED_EDGE('',*,*,#3762,.F.);
#5521 = PLANE('',#5522);
#5522 = AXIS2_PLACEMENT_3D('',#5523,#5524,#5525);
#5523 = CARTESIAN_POINT('',(-0.261606621725,2.662781935447,0.));
#5524 = DIRECTION('',(-0.683941128881,0.72953720414,0.));
#5525 = DIRECTION('',(0.,0.,1.));
#5526 = ADVANCED_FACE('',(#5527),#5533,.T.);
#5527 = FACE_BOUND('',#5528,.T.);
#5528 = EDGE_LOOP('',(#5529,#5530,#5531,#5532));
#5529 = ORIENTED_EDGE('',*,*,#5005,.F.);
#5530 = ORIENTED_EDGE('',*,*,#3421,.F.);
#5531 = ORIENTED_EDGE('',*,*,#5075,.F.);
#5532 = ORIENTED_EDGE('',*,*,#4378,.F.);
#5533 = PLANE('',#5534);
#5534 = AXIS2_PLACEMENT_3D('',#5535,#5536,#5537);
#5535 = CARTESIAN_POINT('',(0.465287670943,4.912781935447,0.));
#5536 = DIRECTION('',(0.683941128881,-0.72953720414,0.));
#5537 = DIRECTION('',(0.,0.,-1.));
#5538 = ADVANCED_FACE('',(#5539),#5545,.T.);
#5539 = FACE_BOUND('',#5540,.T.);
#5540 = EDGE_LOOP('',(#5541,#5542,#5543,#5544));
#5541 = ORIENTED_EDGE('',*,*,#4946,.F.);
#5542 = ORIENTED_EDGE('',*,*,#4776,.F.);
#5543 = ORIENTED_EDGE('',*,*,#5027,.F.);
#5544 = ORIENTED_EDGE('',*,*,#3819,.F.);
#5545 = PLANE('',#5546);
#5546 = AXIS2_PLACEMENT_3D('',#5547,#5548,#5549);
#5547 = CARTESIAN_POINT('',(-0.261606621725,4.162781935447,0.));
#5548 = DIRECTION('',(-0.683941128881,0.72953720414,0.));
#5549 = DIRECTION('',(0.,0.,1.));
#5550 = ADVANCED_FACE('',(#5551),#5557,.T.);
#5551 = FACE_BOUND('',#5552,.T.);
#5552 = EDGE_LOOP('',(#5553,#5554,#5555,#5556));
#5553 = ORIENTED_EDGE('',*,*,#4286,.F.);
#5554 = ORIENTED_EDGE('',*,*,#3364,.F.);
#5555 = ORIENTED_EDGE('',*,*,#4963,.F.);
#5556 = ORIENTED_EDGE('',*,*,#4321,.F.);
#5557 = PLANE('',#5558);
#5558 = AXIS2_PLACEMENT_3D('',#5559,#5560,#5561);
#5559 = CARTESIAN_POINT('',(0.465287670943,6.412781935447,0.));
#5560 = DIRECTION('',(0.683941128881,-0.72953720414,0.));
#5561 = DIRECTION('',(0.,0.,-1.));
#5562 = ADVANCED_FACE('',(#5563),#5569,.T.);
#5563 = FACE_BOUND('',#5564,.T.);
#5564 = EDGE_LOOP('',(#5565,#5566,#5567,#5568));
#5565 = ORIENTED_EDGE('',*,*,#4161,.F.);
#5566 = ORIENTED_EDGE('',*,*,#4833,.F.);
#5567 = ORIENTED_EDGE('',*,*,#4915,.F.);
#5568 = ORIENTED_EDGE('',*,*,#3876,.F.);
#5569 = PLANE('',#5570);
#5570 = AXIS2_PLACEMENT_3D('',#5571,#5572,#5573);
#5571 = CARTESIAN_POINT('',(-0.261606621725,5.662781935447,0.));
#5572 = DIRECTION('',(-0.683941128881,0.72953720414,0.));
#5573 = DIRECTION('',(0.,0.,1.));
#5574 = ADVANCED_FACE('',(#5575),#5581,.T.);
#5575 = FACE_BOUND('',#5576,.T.);
#5576 = EDGE_LOOP('',(#5577,#5578,#5579,#5580));
#5577 = ORIENTED_EDGE('',*,*,#3293,.F.);
#5578 = ORIENTED_EDGE('',*,*,#3307,.F.);
#5579 = ORIENTED_EDGE('',*,*,#4197,.F.);
#5580 = ORIENTED_EDGE('',*,*,#4311,.F.);
#5581 = PLANE('',#5582);
#5582 = AXIS2_PLACEMENT_3D('',#5583,#5584,#5585);
#5583 = CARTESIAN_POINT('',(0.465287670943,7.912781935447,0.));
#5584 = DIRECTION('',(0.683941128881,-0.72953720414,0.));
#5585 = DIRECTION('',(0.,0.,-1.));
#5586 = ADVANCED_FACE('',(#5587),#5593,.T.);
#5587 = FACE_BOUND('',#5588,.T.);
#5588 = EDGE_LOOP('',(#5589,#5590,#5591,#5592));
#5589 = ORIENTED_EDGE('',*,*,#4122,.F.);
#5590 = ORIENTED_EDGE('',*,*,#3933,.F.);
#5591 = ORIENTED_EDGE('',*,*,#5407,.F.);
#5592 = ORIENTED_EDGE('',*,*,#4843,.F.);
#5593 = PLANE('',#5594);
#5594 = AXIS2_PLACEMENT_3D('',#5595,#5596,#5597);
#5595 = CARTESIAN_POINT('',(-0.261606621725,7.162781935447,0.));
#5596 = DIRECTION('',(-0.683941128881,0.72953720414,0.));
#5597 = DIRECTION('',(0.,0.,1.));
#5598 = ADVANCED_FACE('',(#5599),#5606,.T.);
#5599 = FACE_BOUND('',#5600,.T.);
#5600 = EDGE_LOOP('',(#5601,#5602,#5603,#5604,#5605));
#5601 = ORIENTED_EDGE('',*,*,#2999,.F.);
#5602 = ORIENTED_EDGE('',*,*,#3073,.F.);
#5603 = ORIENTED_EDGE('',*,*,#3990,.F.);
#5604 = ORIENTED_EDGE('',*,*,#4059,.F.);
#5605 = ORIENTED_EDGE('',*,*,#4301,.F.);
#5606 = PLANE('',#5607);
#5607 = AXIS2_PLACEMENT_3D('',#5608,#5609,#5610);
#5608 = CARTESIAN_POINT('',(0.465287670943,9.412781935447,0.));
#5609 = DIRECTION('',(0.683941128881,-0.72953720414,0.));
#5610 = DIRECTION('',(0.,0.,-1.));
#5611 = ( GEOMETRIC_REPRESENTATION_CONTEXT(3) 
GLOBAL_UNCERTAINTY_ASSIGNED_CONTEXT((#5615)) 
GLOBAL_UNIT_ASSIGNED_CONTEXT((#5612,#5613,#5614)) REPRESENTATION_CONTEXT
('Context #1','3D Context with UNIT and UNCERTAINTY') );
#5612 = ( LENGTH_UNIT() NAMED_UNIT(*) SI_UNIT(.MILLI.,.METRE.) );
#5613 = ( NAMED_UNIT(*) PLANE_ANGLE_UNIT() SI_UNIT($,.RADIAN.) );
#5614 = ( NAMED_UNIT(*) SI_UNIT($,.STERADIAN.) SOLID_ANGLE_UNIT() );
#5615 = UNCERTAINTY_MEASURE_WITH_UNIT(LENGTH_MEASURE(2.E-03),#5612,
  'distance_accuracy_value','confusion accuracy');
#5616 = CONTEXT_DEPENDENT_SHAPE_REPRESENTATION(#5617,#5619);
#5617 = ( REPRESENTATION_RELATIONSHIP('','',#2992,#32) 
REPRESENTATION_RELATIONSHIP_WITH_TRANSFORMATION(#5618) 
SHAPE_REPRESENTATION_RELATIONSHIP() );
#5618 = ITEM_DEFINED_TRANSFORMATION('','',#11,#37);
#5619 = PRODUCT_DEFINITION_SHAPE('Placement','Placement of an item',
  #5620);
#5620 = NEXT_ASSEMBLY_USAGE_OCCURRENCE('2','A9001B20100008S','',#27,
  #2987,$);
#5621 = PRODUCT_RELATED_PRODUCT_CATEGORY('part',$,(#2989));
#5622 = CONTEXT_DEPENDENT_SHAPE_REPRESENTATION(#5623,#5625);
#5623 = ( REPRESENTATION_RELATIONSHIP('','',#2992,#32) 
REPRESENTATION_RELATIONSHIP_WITH_TRANSFORMATION(#5624) 
SHAPE_REPRESENTATION_RELATIONSHIP() );
#5624 = ITEM_DEFINED_TRANSFORMATION('','',#11,#41);
#5625 = PRODUCT_DEFINITION_SHAPE('Placement','Placement of an item',
  #5626);
#5626 = NEXT_ASSEMBLY_USAGE_OCCURRENCE('3','A9001B20100008S001','',#27,
  #2987,$);
#5627 = SHAPE_DEFINITION_REPRESENTATION(#5625,#5628);
#5628 = SHAPE_REPRESENTATION('',(#41),#5611);
#5629 = SHAPE_DEFINITION_REPRESENTATION(#5625,#5630);
#5630 = SHAPE_REPRESENTATION('',(#41),#5611);
#5631 = MECHANICAL_DESIGN_GEOMETRIC_PRESENTATION_REPRESENTATION('',(
    #5632,#5643,#5652),#5611);
#5632 = STYLED_ITEM('color',(#5633),#2993);
#5633 = PRESENTATION_STYLE_ASSIGNMENT((#5634,#5640));
#5634 = SURFACE_STYLE_USAGE(.BOTH.,#5635);
#5635 = SURFACE_SIDE_STYLE('',(#5636));
#5636 = SURFACE_STYLE_FILL_AREA(#5637);
#5637 = FILL_AREA_STYLE('',(#5638));
#5638 = FILL_AREA_STYLE_COLOUR('',#5639);
#5639 = COLOUR_RGB('',0.749019635948,0.60392159809,0.227450982423);
#5640 = CURVE_STYLE('',#5641,POSITIVE_LENGTH_MEASURE(0.1),#5642);
#5641 = DRAUGHTING_PRE_DEFINED_CURVE_FONT('continuous');
#5642 = COLOUR_RGB('',9.803921802644E-02,9.803921802644E-02,
  9.803921802644E-02);
#5643 = OVER_RIDING_STYLED_ITEM('overriding color',(#5644),#2993,#5632);
#5644 = PRESENTATION_STYLE_BY_CONTEXT((#5645,#5650),#5628);
#5645 = SURFACE_STYLE_USAGE(.BOTH.,#5646);
#5646 = SURFACE_SIDE_STYLE('',(#5647));
#5647 = SURFACE_STYLE_FILL_AREA(#5648);
#5648 = FILL_AREA_STYLE('',(#5649));
#5649 = FILL_AREA_STYLE_COLOUR('',#5639);
#5650 = CURVE_STYLE('',#5651,POSITIVE_LENGTH_MEASURE(0.1),#5642);
#5651 = DRAUGHTING_PRE_DEFINED_CURVE_FONT('continuous');
#5652 = OVER_RIDING_STYLED_ITEM('overriding color',(#5653),#2993,#5632);
#5653 = PRESENTATION_STYLE_BY_CONTEXT((#5654,#5660),#5630);
#5654 = SURFACE_STYLE_USAGE(.BOTH.,#5655);
#5655 = SURFACE_SIDE_STYLE('',(#5656));
#5656 = SURFACE_STYLE_FILL_AREA(#5657);
#5657 = FILL_AREA_STYLE('',(#5658));
#5658 = FILL_AREA_STYLE_COLOUR('',#5659);
#5659 = COLOUR_RGB('',0.749019635948,0.60392159809,0.227450982423);
#5660 = CURVE_STYLE('',#5661,POSITIVE_LENGTH_MEASURE(0.1),#5662);
#5661 = DRAUGHTING_PRE_DEFINED_CURVE_FONT('continuous');
#5662 = COLOUR_RGB('',9.803921802644E-02,9.803921802644E-02,
  9.803921802644E-02);
#5663 = MECHANICAL_DESIGN_GEOMETRIC_PRESENTATION_REPRESENTATION('',(
    #5664),#2974);
#5664 = STYLED_ITEM('color',(#5665),#64);
#5665 = PRESENTATION_STYLE_ASSIGNMENT((#5666,#5672));
#5666 = SURFACE_STYLE_USAGE(.BOTH.,#5667);
#5667 = SURFACE_SIDE_STYLE('',(#5668));
#5668 = SURFACE_STYLE_FILL_AREA(#5669);
#5669 = FILL_AREA_STYLE('',(#5670));
#5670 = FILL_AREA_STYLE_COLOUR('',#5671);
#5671 = COLOUR_RGB('',0.752941011991,0.752941011991,0.752941011991);
#5672 = CURVE_STYLE('',#5673,POSITIVE_LENGTH_MEASURE(0.1),#5642);
#5673 = DRAUGHTING_PRE_DEFINED_CURVE_FONT('continuous');
ENDSEC;
END-ISO-10303-21;
