ISO-10303-21;
HEADER;
FILE_DESCRIPTION(('FreeCAD Model'),'2;1');
FILE_NAME('Open CASCADE Shape Model','2026-09-04T19:58:07',('Author'),(
    ''),'Open CASCADE STEP processor 7.8','FreeCAD','Unknown');
FILE_SCHEMA(('AUTOMOTIVE_DESIGN { 1 0 10303 214 1 1 1 1 }'));
ENDSEC;
DATA;
#1 = APPLICATION_PROTOCOL_DEFINITION('international standard',
  'automotive_design',2000,#2);
#2 = APPLICATION_CONTEXT(
  'core data for automotive mechanical design processes');
#3 = SHAPE_DEFINITION_REPRESENTATION(#4,#10);
#4 = PRODUCT_DEFINITION_SHAPE('','',#5);
#5 = PRODUCT_DEFINITION('design','',#6,#9);
#6 = PRODUCT_DEFINITION_FORMATION('','',#7);
#7 = PRODUCT('Assembly','Assembly','',(#8));
#8 = PRODUCT_CONTEXT('',#2,'mechanical');
#9 = PRODUCT_DEFINITION_CONTEXT('part definition',#2,'design');
#10 = SHAPE_REPRESENTATION('',(#11,#15),#19);
#11 = AXIS2_PLACEMENT_3D('',#12,#13,#14);
#12 = CARTESIAN_POINT('',(0.,0.,0.));
#13 = DIRECTION('',(0.,0.,1.));
#14 = DIRECTION('',(1.,0.,-0.));
#15 = AXIS2_PLACEMENT_3D('',#16,#17,#18);
#16 = CARTESIAN_POINT('',(2.5,7.,1.554312234475E-15));
#17 = DIRECTION('',(0.,-1.,-2.22044604925E-16));
#18 = DIRECTION('',(1.,0.,0.));
#19 = ( GEOMETRIC_REPRESENTATION_CONTEXT(3) 
GLOBAL_UNCERTAINTY_ASSIGNED_CONTEXT((#23)) GLOBAL_UNIT_ASSIGNED_CONTEXT(
(#20,#21,#22)) REPRESENTATION_CONTEXT('Context #1',
  '3D Context with UNIT and UNCERTAINTY') );
#20 = ( LENGTH_UNIT() NAMED_UNIT(*) SI_UNIT(.MILLI.,.METRE.) );
#21 = ( NAMED_UNIT(*) PLANE_ANGLE_UNIT() SI_UNIT($,.RADIAN.) );
#22 = ( NAMED_UNIT(*) SI_UNIT($,.STERADIAN.) SOLID_ANGLE_UNIT() );
#23 = UNCERTAINTY_MEASURE_WITH_UNIT(LENGTH_MEASURE(2.E-07),#20,
  'distance_accuracy_value','confusion accuracy');
#24 = PRODUCT_RELATED_PRODUCT_CATEGORY('part',$,(#7));
#25 = SHAPE_DEFINITION_REPRESENTATION(#26,#32);
#26 = PRODUCT_DEFINITION_SHAPE('','',#27);
#27 = PRODUCT_DEFINITION('design','',#28,#31);
#28 = PRODUCT_DEFINITION_FORMATION('','',#29);
#29 = PRODUCT('PTV09A-4025F-B111','PTV09A-4025F-B111','',(#30));
#30 = PRODUCT_CONTEXT('',#2,'mechanical');
#31 = PRODUCT_DEFINITION_CONTEXT('part definition',#2,'design');
#32 = SHAPE_REPRESENTATION('',(#11,#33,#37,#41,#45,#49,#53,#57,#61),#65
  );
#33 = AXIS2_PLACEMENT_3D('',#34,#35,#36);
#34 = CARTESIAN_POINT('',(0.,0.,0.));
#35 = DIRECTION('',(0.,0.,1.));
#36 = DIRECTION('',(1.,0.,0.));
#37 = AXIS2_PLACEMENT_3D('',#38,#39,#40);
#38 = CARTESIAN_POINT('',(0.,0.,0.));
#39 = DIRECTION('',(0.,0.,1.));
#40 = DIRECTION('',(1.,0.,0.));
#41 = AXIS2_PLACEMENT_3D('',#42,#43,#44);
#42 = CARTESIAN_POINT('',(0.,0.,0.));
#43 = DIRECTION('',(0.,0.,1.));
#44 = DIRECTION('',(1.,0.,0.));
#45 = AXIS2_PLACEMENT_3D('',#46,#47,#48);
#46 = CARTESIAN_POINT('',(0.,0.,0.));
#47 = DIRECTION('',(0.,0.,1.));
#48 = DIRECTION('',(1.,0.,0.));
#49 = AXIS2_PLACEMENT_3D('',#50,#51,#52);
#50 = CARTESIAN_POINT('',(0.,0.,0.));
#51 = DIRECTION('',(0.,0.,1.));
#52 = DIRECTION('',(1.,0.,0.));
#53 = AXIS2_PLACEMENT_3D('',#54,#55,#56);
#54 = CARTESIAN_POINT('',(0.,0.,0.));
#55 = DIRECTION('',(0.,0.,1.));
#56 = DIRECTION('',(1.,0.,0.));
#57 = AXIS2_PLACEMENT_3D('',#58,#59,#60);
#58 = CARTESIAN_POINT('',(0.,0.,0.));
#59 = DIRECTION('',(0.,0.,1.));
#60 = DIRECTION('',(1.,0.,0.));
#61 = AXIS2_PLACEMENT_3D('',#62,#63,#64);
#62 = CARTESIAN_POINT('',(0.,0.,0.));
#63 = DIRECTION('',(0.,0.,1.));
#64 = DIRECTION('',(1.,0.,0.));
#65 = ( GEOMETRIC_REPRESENTATION_CONTEXT(3) 
GLOBAL_UNCERTAINTY_ASSIGNED_CONTEXT((#69)) GLOBAL_UNIT_ASSIGNED_CONTEXT(
(#66,#67,#68)) REPRESENTATION_CONTEXT('Context #1',
  '3D Context with UNIT and UNCERTAINTY') );
#66 = ( LENGTH_UNIT() NAMED_UNIT(*) SI_UNIT(.MILLI.,.METRE.) );
#67 = ( NAMED_UNIT(*) PLANE_ANGLE_UNIT() SI_UNIT($,.RADIAN.) );
#68 = ( NAMED_UNIT(*) SI_UNIT($,.STERADIAN.) SOLID_ANGLE_UNIT() );
#69 = UNCERTAINTY_MEASURE_WITH_UNIT(LENGTH_MEASURE(2.E-07),#66,
  'distance_accuracy_value','confusion accuracy');
#70 = CONTEXT_DEPENDENT_SHAPE_REPRESENTATION(#71,#73);
#71 = ( REPRESENTATION_RELATIONSHIP('','',#32,#10) 
REPRESENTATION_RELATIONSHIP_WITH_TRANSFORMATION(#72) 
SHAPE_REPRESENTATION_RELATIONSHIP() );
#72 = ITEM_DEFINED_TRANSFORMATION('','',#11,#15);
#73 = PRODUCT_DEFINITION_SHAPE('Placement','Placement of an item',#74);
#74 = NEXT_ASSEMBLY_USAGE_OCCURRENCE('9','PTV09A-4025F-B112','',#5,#27,$
  );
#75 = PRODUCT_RELATED_PRODUCT_CATEGORY('part',$,(#29));
#76 = SHAPE_DEFINITION_REPRESENTATION(#77,#83);
#77 = PRODUCT_DEFINITION_SHAPE('','',#78);
#78 = PRODUCT_DEFINITION('design','',#79,#82);
#79 = PRODUCT_DEFINITION_FORMATION('','',#80);
#80 = PRODUCT('PTV09A-4025F-B103','PTV09A-4025F-B103','',(#81));
#81 = PRODUCT_CONTEXT('',#2,'mechanical');
#82 = PRODUCT_DEFINITION_CONTEXT('part definition',#2,'design');
#83 = ADVANCED_BREP_SHAPE_REPRESENTATION('',(#11,#84),#224);
#84 = MANIFOLD_SOLID_BREP('',#85);
#85 = CLOSED_SHELL('',(#86,#130,#162,#186,#202,#212));
#86 = ADVANCED_FACE('',(#87),#125,.T.);
#87 = FACE_BOUND('',#88,.T.);
#88 = EDGE_LOOP('',(#89,#100,#109,#118));
#89 = ORIENTED_EDGE('',*,*,#90,.F.);
#90 = EDGE_CURVE('',#91,#93,#95,.T.);
#91 = VERTEX_POINT('',#92);
#92 = CARTESIAN_POINT('',(-3.,7.75,-4.9));
#93 = VERTEX_POINT('',#94);
#94 = CARTESIAN_POINT('',(-3.,7.75,-3.5));
#95 = CIRCLE('',#96,0.7);
#96 = AXIS2_PLACEMENT_3D('',#97,#98,#99);
#97 = CARTESIAN_POINT('',(-3.,7.75,-4.2));
#98 = DIRECTION('',(0.,-1.,0.));
#99 = DIRECTION('',(0.,0.,1.));
#100 = ORIENTED_EDGE('',*,*,#101,.T.);
#101 = EDGE_CURVE('',#91,#102,#104,.T.);
#102 = VERTEX_POINT('',#103);
#103 = CARTESIAN_POINT('',(-3.,8.,-4.65));
#104 = CIRCLE('',#105,0.25);
#105 = AXIS2_PLACEMENT_3D('',#106,#107,#108);
#106 = CARTESIAN_POINT('',(-3.,7.75,-4.65));
#107 = DIRECTION('',(1.,-0.,1.224646799147E-16));
#108 = DIRECTION('',(1.224646799147E-16,0.,-1.));
#109 = ORIENTED_EDGE('',*,*,#110,.F.);
#110 = EDGE_CURVE('',#111,#102,#113,.T.);
#111 = VERTEX_POINT('',#112);
#112 = CARTESIAN_POINT('',(-3.,8.,-3.75));
#113 = CIRCLE('',#114,0.45);
#114 = AXIS2_PLACEMENT_3D('',#115,#116,#117);
#115 = CARTESIAN_POINT('',(-3.,8.,-4.2));
#116 = DIRECTION('',(0.,1.,0.));
#117 = DIRECTION('',(0.,-0.,1.));
#118 = ORIENTED_EDGE('',*,*,#119,.F.);
#119 = EDGE_CURVE('',#93,#111,#120,.T.);
#120 = CIRCLE('',#121,0.25);
#121 = AXIS2_PLACEMENT_3D('',#122,#123,#124);
#122 = CARTESIAN_POINT('',(-3.,7.75,-3.75));
#123 = DIRECTION('',(-1.,0.,0.));
#124 = DIRECTION('',(0.,0.,1.));
#125 = TOROIDAL_SURFACE('',#126,0.45,0.25);
#126 = AXIS2_PLACEMENT_3D('',#127,#128,#129);
#127 = CARTESIAN_POINT('',(-3.,7.75,-4.2));
#128 = DIRECTION('',(0.,1.,0.));
#129 = DIRECTION('',(0.,-0.,1.));
#130 = ADVANCED_FACE('',(#131),#157,.T.);
#131 = FACE_BOUND('',#132,.T.);
#132 = EDGE_LOOP('',(#133,#134,#142,#151));
#133 = ORIENTED_EDGE('',*,*,#90,.T.);
#134 = ORIENTED_EDGE('',*,*,#135,.T.);
#135 = EDGE_CURVE('',#93,#136,#138,.T.);
#136 = VERTEX_POINT('',#137);
#137 = CARTESIAN_POINT('',(-3.,6.8,-3.5));
#138 = LINE('',#139,#140);
#139 = CARTESIAN_POINT('',(-3.,8.,-3.5));
#140 = VECTOR('',#141,1.);
#141 = DIRECTION('',(-0.,-1.,-0.));
#142 = ORIENTED_EDGE('',*,*,#143,.T.);
#143 = EDGE_CURVE('',#136,#144,#146,.T.);
#144 = VERTEX_POINT('',#145);
#145 = CARTESIAN_POINT('',(-3.,6.8,-4.9));
#146 = CIRCLE('',#147,0.7);
#147 = AXIS2_PLACEMENT_3D('',#148,#149,#150);
#148 = CARTESIAN_POINT('',(-3.,6.8,-4.2));
#149 = DIRECTION('',(0.,1.,0.));
#150 = DIRECTION('',(0.,-0.,1.));
#151 = ORIENTED_EDGE('',*,*,#152,.F.);
#152 = EDGE_CURVE('',#91,#144,#153,.T.);
#153 = LINE('',#154,#155);
#154 = CARTESIAN_POINT('',(-3.,8.,-4.9));
#155 = VECTOR('',#156,1.);
#156 = DIRECTION('',(-0.,-1.,-0.));
#157 = CYLINDRICAL_SURFACE('',#158,0.7);
#158 = AXIS2_PLACEMENT_3D('',#159,#160,#161);
#159 = CARTESIAN_POINT('',(-3.,8.,-4.2));
#160 = DIRECTION('',(-0.,-1.,-0.));
#161 = DIRECTION('',(0.,0.,-1.));
#162 = ADVANCED_FACE('',(#163),#181,.T.);
#163 = FACE_BOUND('',#164,.T.);
#164 = EDGE_LOOP('',(#165,#166,#173,#174));
#165 = ORIENTED_EDGE('',*,*,#135,.F.);
#166 = ORIENTED_EDGE('',*,*,#167,.T.);
#167 = EDGE_CURVE('',#93,#91,#168,.T.);
#168 = CIRCLE('',#169,0.7);
#169 = AXIS2_PLACEMENT_3D('',#170,#171,#172);
#170 = CARTESIAN_POINT('',(-3.,7.75,-4.2));
#171 = DIRECTION('',(0.,-1.,0.));
#172 = DIRECTION('',(0.,0.,1.));
#173 = ORIENTED_EDGE('',*,*,#152,.T.);
#174 = ORIENTED_EDGE('',*,*,#175,.T.);
#175 = EDGE_CURVE('',#144,#136,#176,.T.);
#176 = CIRCLE('',#177,0.7);
#177 = AXIS2_PLACEMENT_3D('',#178,#179,#180);
#178 = CARTESIAN_POINT('',(-3.,6.8,-4.2));
#179 = DIRECTION('',(0.,1.,0.));
#180 = DIRECTION('',(0.,-0.,1.));
#181 = CYLINDRICAL_SURFACE('',#182,0.7);
#182 = AXIS2_PLACEMENT_3D('',#183,#184,#185);
#183 = CARTESIAN_POINT('',(-3.,8.,-4.2));
#184 = DIRECTION('',(-0.,-1.,-0.));
#185 = DIRECTION('',(0.,0.,-1.));
#186 = ADVANCED_FACE('',(#187),#197,.T.);
#187 = FACE_BOUND('',#188,.T.);
#188 = EDGE_LOOP('',(#189,#190));
#189 = ORIENTED_EDGE('',*,*,#110,.T.);
#190 = ORIENTED_EDGE('',*,*,#191,.T.);
#191 = EDGE_CURVE('',#102,#111,#192,.T.);
#192 = CIRCLE('',#193,0.45);
#193 = AXIS2_PLACEMENT_3D('',#194,#195,#196);
#194 = CARTESIAN_POINT('',(-3.,8.,-4.2));
#195 = DIRECTION('',(0.,1.,0.));
#196 = DIRECTION('',(0.,-0.,1.));
#197 = PLANE('',#198);
#198 = AXIS2_PLACEMENT_3D('',#199,#200,#201);
#199 = CARTESIAN_POINT('',(-3.,8.,-4.2));
#200 = DIRECTION('',(0.,1.,0.));
#201 = DIRECTION('',(0.,-0.,1.));
#202 = ADVANCED_FACE('',(#203),#207,.F.);
#203 = FACE_BOUND('',#204,.T.);
#204 = EDGE_LOOP('',(#205,#206));
#205 = ORIENTED_EDGE('',*,*,#175,.F.);
#206 = ORIENTED_EDGE('',*,*,#143,.F.);
#207 = PLANE('',#208);
#208 = AXIS2_PLACEMENT_3D('',#209,#210,#211);
#209 = CARTESIAN_POINT('',(-3.,6.8,-4.2));
#210 = DIRECTION('',(0.,1.,0.));
#211 = DIRECTION('',(0.,-0.,1.));
#212 = ADVANCED_FACE('',(#213),#219,.T.);
#213 = FACE_BOUND('',#214,.T.);
#214 = EDGE_LOOP('',(#215,#216,#217,#218));
#215 = ORIENTED_EDGE('',*,*,#101,.F.);
#216 = ORIENTED_EDGE('',*,*,#167,.F.);
#217 = ORIENTED_EDGE('',*,*,#119,.T.);
#218 = ORIENTED_EDGE('',*,*,#191,.F.);
#219 = TOROIDAL_SURFACE('',#220,0.45,0.25);
#220 = AXIS2_PLACEMENT_3D('',#221,#222,#223);
#221 = CARTESIAN_POINT('',(-3.,7.75,-4.2));
#222 = DIRECTION('',(0.,1.,0.));
#223 = DIRECTION('',(0.,-0.,1.));
#224 = ( GEOMETRIC_REPRESENTATION_CONTEXT(3) 
GLOBAL_UNCERTAINTY_ASSIGNED_CONTEXT((#228)) GLOBAL_UNIT_ASSIGNED_CONTEXT
((#225,#226,#227)) REPRESENTATION_CONTEXT('Context #1',
  '3D Context with UNIT and UNCERTAINTY') );
#225 = ( LENGTH_UNIT() NAMED_UNIT(*) SI_UNIT(.MILLI.,.METRE.) );
#226 = ( NAMED_UNIT(*) PLANE_ANGLE_UNIT() SI_UNIT($,.RADIAN.) );
#227 = ( NAMED_UNIT(*) SI_UNIT($,.STERADIAN.) SOLID_ANGLE_UNIT() );
#228 = UNCERTAINTY_MEASURE_WITH_UNIT(LENGTH_MEASURE(1.E-07),#225,
  'distance_accuracy_value','confusion accuracy');
#229 = CONTEXT_DEPENDENT_SHAPE_REPRESENTATION(#230,#232);
#230 = ( REPRESENTATION_RELATIONSHIP('','',#83,#32) 
REPRESENTATION_RELATIONSHIP_WITH_TRANSFORMATION(#231) 
SHAPE_REPRESENTATION_RELATIONSHIP() );
#231 = ITEM_DEFINED_TRANSFORMATION('','',#11,#33);
#232 = PRODUCT_DEFINITION_SHAPE('Placement','Placement of an item',#233
  );
#233 = NEXT_ASSEMBLY_USAGE_OCCURRENCE('1','PTV09A-4025F-B103','',#27,#78
  ,$);
#234 = PRODUCT_RELATED_PRODUCT_CATEGORY('part',$,(#80));
#235 = SHAPE_DEFINITION_REPRESENTATION(#236,#242);
#236 = PRODUCT_DEFINITION_SHAPE('','',#237);
#237 = PRODUCT_DEFINITION('design','',#238,#241);
#238 = PRODUCT_DEFINITION_FORMATION('','',#239);
#239 = PRODUCT('PTV09A-4025F-B104','PTV09A-4025F-B104','',(#240));
#240 = PRODUCT_CONTEXT('',#2,'mechanical');
#241 = PRODUCT_DEFINITION_CONTEXT('part definition',#2,'design');
#242 = ADVANCED_BREP_SHAPE_REPRESENTATION('',(#11,#243),#383);
#243 = MANIFOLD_SOLID_BREP('',#244);
#244 = CLOSED_SHELL('',(#245,#289,#321,#345,#361,#371));
#245 = ADVANCED_FACE('',(#246),#284,.T.);
#246 = FACE_BOUND('',#247,.T.);
#247 = EDGE_LOOP('',(#248,#259,#268,#277));
#248 = ORIENTED_EDGE('',*,*,#249,.F.);
#249 = EDGE_CURVE('',#250,#252,#254,.T.);
#250 = VERTEX_POINT('',#251);
#251 = CARTESIAN_POINT('',(3.,7.75,3.5));
#252 = VERTEX_POINT('',#253);
#253 = CARTESIAN_POINT('',(3.,7.75,4.9));
#254 = CIRCLE('',#255,0.7);
#255 = AXIS2_PLACEMENT_3D('',#256,#257,#258);
#256 = CARTESIAN_POINT('',(3.,7.75,4.2));
#257 = DIRECTION('',(0.,-1.,0.));
#258 = DIRECTION('',(0.,0.,1.));
#259 = ORIENTED_EDGE('',*,*,#260,.T.);
#260 = EDGE_CURVE('',#250,#261,#263,.T.);
#261 = VERTEX_POINT('',#262);
#262 = CARTESIAN_POINT('',(3.,8.,3.75));
#263 = CIRCLE('',#264,0.25);
#264 = AXIS2_PLACEMENT_3D('',#265,#266,#267);
#265 = CARTESIAN_POINT('',(3.,7.75,3.75));
#266 = DIRECTION('',(1.,-0.,1.224646799147E-16));
#267 = DIRECTION('',(1.224646799147E-16,0.,-1.));
#268 = ORIENTED_EDGE('',*,*,#269,.F.);
#269 = EDGE_CURVE('',#270,#261,#272,.T.);
#270 = VERTEX_POINT('',#271);
#271 = CARTESIAN_POINT('',(3.,8.,4.65));
#272 = CIRCLE('',#273,0.45);
#273 = AXIS2_PLACEMENT_3D('',#274,#275,#276);
#274 = CARTESIAN_POINT('',(3.,8.,4.2));
#275 = DIRECTION('',(0.,1.,0.));
#276 = DIRECTION('',(0.,-0.,1.));
#277 = ORIENTED_EDGE('',*,*,#278,.F.);
#278 = EDGE_CURVE('',#252,#270,#279,.T.);
#279 = CIRCLE('',#280,0.25);
#280 = AXIS2_PLACEMENT_3D('',#281,#282,#283);
#281 = CARTESIAN_POINT('',(3.,7.75,4.65));
#282 = DIRECTION('',(-1.,0.,0.));
#283 = DIRECTION('',(0.,0.,1.));
#284 = TOROIDAL_SURFACE('',#285,0.45,0.25);
#285 = AXIS2_PLACEMENT_3D('',#286,#287,#288);
#286 = CARTESIAN_POINT('',(3.,7.75,4.2));
#287 = DIRECTION('',(0.,1.,0.));
#288 = DIRECTION('',(0.,-0.,1.));
#289 = ADVANCED_FACE('',(#290),#316,.T.);
#290 = FACE_BOUND('',#291,.T.);
#291 = EDGE_LOOP('',(#292,#293,#301,#310));
#292 = ORIENTED_EDGE('',*,*,#249,.T.);
#293 = ORIENTED_EDGE('',*,*,#294,.T.);
#294 = EDGE_CURVE('',#252,#295,#297,.T.);
#295 = VERTEX_POINT('',#296);
#296 = CARTESIAN_POINT('',(3.,6.8,4.9));
#297 = LINE('',#298,#299);
#298 = CARTESIAN_POINT('',(3.,8.,4.9));
#299 = VECTOR('',#300,1.);
#300 = DIRECTION('',(-0.,-1.,-0.));
#301 = ORIENTED_EDGE('',*,*,#302,.T.);
#302 = EDGE_CURVE('',#295,#303,#305,.T.);
#303 = VERTEX_POINT('',#304);
#304 = CARTESIAN_POINT('',(3.,6.8,3.5));
#305 = CIRCLE('',#306,0.7);
#306 = AXIS2_PLACEMENT_3D('',#307,#308,#309);
#307 = CARTESIAN_POINT('',(3.,6.8,4.2));
#308 = DIRECTION('',(0.,1.,0.));
#309 = DIRECTION('',(0.,-0.,1.));
#310 = ORIENTED_EDGE('',*,*,#311,.F.);
#311 = EDGE_CURVE('',#250,#303,#312,.T.);
#312 = LINE('',#313,#314);
#313 = CARTESIAN_POINT('',(3.,8.,3.5));
#314 = VECTOR('',#315,1.);
#315 = DIRECTION('',(-0.,-1.,-0.));
#316 = CYLINDRICAL_SURFACE('',#317,0.7);
#317 = AXIS2_PLACEMENT_3D('',#318,#319,#320);
#318 = CARTESIAN_POINT('',(3.,8.,4.2));
#319 = DIRECTION('',(-0.,-1.,-0.));
#320 = DIRECTION('',(0.,0.,-1.));
#321 = ADVANCED_FACE('',(#322),#340,.T.);
#322 = FACE_BOUND('',#323,.T.);
#323 = EDGE_LOOP('',(#324,#325,#332,#333));
#324 = ORIENTED_EDGE('',*,*,#294,.F.);
#325 = ORIENTED_EDGE('',*,*,#326,.T.);
#326 = EDGE_CURVE('',#252,#250,#327,.T.);
#327 = CIRCLE('',#328,0.7);
#328 = AXIS2_PLACEMENT_3D('',#329,#330,#331);
#329 = CARTESIAN_POINT('',(3.,7.75,4.2));
#330 = DIRECTION('',(0.,-1.,0.));
#331 = DIRECTION('',(0.,0.,1.));
#332 = ORIENTED_EDGE('',*,*,#311,.T.);
#333 = ORIENTED_EDGE('',*,*,#334,.T.);
#334 = EDGE_CURVE('',#303,#295,#335,.T.);
#335 = CIRCLE('',#336,0.7);
#336 = AXIS2_PLACEMENT_3D('',#337,#338,#339);
#337 = CARTESIAN_POINT('',(3.,6.8,4.2));
#338 = DIRECTION('',(0.,1.,0.));
#339 = DIRECTION('',(0.,-0.,1.));
#340 = CYLINDRICAL_SURFACE('',#341,0.7);
#341 = AXIS2_PLACEMENT_3D('',#342,#343,#344);
#342 = CARTESIAN_POINT('',(3.,8.,4.2));
#343 = DIRECTION('',(-0.,-1.,-0.));
#344 = DIRECTION('',(0.,0.,-1.));
#345 = ADVANCED_FACE('',(#346),#356,.T.);
#346 = FACE_BOUND('',#347,.T.);
#347 = EDGE_LOOP('',(#348,#349));
#348 = ORIENTED_EDGE('',*,*,#269,.T.);
#349 = ORIENTED_EDGE('',*,*,#350,.T.);
#350 = EDGE_CURVE('',#261,#270,#351,.T.);
#351 = CIRCLE('',#352,0.45);
#352 = AXIS2_PLACEMENT_3D('',#353,#354,#355);
#353 = CARTESIAN_POINT('',(3.,8.,4.2));
#354 = DIRECTION('',(0.,1.,0.));
#355 = DIRECTION('',(0.,-0.,1.));
#356 = PLANE('',#357);
#357 = AXIS2_PLACEMENT_3D('',#358,#359,#360);
#358 = CARTESIAN_POINT('',(3.,8.,4.2));
#359 = DIRECTION('',(0.,1.,0.));
#360 = DIRECTION('',(0.,-0.,1.));
#361 = ADVANCED_FACE('',(#362),#366,.F.);
#362 = FACE_BOUND('',#363,.T.);
#363 = EDGE_LOOP('',(#364,#365));
#364 = ORIENTED_EDGE('',*,*,#334,.F.);
#365 = ORIENTED_EDGE('',*,*,#302,.F.);
#366 = PLANE('',#367);
#367 = AXIS2_PLACEMENT_3D('',#368,#369,#370);
#368 = CARTESIAN_POINT('',(3.,6.8,4.2));
#369 = DIRECTION('',(0.,1.,0.));
#370 = DIRECTION('',(0.,-0.,1.));
#371 = ADVANCED_FACE('',(#372),#378,.T.);
#372 = FACE_BOUND('',#373,.T.);
#373 = EDGE_LOOP('',(#374,#375,#376,#377));
#374 = ORIENTED_EDGE('',*,*,#260,.F.);
#375 = ORIENTED_EDGE('',*,*,#326,.F.);
#376 = ORIENTED_EDGE('',*,*,#278,.T.);
#377 = ORIENTED_EDGE('',*,*,#350,.F.);
#378 = TOROIDAL_SURFACE('',#379,0.45,0.25);
#379 = AXIS2_PLACEMENT_3D('',#380,#381,#382);
#380 = CARTESIAN_POINT('',(3.,7.75,4.2));
#381 = DIRECTION('',(0.,1.,0.));
#382 = DIRECTION('',(0.,-0.,1.));
#383 = ( GEOMETRIC_REPRESENTATION_CONTEXT(3) 
GLOBAL_UNCERTAINTY_ASSIGNED_CONTEXT((#387)) GLOBAL_UNIT_ASSIGNED_CONTEXT
((#384,#385,#386)) REPRESENTATION_CONTEXT('Context #1',
  '3D Context with UNIT and UNCERTAINTY') );
#384 = ( LENGTH_UNIT() NAMED_UNIT(*) SI_UNIT(.MILLI.,.METRE.) );
#385 = ( NAMED_UNIT(*) PLANE_ANGLE_UNIT() SI_UNIT($,.RADIAN.) );
#386 = ( NAMED_UNIT(*) SI_UNIT($,.STERADIAN.) SOLID_ANGLE_UNIT() );
#387 = UNCERTAINTY_MEASURE_WITH_UNIT(LENGTH_MEASURE(1.E-07),#384,
  'distance_accuracy_value','confusion accuracy');
#388 = CONTEXT_DEPENDENT_SHAPE_REPRESENTATION(#389,#391);
#389 = ( REPRESENTATION_RELATIONSHIP('','',#242,#32) 
REPRESENTATION_RELATIONSHIP_WITH_TRANSFORMATION(#390) 
SHAPE_REPRESENTATION_RELATIONSHIP() );
#390 = ITEM_DEFINED_TRANSFORMATION('','',#11,#37);
#391 = PRODUCT_DEFINITION_SHAPE('Placement','Placement of an item',#392
  );
#392 = NEXT_ASSEMBLY_USAGE_OCCURRENCE('2','PTV09A-4025F-B104','',#27,
  #237,$);
#393 = PRODUCT_RELATED_PRODUCT_CATEGORY('part',$,(#239));
#394 = SHAPE_DEFINITION_REPRESENTATION(#395,#401);
#395 = PRODUCT_DEFINITION_SHAPE('','',#396);
#396 = PRODUCT_DEFINITION('design','',#397,#400);
#397 = PRODUCT_DEFINITION_FORMATION('','',#398);
#398 = PRODUCT('PTV09A-4025F-B105','PTV09A-4025F-B105','',(#399));
#399 = PRODUCT_CONTEXT('',#2,'mechanical');
#400 = PRODUCT_DEFINITION_CONTEXT('part definition',#2,'design');
#401 = ADVANCED_BREP_SHAPE_REPRESENTATION('',(#11,#402),#3448);
#402 = MANIFOLD_SOLID_BREP('',#403);
#403 = CLOSED_SHELL('',(#404,#446,#488,#530,#572,#772,#972,#1003,#1034,
    #1066,#1116,#1138,#1160,#1184,#1209,#1225,#1249,#1280,#1304,#1463,
    #1487,#1512,#1528,#1552,#1583,#1607,#1766,#1783,#1825,#1866,#1904,
    #1921,#1933,#2005,#2022,#2034,#2051,#2068,#2135,#2152,#2169,#2211,
    #2252,#2290,#2302,#2319,#2336,#2378,#2419,#2457,#2469,#2486,#2503,
    #2568,#2638,#2655,#2667,#2684,#2726,#2767,#2805,#2822,#2834,#2866,
    #2878,#2890,#2907,#2919,#2946,#2963,#2980,#3007,#3039,#3056,#3068,
    #3085,#3097,#3114,#3126,#3153,#3180,#3207,#3234,#3246,#3258,#3270,
    #3282,#3299,#3311,#3328,#3340,#3357,#3369,#3386,#3398,#3416,#3436));
#404 = ADVANCED_FACE('',(#405),#441,.F.);
#405 = FACE_BOUND('',#406,.F.);
#406 = EDGE_LOOP('',(#407,#417,#426,#434));
#407 = ORIENTED_EDGE('',*,*,#408,.T.);
#408 = EDGE_CURVE('',#409,#411,#413,.T.);
#409 = VERTEX_POINT('',#410);
#410 = CARTESIAN_POINT('',(0.,6.4,3.05));
#411 = VERTEX_POINT('',#412);
#412 = CARTESIAN_POINT('',(0.,7.9,3.05));
#413 = LINE('',#414,#415);
#414 = CARTESIAN_POINT('',(0.,-2.226702730476,3.05));
#415 = VECTOR('',#416,1.);
#416 = DIRECTION('',(-0.,1.,-0.));
#417 = ORIENTED_EDGE('',*,*,#418,.F.);
#418 = EDGE_CURVE('',#419,#411,#421,.T.);
#419 = VERTEX_POINT('',#420);
#420 = CARTESIAN_POINT('',(3.735172737399E-16,7.9,-3.05));
#421 = CIRCLE('',#422,3.05);
#422 = AXIS2_PLACEMENT_3D('',#423,#424,#425);
#423 = CARTESIAN_POINT('',(0.,7.9,0.));
#424 = DIRECTION('',(0.,1.,0.));
#425 = DIRECTION('',(0.,-0.,1.));
#426 = ORIENTED_EDGE('',*,*,#427,.F.);
#427 = EDGE_CURVE('',#428,#419,#430,.T.);
#428 = VERTEX_POINT('',#429);
#429 = CARTESIAN_POINT('',(3.735172737399E-16,6.4,-3.05));
#430 = LINE('',#431,#432);
#431 = CARTESIAN_POINT('',(3.735172737399E-16,-2.226702730476,-3.05));
#432 = VECTOR('',#433,1.);
#433 = DIRECTION('',(-0.,1.,-0.));
#434 = ORIENTED_EDGE('',*,*,#435,.T.);
#435 = EDGE_CURVE('',#428,#409,#436,.T.);
#436 = CIRCLE('',#437,3.05);
#437 = AXIS2_PLACEMENT_3D('',#438,#439,#440);
#438 = CARTESIAN_POINT('',(0.,6.4,0.));
#439 = DIRECTION('',(-0.,1.,0.));
#440 = DIRECTION('',(0.,0.,-1.));
#441 = CYLINDRICAL_SURFACE('',#442,3.05);
#442 = AXIS2_PLACEMENT_3D('',#443,#444,#445);
#443 = CARTESIAN_POINT('',(0.,-2.226702730476,0.));
#444 = DIRECTION('',(-0.,1.,-0.));
#445 = DIRECTION('',(0.,0.,1.));
#446 = ADVANCED_FACE('',(#447),#483,.T.);
#447 = FACE_BOUND('',#448,.T.);
#448 = EDGE_LOOP('',(#449,#460,#468,#477));
#449 = ORIENTED_EDGE('',*,*,#450,.F.);
#450 = EDGE_CURVE('',#451,#453,#455,.T.);
#451 = VERTEX_POINT('',#452);
#452 = CARTESIAN_POINT('',(4.163799117101E-16,7.9,3.4));
#453 = VERTEX_POINT('',#454);
#454 = CARTESIAN_POINT('',(0.,7.9,-3.4));
#455 = CIRCLE('',#456,3.4);
#456 = AXIS2_PLACEMENT_3D('',#457,#458,#459);
#457 = CARTESIAN_POINT('',(0.,7.9,0.));
#458 = DIRECTION('',(0.,1.,0.));
#459 = DIRECTION('',(0.,-0.,1.));
#460 = ORIENTED_EDGE('',*,*,#461,.T.);
#461 = EDGE_CURVE('',#451,#462,#464,.T.);
#462 = VERTEX_POINT('',#463);
#463 = CARTESIAN_POINT('',(4.163799117101E-16,6.8,3.4));
#464 = LINE('',#465,#466);
#465 = CARTESIAN_POINT('',(4.163799117101E-16,7.9,3.4));
#466 = VECTOR('',#467,1.);
#467 = DIRECTION('',(-0.,-1.,-0.));
#468 = ORIENTED_EDGE('',*,*,#469,.T.);
#469 = EDGE_CURVE('',#462,#470,#472,.T.);
#470 = VERTEX_POINT('',#471);
#471 = CARTESIAN_POINT('',(0.,6.8,-3.4));
#472 = CIRCLE('',#473,3.4);
#473 = AXIS2_PLACEMENT_3D('',#474,#475,#476);
#474 = CARTESIAN_POINT('',(0.,6.8,0.));
#475 = DIRECTION('',(0.,1.,0.));
#476 = DIRECTION('',(0.,-0.,1.));
#477 = ORIENTED_EDGE('',*,*,#478,.F.);
#478 = EDGE_CURVE('',#453,#470,#479,.T.);
#479 = LINE('',#480,#481);
#480 = CARTESIAN_POINT('',(0.,7.9,-3.4));
#481 = VECTOR('',#482,1.);
#482 = DIRECTION('',(-0.,-1.,-0.));
#483 = CYLINDRICAL_SURFACE('',#484,3.4);
#484 = AXIS2_PLACEMENT_3D('',#485,#486,#487);
#485 = CARTESIAN_POINT('',(0.,7.9,0.));
#486 = DIRECTION('',(-0.,-1.,-0.));
#487 = DIRECTION('',(0.,0.,-1.));
#488 = ADVANCED_FACE('',(#489),#525,.T.);
#489 = FACE_BOUND('',#490,.T.);
#490 = EDGE_LOOP('',(#491,#502,#510,#519));
#491 = ORIENTED_EDGE('',*,*,#492,.F.);
#492 = EDGE_CURVE('',#493,#495,#497,.T.);
#493 = VERTEX_POINT('',#494);
#494 = CARTESIAN_POINT('',(5.7,-2.158419162069,-1.));
#495 = VERTEX_POINT('',#496);
#496 = CARTESIAN_POINT('',(5.644505591802,-2.410438328992,-1.));
#497 = CIRCLE('',#498,0.6);
#498 = AXIS2_PLACEMENT_3D('',#499,#500,#501);
#499 = CARTESIAN_POINT('',(5.1,-2.158419162069,-1.));
#500 = DIRECTION('',(-7.885106708985E-17,-2.735695943732E-31,-1.));
#501 = DIRECTION('',(1.,-2.157125443966E-47,-7.885106708985E-17));
#502 = ORIENTED_EDGE('',*,*,#503,.T.);
#503 = EDGE_CURVE('',#493,#504,#506,.T.);
#504 = VERTEX_POINT('',#505);
#505 = CARTESIAN_POINT('',(5.7,-2.158419162069,1.));
#506 = LINE('',#507,#508);
#507 = CARTESIAN_POINT('',(5.7,-2.158419162069,-5.438468204234));
#508 = VECTOR('',#509,1.);
#509 = DIRECTION('',(0.,0.,1.));
#510 = ORIENTED_EDGE('',*,*,#511,.F.);
#511 = EDGE_CURVE('',#512,#504,#514,.T.);
#512 = VERTEX_POINT('',#513);
#513 = CARTESIAN_POINT('',(5.644505591802,-2.410438328992,1.));
#514 = CIRCLE('',#515,0.6);
#515 = AXIS2_PLACEMENT_3D('',#516,#517,#518);
#516 = CARTESIAN_POINT('',(5.1,-2.158419162069,1.));
#517 = DIRECTION('',(0.,0.,1.));
#518 = DIRECTION('',(1.,0.,-0.));
#519 = ORIENTED_EDGE('',*,*,#520,.F.);
#520 = EDGE_CURVE('',#495,#512,#521,.T.);
#521 = LINE('',#522,#523);
#522 = CARTESIAN_POINT('',(5.644505591802,-2.410438328992,
    -5.438468204234));
#523 = VECTOR('',#524,1.);
#524 = DIRECTION('',(0.,0.,1.));
#525 = CYLINDRICAL_SURFACE('',#526,0.6);
#526 = AXIS2_PLACEMENT_3D('',#527,#528,#529);
#527 = CARTESIAN_POINT('',(5.1,-2.158419162069,-5.438468204234));
#528 = DIRECTION('',(0.,0.,1.));
#529 = DIRECTION('',(1.,0.,-0.));
#530 = ADVANCED_FACE('',(#531),#567,.F.);
#531 = FACE_BOUND('',#532,.F.);
#532 = EDGE_LOOP('',(#533,#543,#552,#560));
#533 = ORIENTED_EDGE('',*,*,#534,.T.);
#534 = EDGE_CURVE('',#535,#537,#539,.T.);
#535 = VERTEX_POINT('',#536);
#536 = CARTESIAN_POINT('',(5.261803398875,-2.040862111611,-1.));
#537 = VERTEX_POINT('',#538);
#538 = CARTESIAN_POINT('',(5.261803398875,-2.040862111611,1.));
#539 = LINE('',#540,#541);
#540 = CARTESIAN_POINT('',(5.261803398875,-2.040862111611,
    -5.438468204234));
#541 = VECTOR('',#542,1.);
#542 = DIRECTION('',(0.,0.,1.));
#543 = ORIENTED_EDGE('',*,*,#544,.T.);
#544 = EDGE_CURVE('',#537,#545,#547,.T.);
#545 = VERTEX_POINT('',#546);
#546 = CARTESIAN_POINT('',(5.3,-2.158419162069,1.));
#547 = CIRCLE('',#548,0.2);
#548 = AXIS2_PLACEMENT_3D('',#549,#550,#551);
#549 = CARTESIAN_POINT('',(5.1,-2.158419162069,1.));
#550 = DIRECTION('',(0.,0.,-1.));
#551 = DIRECTION('',(1.,0.,0.));
#552 = ORIENTED_EDGE('',*,*,#553,.F.);
#553 = EDGE_CURVE('',#554,#545,#556,.T.);
#554 = VERTEX_POINT('',#555);
#555 = CARTESIAN_POINT('',(5.3,-2.158419162069,-1.));
#556 = LINE('',#557,#558);
#557 = CARTESIAN_POINT('',(5.3,-2.158419162069,-5.438468204234));
#558 = VECTOR('',#559,1.);
#559 = DIRECTION('',(0.,0.,1.));
#560 = ORIENTED_EDGE('',*,*,#561,.T.);
#561 = EDGE_CURVE('',#554,#535,#562,.T.);
#562 = CIRCLE('',#563,0.2);
#563 = AXIS2_PLACEMENT_3D('',#564,#565,#566);
#564 = CARTESIAN_POINT('',(5.1,-2.158419162069,-1.));
#565 = DIRECTION('',(7.885106708985E-17,2.735695943732E-31,1.));
#566 = DIRECTION('',(1.,-2.157125443966E-47,-7.885106708985E-17));
#567 = CYLINDRICAL_SURFACE('',#568,0.2);
#568 = AXIS2_PLACEMENT_3D('',#569,#570,#571);
#569 = CARTESIAN_POINT('',(5.1,-2.158419162069,-5.438468204234));
#570 = DIRECTION('',(0.,0.,1.));
#571 = DIRECTION('',(1.,0.,-0.));
#572 = ADVANCED_FACE('',(#573),#767,.F.);
#573 = FACE_BOUND('',#574,.T.);
#574 = EDGE_LOOP('',(#575,#585,#593,#601,#609,#617,#625,#633,#641,#649,
    #657,#665,#673,#681,#689,#697,#705,#713,#721,#729,#737,#745,#753,
    #761));
#575 = ORIENTED_EDGE('',*,*,#576,.F.);
#576 = EDGE_CURVE('',#577,#579,#581,.T.);
#577 = VERTEX_POINT('',#578);
#578 = CARTESIAN_POINT('',(4.6,2.4,4.8));
#579 = VERTEX_POINT('',#580);
#580 = CARTESIAN_POINT('',(4.6,2.4,3.6));
#581 = LINE('',#582,#583);
#582 = CARTESIAN_POINT('',(4.6,2.4,-3.627149086133E-16));
#583 = VECTOR('',#584,1.);
#584 = DIRECTION('',(-7.885106708985E-17,-1.603801747013E-30,-1.));
#585 = ORIENTED_EDGE('',*,*,#586,.T.);
#586 = EDGE_CURVE('',#577,#587,#589,.T.);
#587 = VERTEX_POINT('',#588);
#588 = CARTESIAN_POINT('',(4.6,2.6,4.8));
#589 = LINE('',#590,#591);
#590 = CARTESIAN_POINT('',(4.6,1.761828530289E-14,4.8));
#591 = VECTOR('',#592,1.);
#592 = DIRECTION('',(-3.523657060578E-15,1.,4.986945730761E-32));
#593 = ORIENTED_EDGE('',*,*,#594,.T.);
#594 = EDGE_CURVE('',#587,#595,#597,.T.);
#595 = VERTEX_POINT('',#596);
#596 = CARTESIAN_POINT('',(4.6,2.6,5.5));
#597 = LINE('',#598,#599);
#598 = CARTESIAN_POINT('',(4.6,2.6,-3.627149086133E-16));
#599 = VECTOR('',#600,1.);
#600 = DIRECTION('',(7.885106708985E-17,2.778441192853E-31,1.));
#601 = ORIENTED_EDGE('',*,*,#602,.T.);
#602 = EDGE_CURVE('',#595,#603,#605,.T.);
#603 = VERTEX_POINT('',#604);
#604 = CARTESIAN_POINT('',(4.6,6.4,5.5));
#605 = LINE('',#606,#607);
#606 = CARTESIAN_POINT('',(4.6,1.761828530289E-14,5.5));
#607 = VECTOR('',#608,1.);
#608 = DIRECTION('',(-3.523657060578E-15,1.,-0.));
#609 = ORIENTED_EDGE('',*,*,#610,.T.);
#610 = EDGE_CURVE('',#603,#611,#613,.T.);
#611 = VERTEX_POINT('',#612);
#612 = CARTESIAN_POINT('',(4.6,6.4,-5.5));
#613 = LINE('',#614,#615);
#614 = CARTESIAN_POINT('',(4.6,6.4,-3.627149086133E-16));
#615 = VECTOR('',#616,1.);
#616 = DIRECTION('',(-7.885106708985E-17,-4.379057701015E-47,-1.));
#617 = ORIENTED_EDGE('',*,*,#618,.T.);
#618 = EDGE_CURVE('',#611,#619,#621,.T.);
#619 = VERTEX_POINT('',#620);
#620 = CARTESIAN_POINT('',(4.6,2.6,-5.5));
#621 = LINE('',#622,#623);
#622 = CARTESIAN_POINT('',(4.6,1.687289630931E-14,-5.5));
#623 = VECTOR('',#624,1.);
#624 = DIRECTION('',(3.523657060578E-15,-1.,1.355252715607E-16));
#625 = ORIENTED_EDGE('',*,*,#626,.T.);
#626 = EDGE_CURVE('',#619,#627,#629,.T.);
#627 = VERTEX_POINT('',#628);
#628 = CARTESIAN_POINT('',(4.6,2.6,-4.8));
#629 = LINE('',#630,#631);
#630 = CARTESIAN_POINT('',(4.6,2.6,-3.627149086133E-16));
#631 = VECTOR('',#632,1.);
#632 = DIRECTION('',(7.885106708985E-17,2.778441192853E-31,1.));
#633 = ORIENTED_EDGE('',*,*,#634,.T.);
#634 = EDGE_CURVE('',#627,#635,#637,.T.);
#635 = VERTEX_POINT('',#636);
#636 = CARTESIAN_POINT('',(4.6,2.4,-4.8));
#637 = LINE('',#638,#639);
#638 = CARTESIAN_POINT('',(4.6,1.761828530289E-14,-4.8));
#639 = VECTOR('',#640,1.);
#640 = DIRECTION('',(3.523657060578E-15,-1.,-4.986945730761E-32));
#641 = ORIENTED_EDGE('',*,*,#642,.F.);
#642 = EDGE_CURVE('',#643,#635,#645,.T.);
#643 = VERTEX_POINT('',#644);
#644 = CARTESIAN_POINT('',(4.6,2.4,-3.6));
#645 = LINE('',#646,#647);
#646 = CARTESIAN_POINT('',(4.6,2.4,-3.627149086133E-16));
#647 = VECTOR('',#648,1.);
#648 = DIRECTION('',(-7.885106708985E-17,-2.872480740918E-31,-1.));
#649 = ORIENTED_EDGE('',*,*,#650,.T.);
#650 = EDGE_CURVE('',#643,#651,#653,.T.);
#651 = VERTEX_POINT('',#652);
#652 = CARTESIAN_POINT('',(4.6,2.6,-3.6));
#653 = LINE('',#654,#655);
#654 = CARTESIAN_POINT('',(4.6,1.761828530289E-14,-3.6));
#655 = VECTOR('',#656,1.);
#656 = DIRECTION('',(-3.523657060578E-15,1.,-6.411787368121E-32));
#657 = ORIENTED_EDGE('',*,*,#658,.T.);
#658 = EDGE_CURVE('',#651,#659,#661,.T.);
#659 = VERTEX_POINT('',#660);
#660 = CARTESIAN_POINT('',(4.6,2.6,-3.));
#661 = LINE('',#662,#663);
#662 = CARTESIAN_POINT('',(4.6,2.6,1.516568857028E-15));
#663 = VECTOR('',#664,1.);
#664 = DIRECTION('',(7.885106708986E-17,-7.228014483237E-16,1.));
#665 = ORIENTED_EDGE('',*,*,#666,.T.);
#666 = EDGE_CURVE('',#659,#667,#669,.T.);
#667 = VERTEX_POINT('',#668);
#668 = CARTESIAN_POINT('',(4.6,1.464739780975E-14,-3.));
#669 = LINE('',#670,#671);
#670 = CARTESIAN_POINT('',(4.6,1.861908730826E-14,-3.));
#671 = VECTOR('',#672,1.);
#672 = DIRECTION('',(3.523657060578E-15,-1.,-3.336006684571E-16));
#673 = ORIENTED_EDGE('',*,*,#674,.T.);
#674 = EDGE_CURVE('',#667,#675,#677,.T.);
#675 = VERTEX_POINT('',#676);
#676 = CARTESIAN_POINT('',(4.6,1.467886792868E-14,-2.));
#677 = LINE('',#678,#679);
#678 = CARTESIAN_POINT('',(4.6,1.761828530289E-14,-3.627149086133E-16));
#679 = VECTOR('',#680,1.);
#680 = DIRECTION('',(7.885106708985E-17,4.379057701015E-47,1.));
#681 = ORIENTED_EDGE('',*,*,#682,.T.);
#682 = EDGE_CURVE('',#675,#683,#685,.T.);
#683 = VERTEX_POINT('',#684);
#684 = CARTESIAN_POINT('',(4.6,0.5,-2.));
#685 = LINE('',#686,#687);
#686 = CARTESIAN_POINT('',(4.6,1.761828530289E-14,-2.));
#687 = VECTOR('',#688,1.);
#688 = DIRECTION('',(-3.523657060578E-15,1.,4.274524912082E-33));
#689 = ORIENTED_EDGE('',*,*,#690,.T.);
#690 = EDGE_CURVE('',#683,#691,#693,.T.);
#691 = VERTEX_POINT('',#692);
#692 = CARTESIAN_POINT('',(4.6,0.5,-1.));
#693 = LINE('',#694,#695);
#694 = CARTESIAN_POINT('',(4.6,0.5,-4.711351258619E-16));
#695 = VECTOR('',#696,1.);
#696 = DIRECTION('',(7.885106708985E-17,2.168404344971E-16,1.));
#697 = ORIENTED_EDGE('',*,*,#698,.T.);
#698 = EDGE_CURVE('',#691,#699,#701,.T.);
#699 = VERTEX_POINT('',#700);
#700 = CARTESIAN_POINT('',(4.6,-1.129967878493,-1.));
#701 = LINE('',#702,#703);
#702 = CARTESIAN_POINT('',(4.6,1.761828530289E-14,-1.));
#703 = VECTOR('',#704,1.);
#704 = DIRECTION('',(3.523657060578E-15,-1.,-4.274524912082E-33));
#705 = ORIENTED_EDGE('',*,*,#706,.T.);
#706 = EDGE_CURVE('',#699,#707,#709,.T.);
#707 = VERTEX_POINT('',#708);
#708 = CARTESIAN_POINT('',(4.6,-1.129967878493,1.));
#709 = LINE('',#710,#711);
#710 = CARTESIAN_POINT('',(4.6,-1.129967878493,-5.438468204234));
#711 = VECTOR('',#712,1.);
#712 = DIRECTION('',(0.,0.,1.));
#713 = ORIENTED_EDGE('',*,*,#714,.T.);
#714 = EDGE_CURVE('',#707,#715,#717,.T.);
#715 = VERTEX_POINT('',#716);
#716 = CARTESIAN_POINT('',(4.6,0.5,1.));
#717 = LINE('',#718,#719);
#718 = CARTESIAN_POINT('',(4.6,1.761828530289E-14,1.));
#719 = VECTOR('',#720,1.);
#720 = DIRECTION('',(-3.523657060578E-15,1.,4.274524912082E-33));
#721 = ORIENTED_EDGE('',*,*,#722,.T.);
#722 = EDGE_CURVE('',#715,#723,#725,.T.);
#723 = VERTEX_POINT('',#724);
#724 = CARTESIAN_POINT('',(4.6,0.5,2.));
#725 = LINE('',#726,#727);
#726 = CARTESIAN_POINT('',(4.6,0.5,-2.542946913648E-16));
#727 = VECTOR('',#728,1.);
#728 = DIRECTION('',(7.885106708986E-17,-2.168404344971E-16,1.));
#729 = ORIENTED_EDGE('',*,*,#730,.T.);
#730 = EDGE_CURVE('',#723,#731,#733,.T.);
#731 = VERTEX_POINT('',#732);
#732 = CARTESIAN_POINT('',(4.6,1.467886792868E-14,2.));
#733 = LINE('',#734,#735);
#734 = CARTESIAN_POINT('',(4.6,1.761828530289E-14,2.));
#735 = VECTOR('',#736,1.);
#736 = DIRECTION('',(3.523657060578E-15,-1.,-4.274524912082E-33));
#737 = ORIENTED_EDGE('',*,*,#738,.T.);
#738 = EDGE_CURVE('',#731,#739,#741,.T.);
#739 = VERTEX_POINT('',#740);
#740 = CARTESIAN_POINT('',(4.6,1.464739780975E-14,3.));
#741 = LINE('',#742,#743);
#742 = CARTESIAN_POINT('',(4.6,1.761828530289E-14,-3.627149086133E-16));
#743 = VECTOR('',#744,1.);
#744 = DIRECTION('',(7.885106708985E-17,4.379057701015E-47,1.));
#745 = ORIENTED_EDGE('',*,*,#746,.T.);
#746 = EDGE_CURVE('',#739,#747,#749,.T.);
#747 = VERTEX_POINT('',#748);
#748 = CARTESIAN_POINT('',(4.6,2.6,3.));
#749 = LINE('',#750,#751);
#750 = CARTESIAN_POINT('',(4.6,1.861908730826E-14,3.));
#751 = VECTOR('',#752,1.);
#752 = DIRECTION('',(-3.523657060578E-15,1.,-3.336006684571E-16));
#753 = ORIENTED_EDGE('',*,*,#754,.T.);
#754 = EDGE_CURVE('',#747,#755,#757,.T.);
#755 = VERTEX_POINT('',#756);
#756 = CARTESIAN_POINT('',(4.6,2.6,3.6));
#757 = LINE('',#758,#759);
#758 = CARTESIAN_POINT('',(4.6,2.6,-2.241998674255E-15));
#759 = VECTOR('',#760,1.);
#760 = DIRECTION('',(7.885106708985E-17,7.228014483237E-16,1.));
#761 = ORIENTED_EDGE('',*,*,#762,.T.);
#762 = EDGE_CURVE('',#755,#579,#763,.T.);
#763 = LINE('',#764,#765);
#764 = CARTESIAN_POINT('',(4.6,1.761828530289E-14,3.6));
#765 = VECTOR('',#766,1.);
#766 = DIRECTION('',(3.523657060578E-15,-1.,-4.986945730761E-32));
#767 = PLANE('',#768);
#768 = AXIS2_PLACEMENT_3D('',#769,#770,#771);
#769 = CARTESIAN_POINT('',(4.6,1.761828530289E-14,-3.627149086133E-16));
#770 = DIRECTION('',(1.,3.523657060578E-15,-7.885106708985E-17));
#771 = DIRECTION('',(-3.523657060578E-15,1.,0.));
#772 = ADVANCED_FACE('',(#773),#967,.F.);
#773 = FACE_BOUND('',#774,.T.);
#774 = EDGE_LOOP('',(#775,#785,#793,#801,#809,#817,#825,#833,#841,#849,
    #857,#865,#873,#881,#889,#897,#905,#913,#921,#929,#937,#945,#953,
    #961));
#775 = ORIENTED_EDGE('',*,*,#776,.F.);
#776 = EDGE_CURVE('',#777,#779,#781,.T.);
#777 = VERTEX_POINT('',#778);
#778 = CARTESIAN_POINT('',(-4.6,2.4,3.6));
#779 = VERTEX_POINT('',#780);
#780 = CARTESIAN_POINT('',(-4.6,2.4,4.8));
#781 = LINE('',#782,#783);
#782 = CARTESIAN_POINT('',(-4.6,2.4,1.08814472584E-15));
#783 = VECTOR('',#784,1.);
#784 = DIRECTION('',(2.365532012696E-16,8.617442222755E-31,1.));
#785 = ORIENTED_EDGE('',*,*,#786,.T.);
#786 = EDGE_CURVE('',#777,#787,#789,.T.);
#787 = VERTEX_POINT('',#788);
#788 = CARTESIAN_POINT('',(-4.6,2.6,3.6));
#789 = LINE('',#790,#791);
#790 = CARTESIAN_POINT('',(-4.6,1.694065894509E-14,3.6));
#791 = VECTOR('',#792,1.);
#792 = DIRECTION('',(3.388131789017E-15,1.,-4.951324689827E-31));
#793 = ORIENTED_EDGE('',*,*,#794,.T.);
#794 = EDGE_CURVE('',#787,#795,#797,.T.);
#795 = VERTEX_POINT('',#796);
#796 = CARTESIAN_POINT('',(-4.6,2.6,3.));
#797 = LINE('',#798,#799);
#798 = CARTESIAN_POINT('',(-4.6,2.6,-7.911390398015E-16));
#799 = VECTOR('',#800,1.);
#800 = DIRECTION('',(-2.365532012696E-16,-7.228014483237E-16,-1.));
#801 = ORIENTED_EDGE('',*,*,#802,.T.);
#802 = EDGE_CURVE('',#795,#803,#805,.T.);
#803 = VERTEX_POINT('',#804);
#804 = CARTESIAN_POINT('',(-4.6,1.694065894509E-14,3.));
#805 = LINE('',#806,#807);
#806 = CARTESIAN_POINT('',(-4.6,1.794146095046E-14,3.));
#807 = VECTOR('',#808,1.);
#808 = DIRECTION('',(-3.388131789017E-15,-1.,3.336006684571E-16));
#809 = ORIENTED_EDGE('',*,*,#810,.T.);
#810 = EDGE_CURVE('',#803,#811,#813,.T.);
#811 = VERTEX_POINT('',#812);
#812 = CARTESIAN_POINT('',(-4.6,-1.773877702863E-14,2.));
#813 = LINE('',#814,#815);
#814 = CARTESIAN_POINT('',(-4.6,1.694065894509E-14,1.08814472584E-15));
#815 = VECTOR('',#816,1.);
#816 = DIRECTION('',(-2.365532012696E-16,-0.,-1.));
#817 = ORIENTED_EDGE('',*,*,#818,.T.);
#818 = EDGE_CURVE('',#811,#819,#821,.T.);
#819 = VERTEX_POINT('',#820);
#820 = CARTESIAN_POINT('',(-4.6,0.5,2.));
#821 = LINE('',#822,#823);
#822 = CARTESIAN_POINT('',(-4.6,1.694065894509E-14,2.));
#823 = VECTOR('',#824,1.);
#824 = DIRECTION('',(3.388131789017E-15,1.,-5.407274013783E-31));
#825 = ORIENTED_EDGE('',*,*,#826,.T.);
#826 = EDGE_CURVE('',#819,#827,#829,.T.);
#827 = VERTEX_POINT('',#828);
#828 = CARTESIAN_POINT('',(-4.6,0.5,1.));
#829 = LINE('',#830,#831);
#830 = CARTESIAN_POINT('',(-4.6,0.5,1.196564943089E-15));
#831 = VECTOR('',#832,1.);
#832 = DIRECTION('',(-2.365532012696E-16,2.168404344971E-16,-1.));
#833 = ORIENTED_EDGE('',*,*,#834,.T.);
#834 = EDGE_CURVE('',#827,#835,#837,.T.);
#835 = VERTEX_POINT('',#836);
#836 = CARTESIAN_POINT('',(-4.6,-1.129967878493,1.));
#837 = LINE('',#838,#839);
#838 = CARTESIAN_POINT('',(-4.6,1.694065894509E-14,1.));
#839 = VECTOR('',#840,1.);
#840 = DIRECTION('',(-3.388131789017E-15,-1.,5.407274013783E-31));
#841 = ORIENTED_EDGE('',*,*,#842,.F.);
#842 = EDGE_CURVE('',#843,#835,#845,.T.);
#843 = VERTEX_POINT('',#844);
#844 = CARTESIAN_POINT('',(-4.6,-1.129967878493,-1.));
#845 = LINE('',#846,#847);
#846 = CARTESIAN_POINT('',(-4.6,-1.129967878493,-5.438468204234));
#847 = VECTOR('',#848,1.);
#848 = DIRECTION('',(0.,0.,1.));
#849 = ORIENTED_EDGE('',*,*,#850,.T.);
#850 = EDGE_CURVE('',#843,#851,#853,.T.);
#851 = VERTEX_POINT('',#852);
#852 = CARTESIAN_POINT('',(-4.6,0.5,-1.));
#853 = LINE('',#854,#855);
#854 = CARTESIAN_POINT('',(-4.6,1.694065894509E-14,-1.));
#855 = VECTOR('',#856,1.);
#856 = DIRECTION('',(3.388131789017E-15,1.,-5.407274013783E-31));
#857 = ORIENTED_EDGE('',*,*,#858,.T.);
#858 = EDGE_CURVE('',#851,#859,#861,.T.);
#859 = VERTEX_POINT('',#860);
#860 = CARTESIAN_POINT('',(-4.6,0.5,-2.));
#861 = LINE('',#862,#863);
#862 = CARTESIAN_POINT('',(-4.6,0.5,9.797245085915E-16));
#863 = VECTOR('',#864,1.);
#864 = DIRECTION('',(-2.365532012696E-16,-2.168404344971E-16,-1.));
#865 = ORIENTED_EDGE('',*,*,#866,.T.);
#866 = EDGE_CURVE('',#859,#867,#869,.T.);
#867 = VERTEX_POINT('',#868);
#868 = CARTESIAN_POINT('',(-4.6,1.694065894509E-14,-2.));
#869 = LINE('',#870,#871);
#870 = CARTESIAN_POINT('',(-4.6,1.694065894509E-14,-2.));
#871 = VECTOR('',#872,1.);
#872 = DIRECTION('',(-3.388131789017E-15,-1.,5.407274013783E-31));
#873 = ORIENTED_EDGE('',*,*,#874,.T.);
#874 = EDGE_CURVE('',#867,#875,#877,.T.);
#875 = VERTEX_POINT('',#876);
#876 = CARTESIAN_POINT('',(-4.6,-1.777024714757E-14,-3.));
#877 = LINE('',#878,#879);
#878 = CARTESIAN_POINT('',(-4.6,1.694065894509E-14,1.08814472584E-15));
#879 = VECTOR('',#880,1.);
#880 = DIRECTION('',(-2.365532012696E-16,-0.,-1.));
#881 = ORIENTED_EDGE('',*,*,#882,.T.);
#882 = EDGE_CURVE('',#875,#883,#885,.T.);
#883 = VERTEX_POINT('',#884);
#884 = CARTESIAN_POINT('',(-4.6,2.6,-3.));
#885 = LINE('',#886,#887);
#886 = CARTESIAN_POINT('',(-4.6,1.794146095046E-14,-3.));
#887 = VECTOR('',#888,1.);
#888 = DIRECTION('',(3.388131789017E-15,1.,3.336006684571E-16));
#889 = ORIENTED_EDGE('',*,*,#890,.T.);
#890 = EDGE_CURVE('',#883,#891,#893,.T.);
#891 = VERTEX_POINT('',#892);
#892 = CARTESIAN_POINT('',(-4.6,2.6,-3.6));
#893 = LINE('',#894,#895);
#894 = CARTESIAN_POINT('',(-4.6,2.6,2.967428491482E-15));
#895 = VECTOR('',#896,1.);
#896 = DIRECTION('',(-2.365532012696E-16,7.228014483237E-16,-1.));
#897 = ORIENTED_EDGE('',*,*,#898,.T.);
#898 = EDGE_CURVE('',#891,#899,#901,.T.);
#899 = VERTEX_POINT('',#900);
#900 = CARTESIAN_POINT('',(-4.6,2.4,-3.6));
#901 = LINE('',#902,#903);
#902 = CARTESIAN_POINT('',(-4.6,1.694065894509E-14,-3.6));
#903 = VECTOR('',#904,1.);
#904 = DIRECTION('',(-3.388131789017E-15,-1.,6.091197999716E-31));
#905 = ORIENTED_EDGE('',*,*,#906,.F.);
#906 = EDGE_CURVE('',#907,#899,#909,.T.);
#907 = VERTEX_POINT('',#908);
#908 = CARTESIAN_POINT('',(-4.6,2.4,-4.8));
#909 = LINE('',#910,#911);
#910 = CARTESIAN_POINT('',(-4.6,2.4,1.08814472584E-15));
#911 = VECTOR('',#912,1.);
#912 = DIRECTION('',(2.365532012696E-16,2.178297895197E-30,1.));
#913 = ORIENTED_EDGE('',*,*,#914,.T.);
#914 = EDGE_CURVE('',#907,#915,#917,.T.);
#915 = VERTEX_POINT('',#916);
#916 = CARTESIAN_POINT('',(-4.6,2.6,-4.8));
#917 = LINE('',#918,#919);
#918 = CARTESIAN_POINT('',(-4.6,1.694065894509E-14,-4.8));
#919 = VECTOR('',#920,1.);
#920 = DIRECTION('',(3.388131789017E-15,1.,-4.951324689827E-31));
#921 = ORIENTED_EDGE('',*,*,#922,.T.);
#922 = EDGE_CURVE('',#915,#923,#925,.T.);
#923 = VERTEX_POINT('',#924);
#924 = CARTESIAN_POINT('',(-4.6,2.6,-5.5));
#925 = LINE('',#926,#927);
#926 = CARTESIAN_POINT('',(-4.6,2.6,1.08814472584E-15));
#927 = VECTOR('',#928,1.);
#928 = DIRECTION('',(-2.365532012696E-16,-8.335323578558E-31,-1.));
#929 = ORIENTED_EDGE('',*,*,#930,.T.);
#930 = EDGE_CURVE('',#923,#931,#933,.T.);
#931 = VERTEX_POINT('',#932);
#932 = CARTESIAN_POINT('',(-4.6,6.4,-5.5));
#933 = LINE('',#934,#935);
#934 = CARTESIAN_POINT('',(-4.6,1.694065894509E-14,-5.5));
#935 = VECTOR('',#936,1.);
#936 = DIRECTION('',(3.388131789017E-15,1.,-0.));
#937 = ORIENTED_EDGE('',*,*,#938,.T.);
#938 = EDGE_CURVE('',#931,#939,#941,.T.);
#939 = VERTEX_POINT('',#940);
#940 = CARTESIAN_POINT('',(-4.6,6.4,5.5));
#941 = LINE('',#942,#943);
#942 = CARTESIAN_POINT('',(-4.6,6.4,1.08814472584E-15));
#943 = VECTOR('',#944,1.);
#944 = DIRECTION('',(2.365532012696E-16,-0.,1.));
#945 = ORIENTED_EDGE('',*,*,#946,.T.);
#946 = EDGE_CURVE('',#939,#947,#949,.T.);
#947 = VERTEX_POINT('',#948);
#948 = CARTESIAN_POINT('',(-4.6,2.6,5.5));
#949 = LINE('',#950,#951);
#950 = CARTESIAN_POINT('',(-4.6,1.61952699515E-14,5.5));
#951 = VECTOR('',#952,1.);
#952 = DIRECTION('',(-3.388131789017E-15,-1.,-1.355252715607E-16));
#953 = ORIENTED_EDGE('',*,*,#954,.T.);
#954 = EDGE_CURVE('',#947,#955,#957,.T.);
#955 = VERTEX_POINT('',#956);
#956 = CARTESIAN_POINT('',(-4.6,2.6,4.8));
#957 = LINE('',#958,#959);
#958 = CARTESIAN_POINT('',(-4.6,2.6,1.08814472584E-15));
#959 = VECTOR('',#960,1.);
#960 = DIRECTION('',(-2.365532012696E-16,-8.335323578558E-31,-1.));
#961 = ORIENTED_EDGE('',*,*,#962,.T.);
#962 = EDGE_CURVE('',#955,#779,#963,.T.);
#963 = LINE('',#964,#965);
#964 = CARTESIAN_POINT('',(-4.6,1.694065894509E-14,4.8));
#965 = VECTOR('',#966,1.);
#966 = DIRECTION('',(-3.388131789017E-15,-1.,4.951324689827E-31));
#967 = PLANE('',#968);
#968 = AXIS2_PLACEMENT_3D('',#969,#970,#971);
#969 = CARTESIAN_POINT('',(-4.6,1.694065894509E-14,1.08814472584E-15));
#970 = DIRECTION('',(-1.,3.388131789017E-15,2.365532012696E-16));
#971 = DIRECTION('',(-3.388131789017E-15,-1.,0.));
#972 = ADVANCED_FACE('',(#973),#998,.T.);
#973 = FACE_BOUND('',#974,.T.);
#974 = EDGE_LOOP('',(#975,#983,#984,#992));
#975 = ORIENTED_EDGE('',*,*,#976,.F.);
#976 = EDGE_CURVE('',#739,#977,#979,.T.);
#977 = VERTEX_POINT('',#978);
#978 = CARTESIAN_POINT('',(5.,1.605686063398E-14,3.));
#979 = LINE('',#980,#981);
#980 = CARTESIAN_POINT('',(-5.,-1.91797099718E-14,3.));
#981 = VECTOR('',#982,1.);
#982 = DIRECTION('',(1.,3.523657060578E-15,-7.885106708985E-17));
#983 = ORIENTED_EDGE('',*,*,#738,.F.);
#984 = ORIENTED_EDGE('',*,*,#985,.T.);
#985 = EDGE_CURVE('',#731,#986,#988,.T.);
#986 = VERTEX_POINT('',#987);
#987 = CARTESIAN_POINT('',(5.,1.608833075292E-14,2.));
#988 = LINE('',#989,#990);
#989 = CARTESIAN_POINT('',(-5.,-1.914823985286E-14,2.));
#990 = VECTOR('',#991,1.);
#991 = DIRECTION('',(1.,3.523657060578E-15,-7.885106708985E-17));
#992 = ORIENTED_EDGE('',*,*,#993,.T.);
#993 = EDGE_CURVE('',#986,#977,#994,.T.);
#994 = LINE('',#995,#996);
#995 = CARTESIAN_POINT('',(5.,1.874382729531E-14,5.5));
#996 = VECTOR('',#997,1.);
#997 = DIRECTION('',(7.885106708985E-17,4.379057701015E-47,1.));
#998 = PLANE('',#999);
#999 = AXIS2_PLACEMENT_3D('',#1000,#1001,#1002);
#1000 = CARTESIAN_POINT('',(5.,1.874382729531E-14,5.5));
#1001 = DIRECTION('',(3.491481338843E-15,-1.,-2.753070292921E-31));
#1002 = DIRECTION('',(1.,3.491481338843E-15,0.));
#1003 = ADVANCED_FACE('',(#1004),#1029,.T.);
#1004 = FACE_BOUND('',#1005,.T.);
#1005 = EDGE_LOOP('',(#1006,#1014,#1022,#1028));
#1006 = ORIENTED_EDGE('',*,*,#1007,.F.);
#1007 = EDGE_CURVE('',#1008,#803,#1010,.T.);
#1008 = VERTEX_POINT('',#1009);
#1009 = CARTESIAN_POINT('',(-5.,-1.91797099718E-14,3.));
#1010 = LINE('',#1011,#1012);
#1011 = CARTESIAN_POINT('',(-5.,-1.91797099718E-14,3.));
#1012 = VECTOR('',#1013,1.);
#1013 = DIRECTION('',(1.,3.523657060578E-15,-7.885106708985E-17));
#1014 = ORIENTED_EDGE('',*,*,#1015,.T.);
#1015 = EDGE_CURVE('',#1008,#1016,#1018,.T.);
#1016 = VERTEX_POINT('',#1017);
#1017 = CARTESIAN_POINT('',(-5.,-1.914823985286E-14,2.));
#1018 = LINE('',#1019,#1020);
#1019 = CARTESIAN_POINT('',(-5.,5.343829681484E-14,-5.5));
#1020 = VECTOR('',#1021,1.);
#1021 = DIRECTION('',(-2.365532012696E-16,0.,-1.));
#1022 = ORIENTED_EDGE('',*,*,#1023,.T.);
#1023 = EDGE_CURVE('',#1016,#811,#1024,.T.);
#1024 = LINE('',#1025,#1026);
#1025 = CARTESIAN_POINT('',(-5.,-1.914823985286E-14,2.));
#1026 = VECTOR('',#1027,1.);
#1027 = DIRECTION('',(1.,3.523657060578E-15,-7.885106708985E-17));
#1028 = ORIENTED_EDGE('',*,*,#810,.F.);
#1029 = PLANE('',#1030);
#1030 = AXIS2_PLACEMENT_3D('',#1031,#1032,#1033);
#1031 = CARTESIAN_POINT('',(-5.,5.343829681484E-14,-5.5));
#1032 = DIRECTION('',(-3.491481338843E-15,-1.,8.259210878763E-31));
#1033 = DIRECTION('',(1.,-3.491481338843E-15,0.));
#1034 = ADVANCED_FACE('',(#1035,#1045),#1061,.F.);
#1035 = FACE_BOUND('',#1036,.T.);
#1036 = EDGE_LOOP('',(#1037,#1044));
#1037 = ORIENTED_EDGE('',*,*,#1038,.T.);
#1038 = EDGE_CURVE('',#409,#428,#1039,.T.);
#1039 = CIRCLE('',#1040,3.05);
#1040 = AXIS2_PLACEMENT_3D('',#1041,#1042,#1043);
#1041 = CARTESIAN_POINT('',(0.,6.4,0.));
#1042 = DIRECTION('',(-0.,1.,0.));
#1043 = DIRECTION('',(0.,0.,-1.));
#1044 = ORIENTED_EDGE('',*,*,#435,.T.);
#1045 = FACE_BOUND('',#1046,.T.);
#1046 = EDGE_LOOP('',(#1047,#1048,#1054,#1055));
#1047 = ORIENTED_EDGE('',*,*,#938,.F.);
#1048 = ORIENTED_EDGE('',*,*,#1049,.F.);
#1049 = EDGE_CURVE('',#611,#931,#1050,.T.);
#1050 = LINE('',#1051,#1052);
#1051 = CARTESIAN_POINT('',(-5.,6.4,-5.5));
#1052 = VECTOR('',#1053,1.);
#1053 = DIRECTION('',(-1.,-0.,8.673617379884E-17));
#1054 = ORIENTED_EDGE('',*,*,#610,.F.);
#1055 = ORIENTED_EDGE('',*,*,#1056,.F.);
#1056 = EDGE_CURVE('',#939,#603,#1057,.T.);
#1057 = LINE('',#1058,#1059);
#1058 = CARTESIAN_POINT('',(-5.,6.4,5.5));
#1059 = VECTOR('',#1060,1.);
#1060 = DIRECTION('',(1.,0.,-8.673617379884E-17));
#1061 = PLANE('',#1062);
#1062 = AXIS2_PLACEMENT_3D('',#1063,#1064,#1065);
#1063 = CARTESIAN_POINT('',(0.,6.4,0.));
#1064 = DIRECTION('',(-0.,1.,0.));
#1065 = DIRECTION('',(0.,0.,1.));
#1066 = ADVANCED_FACE('',(#1067,#1077),#1111,.T.);
#1067 = FACE_BOUND('',#1068,.T.);
#1068 = EDGE_LOOP('',(#1069,#1076));
#1069 = ORIENTED_EDGE('',*,*,#1070,.F.);
#1070 = EDGE_CURVE('',#470,#462,#1071,.T.);
#1071 = CIRCLE('',#1072,3.4);
#1072 = AXIS2_PLACEMENT_3D('',#1073,#1074,#1075);
#1073 = CARTESIAN_POINT('',(0.,6.8,0.));
#1074 = DIRECTION('',(0.,1.,0.));
#1075 = DIRECTION('',(0.,-0.,1.));
#1076 = ORIENTED_EDGE('',*,*,#469,.F.);
#1077 = FACE_BOUND('',#1078,.T.);
#1078 = EDGE_LOOP('',(#1079,#1089,#1097,#1105));
#1079 = ORIENTED_EDGE('',*,*,#1080,.T.);
#1080 = EDGE_CURVE('',#1081,#1083,#1085,.T.);
#1081 = VERTEX_POINT('',#1082);
#1082 = CARTESIAN_POINT('',(4.6,6.8,-5.5));
#1083 = VERTEX_POINT('',#1084);
#1084 = CARTESIAN_POINT('',(-4.6,6.8,-5.5));
#1085 = LINE('',#1086,#1087);
#1086 = CARTESIAN_POINT('',(-5.,6.8,-5.5));
#1087 = VECTOR('',#1088,1.);
#1088 = DIRECTION('',(-1.,-0.,8.673617379884E-17));
#1089 = ORIENTED_EDGE('',*,*,#1090,.T.);
#1090 = EDGE_CURVE('',#1083,#1091,#1093,.T.);
#1091 = VERTEX_POINT('',#1092);
#1092 = CARTESIAN_POINT('',(-4.6,6.8,5.5));
#1093 = LINE('',#1094,#1095);
#1094 = CARTESIAN_POINT('',(-4.6,6.8,5.5));
#1095 = VECTOR('',#1096,1.);
#1096 = DIRECTION('',(3.154042683594E-16,7.885106708985E-17,1.));
#1097 = ORIENTED_EDGE('',*,*,#1098,.T.);
#1098 = EDGE_CURVE('',#1091,#1099,#1101,.T.);
#1099 = VERTEX_POINT('',#1100);
#1100 = CARTESIAN_POINT('',(4.6,6.8,5.5));
#1101 = LINE('',#1102,#1103);
#1102 = CARTESIAN_POINT('',(-5.,6.8,5.5));
#1103 = VECTOR('',#1104,1.);
#1104 = DIRECTION('',(1.,0.,-8.673617379884E-17));
#1105 = ORIENTED_EDGE('',*,*,#1106,.T.);
#1106 = EDGE_CURVE('',#1099,#1081,#1107,.T.);
#1107 = LINE('',#1108,#1109);
#1108 = CARTESIAN_POINT('',(4.6,6.8,-5.5));
#1109 = VECTOR('',#1110,1.);
#1110 = DIRECTION('',(-1.577021341797E-16,7.885106708985E-17,-1.));
#1111 = PLANE('',#1112);
#1112 = AXIS2_PLACEMENT_3D('',#1113,#1114,#1115);
#1113 = CARTESIAN_POINT('',(0.,6.8,0.));
#1114 = DIRECTION('',(-0.,1.,0.));
#1115 = DIRECTION('',(0.,0.,1.));
#1116 = ADVANCED_FACE('',(#1117),#1133,.T.);
#1117 = FACE_BOUND('',#1118,.T.);
#1118 = EDGE_LOOP('',(#1119,#1120,#1126,#1127));
#1119 = ORIENTED_EDGE('',*,*,#1049,.T.);
#1120 = ORIENTED_EDGE('',*,*,#1121,.F.);
#1121 = EDGE_CURVE('',#1083,#931,#1122,.T.);
#1122 = LINE('',#1123,#1124);
#1123 = CARTESIAN_POINT('',(-4.6,6.8,-5.5));
#1124 = VECTOR('',#1125,1.);
#1125 = DIRECTION('',(-6.982962677686E-15,-1.,7.885106708986E-17));
#1126 = ORIENTED_EDGE('',*,*,#1080,.F.);
#1127 = ORIENTED_EDGE('',*,*,#1128,.T.);
#1128 = EDGE_CURVE('',#1081,#611,#1129,.T.);
#1129 = LINE('',#1130,#1131);
#1130 = CARTESIAN_POINT('',(4.6,6.8,-5.5));
#1131 = VECTOR('',#1132,1.);
#1132 = DIRECTION('',(6.982962677686E-15,-1.,-7.885106708986E-17));
#1133 = PLANE('',#1134);
#1134 = AXIS2_PLACEMENT_3D('',#1135,#1136,#1137);
#1135 = CARTESIAN_POINT('',(-5.,6.4,-5.5));
#1136 = DIRECTION('',(-8.673617379884E-17,0.,-1.));
#1137 = DIRECTION('',(-1.,0.,8.673617379884E-17));
#1138 = ADVANCED_FACE('',(#1139),#1155,.T.);
#1139 = FACE_BOUND('',#1140,.T.);
#1140 = EDGE_LOOP('',(#1141,#1147,#1148,#1154));
#1141 = ORIENTED_EDGE('',*,*,#1142,.T.);
#1142 = EDGE_CURVE('',#1091,#939,#1143,.T.);
#1143 = LINE('',#1144,#1145);
#1144 = CARTESIAN_POINT('',(-4.6,6.8,5.5));
#1145 = VECTOR('',#1146,1.);
#1146 = DIRECTION('',(-6.982962677686E-15,-1.,7.885106708986E-17));
#1147 = ORIENTED_EDGE('',*,*,#1056,.T.);
#1148 = ORIENTED_EDGE('',*,*,#1149,.F.);
#1149 = EDGE_CURVE('',#1099,#603,#1150,.T.);
#1150 = LINE('',#1151,#1152);
#1151 = CARTESIAN_POINT('',(4.6,6.8,5.5));
#1152 = VECTOR('',#1153,1.);
#1153 = DIRECTION('',(6.982962677686E-15,-1.,-7.885106708986E-17));
#1154 = ORIENTED_EDGE('',*,*,#1098,.F.);
#1155 = PLANE('',#1156);
#1156 = AXIS2_PLACEMENT_3D('',#1157,#1158,#1159);
#1157 = CARTESIAN_POINT('',(-5.,6.4,5.5));
#1158 = DIRECTION('',(8.673617379884E-17,-0.,1.));
#1159 = DIRECTION('',(1.,0.,-8.673617379884E-17));
#1160 = ADVANCED_FACE('',(#1161),#1179,.T.);
#1161 = FACE_BOUND('',#1162,.T.);
#1162 = EDGE_LOOP('',(#1163,#1172,#1173));
#1163 = ORIENTED_EDGE('',*,*,#1164,.F.);
#1164 = EDGE_CURVE('',#1099,#1165,#1167,.T.);
#1165 = VERTEX_POINT('',#1166);
#1166 = CARTESIAN_POINT('',(5.,6.4,5.5));
#1167 = CIRCLE('',#1168,0.4);
#1168 = AXIS2_PLACEMENT_3D('',#1169,#1170,#1171);
#1169 = CARTESIAN_POINT('',(4.6,6.4,5.5));
#1170 = DIRECTION('',(-1.577021341797E-16,0.,-1.));
#1171 = DIRECTION('',(-1.,0.,1.577021341797E-16));
#1172 = ORIENTED_EDGE('',*,*,#1149,.T.);
#1173 = ORIENTED_EDGE('',*,*,#1174,.F.);
#1174 = EDGE_CURVE('',#1165,#603,#1175,.T.);
#1175 = LINE('',#1176,#1177);
#1176 = CARTESIAN_POINT('',(5.,6.4,5.5));
#1177 = VECTOR('',#1178,1.);
#1178 = DIRECTION('',(-1.,-3.491481338843E-15,7.885106708985E-17));
#1179 = PLANE('',#1180);
#1180 = AXIS2_PLACEMENT_3D('',#1181,#1182,#1183);
#1181 = CARTESIAN_POINT('',(4.6,6.8,5.5));
#1182 = DIRECTION('',(1.577021341797E-16,0.,1.));
#1183 = DIRECTION('',(1.,0.,-1.577021341797E-16));
#1184 = ADVANCED_FACE('',(#1185),#1204,.T.);
#1185 = FACE_BOUND('',#1186,.T.);
#1186 = EDGE_LOOP('',(#1187,#1196,#1197,#1198));
#1187 = ORIENTED_EDGE('',*,*,#1188,.F.);
#1188 = EDGE_CURVE('',#1081,#1189,#1191,.T.);
#1189 = VERTEX_POINT('',#1190);
#1190 = CARTESIAN_POINT('',(5.,6.4,-5.5));
#1191 = CIRCLE('',#1192,0.4);
#1192 = AXIS2_PLACEMENT_3D('',#1193,#1194,#1195);
#1193 = CARTESIAN_POINT('',(4.6,6.4,-5.5));
#1194 = DIRECTION('',(-1.577021341797E-16,0.,-1.));
#1195 = DIRECTION('',(-1.,0.,1.577021341797E-16));
#1196 = ORIENTED_EDGE('',*,*,#1106,.F.);
#1197 = ORIENTED_EDGE('',*,*,#1164,.T.);
#1198 = ORIENTED_EDGE('',*,*,#1199,.T.);
#1199 = EDGE_CURVE('',#1165,#1189,#1200,.T.);
#1200 = LINE('',#1201,#1202);
#1201 = CARTESIAN_POINT('',(5.,6.4,-5.5));
#1202 = VECTOR('',#1203,1.);
#1203 = DIRECTION('',(-7.885106708985E-17,-4.379057701015E-47,-1.));
#1204 = CYLINDRICAL_SURFACE('',#1205,0.4);
#1205 = AXIS2_PLACEMENT_3D('',#1206,#1207,#1208);
#1206 = CARTESIAN_POINT('',(4.6,6.4,-5.5));
#1207 = DIRECTION('',(-1.577021341797E-16,-0.,-1.));
#1208 = DIRECTION('',(-1.,0.,1.577021341797E-16));
#1209 = ADVANCED_FACE('',(#1210),#1220,.F.);
#1210 = FACE_BOUND('',#1211,.T.);
#1211 = EDGE_LOOP('',(#1212,#1213,#1214));
#1212 = ORIENTED_EDGE('',*,*,#1128,.F.);
#1213 = ORIENTED_EDGE('',*,*,#1188,.T.);
#1214 = ORIENTED_EDGE('',*,*,#1215,.T.);
#1215 = EDGE_CURVE('',#1189,#611,#1216,.T.);
#1216 = LINE('',#1217,#1218);
#1217 = CARTESIAN_POINT('',(5.,6.4,-5.5));
#1218 = VECTOR('',#1219,1.);
#1219 = DIRECTION('',(-1.,-3.491481338843E-15,7.885106708985E-17));
#1220 = PLANE('',#1221);
#1221 = AXIS2_PLACEMENT_3D('',#1222,#1223,#1224);
#1222 = CARTESIAN_POINT('',(4.6,6.8,-5.5));
#1223 = DIRECTION('',(1.577021341797E-16,0.,1.));
#1224 = DIRECTION('',(1.,0.,-1.577021341797E-16));
#1225 = ADVANCED_FACE('',(#1226),#1244,.T.);
#1226 = FACE_BOUND('',#1227,.T.);
#1227 = EDGE_LOOP('',(#1228,#1236,#1242,#1243));
#1228 = ORIENTED_EDGE('',*,*,#1229,.T.);
#1229 = EDGE_CURVE('',#595,#1230,#1232,.T.);
#1230 = VERTEX_POINT('',#1231);
#1231 = CARTESIAN_POINT('',(5.,2.6,5.5));
#1232 = LINE('',#1233,#1234);
#1233 = CARTESIAN_POINT('',(-5.,2.6,5.5));
#1234 = VECTOR('',#1235,1.);
#1235 = DIRECTION('',(1.,3.523657060578E-15,-7.885106708985E-17));
#1236 = ORIENTED_EDGE('',*,*,#1237,.T.);
#1237 = EDGE_CURVE('',#1230,#1165,#1238,.T.);
#1238 = LINE('',#1239,#1240);
#1239 = CARTESIAN_POINT('',(5.,6.4,5.5));
#1240 = VECTOR('',#1241,1.);
#1241 = DIRECTION('',(-3.523657060578E-15,1.,0.));
#1242 = ORIENTED_EDGE('',*,*,#1174,.T.);
#1243 = ORIENTED_EDGE('',*,*,#602,.F.);
#1244 = PLANE('',#1245);
#1245 = AXIS2_PLACEMENT_3D('',#1246,#1247,#1248);
#1246 = CARTESIAN_POINT('',(5.,6.4,5.5));
#1247 = DIRECTION('',(7.885106708985E-17,2.778441192853E-31,1.));
#1248 = DIRECTION('',(1.,0.,-7.885106708985E-17));
#1249 = ADVANCED_FACE('',(#1250),#1275,.T.);
#1250 = FACE_BOUND('',#1251,.T.);
#1251 = EDGE_LOOP('',(#1252,#1260,#1261,#1269));
#1252 = ORIENTED_EDGE('',*,*,#1253,.F.);
#1253 = EDGE_CURVE('',#675,#1254,#1256,.T.);
#1254 = VERTEX_POINT('',#1255);
#1255 = CARTESIAN_POINT('',(5.,1.608833075292E-14,-2.));
#1256 = LINE('',#1257,#1258);
#1257 = CARTESIAN_POINT('',(-5.,-1.914823985286E-14,-2.));
#1258 = VECTOR('',#1259,1.);
#1259 = DIRECTION('',(1.,3.523657060578E-15,-7.885106708985E-17));
#1260 = ORIENTED_EDGE('',*,*,#674,.F.);
#1261 = ORIENTED_EDGE('',*,*,#1262,.T.);
#1262 = EDGE_CURVE('',#667,#1263,#1265,.T.);
#1263 = VERTEX_POINT('',#1264);
#1264 = CARTESIAN_POINT('',(5.,1.605686063398E-14,-3.));
#1265 = LINE('',#1266,#1267);
#1266 = CARTESIAN_POINT('',(-5.,-1.91797099718E-14,-3.));
#1267 = VECTOR('',#1268,1.);
#1268 = DIRECTION('',(1.,3.523657060578E-15,-7.885106708985E-17));
#1269 = ORIENTED_EDGE('',*,*,#1270,.T.);
#1270 = EDGE_CURVE('',#1263,#1254,#1271,.T.);
#1271 = LINE('',#1272,#1273);
#1272 = CARTESIAN_POINT('',(5.,1.874382729531E-14,5.5));
#1273 = VECTOR('',#1274,1.);
#1274 = DIRECTION('',(7.885106708985E-17,4.379057701015E-47,1.));
#1275 = PLANE('',#1276);
#1276 = AXIS2_PLACEMENT_3D('',#1277,#1278,#1279);
#1277 = CARTESIAN_POINT('',(5.,1.874382729531E-14,5.5));
#1278 = DIRECTION('',(3.491481338843E-15,-1.,-2.753070292921E-31));
#1279 = DIRECTION('',(1.,3.491481338843E-15,0.));
#1280 = ADVANCED_FACE('',(#1281),#1299,.T.);
#1281 = FACE_BOUND('',#1282,.T.);
#1282 = EDGE_LOOP('',(#1283,#1291,#1292,#1293));
#1283 = ORIENTED_EDGE('',*,*,#1284,.F.);
#1284 = EDGE_CURVE('',#619,#1285,#1287,.T.);
#1285 = VERTEX_POINT('',#1286);
#1286 = CARTESIAN_POINT('',(5.,2.6,-5.5));
#1287 = LINE('',#1288,#1289);
#1288 = CARTESIAN_POINT('',(-5.,2.6,-5.5));
#1289 = VECTOR('',#1290,1.);
#1290 = DIRECTION('',(1.,3.523657060578E-15,-7.885106708985E-17));
#1291 = ORIENTED_EDGE('',*,*,#618,.F.);
#1292 = ORIENTED_EDGE('',*,*,#1215,.F.);
#1293 = ORIENTED_EDGE('',*,*,#1294,.T.);
#1294 = EDGE_CURVE('',#1189,#1285,#1295,.T.);
#1295 = LINE('',#1296,#1297);
#1296 = CARTESIAN_POINT('',(5.,1.874382729531E-14,-5.5));
#1297 = VECTOR('',#1298,1.);
#1298 = DIRECTION('',(3.523657060578E-15,-1.,1.355252715607E-16));
#1299 = PLANE('',#1300);
#1300 = AXIS2_PLACEMENT_3D('',#1301,#1302,#1303);
#1301 = CARTESIAN_POINT('',(5.,1.874382729531E-14,-5.5));
#1302 = DIRECTION('',(-7.885106708985E-17,-1.355252715607E-16,-1.));
#1303 = DIRECTION('',(0.,1.,-1.355252715607E-16));
#1304 = ADVANCED_FACE('',(#1305),#1458,.T.);
#1305 = FACE_BOUND('',#1306,.T.);
#1306 = EDGE_LOOP('',(#1307,#1317,#1325,#1333,#1339,#1340,#1341,#1342,
    #1350,#1358,#1366,#1374,#1382,#1388,#1389,#1397,#1405,#1413,#1421,
    #1429,#1437,#1443,#1444,#1452));
#1307 = ORIENTED_EDGE('',*,*,#1308,.F.);
#1308 = EDGE_CURVE('',#1309,#1311,#1313,.T.);
#1309 = VERTEX_POINT('',#1310);
#1310 = CARTESIAN_POINT('',(5.,2.4,-3.6));
#1311 = VERTEX_POINT('',#1312);
#1312 = CARTESIAN_POINT('',(5.,2.6,-3.6));
#1313 = LINE('',#1314,#1315);
#1314 = CARTESIAN_POINT('',(5.,1.901487783843E-14,-3.6));
#1315 = VECTOR('',#1316,1.);
#1316 = DIRECTION('',(-3.523657060578E-15,1.,-6.411787368121E-32));
#1317 = ORIENTED_EDGE('',*,*,#1318,.T.);
#1318 = EDGE_CURVE('',#1309,#1319,#1321,.T.);
#1319 = VERTEX_POINT('',#1320);
#1320 = CARTESIAN_POINT('',(5.,2.4,-4.8));
#1321 = LINE('',#1322,#1323);
#1322 = CARTESIAN_POINT('',(5.,2.4,-4.8));
#1323 = VECTOR('',#1324,1.);
#1324 = DIRECTION('',(-7.885106708985E-17,2.269060307496E-30,-1.));
#1325 = ORIENTED_EDGE('',*,*,#1326,.F.);
#1326 = EDGE_CURVE('',#1327,#1319,#1329,.T.);
#1327 = VERTEX_POINT('',#1328);
#1328 = CARTESIAN_POINT('',(5.,2.6,-4.8));
#1329 = LINE('',#1330,#1331);
#1330 = CARTESIAN_POINT('',(5.,1.901487783843E-14,-4.8));
#1331 = VECTOR('',#1332,1.);
#1332 = DIRECTION('',(3.523657060578E-15,-1.,-4.986945730761E-32));
#1333 = ORIENTED_EDGE('',*,*,#1334,.F.);
#1334 = EDGE_CURVE('',#1285,#1327,#1335,.T.);
#1335 = LINE('',#1336,#1337);
#1336 = CARTESIAN_POINT('',(5.,2.6,-3.942553354493E-16));
#1337 = VECTOR('',#1338,1.);
#1338 = DIRECTION('',(7.885106708985E-17,2.778441192853E-31,1.));
#1339 = ORIENTED_EDGE('',*,*,#1294,.F.);
#1340 = ORIENTED_EDGE('',*,*,#1199,.F.);
#1341 = ORIENTED_EDGE('',*,*,#1237,.F.);
#1342 = ORIENTED_EDGE('',*,*,#1343,.F.);
#1343 = EDGE_CURVE('',#1344,#1230,#1346,.T.);
#1344 = VERTEX_POINT('',#1345);
#1345 = CARTESIAN_POINT('',(5.,2.6,4.8));
#1346 = LINE('',#1347,#1348);
#1347 = CARTESIAN_POINT('',(5.,2.6,-3.942553354493E-16));
#1348 = VECTOR('',#1349,1.);
#1349 = DIRECTION('',(7.885106708985E-17,2.778441192853E-31,1.));
#1350 = ORIENTED_EDGE('',*,*,#1351,.F.);
#1351 = EDGE_CURVE('',#1352,#1344,#1354,.T.);
#1352 = VERTEX_POINT('',#1353);
#1353 = CARTESIAN_POINT('',(5.,2.4,4.8));
#1354 = LINE('',#1355,#1356);
#1355 = CARTESIAN_POINT('',(5.,1.901487783843E-14,4.8));
#1356 = VECTOR('',#1357,1.);
#1357 = DIRECTION('',(-3.523657060578E-15,1.,4.986945730761E-32));
#1358 = ORIENTED_EDGE('',*,*,#1359,.T.);
#1359 = EDGE_CURVE('',#1352,#1360,#1362,.T.);
#1360 = VERTEX_POINT('',#1361);
#1361 = CARTESIAN_POINT('',(5.,2.4,3.6));
#1362 = LINE('',#1363,#1364);
#1363 = CARTESIAN_POINT('',(5.,2.4,3.6));
#1364 = VECTOR('',#1365,1.);
#1365 = DIRECTION('',(-7.885106708985E-17,-2.778441192853E-31,-1.));
#1366 = ORIENTED_EDGE('',*,*,#1367,.F.);
#1367 = EDGE_CURVE('',#1368,#1360,#1370,.T.);
#1368 = VERTEX_POINT('',#1369);
#1369 = CARTESIAN_POINT('',(5.,2.6,3.6));
#1370 = LINE('',#1371,#1372);
#1371 = CARTESIAN_POINT('',(5.,1.901487783843E-14,3.6));
#1372 = VECTOR('',#1373,1.);
#1373 = DIRECTION('',(3.523657060578E-15,-1.,-4.986945730761E-32));
#1374 = ORIENTED_EDGE('',*,*,#1375,.F.);
#1375 = EDGE_CURVE('',#1376,#1368,#1378,.T.);
#1376 = VERTEX_POINT('',#1377);
#1377 = CARTESIAN_POINT('',(5.,2.6,3.));
#1378 = LINE('',#1379,#1380);
#1379 = CARTESIAN_POINT('',(5.,2.6,-2.273539101091E-15));
#1380 = VECTOR('',#1381,1.);
#1381 = DIRECTION('',(7.885106708985E-17,7.228014483237E-16,1.));
#1382 = ORIENTED_EDGE('',*,*,#1383,.F.);
#1383 = EDGE_CURVE('',#977,#1376,#1384,.T.);
#1384 = LINE('',#1385,#1386);
#1385 = CARTESIAN_POINT('',(5.,2.00156798438E-14,3.));
#1386 = VECTOR('',#1387,1.);
#1387 = DIRECTION('',(-3.523657060578E-15,1.,-3.336006684571E-16));
#1388 = ORIENTED_EDGE('',*,*,#993,.F.);
#1389 = ORIENTED_EDGE('',*,*,#1390,.F.);
#1390 = EDGE_CURVE('',#1391,#986,#1393,.T.);
#1391 = VERTEX_POINT('',#1392);
#1392 = CARTESIAN_POINT('',(5.,0.5,2.));
#1393 = LINE('',#1394,#1395);
#1394 = CARTESIAN_POINT('',(5.,1.901487783843E-14,2.));
#1395 = VECTOR('',#1396,1.);
#1396 = DIRECTION('',(3.523657060578E-15,-1.,-4.274524912082E-33));
#1397 = ORIENTED_EDGE('',*,*,#1398,.F.);
#1398 = EDGE_CURVE('',#1399,#1391,#1401,.T.);
#1399 = VERTEX_POINT('',#1400);
#1400 = CARTESIAN_POINT('',(5.,0.5,1.));
#1401 = LINE('',#1402,#1403);
#1402 = CARTESIAN_POINT('',(5.,0.5,-2.858351182007E-16));
#1403 = VECTOR('',#1404,1.);
#1404 = DIRECTION('',(7.885106708986E-17,-2.168404344971E-16,1.));
#1405 = ORIENTED_EDGE('',*,*,#1406,.F.);
#1406 = EDGE_CURVE('',#1407,#1399,#1409,.T.);
#1407 = VERTEX_POINT('',#1408);
#1408 = CARTESIAN_POINT('',(5.,-1.,1.));
#1409 = LINE('',#1410,#1411);
#1410 = CARTESIAN_POINT('',(5.,1.901487783843E-14,1.));
#1411 = VECTOR('',#1412,1.);
#1412 = DIRECTION('',(-3.523657060578E-15,1.,4.274524912082E-33));
#1413 = ORIENTED_EDGE('',*,*,#1414,.F.);
#1414 = EDGE_CURVE('',#1415,#1407,#1417,.T.);
#1415 = VERTEX_POINT('',#1416);
#1416 = CARTESIAN_POINT('',(5.,-1.,-1.));
#1417 = LINE('',#1418,#1419);
#1418 = CARTESIAN_POINT('',(5.,-1.,-5.438468204234));
#1419 = VECTOR('',#1420,1.);
#1420 = DIRECTION('',(0.,0.,1.));
#1421 = ORIENTED_EDGE('',*,*,#1422,.F.);
#1422 = EDGE_CURVE('',#1423,#1415,#1425,.T.);
#1423 = VERTEX_POINT('',#1424);
#1424 = CARTESIAN_POINT('',(5.,0.5,-1.));
#1425 = LINE('',#1426,#1427);
#1426 = CARTESIAN_POINT('',(5.,1.901487783843E-14,-1.));
#1427 = VECTOR('',#1428,1.);
#1428 = DIRECTION('',(3.523657060578E-15,-1.,-4.274524912082E-33));
#1429 = ORIENTED_EDGE('',*,*,#1430,.F.);
#1430 = EDGE_CURVE('',#1431,#1423,#1433,.T.);
#1431 = VERTEX_POINT('',#1432);
#1432 = CARTESIAN_POINT('',(5.,0.5,-2.));
#1433 = LINE('',#1434,#1435);
#1434 = CARTESIAN_POINT('',(5.,0.5,-5.026755526978E-16));
#1435 = VECTOR('',#1436,1.);
#1436 = DIRECTION('',(7.885106708985E-17,2.168404344971E-16,1.));
#1437 = ORIENTED_EDGE('',*,*,#1438,.F.);
#1438 = EDGE_CURVE('',#1254,#1431,#1439,.T.);
#1439 = LINE('',#1440,#1441);
#1440 = CARTESIAN_POINT('',(5.,1.901487783843E-14,-2.));
#1441 = VECTOR('',#1442,1.);
#1442 = DIRECTION('',(-3.523657060578E-15,1.,4.274524912082E-33));
#1443 = ORIENTED_EDGE('',*,*,#1270,.F.);
#1444 = ORIENTED_EDGE('',*,*,#1445,.F.);
#1445 = EDGE_CURVE('',#1446,#1263,#1448,.T.);
#1446 = VERTEX_POINT('',#1447);
#1447 = CARTESIAN_POINT('',(5.,2.6,-3.));
#1448 = LINE('',#1449,#1450);
#1449 = CARTESIAN_POINT('',(5.,2.00156798438E-14,-3.));
#1450 = VECTOR('',#1451,1.);
#1451 = DIRECTION('',(3.523657060578E-15,-1.,-3.336006684571E-16));
#1452 = ORIENTED_EDGE('',*,*,#1453,.F.);
#1453 = EDGE_CURVE('',#1311,#1446,#1454,.T.);
#1454 = LINE('',#1455,#1456);
#1455 = CARTESIAN_POINT('',(5.,2.6,1.485028430192E-15));
#1456 = VECTOR('',#1457,1.);
#1457 = DIRECTION('',(7.885106708986E-17,-7.228014483237E-16,1.));
#1458 = PLANE('',#1459);
#1459 = AXIS2_PLACEMENT_3D('',#1460,#1461,#1462);
#1460 = CARTESIAN_POINT('',(5.,1.901487783843E-14,-3.942553354493E-16));
#1461 = DIRECTION('',(1.,3.523657060578E-15,-7.885106708985E-17));
#1462 = DIRECTION('',(-3.523657060578E-15,1.,0.));
#1463 = ADVANCED_FACE('',(#1464),#1482,.T.);
#1464 = FACE_BOUND('',#1465,.T.);
#1465 = EDGE_LOOP('',(#1466,#1475,#1476));
#1466 = ORIENTED_EDGE('',*,*,#1467,.F.);
#1467 = EDGE_CURVE('',#1083,#1468,#1470,.T.);
#1468 = VERTEX_POINT('',#1469);
#1469 = CARTESIAN_POINT('',(-5.,6.4,-5.5));
#1470 = CIRCLE('',#1471,0.4);
#1471 = AXIS2_PLACEMENT_3D('',#1472,#1473,#1474);
#1472 = CARTESIAN_POINT('',(-4.6,6.4,-5.5));
#1473 = DIRECTION('',(3.154042683594E-16,-0.,1.));
#1474 = DIRECTION('',(1.,0.,-3.154042683594E-16));
#1475 = ORIENTED_EDGE('',*,*,#1121,.T.);
#1476 = ORIENTED_EDGE('',*,*,#1477,.F.);
#1477 = EDGE_CURVE('',#1468,#931,#1478,.T.);
#1478 = LINE('',#1479,#1480);
#1479 = CARTESIAN_POINT('',(-5.,6.4,-5.5));
#1480 = VECTOR('',#1481,1.);
#1481 = DIRECTION('',(1.,-3.491481338843E-15,-2.365532012696E-16));
#1482 = PLANE('',#1483);
#1483 = AXIS2_PLACEMENT_3D('',#1484,#1485,#1486);
#1484 = CARTESIAN_POINT('',(-4.6,6.8,-5.5));
#1485 = DIRECTION('',(-3.154042683594E-16,0.,-1.));
#1486 = DIRECTION('',(-1.,0.,3.154042683594E-16));
#1487 = ADVANCED_FACE('',(#1488),#1507,.T.);
#1488 = FACE_BOUND('',#1489,.T.);
#1489 = EDGE_LOOP('',(#1490,#1499,#1500,#1501));
#1490 = ORIENTED_EDGE('',*,*,#1491,.F.);
#1491 = EDGE_CURVE('',#1091,#1492,#1494,.T.);
#1492 = VERTEX_POINT('',#1493);
#1493 = CARTESIAN_POINT('',(-5.,6.4,5.5));
#1494 = CIRCLE('',#1495,0.4);
#1495 = AXIS2_PLACEMENT_3D('',#1496,#1497,#1498);
#1496 = CARTESIAN_POINT('',(-4.6,6.4,5.5));
#1497 = DIRECTION('',(3.154042683594E-16,-0.,1.));
#1498 = DIRECTION('',(1.,0.,-3.154042683594E-16));
#1499 = ORIENTED_EDGE('',*,*,#1090,.F.);
#1500 = ORIENTED_EDGE('',*,*,#1467,.T.);
#1501 = ORIENTED_EDGE('',*,*,#1502,.T.);
#1502 = EDGE_CURVE('',#1468,#1492,#1503,.T.);
#1503 = LINE('',#1504,#1505);
#1504 = CARTESIAN_POINT('',(-5.,6.4,5.5));
#1505 = VECTOR('',#1506,1.);
#1506 = DIRECTION('',(2.365532012696E-16,0.,1.));
#1507 = CYLINDRICAL_SURFACE('',#1508,0.4);
#1508 = AXIS2_PLACEMENT_3D('',#1509,#1510,#1511);
#1509 = CARTESIAN_POINT('',(-4.6,6.4,5.5));
#1510 = DIRECTION('',(3.154042683594E-16,-0.,1.));
#1511 = DIRECTION('',(1.,0.,-3.154042683594E-16));
#1512 = ADVANCED_FACE('',(#1513),#1523,.F.);
#1513 = FACE_BOUND('',#1514,.T.);
#1514 = EDGE_LOOP('',(#1515,#1516,#1517));
#1515 = ORIENTED_EDGE('',*,*,#1142,.F.);
#1516 = ORIENTED_EDGE('',*,*,#1491,.T.);
#1517 = ORIENTED_EDGE('',*,*,#1518,.T.);
#1518 = EDGE_CURVE('',#1492,#939,#1519,.T.);
#1519 = LINE('',#1520,#1521);
#1520 = CARTESIAN_POINT('',(-5.,6.4,5.5));
#1521 = VECTOR('',#1522,1.);
#1522 = DIRECTION('',(1.,-3.491481338843E-15,-2.365532012696E-16));
#1523 = PLANE('',#1524);
#1524 = AXIS2_PLACEMENT_3D('',#1525,#1526,#1527);
#1525 = CARTESIAN_POINT('',(-4.6,6.8,5.5));
#1526 = DIRECTION('',(-3.154042683594E-16,0.,-1.));
#1527 = DIRECTION('',(-1.,0.,3.154042683594E-16));
#1528 = ADVANCED_FACE('',(#1529),#1547,.T.);
#1529 = FACE_BOUND('',#1530,.T.);
#1530 = EDGE_LOOP('',(#1531,#1539,#1545,#1546));
#1531 = ORIENTED_EDGE('',*,*,#1532,.F.);
#1532 = EDGE_CURVE('',#1533,#923,#1535,.T.);
#1533 = VERTEX_POINT('',#1534);
#1534 = CARTESIAN_POINT('',(-5.,2.6,-5.5));
#1535 = LINE('',#1536,#1537);
#1536 = CARTESIAN_POINT('',(-5.,2.6,-5.5));
#1537 = VECTOR('',#1538,1.);
#1538 = DIRECTION('',(1.,3.523657060578E-15,-7.885106708985E-17));
#1539 = ORIENTED_EDGE('',*,*,#1540,.T.);
#1540 = EDGE_CURVE('',#1533,#1468,#1541,.T.);
#1541 = LINE('',#1542,#1543);
#1542 = CARTESIAN_POINT('',(-5.,6.4,-5.5));
#1543 = VECTOR('',#1544,1.);
#1544 = DIRECTION('',(3.388131789017E-15,1.,0.));
#1545 = ORIENTED_EDGE('',*,*,#1477,.T.);
#1546 = ORIENTED_EDGE('',*,*,#930,.F.);
#1547 = PLANE('',#1548);
#1548 = AXIS2_PLACEMENT_3D('',#1549,#1550,#1551);
#1549 = CARTESIAN_POINT('',(-5.,6.4,-5.5));
#1550 = DIRECTION('',(-2.365532012696E-16,8.014734210152E-31,-1.));
#1551 = DIRECTION('',(-1.,0.,2.365532012696E-16));
#1552 = ADVANCED_FACE('',(#1553),#1578,.T.);
#1553 = FACE_BOUND('',#1554,.T.);
#1554 = EDGE_LOOP('',(#1555,#1563,#1571,#1577));
#1555 = ORIENTED_EDGE('',*,*,#1556,.F.);
#1556 = EDGE_CURVE('',#1557,#867,#1559,.T.);
#1557 = VERTEX_POINT('',#1558);
#1558 = CARTESIAN_POINT('',(-5.,-1.914823985286E-14,-2.));
#1559 = LINE('',#1560,#1561);
#1560 = CARTESIAN_POINT('',(-5.,-1.914823985286E-14,-2.));
#1561 = VECTOR('',#1562,1.);
#1562 = DIRECTION('',(1.,3.523657060578E-15,-7.885106708985E-17));
#1563 = ORIENTED_EDGE('',*,*,#1564,.T.);
#1564 = EDGE_CURVE('',#1557,#1565,#1567,.T.);
#1565 = VERTEX_POINT('',#1566);
#1566 = CARTESIAN_POINT('',(-5.,-1.91797099718E-14,-3.));
#1567 = LINE('',#1568,#1569);
#1568 = CARTESIAN_POINT('',(-5.,5.343829681484E-14,-5.5));
#1569 = VECTOR('',#1570,1.);
#1570 = DIRECTION('',(-2.365532012696E-16,0.,-1.));
#1571 = ORIENTED_EDGE('',*,*,#1572,.T.);
#1572 = EDGE_CURVE('',#1565,#875,#1573,.T.);
#1573 = LINE('',#1574,#1575);
#1574 = CARTESIAN_POINT('',(-5.,-1.91797099718E-14,-3.));
#1575 = VECTOR('',#1576,1.);
#1576 = DIRECTION('',(1.,3.523657060578E-15,-7.885106708985E-17));
#1577 = ORIENTED_EDGE('',*,*,#874,.F.);
#1578 = PLANE('',#1579);
#1579 = AXIS2_PLACEMENT_3D('',#1580,#1581,#1582);
#1580 = CARTESIAN_POINT('',(-5.,5.343829681484E-14,-5.5));
#1581 = DIRECTION('',(-3.491481338843E-15,-1.,8.259210878763E-31));
#1582 = DIRECTION('',(1.,-3.491481338843E-15,0.));
#1583 = ADVANCED_FACE('',(#1584),#1602,.T.);
#1584 = FACE_BOUND('',#1585,.T.);
#1585 = EDGE_LOOP('',(#1586,#1594,#1595,#1596));
#1586 = ORIENTED_EDGE('',*,*,#1587,.T.);
#1587 = EDGE_CURVE('',#1588,#947,#1590,.T.);
#1588 = VERTEX_POINT('',#1589);
#1589 = CARTESIAN_POINT('',(-5.,2.6,5.5));
#1590 = LINE('',#1591,#1592);
#1591 = CARTESIAN_POINT('',(-5.,2.6,5.5));
#1592 = VECTOR('',#1593,1.);
#1593 = DIRECTION('',(1.,3.523657060578E-15,-7.885106708985E-17));
#1594 = ORIENTED_EDGE('',*,*,#946,.F.);
#1595 = ORIENTED_EDGE('',*,*,#1518,.F.);
#1596 = ORIENTED_EDGE('',*,*,#1597,.T.);
#1597 = EDGE_CURVE('',#1492,#1588,#1598,.T.);
#1598 = LINE('',#1599,#1600);
#1599 = CARTESIAN_POINT('',(-5.,5.343829681484E-14,5.5));
#1600 = VECTOR('',#1601,1.);
#1601 = DIRECTION('',(-3.388131789017E-15,-1.,-1.355252715607E-16));
#1602 = PLANE('',#1603);
#1603 = AXIS2_PLACEMENT_3D('',#1604,#1605,#1606);
#1604 = CARTESIAN_POINT('',(-5.,5.343829681484E-14,5.5));
#1605 = DIRECTION('',(2.365532012696E-16,-1.355252715607E-16,1.));
#1606 = DIRECTION('',(1.,0.,-2.365532012696E-16));
#1607 = ADVANCED_FACE('',(#1608),#1761,.T.);
#1608 = FACE_BOUND('',#1609,.T.);
#1609 = EDGE_LOOP('',(#1610,#1620,#1628,#1636,#1642,#1643,#1644,#1645,
    #1653,#1661,#1669,#1677,#1685,#1691,#1692,#1700,#1708,#1716,#1724,
    #1732,#1740,#1746,#1747,#1755));
#1610 = ORIENTED_EDGE('',*,*,#1611,.T.);
#1611 = EDGE_CURVE('',#1612,#1614,#1616,.T.);
#1612 = VERTEX_POINT('',#1613);
#1613 = CARTESIAN_POINT('',(-5.,2.6,3.6));
#1614 = VERTEX_POINT('',#1615);
#1615 = CARTESIAN_POINT('',(-5.,2.4,3.6));
#1616 = LINE('',#1617,#1618);
#1617 = CARTESIAN_POINT('',(-5.,2.6,3.6));
#1618 = VECTOR('',#1619,1.);
#1619 = DIRECTION('',(2.891205793295E-15,-1.,0.));
#1620 = ORIENTED_EDGE('',*,*,#1621,.T.);
#1621 = EDGE_CURVE('',#1614,#1622,#1624,.T.);
#1622 = VERTEX_POINT('',#1623);
#1623 = CARTESIAN_POINT('',(-5.,2.4,4.8));
#1624 = LINE('',#1625,#1626);
#1625 = CARTESIAN_POINT('',(-5.,2.4,4.8));
#1626 = VECTOR('',#1627,1.);
#1627 = DIRECTION('',(2.365532012696E-16,8.335323578558E-31,1.));
#1628 = ORIENTED_EDGE('',*,*,#1629,.T.);
#1629 = EDGE_CURVE('',#1622,#1630,#1632,.T.);
#1630 = VERTEX_POINT('',#1631);
#1631 = CARTESIAN_POINT('',(-5.,2.6,4.8));
#1632 = LINE('',#1633,#1634);
#1633 = CARTESIAN_POINT('',(-5.,2.,4.8));
#1634 = VECTOR('',#1635,1.);
#1635 = DIRECTION('',(-2.891205793295E-15,1.,0.));
#1636 = ORIENTED_EDGE('',*,*,#1637,.T.);
#1637 = EDGE_CURVE('',#1630,#1588,#1638,.T.);
#1638 = LINE('',#1639,#1640);
#1639 = CARTESIAN_POINT('',(-5.,2.6,4.8));
#1640 = VECTOR('',#1641,1.);
#1641 = DIRECTION('',(0.,0.,1.));
#1642 = ORIENTED_EDGE('',*,*,#1597,.F.);
#1643 = ORIENTED_EDGE('',*,*,#1502,.F.);
#1644 = ORIENTED_EDGE('',*,*,#1540,.F.);
#1645 = ORIENTED_EDGE('',*,*,#1646,.T.);
#1646 = EDGE_CURVE('',#1533,#1647,#1649,.T.);
#1647 = VERTEX_POINT('',#1648);
#1648 = CARTESIAN_POINT('',(-5.,2.6,-4.8));
#1649 = LINE('',#1650,#1651);
#1650 = CARTESIAN_POINT('',(-5.,2.6,-4.8));
#1651 = VECTOR('',#1652,1.);
#1652 = DIRECTION('',(-0.,-0.,1.));
#1653 = ORIENTED_EDGE('',*,*,#1654,.T.);
#1654 = EDGE_CURVE('',#1647,#1655,#1657,.T.);
#1655 = VERTEX_POINT('',#1656);
#1656 = CARTESIAN_POINT('',(-5.,2.4,-4.8));
#1657 = LINE('',#1658,#1659);
#1658 = CARTESIAN_POINT('',(-5.,2.,-4.8));
#1659 = VECTOR('',#1660,1.);
#1660 = DIRECTION('',(2.891205793295E-15,-1.,-0.));
#1661 = ORIENTED_EDGE('',*,*,#1662,.T.);
#1662 = EDGE_CURVE('',#1655,#1663,#1665,.T.);
#1663 = VERTEX_POINT('',#1664);
#1664 = CARTESIAN_POINT('',(-5.,2.4,-3.6));
#1665 = LINE('',#1666,#1667);
#1666 = CARTESIAN_POINT('',(-5.,2.4,-3.6));
#1667 = VECTOR('',#1668,1.);
#1668 = DIRECTION('',(2.365532012696E-16,-1.713372068926E-30,1.));
#1669 = ORIENTED_EDGE('',*,*,#1670,.T.);
#1670 = EDGE_CURVE('',#1663,#1671,#1673,.T.);
#1671 = VERTEX_POINT('',#1672);
#1672 = CARTESIAN_POINT('',(-5.,2.6,-3.6));
#1673 = LINE('',#1674,#1675);
#1674 = CARTESIAN_POINT('',(-5.,2.6,-3.6));
#1675 = VECTOR('',#1676,1.);
#1676 = DIRECTION('',(-4.336808689942E-15,1.,-0.));
#1677 = ORIENTED_EDGE('',*,*,#1678,.T.);
#1678 = EDGE_CURVE('',#1671,#1679,#1681,.T.);
#1679 = VERTEX_POINT('',#1680);
#1680 = CARTESIAN_POINT('',(-5.,2.6,-3.));
#1681 = LINE('',#1682,#1683);
#1682 = CARTESIAN_POINT('',(-5.,2.6,-3.));
#1683 = VECTOR('',#1684,1.);
#1684 = DIRECTION('',(-0.,-7.228014483237E-16,1.));
#1685 = ORIENTED_EDGE('',*,*,#1686,.T.);
#1686 = EDGE_CURVE('',#1679,#1565,#1687,.T.);
#1687 = LINE('',#1688,#1689);
#1688 = CARTESIAN_POINT('',(-5.,-1.91797099718E-14,-3.));
#1689 = VECTOR('',#1690,1.);
#1690 = DIRECTION('',(3.669607353028E-15,-1.,-3.336006684571E-16));
#1691 = ORIENTED_EDGE('',*,*,#1564,.F.);
#1692 = ORIENTED_EDGE('',*,*,#1693,.T.);
#1693 = EDGE_CURVE('',#1557,#1694,#1696,.T.);
#1694 = VERTEX_POINT('',#1695);
#1695 = CARTESIAN_POINT('',(-5.,0.5,-2.));
#1696 = LINE('',#1697,#1698);
#1697 = CARTESIAN_POINT('',(-5.,-1.914823985286E-14,-2.));
#1698 = VECTOR('',#1699,1.);
#1699 = DIRECTION('',(-3.469446951954E-15,1.,0.));
#1700 = ORIENTED_EDGE('',*,*,#1701,.T.);
#1701 = EDGE_CURVE('',#1694,#1702,#1704,.T.);
#1702 = VERTEX_POINT('',#1703);
#1703 = CARTESIAN_POINT('',(-5.,0.5,-1.));
#1704 = LINE('',#1705,#1706);
#1705 = CARTESIAN_POINT('',(-5.,0.5,-2.));
#1706 = VECTOR('',#1707,1.);
#1707 = DIRECTION('',(0.,2.168404344971E-16,1.));
#1708 = ORIENTED_EDGE('',*,*,#1709,.T.);
#1709 = EDGE_CURVE('',#1702,#1710,#1712,.T.);
#1710 = VERTEX_POINT('',#1711);
#1711 = CARTESIAN_POINT('',(-5.,-1.,-1.));
#1712 = LINE('',#1713,#1714);
#1713 = CARTESIAN_POINT('',(-5.,-1.893321564594E-14,-1.));
#1714 = VECTOR('',#1715,1.);
#1715 = DIRECTION('',(3.469446951954E-15,-1.,-0.));
#1716 = ORIENTED_EDGE('',*,*,#1717,.T.);
#1717 = EDGE_CURVE('',#1710,#1718,#1720,.T.);
#1718 = VERTEX_POINT('',#1719);
#1719 = CARTESIAN_POINT('',(-5.,-1.,1.));
#1720 = LINE('',#1721,#1722);
#1721 = CARTESIAN_POINT('',(-5.,-1.,-5.438468204234));
#1722 = VECTOR('',#1723,1.);
#1723 = DIRECTION('',(0.,0.,1.));
#1724 = ORIENTED_EDGE('',*,*,#1725,.T.);
#1725 = EDGE_CURVE('',#1718,#1726,#1728,.T.);
#1726 = VERTEX_POINT('',#1727);
#1727 = CARTESIAN_POINT('',(-5.,0.5,1.));
#1728 = LINE('',#1729,#1730);
#1729 = CARTESIAN_POINT('',(-5.,-1.893321564594E-14,1.));
#1730 = VECTOR('',#1731,1.);
#1731 = DIRECTION('',(-3.469446951954E-15,1.,0.));
#1732 = ORIENTED_EDGE('',*,*,#1733,.T.);
#1733 = EDGE_CURVE('',#1726,#1734,#1736,.T.);
#1734 = VERTEX_POINT('',#1735);
#1735 = CARTESIAN_POINT('',(-5.,0.5,2.));
#1736 = LINE('',#1737,#1738);
#1737 = CARTESIAN_POINT('',(-5.,0.5,2.));
#1738 = VECTOR('',#1739,1.);
#1739 = DIRECTION('',(-0.,-2.168404344971E-16,1.));
#1740 = ORIENTED_EDGE('',*,*,#1741,.T.);
#1741 = EDGE_CURVE('',#1734,#1016,#1742,.T.);
#1742 = LINE('',#1743,#1744);
#1743 = CARTESIAN_POINT('',(-5.,-1.914823985286E-14,2.));
#1744 = VECTOR('',#1745,1.);
#1745 = DIRECTION('',(3.469446951954E-15,-1.,-0.));
#1746 = ORIENTED_EDGE('',*,*,#1015,.F.);
#1747 = ORIENTED_EDGE('',*,*,#1748,.T.);
#1748 = EDGE_CURVE('',#1008,#1749,#1751,.T.);
#1749 = VERTEX_POINT('',#1750);
#1750 = CARTESIAN_POINT('',(-5.,2.6,3.));
#1751 = LINE('',#1752,#1753);
#1752 = CARTESIAN_POINT('',(-5.,-1.91797099718E-14,3.));
#1753 = VECTOR('',#1754,1.);
#1754 = DIRECTION('',(-3.336006684571E-15,1.,-3.336006684571E-16));
#1755 = ORIENTED_EDGE('',*,*,#1756,.T.);
#1756 = EDGE_CURVE('',#1749,#1612,#1757,.T.);
#1757 = LINE('',#1758,#1759);
#1758 = CARTESIAN_POINT('',(-5.,2.6,3.));
#1759 = VECTOR('',#1760,1.);
#1760 = DIRECTION('',(0.,7.228014483237E-16,1.));
#1761 = PLANE('',#1762);
#1762 = AXIS2_PLACEMENT_3D('',#1763,#1764,#1765);
#1763 = CARTESIAN_POINT('',(-5.,1.833725148062E-14,1.182766006348E-15));
#1764 = DIRECTION('',(-1.,3.388131789017E-15,2.365532012696E-16));
#1765 = DIRECTION('',(-3.388131789017E-15,-1.,0.));
#1766 = ADVANCED_FACE('',(#1767),#1778,.F.);
#1767 = FACE_BOUND('',#1768,.T.);
#1768 = EDGE_LOOP('',(#1769,#1775,#1776,#1777));
#1769 = ORIENTED_EDGE('',*,*,#1770,.F.);
#1770 = EDGE_CURVE('',#1647,#915,#1771,.T.);
#1771 = LINE('',#1772,#1773);
#1772 = CARTESIAN_POINT('',(-5.,2.6,-4.8));
#1773 = VECTOR('',#1774,1.);
#1774 = DIRECTION('',(1.,3.523657060578E-15,-7.885106708985E-17));
#1775 = ORIENTED_EDGE('',*,*,#1646,.F.);
#1776 = ORIENTED_EDGE('',*,*,#1532,.T.);
#1777 = ORIENTED_EDGE('',*,*,#922,.F.);
#1778 = PLANE('',#1779);
#1779 = AXIS2_PLACEMENT_3D('',#1780,#1781,#1782);
#1780 = CARTESIAN_POINT('',(-5.,2.6,-4.8));
#1781 = DIRECTION('',(-3.523657060578E-15,1.,0.));
#1782 = DIRECTION('',(-1.,-3.523657060578E-15,0.));
#1783 = ADVANCED_FACE('',(#1784),#1820,.F.);
#1784 = FACE_BOUND('',#1785,.T.);
#1785 = EDGE_LOOP('',(#1786,#1794,#1802,#1810,#1817,#1818,#1819));
#1786 = ORIENTED_EDGE('',*,*,#1787,.T.);
#1787 = EDGE_CURVE('',#907,#1788,#1790,.T.);
#1788 = VERTEX_POINT('',#1789);
#1789 = CARTESIAN_POINT('',(-3.1,2.4,-4.8));
#1790 = LINE('',#1791,#1792);
#1791 = CARTESIAN_POINT('',(-5.,2.4,-4.8));
#1792 = VECTOR('',#1793,1.);
#1793 = DIRECTION('',(1.,3.642919299551E-15,0.));
#1794 = ORIENTED_EDGE('',*,*,#1795,.T.);
#1795 = EDGE_CURVE('',#1788,#1796,#1798,.T.);
#1796 = VERTEX_POINT('',#1797);
#1797 = CARTESIAN_POINT('',(-3.1,2.,-4.8));
#1798 = LINE('',#1799,#1800);
#1799 = CARTESIAN_POINT('',(-3.1,2.,-4.8));
#1800 = VECTOR('',#1801,1.);
#1801 = DIRECTION('',(3.523657060578E-15,-1.,-4.986945730761E-32));
#1802 = ORIENTED_EDGE('',*,*,#1803,.F.);
#1803 = EDGE_CURVE('',#1804,#1796,#1806,.T.);
#1804 = VERTEX_POINT('',#1805);
#1805 = CARTESIAN_POINT('',(-4.6,2.,-4.8));
#1806 = LINE('',#1807,#1808);
#1807 = CARTESIAN_POINT('',(-5.,2.,-4.8));
#1808 = VECTOR('',#1809,1.);
#1809 = DIRECTION('',(1.,3.523657060578E-15,-7.885106708985E-17));
#1810 = ORIENTED_EDGE('',*,*,#1811,.T.);
#1811 = EDGE_CURVE('',#1804,#1655,#1812,.T.);
#1812 = CIRCLE('',#1813,0.4);
#1813 = AXIS2_PLACEMENT_3D('',#1814,#1815,#1816);
#1814 = CARTESIAN_POINT('',(-4.6,2.4,-4.8));
#1815 = DIRECTION('',(-7.885106708985E-17,-2.279746619777E-31,-1.));
#1816 = DIRECTION('',(1.,-1.797604536639E-47,-7.885106708985E-17));
#1817 = ORIENTED_EDGE('',*,*,#1654,.F.);
#1818 = ORIENTED_EDGE('',*,*,#1770,.T.);
#1819 = ORIENTED_EDGE('',*,*,#914,.F.);
#1820 = PLANE('',#1821);
#1821 = AXIS2_PLACEMENT_3D('',#1822,#1823,#1824);
#1822 = CARTESIAN_POINT('',(-5.,2.,-4.8));
#1823 = DIRECTION('',(7.885106708985E-17,2.279746619777E-31,1.));
#1824 = DIRECTION('',(1.,0.,-7.885106708985E-17));
#1825 = ADVANCED_FACE('',(#1826),#1861,.F.);
#1826 = FACE_BOUND('',#1827,.T.);
#1827 = EDGE_LOOP('',(#1828,#1829,#1838,#1847,#1855));
#1828 = ORIENTED_EDGE('',*,*,#1803,.T.);
#1829 = ORIENTED_EDGE('',*,*,#1830,.T.);
#1830 = EDGE_CURVE('',#1796,#1831,#1833,.T.);
#1831 = VERTEX_POINT('',#1832);
#1832 = CARTESIAN_POINT('',(-2.5,2.,-4.2));
#1833 = CIRCLE('',#1834,0.6);
#1834 = AXIS2_PLACEMENT_3D('',#1835,#1836,#1837);
#1835 = CARTESIAN_POINT('',(-3.1,2.,-4.2));
#1836 = DIRECTION('',(3.523657060578E-15,-1.,-2.546904426782E-30));
#1837 = DIRECTION('',(-1.,-3.523657060578E-15,2.301132760524E-46));
#1838 = ORIENTED_EDGE('',*,*,#1839,.T.);
#1839 = EDGE_CURVE('',#1831,#1840,#1842,.T.);
#1840 = VERTEX_POINT('',#1841);
#1841 = CARTESIAN_POINT('',(-3.1,2.,-3.6));
#1842 = CIRCLE('',#1843,0.6);
#1843 = AXIS2_PLACEMENT_3D('',#1844,#1845,#1846);
#1844 = CARTESIAN_POINT('',(-3.1,2.,-4.2));
#1845 = DIRECTION('',(3.523657060578E-15,-1.,-2.546904426782E-30));
#1846 = DIRECTION('',(-1.,-3.523657060578E-15,2.301132760524E-46));
#1847 = ORIENTED_EDGE('',*,*,#1848,.F.);
#1848 = EDGE_CURVE('',#1849,#1840,#1851,.T.);
#1849 = VERTEX_POINT('',#1850);
#1850 = CARTESIAN_POINT('',(-4.6,2.,-3.6));
#1851 = LINE('',#1852,#1853);
#1852 = CARTESIAN_POINT('',(-5.,2.,-3.6));
#1853 = VECTOR('',#1854,1.);
#1854 = DIRECTION('',(1.,3.523657060578E-15,-7.885106708985E-17));
#1855 = ORIENTED_EDGE('',*,*,#1856,.T.);
#1856 = EDGE_CURVE('',#1849,#1804,#1857,.T.);
#1857 = LINE('',#1858,#1859);
#1858 = CARTESIAN_POINT('',(-4.6,2.,-4.8));
#1859 = VECTOR('',#1860,1.);
#1860 = DIRECTION('',(-2.365532012696E-16,1.713372068926E-30,-1.));
#1861 = PLANE('',#1862);
#1862 = AXIS2_PLACEMENT_3D('',#1863,#1864,#1865);
#1863 = CARTESIAN_POINT('',(-5.,2.,-3.6));
#1864 = DIRECTION('',(-3.523657060578E-15,1.,2.546904426782E-30));
#1865 = DIRECTION('',(-1.,-3.523657060578E-15,0.));
#1866 = ADVANCED_FACE('',(#1867),#1899,.F.);
#1867 = FACE_BOUND('',#1868,.T.);
#1868 = EDGE_LOOP('',(#1869,#1870,#1878,#1884,#1885,#1891,#1892));
#1869 = ORIENTED_EDGE('',*,*,#1848,.T.);
#1870 = ORIENTED_EDGE('',*,*,#1871,.T.);
#1871 = EDGE_CURVE('',#1840,#1872,#1874,.T.);
#1872 = VERTEX_POINT('',#1873);
#1873 = CARTESIAN_POINT('',(-3.1,2.4,-3.6));
#1874 = LINE('',#1875,#1876);
#1875 = CARTESIAN_POINT('',(-3.1,2.4,-3.6));
#1876 = VECTOR('',#1877,1.);
#1877 = DIRECTION('',(-3.523657060578E-15,1.,-6.411787368121E-32));
#1878 = ORIENTED_EDGE('',*,*,#1879,.T.);
#1879 = EDGE_CURVE('',#1872,#899,#1880,.T.);
#1880 = LINE('',#1881,#1882);
#1881 = CARTESIAN_POINT('',(-5.,2.4,-3.6));
#1882 = VECTOR('',#1883,1.);
#1883 = DIRECTION('',(-1.,-3.642919299551E-15,3.469446951954E-16));
#1884 = ORIENTED_EDGE('',*,*,#898,.F.);
#1885 = ORIENTED_EDGE('',*,*,#1886,.F.);
#1886 = EDGE_CURVE('',#1671,#891,#1887,.T.);
#1887 = LINE('',#1888,#1889);
#1888 = CARTESIAN_POINT('',(-5.,2.6,-3.6));
#1889 = VECTOR('',#1890,1.);
#1890 = DIRECTION('',(1.,3.523657060578E-15,-7.885106708985E-17));
#1891 = ORIENTED_EDGE('',*,*,#1670,.F.);
#1892 = ORIENTED_EDGE('',*,*,#1893,.T.);
#1893 = EDGE_CURVE('',#1663,#1849,#1894,.T.);
#1894 = CIRCLE('',#1895,0.4);
#1895 = AXIS2_PLACEMENT_3D('',#1896,#1897,#1898);
#1896 = CARTESIAN_POINT('',(-4.6,2.4,-3.6));
#1897 = DIRECTION('',(7.885106708985E-17,3.419619929665E-31,1.));
#1898 = DIRECTION('',(-1.,2.696406804958E-47,7.885106708985E-17));
#1899 = PLANE('',#1900);
#1900 = AXIS2_PLACEMENT_3D('',#1901,#1902,#1903);
#1901 = CARTESIAN_POINT('',(-5.,2.6,-3.6));
#1902 = DIRECTION('',(-7.885106708985E-17,-3.419619929665E-31,-1.));
#1903 = DIRECTION('',(-1.,0.,7.885106708985E-17));
#1904 = ADVANCED_FACE('',(#1905),#1916,.F.);
#1905 = FACE_BOUND('',#1906,.T.);
#1906 = EDGE_LOOP('',(#1907,#1913,#1914,#1915));
#1907 = ORIENTED_EDGE('',*,*,#1908,.F.);
#1908 = EDGE_CURVE('',#1679,#883,#1909,.T.);
#1909 = LINE('',#1910,#1911);
#1910 = CARTESIAN_POINT('',(-5.,2.6,-3.));
#1911 = VECTOR('',#1912,1.);
#1912 = DIRECTION('',(1.,3.523657060578E-15,-7.885106708985E-17));
#1913 = ORIENTED_EDGE('',*,*,#1678,.F.);
#1914 = ORIENTED_EDGE('',*,*,#1886,.T.);
#1915 = ORIENTED_EDGE('',*,*,#890,.F.);
#1916 = PLANE('',#1917);
#1917 = AXIS2_PLACEMENT_3D('',#1918,#1919,#1920);
#1918 = CARTESIAN_POINT('',(-5.,2.6,-3.));
#1919 = DIRECTION('',(-3.523657060578E-15,1.,7.228014483237E-16));
#1920 = DIRECTION('',(-1.,-3.523657060578E-15,0.));
#1921 = ADVANCED_FACE('',(#1922),#1928,.F.);
#1922 = FACE_BOUND('',#1923,.T.);
#1923 = EDGE_LOOP('',(#1924,#1925,#1926,#1927));
#1924 = ORIENTED_EDGE('',*,*,#1572,.F.);
#1925 = ORIENTED_EDGE('',*,*,#1686,.F.);
#1926 = ORIENTED_EDGE('',*,*,#1908,.T.);
#1927 = ORIENTED_EDGE('',*,*,#882,.F.);
#1928 = PLANE('',#1929);
#1929 = AXIS2_PLACEMENT_3D('',#1930,#1931,#1932);
#1930 = CARTESIAN_POINT('',(-5.,-1.91797099718E-14,-3.));
#1931 = DIRECTION('',(7.885106708986E-17,-3.336006684571E-16,1.));
#1932 = DIRECTION('',(0.,-1.,-3.336006684571E-16));
#1933 = ADVANCED_FACE('',(#1934),#2000,.F.);
#1934 = FACE_BOUND('',#1935,.T.);
#1935 = EDGE_LOOP('',(#1936,#1946,#1954,#1962,#1971,#1977,#1978,#1984,
    #1985,#1993));
#1936 = ORIENTED_EDGE('',*,*,#1937,.T.);
#1937 = EDGE_CURVE('',#1938,#1940,#1942,.T.);
#1938 = VERTEX_POINT('',#1939);
#1939 = CARTESIAN_POINT('',(-5.644505591802,-2.410438328992,1.));
#1940 = VERTEX_POINT('',#1941);
#1941 = CARTESIAN_POINT('',(-5.421392305499,-2.89249068033,1.));
#1942 = LINE('',#1943,#1944);
#1943 = CARTESIAN_POINT('',(-5.001360360629,-3.8,1.));
#1944 = VECTOR('',#1945,1.);
#1945 = DIRECTION('',(0.420031944871,-0.90750931967,-0.));
#1946 = ORIENTED_EDGE('',*,*,#1947,.T.);
#1947 = EDGE_CURVE('',#1940,#1948,#1950,.T.);
#1948 = VERTEX_POINT('',#1949);
#1949 = CARTESIAN_POINT('',(-5.058388577631,-2.724477902382,1.));
#1950 = LINE('',#1951,#1952);
#1951 = CARTESIAN_POINT('',(-5.058388577631,-2.724477902382,1.));
#1952 = VECTOR('',#1953,1.);
#1953 = DIRECTION('',(0.90750931967,0.420031944871,-7.155807824998E-17)
  );
#1954 = ORIENTED_EDGE('',*,*,#1955,.T.);
#1955 = EDGE_CURVE('',#1948,#1956,#1958,.T.);
#1956 = VERTEX_POINT('',#1957);
#1957 = CARTESIAN_POINT('',(-5.281501863934,-2.242425551043,1.));
#1958 = LINE('',#1959,#1960);
#1959 = CARTESIAN_POINT('',(-4.638356632761,-3.631987222052,1.));
#1960 = VECTOR('',#1961,1.);
#1961 = DIRECTION('',(-0.420031944871,0.90750931967,0.));
#1962 = ORIENTED_EDGE('',*,*,#1963,.T.);
#1963 = EDGE_CURVE('',#1956,#1964,#1966,.T.);
#1964 = VERTEX_POINT('',#1965);
#1965 = CARTESIAN_POINT('',(-5.261803398875,-2.040862111611,1.));
#1966 = CIRCLE('',#1967,0.2);
#1967 = AXIS2_PLACEMENT_3D('',#1968,#1969,#1970);
#1968 = CARTESIAN_POINT('',(-5.1,-2.158419162069,1.));
#1969 = DIRECTION('',(-0.,0.,-1.));
#1970 = DIRECTION('',(-1.,0.,0.));
#1971 = ORIENTED_EDGE('',*,*,#1972,.T.);
#1972 = EDGE_CURVE('',#1964,#835,#1973,.T.);
#1973 = LINE('',#1974,#1975);
#1974 = CARTESIAN_POINT('',(-4.6,-1.129967878493,1.));
#1975 = VECTOR('',#1976,1.);
#1976 = DIRECTION('',(0.587785252293,0.809016994375,-0.));
#1977 = ORIENTED_EDGE('',*,*,#834,.F.);
#1978 = ORIENTED_EDGE('',*,*,#1979,.F.);
#1979 = EDGE_CURVE('',#1726,#827,#1980,.T.);
#1980 = LINE('',#1981,#1982);
#1981 = CARTESIAN_POINT('',(-5.,0.5,1.));
#1982 = VECTOR('',#1983,1.);
#1983 = DIRECTION('',(1.,3.523657060578E-15,-7.885106708985E-17));
#1984 = ORIENTED_EDGE('',*,*,#1725,.F.);
#1985 = ORIENTED_EDGE('',*,*,#1986,.T.);
#1986 = EDGE_CURVE('',#1718,#1987,#1989,.T.);
#1987 = VERTEX_POINT('',#1988);
#1988 = CARTESIAN_POINT('',(-5.585410196625,-1.805748010694,1.));
#1989 = LINE('',#1990,#1991);
#1990 = CARTESIAN_POINT('',(-5.,-1.,1.));
#1991 = VECTOR('',#1992,1.);
#1992 = DIRECTION('',(-0.587785252293,-0.809016994375,0.));
#1993 = ORIENTED_EDGE('',*,*,#1994,.T.);
#1994 = EDGE_CURVE('',#1987,#1938,#1995,.T.);
#1995 = CIRCLE('',#1996,0.6);
#1996 = AXIS2_PLACEMENT_3D('',#1997,#1998,#1999);
#1997 = CARTESIAN_POINT('',(-5.1,-2.158419162069,1.));
#1998 = DIRECTION('',(0.,0.,1.));
#1999 = DIRECTION('',(-1.,0.,0.));
#2000 = PLANE('',#2001);
#2001 = AXIS2_PLACEMENT_3D('',#2002,#2003,#2004);
#2002 = CARTESIAN_POINT('',(-5.,-1.893321564594E-14,1.));
#2003 = DIRECTION('',(-7.885106708985E-17,-2.735695943732E-31,-1.));
#2004 = DIRECTION('',(-1.,0.,7.885106708985E-17));
#2005 = ADVANCED_FACE('',(#2006),#2017,.F.);
#2006 = FACE_BOUND('',#2007,.T.);
#2007 = EDGE_LOOP('',(#2008,#2014,#2015,#2016));
#2008 = ORIENTED_EDGE('',*,*,#2009,.F.);
#2009 = EDGE_CURVE('',#1734,#819,#2010,.T.);
#2010 = LINE('',#2011,#2012);
#2011 = CARTESIAN_POINT('',(-5.,0.5,2.));
#2012 = VECTOR('',#2013,1.);
#2013 = DIRECTION('',(1.,3.523657060578E-15,-7.885106708985E-17));
#2014 = ORIENTED_EDGE('',*,*,#1733,.F.);
#2015 = ORIENTED_EDGE('',*,*,#1979,.T.);
#2016 = ORIENTED_EDGE('',*,*,#826,.F.);
#2017 = PLANE('',#2018);
#2018 = AXIS2_PLACEMENT_3D('',#2019,#2020,#2021);
#2019 = CARTESIAN_POINT('',(-5.,0.5,2.));
#2020 = DIRECTION('',(-3.523657060578E-15,1.,2.168404344971E-16));
#2021 = DIRECTION('',(-1.,-3.523657060578E-15,0.));
#2022 = ADVANCED_FACE('',(#2023),#2029,.F.);
#2023 = FACE_BOUND('',#2024,.T.);
#2024 = EDGE_LOOP('',(#2025,#2026,#2027,#2028));
#2025 = ORIENTED_EDGE('',*,*,#1023,.F.);
#2026 = ORIENTED_EDGE('',*,*,#1741,.F.);
#2027 = ORIENTED_EDGE('',*,*,#2009,.T.);
#2028 = ORIENTED_EDGE('',*,*,#818,.F.);
#2029 = PLANE('',#2030);
#2030 = AXIS2_PLACEMENT_3D('',#2031,#2032,#2033);
#2031 = CARTESIAN_POINT('',(-5.,-1.914823985286E-14,2.));
#2032 = DIRECTION('',(7.885106708985E-17,2.735695943732E-31,1.));
#2033 = DIRECTION('',(1.,0.,-7.885106708985E-17));
#2034 = ADVANCED_FACE('',(#2035),#2046,.F.);
#2035 = FACE_BOUND('',#2036,.T.);
#2036 = EDGE_LOOP('',(#2037,#2043,#2044,#2045));
#2037 = ORIENTED_EDGE('',*,*,#2038,.F.);
#2038 = EDGE_CURVE('',#1694,#859,#2039,.T.);
#2039 = LINE('',#2040,#2041);
#2040 = CARTESIAN_POINT('',(-5.,0.5,-2.));
#2041 = VECTOR('',#2042,1.);
#2042 = DIRECTION('',(1.,3.523657060578E-15,-7.885106708985E-17));
#2043 = ORIENTED_EDGE('',*,*,#1693,.F.);
#2044 = ORIENTED_EDGE('',*,*,#1556,.T.);
#2045 = ORIENTED_EDGE('',*,*,#866,.F.);
#2046 = PLANE('',#2047);
#2047 = AXIS2_PLACEMENT_3D('',#2048,#2049,#2050);
#2048 = CARTESIAN_POINT('',(-5.,-1.914823985286E-14,-2.));
#2049 = DIRECTION('',(-7.885106708985E-17,-2.735695943732E-31,-1.));
#2050 = DIRECTION('',(-1.,0.,7.885106708985E-17));
#2051 = ADVANCED_FACE('',(#2052),#2063,.F.);
#2052 = FACE_BOUND('',#2053,.T.);
#2053 = EDGE_LOOP('',(#2054,#2060,#2061,#2062));
#2054 = ORIENTED_EDGE('',*,*,#2055,.F.);
#2055 = EDGE_CURVE('',#1702,#851,#2056,.T.);
#2056 = LINE('',#2057,#2058);
#2057 = CARTESIAN_POINT('',(-5.,0.5,-1.));
#2058 = VECTOR('',#2059,1.);
#2059 = DIRECTION('',(1.,3.523657060578E-15,-7.885106708985E-17));
#2060 = ORIENTED_EDGE('',*,*,#1701,.F.);
#2061 = ORIENTED_EDGE('',*,*,#2038,.T.);
#2062 = ORIENTED_EDGE('',*,*,#858,.F.);
#2063 = PLANE('',#2064);
#2064 = AXIS2_PLACEMENT_3D('',#2065,#2066,#2067);
#2065 = CARTESIAN_POINT('',(-5.,0.5,-2.));
#2066 = DIRECTION('',(-3.523657060578E-15,1.,-2.168404344971E-16));
#2067 = DIRECTION('',(-1.,-3.523657060578E-15,0.));
#2068 = ADVANCED_FACE('',(#2069),#2130,.F.);
#2069 = FACE_BOUND('',#2070,.T.);
#2070 = EDGE_LOOP('',(#2071,#2081,#2089,#2097,#2106,#2112,#2113,#2114,
    #2115,#2123));
#2071 = ORIENTED_EDGE('',*,*,#2072,.T.);
#2072 = EDGE_CURVE('',#2073,#2075,#2077,.T.);
#2073 = VERTEX_POINT('',#2074);
#2074 = CARTESIAN_POINT('',(-5.281501863934,-2.242425551043,-1.));
#2075 = VERTEX_POINT('',#2076);
#2076 = CARTESIAN_POINT('',(-5.058388577631,-2.724477902382,-1.));
#2077 = LINE('',#2078,#2079);
#2078 = CARTESIAN_POINT('',(-4.638356632761,-3.631987222052,-1.));
#2079 = VECTOR('',#2080,1.);
#2080 = DIRECTION('',(0.420031944871,-0.90750931967,-3.311996706488E-17)
  );
#2081 = ORIENTED_EDGE('',*,*,#2082,.T.);
#2082 = EDGE_CURVE('',#2075,#2083,#2085,.T.);
#2083 = VERTEX_POINT('',#2084);
#2084 = CARTESIAN_POINT('',(-5.421392305499,-2.89249068033,-1.));
#2085 = LINE('',#2086,#2087);
#2086 = CARTESIAN_POINT('',(-5.421392305499,-2.89249068033,-1.));
#2087 = VECTOR('',#2088,1.);
#2088 = DIRECTION('',(-0.90750931967,-0.420031944871,7.155807824998E-17)
  );
#2089 = ORIENTED_EDGE('',*,*,#2090,.T.);
#2090 = EDGE_CURVE('',#2083,#2091,#2093,.T.);
#2091 = VERTEX_POINT('',#2092);
#2092 = CARTESIAN_POINT('',(-5.644505591802,-2.410438328992,-1.));
#2093 = LINE('',#2094,#2095);
#2094 = CARTESIAN_POINT('',(-5.001360360629,-3.8,-1.));
#2095 = VECTOR('',#2096,1.);
#2096 = DIRECTION('',(-0.420031944871,0.90750931967,3.311996706488E-17)
  );
#2097 = ORIENTED_EDGE('',*,*,#2098,.T.);
#2098 = EDGE_CURVE('',#2091,#2099,#2101,.T.);
#2099 = VERTEX_POINT('',#2100);
#2100 = CARTESIAN_POINT('',(-5.585410196625,-1.805748010694,-1.));
#2101 = CIRCLE('',#2102,0.6);
#2102 = AXIS2_PLACEMENT_3D('',#2103,#2104,#2105);
#2103 = CARTESIAN_POINT('',(-5.1,-2.158419162069,-1.));
#2104 = DIRECTION('',(-7.885106708985E-17,-2.735695943732E-31,-1.));
#2105 = DIRECTION('',(1.,1.445602896647E-15,-7.885106708985E-17));
#2106 = ORIENTED_EDGE('',*,*,#2107,.T.);
#2107 = EDGE_CURVE('',#2099,#1710,#2108,.T.);
#2108 = LINE('',#2109,#2110);
#2109 = CARTESIAN_POINT('',(-5.,-1.,-1.));
#2110 = VECTOR('',#2111,1.);
#2111 = DIRECTION('',(0.587785252293,0.809016994375,-4.634749436295E-17)
  );
#2112 = ORIENTED_EDGE('',*,*,#1709,.F.);
#2113 = ORIENTED_EDGE('',*,*,#2055,.T.);
#2114 = ORIENTED_EDGE('',*,*,#850,.F.);
#2115 = ORIENTED_EDGE('',*,*,#2116,.T.);
#2116 = EDGE_CURVE('',#843,#2117,#2119,.T.);
#2117 = VERTEX_POINT('',#2118);
#2118 = CARTESIAN_POINT('',(-5.261803398875,-2.040862111611,-1.));
#2119 = LINE('',#2120,#2121);
#2120 = CARTESIAN_POINT('',(-4.6,-1.129967878493,-1.));
#2121 = VECTOR('',#2122,1.);
#2122 = DIRECTION('',(-0.587785252293,-0.809016994375,4.634749436295E-17
    ));
#2123 = ORIENTED_EDGE('',*,*,#2124,.T.);
#2124 = EDGE_CURVE('',#2117,#2073,#2125,.T.);
#2125 = CIRCLE('',#2126,0.2);
#2126 = AXIS2_PLACEMENT_3D('',#2127,#2128,#2129);
#2127 = CARTESIAN_POINT('',(-5.1,-2.158419162069,-1.));
#2128 = DIRECTION('',(7.885106708985E-17,2.735695943732E-31,1.));
#2129 = DIRECTION('',(1.,-2.157125443966E-47,-7.885106708985E-17));
#2130 = PLANE('',#2131);
#2131 = AXIS2_PLACEMENT_3D('',#2132,#2133,#2134);
#2132 = CARTESIAN_POINT('',(-5.,-1.893321564594E-14,-1.));
#2133 = DIRECTION('',(7.885106708985E-17,2.735695943732E-31,1.));
#2134 = DIRECTION('',(1.,0.,-7.885106708985E-17));
#2135 = ADVANCED_FACE('',(#2136),#2147,.F.);
#2136 = FACE_BOUND('',#2137,.T.);
#2137 = EDGE_LOOP('',(#2138,#2144,#2145,#2146));
#2138 = ORIENTED_EDGE('',*,*,#2139,.F.);
#2139 = EDGE_CURVE('',#1749,#795,#2140,.T.);
#2140 = LINE('',#2141,#2142);
#2141 = CARTESIAN_POINT('',(-5.,2.6,3.));
#2142 = VECTOR('',#2143,1.);
#2143 = DIRECTION('',(1.,3.523657060578E-15,-7.885106708985E-17));
#2144 = ORIENTED_EDGE('',*,*,#1748,.F.);
#2145 = ORIENTED_EDGE('',*,*,#1007,.T.);
#2146 = ORIENTED_EDGE('',*,*,#802,.F.);
#2147 = PLANE('',#2148);
#2148 = AXIS2_PLACEMENT_3D('',#2149,#2150,#2151);
#2149 = CARTESIAN_POINT('',(-5.,-1.91797099718E-14,3.));
#2150 = DIRECTION('',(-7.885106708985E-17,-3.336006684571E-16,-1.));
#2151 = DIRECTION('',(0.,1.,-3.336006684571E-16));
#2152 = ADVANCED_FACE('',(#2153),#2164,.F.);
#2153 = FACE_BOUND('',#2154,.T.);
#2154 = EDGE_LOOP('',(#2155,#2161,#2162,#2163));
#2155 = ORIENTED_EDGE('',*,*,#2156,.F.);
#2156 = EDGE_CURVE('',#1612,#787,#2157,.T.);
#2157 = LINE('',#2158,#2159);
#2158 = CARTESIAN_POINT('',(-5.,2.6,3.6));
#2159 = VECTOR('',#2160,1.);
#2160 = DIRECTION('',(1.,3.523657060578E-15,-7.885106708985E-17));
#2161 = ORIENTED_EDGE('',*,*,#1756,.F.);
#2162 = ORIENTED_EDGE('',*,*,#2139,.T.);
#2163 = ORIENTED_EDGE('',*,*,#794,.F.);
#2164 = PLANE('',#2165);
#2165 = AXIS2_PLACEMENT_3D('',#2166,#2167,#2168);
#2166 = CARTESIAN_POINT('',(-5.,2.6,3.));
#2167 = DIRECTION('',(-3.523657060578E-15,1.,-7.228014483237E-16));
#2168 = DIRECTION('',(-1.,-3.523657060578E-15,0.));
#2169 = ADVANCED_FACE('',(#2170),#2206,.F.);
#2170 = FACE_BOUND('',#2171,.T.);
#2171 = EDGE_LOOP('',(#2172,#2180,#2188,#2196,#2203,#2204,#2205));
#2172 = ORIENTED_EDGE('',*,*,#2173,.T.);
#2173 = EDGE_CURVE('',#777,#2174,#2176,.T.);
#2174 = VERTEX_POINT('',#2175);
#2175 = CARTESIAN_POINT('',(-3.1,2.4,3.6));
#2176 = LINE('',#2177,#2178);
#2177 = CARTESIAN_POINT('',(-5.,2.4,3.6));
#2178 = VECTOR('',#2179,1.);
#2179 = DIRECTION('',(1.,3.642919299551E-15,3.469446951954E-16));
#2180 = ORIENTED_EDGE('',*,*,#2181,.T.);
#2181 = EDGE_CURVE('',#2174,#2182,#2184,.T.);
#2182 = VERTEX_POINT('',#2183);
#2183 = CARTESIAN_POINT('',(-3.1,2.,3.6));
#2184 = LINE('',#2185,#2186);
#2185 = CARTESIAN_POINT('',(-3.1,2.,3.6));
#2186 = VECTOR('',#2187,1.);
#2187 = DIRECTION('',(3.523657060578E-15,-1.,-4.986945730761E-32));
#2188 = ORIENTED_EDGE('',*,*,#2189,.F.);
#2189 = EDGE_CURVE('',#2190,#2182,#2192,.T.);
#2190 = VERTEX_POINT('',#2191);
#2191 = CARTESIAN_POINT('',(-4.6,2.,3.6));
#2192 = LINE('',#2193,#2194);
#2193 = CARTESIAN_POINT('',(-5.,2.,3.6));
#2194 = VECTOR('',#2195,1.);
#2195 = DIRECTION('',(1.,3.523657060578E-15,-7.885106708985E-17));
#2196 = ORIENTED_EDGE('',*,*,#2197,.T.);
#2197 = EDGE_CURVE('',#2190,#1614,#2198,.T.);
#2198 = CIRCLE('',#2199,0.4);
#2199 = AXIS2_PLACEMENT_3D('',#2200,#2201,#2202);
#2200 = CARTESIAN_POINT('',(-4.6,2.4,3.6));
#2201 = DIRECTION('',(-7.885106708985E-17,-2.279746619777E-31,-1.));
#2202 = DIRECTION('',(1.,-1.797604536639E-47,-7.885106708985E-17));
#2203 = ORIENTED_EDGE('',*,*,#1611,.F.);
#2204 = ORIENTED_EDGE('',*,*,#2156,.T.);
#2205 = ORIENTED_EDGE('',*,*,#786,.F.);
#2206 = PLANE('',#2207);
#2207 = AXIS2_PLACEMENT_3D('',#2208,#2209,#2210);
#2208 = CARTESIAN_POINT('',(-5.,2.6,3.6));
#2209 = DIRECTION('',(7.885106708985E-17,2.279746619777E-31,1.));
#2210 = DIRECTION('',(1.,0.,-7.885106708985E-17));
#2211 = ADVANCED_FACE('',(#2212),#2247,.F.);
#2212 = FACE_BOUND('',#2213,.T.);
#2213 = EDGE_LOOP('',(#2214,#2215,#2224,#2233,#2241));
#2214 = ORIENTED_EDGE('',*,*,#2189,.T.);
#2215 = ORIENTED_EDGE('',*,*,#2216,.T.);
#2216 = EDGE_CURVE('',#2182,#2217,#2219,.T.);
#2217 = VERTEX_POINT('',#2218);
#2218 = CARTESIAN_POINT('',(-2.5,2.,4.2));
#2219 = CIRCLE('',#2220,0.6);
#2220 = AXIS2_PLACEMENT_3D('',#2221,#2222,#2223);
#2221 = CARTESIAN_POINT('',(-3.1,2.,4.2));
#2222 = DIRECTION('',(3.523657060578E-15,-1.,-0.));
#2223 = DIRECTION('',(-1.,-3.523657060578E-15,0.));
#2224 = ORIENTED_EDGE('',*,*,#2225,.T.);
#2225 = EDGE_CURVE('',#2217,#2226,#2228,.T.);
#2226 = VERTEX_POINT('',#2227);
#2227 = CARTESIAN_POINT('',(-3.1,2.,4.8));
#2228 = CIRCLE('',#2229,0.6);
#2229 = AXIS2_PLACEMENT_3D('',#2230,#2231,#2232);
#2230 = CARTESIAN_POINT('',(-3.1,2.,4.2));
#2231 = DIRECTION('',(3.523657060578E-15,-1.,-0.));
#2232 = DIRECTION('',(-1.,-3.523657060578E-15,0.));
#2233 = ORIENTED_EDGE('',*,*,#2234,.F.);
#2234 = EDGE_CURVE('',#2235,#2226,#2237,.T.);
#2235 = VERTEX_POINT('',#2236);
#2236 = CARTESIAN_POINT('',(-4.6,2.,4.8));
#2237 = LINE('',#2238,#2239);
#2238 = CARTESIAN_POINT('',(-5.,2.,4.8));
#2239 = VECTOR('',#2240,1.);
#2240 = DIRECTION('',(1.,3.523657060578E-15,-7.885106708985E-17));
#2241 = ORIENTED_EDGE('',*,*,#2242,.T.);
#2242 = EDGE_CURVE('',#2235,#2190,#2243,.T.);
#2243 = LINE('',#2244,#2245);
#2244 = CARTESIAN_POINT('',(-4.6,2.,3.6));
#2245 = VECTOR('',#2246,1.);
#2246 = DIRECTION('',(-2.365532012696E-16,-8.335323578558E-31,-1.));
#2247 = PLANE('',#2248);
#2248 = AXIS2_PLACEMENT_3D('',#2249,#2250,#2251);
#2249 = CARTESIAN_POINT('',(-5.,2.,3.6));
#2250 = DIRECTION('',(-3.523657060578E-15,1.,0.));
#2251 = DIRECTION('',(-1.,-3.523657060578E-15,0.));
#2252 = ADVANCED_FACE('',(#2253),#2285,.F.);
#2253 = FACE_BOUND('',#2254,.T.);
#2254 = EDGE_LOOP('',(#2255,#2256,#2264,#2270,#2271,#2277,#2278));
#2255 = ORIENTED_EDGE('',*,*,#2234,.T.);
#2256 = ORIENTED_EDGE('',*,*,#2257,.T.);
#2257 = EDGE_CURVE('',#2226,#2258,#2260,.T.);
#2258 = VERTEX_POINT('',#2259);
#2259 = CARTESIAN_POINT('',(-3.1,2.4,4.8));
#2260 = LINE('',#2261,#2262);
#2261 = CARTESIAN_POINT('',(-3.1,2.4,4.8));
#2262 = VECTOR('',#2263,1.);
#2263 = DIRECTION('',(-3.523657060578E-15,1.,4.986945730761E-32));
#2264 = ORIENTED_EDGE('',*,*,#2265,.T.);
#2265 = EDGE_CURVE('',#2258,#779,#2266,.T.);
#2266 = LINE('',#2267,#2268);
#2267 = CARTESIAN_POINT('',(-5.,2.4,4.8));
#2268 = VECTOR('',#2269,1.);
#2269 = DIRECTION('',(-1.,-3.642919299551E-15,-0.));
#2270 = ORIENTED_EDGE('',*,*,#962,.F.);
#2271 = ORIENTED_EDGE('',*,*,#2272,.F.);
#2272 = EDGE_CURVE('',#1630,#955,#2273,.T.);
#2273 = LINE('',#2274,#2275);
#2274 = CARTESIAN_POINT('',(-5.,2.6,4.8));
#2275 = VECTOR('',#2276,1.);
#2276 = DIRECTION('',(1.,3.523657060578E-15,-7.885106708985E-17));
#2277 = ORIENTED_EDGE('',*,*,#1629,.F.);
#2278 = ORIENTED_EDGE('',*,*,#2279,.T.);
#2279 = EDGE_CURVE('',#1622,#2235,#2280,.T.);
#2280 = CIRCLE('',#2281,0.4);
#2281 = AXIS2_PLACEMENT_3D('',#2282,#2283,#2284);
#2282 = CARTESIAN_POINT('',(-4.6,2.4,4.8));
#2283 = DIRECTION('',(7.885106708985E-17,2.279746619777E-31,1.));
#2284 = DIRECTION('',(-1.,1.797604536639E-47,7.885106708985E-17));
#2285 = PLANE('',#2286);
#2286 = AXIS2_PLACEMENT_3D('',#2287,#2288,#2289);
#2287 = CARTESIAN_POINT('',(-5.,2.,4.8));
#2288 = DIRECTION('',(-7.885106708985E-17,-2.279746619777E-31,-1.));
#2289 = DIRECTION('',(-1.,0.,7.885106708985E-17));
#2290 = ADVANCED_FACE('',(#2291),#2297,.F.);
#2291 = FACE_BOUND('',#2292,.T.);
#2292 = EDGE_LOOP('',(#2293,#2294,#2295,#2296));
#2293 = ORIENTED_EDGE('',*,*,#1587,.F.);
#2294 = ORIENTED_EDGE('',*,*,#1637,.F.);
#2295 = ORIENTED_EDGE('',*,*,#2272,.T.);
#2296 = ORIENTED_EDGE('',*,*,#954,.F.);
#2297 = PLANE('',#2298);
#2298 = AXIS2_PLACEMENT_3D('',#2299,#2300,#2301);
#2299 = CARTESIAN_POINT('',(-5.,2.6,4.8));
#2300 = DIRECTION('',(-3.523657060578E-15,1.,0.));
#2301 = DIRECTION('',(-1.,-3.523657060578E-15,0.));
#2302 = ADVANCED_FACE('',(#2303),#2314,.F.);
#2303 = FACE_BOUND('',#2304,.T.);
#2304 = EDGE_LOOP('',(#2305,#2306,#2307,#2308));
#2305 = ORIENTED_EDGE('',*,*,#1445,.T.);
#2306 = ORIENTED_EDGE('',*,*,#1262,.F.);
#2307 = ORIENTED_EDGE('',*,*,#666,.F.);
#2308 = ORIENTED_EDGE('',*,*,#2309,.T.);
#2309 = EDGE_CURVE('',#659,#1446,#2310,.T.);
#2310 = LINE('',#2311,#2312);
#2311 = CARTESIAN_POINT('',(-5.,2.6,-3.));
#2312 = VECTOR('',#2313,1.);
#2313 = DIRECTION('',(1.,3.523657060578E-15,-7.885106708985E-17));
#2314 = PLANE('',#2315);
#2315 = AXIS2_PLACEMENT_3D('',#2316,#2317,#2318);
#2316 = CARTESIAN_POINT('',(-5.,-1.91797099718E-14,-3.));
#2317 = DIRECTION('',(7.885106708986E-17,-3.336006684571E-16,1.));
#2318 = DIRECTION('',(0.,-1.,-3.336006684571E-16));
#2319 = ADVANCED_FACE('',(#2320),#2331,.F.);
#2320 = FACE_BOUND('',#2321,.T.);
#2321 = EDGE_LOOP('',(#2322,#2323,#2324,#2325));
#2322 = ORIENTED_EDGE('',*,*,#1453,.T.);
#2323 = ORIENTED_EDGE('',*,*,#2309,.F.);
#2324 = ORIENTED_EDGE('',*,*,#658,.F.);
#2325 = ORIENTED_EDGE('',*,*,#2326,.T.);
#2326 = EDGE_CURVE('',#651,#1311,#2327,.T.);
#2327 = LINE('',#2328,#2329);
#2328 = CARTESIAN_POINT('',(-5.,2.6,-3.6));
#2329 = VECTOR('',#2330,1.);
#2330 = DIRECTION('',(1.,3.523657060578E-15,-7.885106708985E-17));
#2331 = PLANE('',#2332);
#2332 = AXIS2_PLACEMENT_3D('',#2333,#2334,#2335);
#2333 = CARTESIAN_POINT('',(-5.,2.6,-3.));
#2334 = DIRECTION('',(-3.523657060578E-15,1.,7.228014483237E-16));
#2335 = DIRECTION('',(-1.,-3.523657060578E-15,0.));
#2336 = ADVANCED_FACE('',(#2337),#2373,.F.);
#2337 = FACE_BOUND('',#2338,.T.);
#2338 = EDGE_LOOP('',(#2339,#2347,#2355,#2363,#2370,#2371,#2372));
#2339 = ORIENTED_EDGE('',*,*,#2340,.T.);
#2340 = EDGE_CURVE('',#643,#2341,#2343,.T.);
#2341 = VERTEX_POINT('',#2342);
#2342 = CARTESIAN_POINT('',(3.1,2.4,-3.6));
#2343 = LINE('',#2344,#2345);
#2344 = CARTESIAN_POINT('',(5.,2.4,-3.6));
#2345 = VECTOR('',#2346,1.);
#2346 = DIRECTION('',(-1.,-3.642919299551E-15,-1.734723475977E-16));
#2347 = ORIENTED_EDGE('',*,*,#2348,.T.);
#2348 = EDGE_CURVE('',#2341,#2349,#2351,.T.);
#2349 = VERTEX_POINT('',#2350);
#2350 = CARTESIAN_POINT('',(3.1,2.,-3.6));
#2351 = LINE('',#2352,#2353);
#2352 = CARTESIAN_POINT('',(3.1,2.,-3.6));
#2353 = VECTOR('',#2354,1.);
#2354 = DIRECTION('',(3.523657060578E-15,-1.,6.411787368121E-32));
#2355 = ORIENTED_EDGE('',*,*,#2356,.T.);
#2356 = EDGE_CURVE('',#2349,#2357,#2359,.T.);
#2357 = VERTEX_POINT('',#2358);
#2358 = CARTESIAN_POINT('',(4.6,2.,-3.6));
#2359 = LINE('',#2360,#2361);
#2360 = CARTESIAN_POINT('',(-5.,2.,-3.6));
#2361 = VECTOR('',#2362,1.);
#2362 = DIRECTION('',(1.,3.523657060578E-15,-7.885106708985E-17));
#2363 = ORIENTED_EDGE('',*,*,#2364,.T.);
#2364 = EDGE_CURVE('',#2357,#1309,#2365,.T.);
#2365 = CIRCLE('',#2366,0.4);
#2366 = AXIS2_PLACEMENT_3D('',#2367,#2368,#2369);
#2367 = CARTESIAN_POINT('',(4.6,2.4,-3.6));
#2368 = DIRECTION('',(7.885106708985E-17,3.419619929665E-31,1.));
#2369 = DIRECTION('',(-1.,2.696406804958E-47,7.885106708985E-17));
#2370 = ORIENTED_EDGE('',*,*,#1308,.T.);
#2371 = ORIENTED_EDGE('',*,*,#2326,.F.);
#2372 = ORIENTED_EDGE('',*,*,#650,.F.);
#2373 = PLANE('',#2374);
#2374 = AXIS2_PLACEMENT_3D('',#2375,#2376,#2377);
#2375 = CARTESIAN_POINT('',(-5.,2.6,-3.6));
#2376 = DIRECTION('',(-7.885106708985E-17,-3.419619929665E-31,-1.));
#2377 = DIRECTION('',(-1.,0.,7.885106708985E-17));
#2378 = ADVANCED_FACE('',(#2379),#2414,.F.);
#2379 = FACE_BOUND('',#2380,.T.);
#2380 = EDGE_LOOP('',(#2381,#2382,#2391,#2400,#2408));
#2381 = ORIENTED_EDGE('',*,*,#2356,.F.);
#2382 = ORIENTED_EDGE('',*,*,#2383,.T.);
#2383 = EDGE_CURVE('',#2349,#2384,#2386,.T.);
#2384 = VERTEX_POINT('',#2385);
#2385 = CARTESIAN_POINT('',(2.5,2.,-4.2));
#2386 = CIRCLE('',#2387,0.6);
#2387 = AXIS2_PLACEMENT_3D('',#2388,#2389,#2390);
#2388 = CARTESIAN_POINT('',(3.1,2.,-4.2));
#2389 = DIRECTION('',(3.523657060578E-15,-1.,-2.546904426782E-30));
#2390 = DIRECTION('',(-1.,-3.523657060578E-15,-4.336808689942E-15));
#2391 = ORIENTED_EDGE('',*,*,#2392,.T.);
#2392 = EDGE_CURVE('',#2384,#2393,#2395,.T.);
#2393 = VERTEX_POINT('',#2394);
#2394 = CARTESIAN_POINT('',(3.1,2.,-4.8));
#2395 = CIRCLE('',#2396,0.6);
#2396 = AXIS2_PLACEMENT_3D('',#2397,#2398,#2399);
#2397 = CARTESIAN_POINT('',(3.1,2.,-4.2));
#2398 = DIRECTION('',(3.523657060578E-15,-1.,-2.546904426782E-30));
#2399 = DIRECTION('',(-1.,-3.523657060578E-15,2.301132760524E-46));
#2400 = ORIENTED_EDGE('',*,*,#2401,.T.);
#2401 = EDGE_CURVE('',#2393,#2402,#2404,.T.);
#2402 = VERTEX_POINT('',#2403);
#2403 = CARTESIAN_POINT('',(4.6,2.,-4.8));
#2404 = LINE('',#2405,#2406);
#2405 = CARTESIAN_POINT('',(-5.,2.,-4.8));
#2406 = VECTOR('',#2407,1.);
#2407 = DIRECTION('',(1.,3.523657060578E-15,-7.885106708985E-17));
#2408 = ORIENTED_EDGE('',*,*,#2409,.T.);
#2409 = EDGE_CURVE('',#2402,#2357,#2410,.T.);
#2410 = LINE('',#2411,#2412);
#2411 = CARTESIAN_POINT('',(4.6,2.,-3.6));
#2412 = VECTOR('',#2413,1.);
#2413 = DIRECTION('',(7.885106708985E-17,-2.269060307496E-30,1.));
#2414 = PLANE('',#2415);
#2415 = AXIS2_PLACEMENT_3D('',#2416,#2417,#2418);
#2416 = CARTESIAN_POINT('',(-5.,2.,-3.6));
#2417 = DIRECTION('',(-3.523657060578E-15,1.,2.546904426782E-30));
#2418 = DIRECTION('',(-1.,-3.523657060578E-15,0.));
#2419 = ADVANCED_FACE('',(#2420),#2452,.F.);
#2420 = FACE_BOUND('',#2421,.T.);
#2421 = EDGE_LOOP('',(#2422,#2423,#2431,#2437,#2438,#2444,#2445));
#2422 = ORIENTED_EDGE('',*,*,#2401,.F.);
#2423 = ORIENTED_EDGE('',*,*,#2424,.T.);
#2424 = EDGE_CURVE('',#2393,#2425,#2427,.T.);
#2425 = VERTEX_POINT('',#2426);
#2426 = CARTESIAN_POINT('',(3.1,2.4,-4.8));
#2427 = LINE('',#2428,#2429);
#2428 = CARTESIAN_POINT('',(3.1,2.4,-4.8));
#2429 = VECTOR('',#2430,1.);
#2430 = DIRECTION('',(-3.523657060578E-15,1.,4.986945730761E-32));
#2431 = ORIENTED_EDGE('',*,*,#2432,.T.);
#2432 = EDGE_CURVE('',#2425,#635,#2433,.T.);
#2433 = LINE('',#2434,#2435);
#2434 = CARTESIAN_POINT('',(5.,2.4,-4.8));
#2435 = VECTOR('',#2436,1.);
#2436 = DIRECTION('',(1.,3.642919299551E-15,-3.469446951954E-16));
#2437 = ORIENTED_EDGE('',*,*,#634,.F.);
#2438 = ORIENTED_EDGE('',*,*,#2439,.T.);
#2439 = EDGE_CURVE('',#627,#1327,#2440,.T.);
#2440 = LINE('',#2441,#2442);
#2441 = CARTESIAN_POINT('',(-5.,2.6,-4.8));
#2442 = VECTOR('',#2443,1.);
#2443 = DIRECTION('',(1.,3.523657060578E-15,-7.885106708985E-17));
#2444 = ORIENTED_EDGE('',*,*,#1326,.T.);
#2445 = ORIENTED_EDGE('',*,*,#2446,.T.);
#2446 = EDGE_CURVE('',#1319,#2402,#2447,.T.);
#2447 = CIRCLE('',#2448,0.4);
#2448 = AXIS2_PLACEMENT_3D('',#2449,#2450,#2451);
#2449 = CARTESIAN_POINT('',(4.6,2.4,-4.8));
#2450 = DIRECTION('',(-7.885106708985E-17,-2.279746619777E-31,-1.));
#2451 = DIRECTION('',(1.,-1.797604536639E-47,-7.885106708985E-17));
#2452 = PLANE('',#2453);
#2453 = AXIS2_PLACEMENT_3D('',#2454,#2455,#2456);
#2454 = CARTESIAN_POINT('',(-5.,2.,-4.8));
#2455 = DIRECTION('',(7.885106708985E-17,2.279746619777E-31,1.));
#2456 = DIRECTION('',(1.,0.,-7.885106708985E-17));
#2457 = ADVANCED_FACE('',(#2458),#2464,.F.);
#2458 = FACE_BOUND('',#2459,.T.);
#2459 = EDGE_LOOP('',(#2460,#2461,#2462,#2463));
#2460 = ORIENTED_EDGE('',*,*,#1334,.T.);
#2461 = ORIENTED_EDGE('',*,*,#2439,.F.);
#2462 = ORIENTED_EDGE('',*,*,#626,.F.);
#2463 = ORIENTED_EDGE('',*,*,#1284,.T.);
#2464 = PLANE('',#2465);
#2465 = AXIS2_PLACEMENT_3D('',#2466,#2467,#2468);
#2466 = CARTESIAN_POINT('',(-5.,2.6,-4.8));
#2467 = DIRECTION('',(-3.523657060578E-15,1.,0.));
#2468 = DIRECTION('',(-1.,-3.523657060578E-15,0.));
#2469 = ADVANCED_FACE('',(#2470),#2481,.F.);
#2470 = FACE_BOUND('',#2471,.T.);
#2471 = EDGE_LOOP('',(#2472,#2473,#2474,#2475));
#2472 = ORIENTED_EDGE('',*,*,#1390,.T.);
#2473 = ORIENTED_EDGE('',*,*,#985,.F.);
#2474 = ORIENTED_EDGE('',*,*,#730,.F.);
#2475 = ORIENTED_EDGE('',*,*,#2476,.T.);
#2476 = EDGE_CURVE('',#723,#1391,#2477,.T.);
#2477 = LINE('',#2478,#2479);
#2478 = CARTESIAN_POINT('',(-5.,0.5,2.));
#2479 = VECTOR('',#2480,1.);
#2480 = DIRECTION('',(1.,3.523657060578E-15,-7.885106708985E-17));
#2481 = PLANE('',#2482);
#2482 = AXIS2_PLACEMENT_3D('',#2483,#2484,#2485);
#2483 = CARTESIAN_POINT('',(-5.,-1.914823985286E-14,2.));
#2484 = DIRECTION('',(7.885106708985E-17,2.735695943732E-31,1.));
#2485 = DIRECTION('',(1.,0.,-7.885106708985E-17));
#2486 = ADVANCED_FACE('',(#2487),#2498,.F.);
#2487 = FACE_BOUND('',#2488,.T.);
#2488 = EDGE_LOOP('',(#2489,#2490,#2491,#2492));
#2489 = ORIENTED_EDGE('',*,*,#1398,.T.);
#2490 = ORIENTED_EDGE('',*,*,#2476,.F.);
#2491 = ORIENTED_EDGE('',*,*,#722,.F.);
#2492 = ORIENTED_EDGE('',*,*,#2493,.T.);
#2493 = EDGE_CURVE('',#715,#1399,#2494,.T.);
#2494 = LINE('',#2495,#2496);
#2495 = CARTESIAN_POINT('',(-5.,0.5,1.));
#2496 = VECTOR('',#2497,1.);
#2497 = DIRECTION('',(1.,3.523657060578E-15,-7.885106708985E-17));
#2498 = PLANE('',#2499);
#2499 = AXIS2_PLACEMENT_3D('',#2500,#2501,#2502);
#2500 = CARTESIAN_POINT('',(-5.,0.5,2.));
#2501 = DIRECTION('',(-3.523657060578E-15,1.,2.168404344971E-16));
#2502 = DIRECTION('',(-1.,-3.523657060578E-15,0.));
#2503 = ADVANCED_FACE('',(#2504),#2563,.F.);
#2504 = FACE_BOUND('',#2505,.T.);
#2505 = EDGE_LOOP('',(#2506,#2516,#2524,#2530,#2531,#2540,#2546,#2547,
    #2548,#2549,#2555,#2556));
#2506 = ORIENTED_EDGE('',*,*,#2507,.T.);
#2507 = EDGE_CURVE('',#2508,#2510,#2512,.T.);
#2508 = VERTEX_POINT('',#2509);
#2509 = CARTESIAN_POINT('',(5.281501863934,-2.242425551043,1.));
#2510 = VERTEX_POINT('',#2511);
#2511 = CARTESIAN_POINT('',(5.058388577631,-2.724477902382,1.));
#2512 = LINE('',#2513,#2514);
#2513 = CARTESIAN_POINT('',(4.638356632761,-3.631987222052,1.));
#2514 = VECTOR('',#2515,1.);
#2515 = DIRECTION('',(-0.420031944871,-0.90750931967,-0.));
#2516 = ORIENTED_EDGE('',*,*,#2517,.T.);
#2517 = EDGE_CURVE('',#2510,#2518,#2520,.T.);
#2518 = VERTEX_POINT('',#2519);
#2519 = CARTESIAN_POINT('',(5.421392305499,-2.89249068033,1.));
#2520 = LINE('',#2521,#2522);
#2521 = CARTESIAN_POINT('',(5.421392305499,-2.89249068033,1.));
#2522 = VECTOR('',#2523,1.);
#2523 = DIRECTION('',(0.90750931967,-0.420031944871,-7.155807824998E-17)
  );
#2524 = ORIENTED_EDGE('',*,*,#2525,.T.);
#2525 = EDGE_CURVE('',#2518,#512,#2526,.T.);
#2526 = LINE('',#2527,#2528);
#2527 = CARTESIAN_POINT('',(5.001360360629,-3.8,1.));
#2528 = VECTOR('',#2529,1.);
#2529 = DIRECTION('',(0.420031944871,0.90750931967,0.));
#2530 = ORIENTED_EDGE('',*,*,#511,.T.);
#2531 = ORIENTED_EDGE('',*,*,#2532,.T.);
#2532 = EDGE_CURVE('',#504,#2533,#2535,.T.);
#2533 = VERTEX_POINT('',#2534);
#2534 = CARTESIAN_POINT('',(5.585410196625,-1.805748010694,1.));
#2535 = CIRCLE('',#2536,0.6);
#2536 = AXIS2_PLACEMENT_3D('',#2537,#2538,#2539);
#2537 = CARTESIAN_POINT('',(5.1,-2.158419162069,1.));
#2538 = DIRECTION('',(0.,0.,1.));
#2539 = DIRECTION('',(1.,0.,-0.));
#2540 = ORIENTED_EDGE('',*,*,#2541,.T.);
#2541 = EDGE_CURVE('',#2533,#1407,#2542,.T.);
#2542 = LINE('',#2543,#2544);
#2543 = CARTESIAN_POINT('',(5.,-1.,1.));
#2544 = VECTOR('',#2545,1.);
#2545 = DIRECTION('',(-0.587785252293,0.809016994375,-0.));
#2546 = ORIENTED_EDGE('',*,*,#1406,.T.);
#2547 = ORIENTED_EDGE('',*,*,#2493,.F.);
#2548 = ORIENTED_EDGE('',*,*,#714,.F.);
#2549 = ORIENTED_EDGE('',*,*,#2550,.T.);
#2550 = EDGE_CURVE('',#707,#537,#2551,.T.);
#2551 = LINE('',#2552,#2553);
#2552 = CARTESIAN_POINT('',(4.6,-1.129967878493,1.));
#2553 = VECTOR('',#2554,1.);
#2554 = DIRECTION('',(0.587785252293,-0.809016994375,0.));
#2555 = ORIENTED_EDGE('',*,*,#544,.T.);
#2556 = ORIENTED_EDGE('',*,*,#2557,.T.);
#2557 = EDGE_CURVE('',#545,#2508,#2558,.T.);
#2558 = CIRCLE('',#2559,0.2);
#2559 = AXIS2_PLACEMENT_3D('',#2560,#2561,#2562);
#2560 = CARTESIAN_POINT('',(5.1,-2.158419162069,1.));
#2561 = DIRECTION('',(0.,0.,-1.));
#2562 = DIRECTION('',(1.,0.,0.));
#2563 = PLANE('',#2564);
#2564 = AXIS2_PLACEMENT_3D('',#2565,#2566,#2567);
#2565 = CARTESIAN_POINT('',(-5.,-1.893321564594E-14,1.));
#2566 = DIRECTION('',(-7.885106708985E-17,-2.735695943732E-31,-1.));
#2567 = DIRECTION('',(-1.,0.,7.885106708985E-17));
#2568 = ADVANCED_FACE('',(#2569),#2633,.F.);
#2569 = FACE_BOUND('',#2570,.T.);
#2570 = EDGE_LOOP('',(#2571,#2579,#2587,#2595,#2602,#2603,#2609,#2610,
    #2616,#2617,#2625,#2632));
#2571 = ORIENTED_EDGE('',*,*,#2572,.T.);
#2572 = EDGE_CURVE('',#495,#2573,#2575,.T.);
#2573 = VERTEX_POINT('',#2574);
#2574 = CARTESIAN_POINT('',(5.421392305499,-2.89249068033,-1.));
#2575 = LINE('',#2576,#2577);
#2576 = CARTESIAN_POINT('',(5.001360360629,-3.8,-1.));
#2577 = VECTOR('',#2578,1.);
#2578 = DIRECTION('',(-0.420031944871,-0.90750931967,3.311996706488E-17)
  );
#2579 = ORIENTED_EDGE('',*,*,#2580,.T.);
#2580 = EDGE_CURVE('',#2573,#2581,#2583,.T.);
#2581 = VERTEX_POINT('',#2582);
#2582 = CARTESIAN_POINT('',(5.058388577631,-2.724477902382,-1.));
#2583 = LINE('',#2584,#2585);
#2584 = CARTESIAN_POINT('',(5.058388577631,-2.724477902382,-1.));
#2585 = VECTOR('',#2586,1.);
#2586 = DIRECTION('',(-0.90750931967,0.420031944871,7.155807824998E-17)
  );
#2587 = ORIENTED_EDGE('',*,*,#2588,.T.);
#2588 = EDGE_CURVE('',#2581,#2589,#2591,.T.);
#2589 = VERTEX_POINT('',#2590);
#2590 = CARTESIAN_POINT('',(5.281501863934,-2.242425551043,-1.));
#2591 = LINE('',#2592,#2593);
#2592 = CARTESIAN_POINT('',(4.638356632761,-3.631987222052,-1.));
#2593 = VECTOR('',#2594,1.);
#2594 = DIRECTION('',(0.420031944871,0.90750931967,-3.311996706488E-17)
  );
#2595 = ORIENTED_EDGE('',*,*,#2596,.T.);
#2596 = EDGE_CURVE('',#2589,#554,#2597,.T.);
#2597 = CIRCLE('',#2598,0.2);
#2598 = AXIS2_PLACEMENT_3D('',#2599,#2600,#2601);
#2599 = CARTESIAN_POINT('',(5.1,-2.158419162069,-1.));
#2600 = DIRECTION('',(7.885106708985E-17,2.735695943732E-31,1.));
#2601 = DIRECTION('',(1.,-2.157125443966E-47,-7.885106708985E-17));
#2602 = ORIENTED_EDGE('',*,*,#561,.T.);
#2603 = ORIENTED_EDGE('',*,*,#2604,.T.);
#2604 = EDGE_CURVE('',#535,#699,#2605,.T.);
#2605 = LINE('',#2606,#2607);
#2606 = CARTESIAN_POINT('',(4.6,-1.129967878493,-1.));
#2607 = VECTOR('',#2608,1.);
#2608 = DIRECTION('',(-0.587785252293,0.809016994375,4.634749436295E-17)
  );
#2609 = ORIENTED_EDGE('',*,*,#698,.F.);
#2610 = ORIENTED_EDGE('',*,*,#2611,.T.);
#2611 = EDGE_CURVE('',#691,#1423,#2612,.T.);
#2612 = LINE('',#2613,#2614);
#2613 = CARTESIAN_POINT('',(-5.,0.5,-1.));
#2614 = VECTOR('',#2615,1.);
#2615 = DIRECTION('',(1.,3.523657060578E-15,-7.885106708985E-17));
#2616 = ORIENTED_EDGE('',*,*,#1422,.T.);
#2617 = ORIENTED_EDGE('',*,*,#2618,.T.);
#2618 = EDGE_CURVE('',#1415,#2619,#2621,.T.);
#2619 = VERTEX_POINT('',#2620);
#2620 = CARTESIAN_POINT('',(5.585410196625,-1.805748010694,-1.));
#2621 = LINE('',#2622,#2623);
#2622 = CARTESIAN_POINT('',(5.,-1.,-1.));
#2623 = VECTOR('',#2624,1.);
#2624 = DIRECTION('',(0.587785252293,-0.809016994375,-4.634749436295E-17
    ));
#2625 = ORIENTED_EDGE('',*,*,#2626,.T.);
#2626 = EDGE_CURVE('',#2619,#493,#2627,.T.);
#2627 = CIRCLE('',#2628,0.6);
#2628 = AXIS2_PLACEMENT_3D('',#2629,#2630,#2631);
#2629 = CARTESIAN_POINT('',(5.1,-2.158419162069,-1.));
#2630 = DIRECTION('',(-7.885106708985E-17,-2.735695943732E-31,-1.));
#2631 = DIRECTION('',(1.,-2.157125443966E-47,-7.885106708985E-17));
#2632 = ORIENTED_EDGE('',*,*,#492,.T.);
#2633 = PLANE('',#2634);
#2634 = AXIS2_PLACEMENT_3D('',#2635,#2636,#2637);
#2635 = CARTESIAN_POINT('',(-5.,-1.893321564594E-14,-1.));
#2636 = DIRECTION('',(7.885106708985E-17,2.735695943732E-31,1.));
#2637 = DIRECTION('',(1.,0.,-7.885106708985E-17));
#2638 = ADVANCED_FACE('',(#2639),#2650,.F.);
#2639 = FACE_BOUND('',#2640,.T.);
#2640 = EDGE_LOOP('',(#2641,#2642,#2643,#2644));
#2641 = ORIENTED_EDGE('',*,*,#1430,.T.);
#2642 = ORIENTED_EDGE('',*,*,#2611,.F.);
#2643 = ORIENTED_EDGE('',*,*,#690,.F.);
#2644 = ORIENTED_EDGE('',*,*,#2645,.T.);
#2645 = EDGE_CURVE('',#683,#1431,#2646,.T.);
#2646 = LINE('',#2647,#2648);
#2647 = CARTESIAN_POINT('',(-5.,0.5,-2.));
#2648 = VECTOR('',#2649,1.);
#2649 = DIRECTION('',(1.,3.523657060578E-15,-7.885106708985E-17));
#2650 = PLANE('',#2651);
#2651 = AXIS2_PLACEMENT_3D('',#2652,#2653,#2654);
#2652 = CARTESIAN_POINT('',(-5.,0.5,-2.));
#2653 = DIRECTION('',(-3.523657060578E-15,1.,-2.168404344971E-16));
#2654 = DIRECTION('',(-1.,-3.523657060578E-15,0.));
#2655 = ADVANCED_FACE('',(#2656),#2662,.F.);
#2656 = FACE_BOUND('',#2657,.T.);
#2657 = EDGE_LOOP('',(#2658,#2659,#2660,#2661));
#2658 = ORIENTED_EDGE('',*,*,#1438,.T.);
#2659 = ORIENTED_EDGE('',*,*,#2645,.F.);
#2660 = ORIENTED_EDGE('',*,*,#682,.F.);
#2661 = ORIENTED_EDGE('',*,*,#1253,.T.);
#2662 = PLANE('',#2663);
#2663 = AXIS2_PLACEMENT_3D('',#2664,#2665,#2666);
#2664 = CARTESIAN_POINT('',(-5.,-1.914823985286E-14,-2.));
#2665 = DIRECTION('',(-7.885106708985E-17,-2.735695943732E-31,-1.));
#2666 = DIRECTION('',(-1.,0.,7.885106708985E-17));
#2667 = ADVANCED_FACE('',(#2668),#2679,.F.);
#2668 = FACE_BOUND('',#2669,.T.);
#2669 = EDGE_LOOP('',(#2670,#2671,#2672,#2673));
#2670 = ORIENTED_EDGE('',*,*,#1343,.T.);
#2671 = ORIENTED_EDGE('',*,*,#1229,.F.);
#2672 = ORIENTED_EDGE('',*,*,#594,.F.);
#2673 = ORIENTED_EDGE('',*,*,#2674,.T.);
#2674 = EDGE_CURVE('',#587,#1344,#2675,.T.);
#2675 = LINE('',#2676,#2677);
#2676 = CARTESIAN_POINT('',(-5.,2.6,4.8));
#2677 = VECTOR('',#2678,1.);
#2678 = DIRECTION('',(1.,3.523657060578E-15,-7.885106708985E-17));
#2679 = PLANE('',#2680);
#2680 = AXIS2_PLACEMENT_3D('',#2681,#2682,#2683);
#2681 = CARTESIAN_POINT('',(-5.,2.6,4.8));
#2682 = DIRECTION('',(-3.523657060578E-15,1.,0.));
#2683 = DIRECTION('',(-1.,-3.523657060578E-15,0.));
#2684 = ADVANCED_FACE('',(#2685),#2721,.F.);
#2685 = FACE_BOUND('',#2686,.T.);
#2686 = EDGE_LOOP('',(#2687,#2695,#2703,#2711,#2718,#2719,#2720));
#2687 = ORIENTED_EDGE('',*,*,#2688,.T.);
#2688 = EDGE_CURVE('',#577,#2689,#2691,.T.);
#2689 = VERTEX_POINT('',#2690);
#2690 = CARTESIAN_POINT('',(3.1,2.4,4.8));
#2691 = LINE('',#2692,#2693);
#2692 = CARTESIAN_POINT('',(5.,2.4,4.8));
#2693 = VECTOR('',#2694,1.);
#2694 = DIRECTION('',(-1.,-3.642919299551E-15,-3.469446951954E-16));
#2695 = ORIENTED_EDGE('',*,*,#2696,.T.);
#2696 = EDGE_CURVE('',#2689,#2697,#2699,.T.);
#2697 = VERTEX_POINT('',#2698);
#2698 = CARTESIAN_POINT('',(3.1,2.,4.8));
#2699 = LINE('',#2700,#2701);
#2700 = CARTESIAN_POINT('',(3.1,2.,4.8));
#2701 = VECTOR('',#2702,1.);
#2702 = DIRECTION('',(3.523657060578E-15,-1.,-4.986945730761E-32));
#2703 = ORIENTED_EDGE('',*,*,#2704,.T.);
#2704 = EDGE_CURVE('',#2697,#2705,#2707,.T.);
#2705 = VERTEX_POINT('',#2706);
#2706 = CARTESIAN_POINT('',(4.6,2.,4.8));
#2707 = LINE('',#2708,#2709);
#2708 = CARTESIAN_POINT('',(-5.,2.,4.8));
#2709 = VECTOR('',#2710,1.);
#2710 = DIRECTION('',(1.,3.523657060578E-15,-7.885106708985E-17));
#2711 = ORIENTED_EDGE('',*,*,#2712,.T.);
#2712 = EDGE_CURVE('',#2705,#1352,#2713,.T.);
#2713 = CIRCLE('',#2714,0.4);
#2714 = AXIS2_PLACEMENT_3D('',#2715,#2716,#2717);
#2715 = CARTESIAN_POINT('',(4.6,2.4,4.8));
#2716 = DIRECTION('',(7.885106708985E-17,2.279746619777E-31,1.));
#2717 = DIRECTION('',(-1.,1.797604536639E-47,7.885106708985E-17));
#2718 = ORIENTED_EDGE('',*,*,#1351,.T.);
#2719 = ORIENTED_EDGE('',*,*,#2674,.F.);
#2720 = ORIENTED_EDGE('',*,*,#586,.F.);
#2721 = PLANE('',#2722);
#2722 = AXIS2_PLACEMENT_3D('',#2723,#2724,#2725);
#2723 = CARTESIAN_POINT('',(-5.,2.,4.8));
#2724 = DIRECTION('',(-7.885106708985E-17,-2.279746619777E-31,-1.));
#2725 = DIRECTION('',(-1.,0.,7.885106708985E-17));
#2726 = ADVANCED_FACE('',(#2727),#2762,.F.);
#2727 = FACE_BOUND('',#2728,.T.);
#2728 = EDGE_LOOP('',(#2729,#2738,#2747,#2755,#2761));
#2729 = ORIENTED_EDGE('',*,*,#2730,.T.);
#2730 = EDGE_CURVE('',#2697,#2731,#2733,.T.);
#2731 = VERTEX_POINT('',#2732);
#2732 = CARTESIAN_POINT('',(2.5,2.,4.2));
#2733 = CIRCLE('',#2734,0.6);
#2734 = AXIS2_PLACEMENT_3D('',#2735,#2736,#2737);
#2735 = CARTESIAN_POINT('',(3.1,2.,4.2));
#2736 = DIRECTION('',(3.523657060578E-15,-1.,-0.));
#2737 = DIRECTION('',(-1.,-3.523657060578E-15,0.));
#2738 = ORIENTED_EDGE('',*,*,#2739,.T.);
#2739 = EDGE_CURVE('',#2731,#2740,#2742,.T.);
#2740 = VERTEX_POINT('',#2741);
#2741 = CARTESIAN_POINT('',(3.1,2.,3.6));
#2742 = CIRCLE('',#2743,0.6);
#2743 = AXIS2_PLACEMENT_3D('',#2744,#2745,#2746);
#2744 = CARTESIAN_POINT('',(3.1,2.,4.2));
#2745 = DIRECTION('',(3.523657060578E-15,-1.,-0.));
#2746 = DIRECTION('',(-1.,-3.523657060578E-15,0.));
#2747 = ORIENTED_EDGE('',*,*,#2748,.T.);
#2748 = EDGE_CURVE('',#2740,#2749,#2751,.T.);
#2749 = VERTEX_POINT('',#2750);
#2750 = CARTESIAN_POINT('',(4.6,2.,3.6));
#2751 = LINE('',#2752,#2753);
#2752 = CARTESIAN_POINT('',(-5.,2.,3.6));
#2753 = VECTOR('',#2754,1.);
#2754 = DIRECTION('',(1.,3.523657060578E-15,-7.885106708985E-17));
#2755 = ORIENTED_EDGE('',*,*,#2756,.T.);
#2756 = EDGE_CURVE('',#2749,#2705,#2757,.T.);
#2757 = LINE('',#2758,#2759);
#2758 = CARTESIAN_POINT('',(4.6,2.,4.8));
#2759 = VECTOR('',#2760,1.);
#2760 = DIRECTION('',(7.885106708985E-17,2.778441192853E-31,1.));
#2761 = ORIENTED_EDGE('',*,*,#2704,.F.);
#2762 = PLANE('',#2763);
#2763 = AXIS2_PLACEMENT_3D('',#2764,#2765,#2766);
#2764 = CARTESIAN_POINT('',(-5.,2.,3.6));
#2765 = DIRECTION('',(-3.523657060578E-15,1.,0.));
#2766 = DIRECTION('',(-1.,-3.523657060578E-15,0.));
#2767 = ADVANCED_FACE('',(#2768),#2800,.F.);
#2768 = FACE_BOUND('',#2769,.T.);
#2769 = EDGE_LOOP('',(#2770,#2771,#2779,#2785,#2786,#2792,#2793));
#2770 = ORIENTED_EDGE('',*,*,#2748,.F.);
#2771 = ORIENTED_EDGE('',*,*,#2772,.T.);
#2772 = EDGE_CURVE('',#2740,#2773,#2775,.T.);
#2773 = VERTEX_POINT('',#2774);
#2774 = CARTESIAN_POINT('',(3.1,2.4,3.6));
#2775 = LINE('',#2776,#2777);
#2776 = CARTESIAN_POINT('',(3.1,2.4,3.6));
#2777 = VECTOR('',#2778,1.);
#2778 = DIRECTION('',(-3.523657060578E-15,1.,4.986945730761E-32));
#2779 = ORIENTED_EDGE('',*,*,#2780,.T.);
#2780 = EDGE_CURVE('',#2773,#579,#2781,.T.);
#2781 = LINE('',#2782,#2783);
#2782 = CARTESIAN_POINT('',(5.,2.4,3.6));
#2783 = VECTOR('',#2784,1.);
#2784 = DIRECTION('',(1.,3.642919299551E-15,-1.734723475977E-16));
#2785 = ORIENTED_EDGE('',*,*,#762,.F.);
#2786 = ORIENTED_EDGE('',*,*,#2787,.T.);
#2787 = EDGE_CURVE('',#755,#1368,#2788,.T.);
#2788 = LINE('',#2789,#2790);
#2789 = CARTESIAN_POINT('',(-5.,2.6,3.6));
#2790 = VECTOR('',#2791,1.);
#2791 = DIRECTION('',(1.,3.523657060578E-15,-7.885106708985E-17));
#2792 = ORIENTED_EDGE('',*,*,#1367,.T.);
#2793 = ORIENTED_EDGE('',*,*,#2794,.T.);
#2794 = EDGE_CURVE('',#1360,#2749,#2795,.T.);
#2795 = CIRCLE('',#2796,0.4);
#2796 = AXIS2_PLACEMENT_3D('',#2797,#2798,#2799);
#2797 = CARTESIAN_POINT('',(4.6,2.4,3.6));
#2798 = DIRECTION('',(-7.885106708985E-17,-2.279746619777E-31,-1.));
#2799 = DIRECTION('',(1.,-1.797604536639E-47,-7.885106708985E-17));
#2800 = PLANE('',#2801);
#2801 = AXIS2_PLACEMENT_3D('',#2802,#2803,#2804);
#2802 = CARTESIAN_POINT('',(-5.,2.6,3.6));
#2803 = DIRECTION('',(7.885106708985E-17,2.279746619777E-31,1.));
#2804 = DIRECTION('',(1.,0.,-7.885106708985E-17));
#2805 = ADVANCED_FACE('',(#2806),#2817,.F.);
#2806 = FACE_BOUND('',#2807,.T.);
#2807 = EDGE_LOOP('',(#2808,#2809,#2810,#2811));
#2808 = ORIENTED_EDGE('',*,*,#1375,.T.);
#2809 = ORIENTED_EDGE('',*,*,#2787,.F.);
#2810 = ORIENTED_EDGE('',*,*,#754,.F.);
#2811 = ORIENTED_EDGE('',*,*,#2812,.T.);
#2812 = EDGE_CURVE('',#747,#1376,#2813,.T.);
#2813 = LINE('',#2814,#2815);
#2814 = CARTESIAN_POINT('',(-5.,2.6,3.));
#2815 = VECTOR('',#2816,1.);
#2816 = DIRECTION('',(1.,3.523657060578E-15,-7.885106708985E-17));
#2817 = PLANE('',#2818);
#2818 = AXIS2_PLACEMENT_3D('',#2819,#2820,#2821);
#2819 = CARTESIAN_POINT('',(-5.,2.6,3.));
#2820 = DIRECTION('',(-3.523657060578E-15,1.,-7.228014483237E-16));
#2821 = DIRECTION('',(-1.,-3.523657060578E-15,0.));
#2822 = ADVANCED_FACE('',(#2823),#2829,.F.);
#2823 = FACE_BOUND('',#2824,.T.);
#2824 = EDGE_LOOP('',(#2825,#2826,#2827,#2828));
#2825 = ORIENTED_EDGE('',*,*,#1383,.T.);
#2826 = ORIENTED_EDGE('',*,*,#2812,.F.);
#2827 = ORIENTED_EDGE('',*,*,#746,.F.);
#2828 = ORIENTED_EDGE('',*,*,#976,.T.);
#2829 = PLANE('',#2830);
#2830 = AXIS2_PLACEMENT_3D('',#2831,#2832,#2833);
#2831 = CARTESIAN_POINT('',(-5.,-1.91797099718E-14,3.));
#2832 = DIRECTION('',(-7.885106708985E-17,-3.336006684571E-16,-1.));
#2833 = DIRECTION('',(0.,1.,-3.336006684571E-16));
#2834 = ADVANCED_FACE('',(#2835),#2861,.T.);
#2835 = FACE_BOUND('',#2836,.T.);
#2836 = EDGE_LOOP('',(#2837,#2838,#2847,#2854,#2855));
#2837 = ORIENTED_EDGE('',*,*,#2588,.F.);
#2838 = ORIENTED_EDGE('',*,*,#2839,.T.);
#2839 = EDGE_CURVE('',#2581,#2840,#2842,.T.);
#2840 = VERTEX_POINT('',#2841);
#2841 = CARTESIAN_POINT('',(4.638356632761,-3.631987222052,0.));
#2842 = CIRCLE('',#2843,1.);
#2843 = AXIS2_PLACEMENT_3D('',#2844,#2845,#2846);
#2844 = CARTESIAN_POINT('',(5.058388577631,-2.724477902382,
    -3.594338035564E-16));
#2845 = DIRECTION('',(-0.90750931967,0.420031944871,0.));
#2846 = DIRECTION('',(-0.420031944871,-0.90750931967,0.));
#2847 = ORIENTED_EDGE('',*,*,#2848,.T.);
#2848 = EDGE_CURVE('',#2840,#2510,#2849,.T.);
#2849 = CIRCLE('',#2850,1.);
#2850 = AXIS2_PLACEMENT_3D('',#2851,#2852,#2853);
#2851 = CARTESIAN_POINT('',(5.058388577631,-2.724477902382,
    -3.594338035564E-16));
#2852 = DIRECTION('',(-0.90750931967,0.420031944871,0.));
#2853 = DIRECTION('',(-0.420031944871,-0.90750931967,0.));
#2854 = ORIENTED_EDGE('',*,*,#2507,.F.);
#2855 = ORIENTED_EDGE('',*,*,#2856,.F.);
#2856 = EDGE_CURVE('',#2589,#2508,#2857,.T.);
#2857 = LINE('',#2858,#2859);
#2858 = CARTESIAN_POINT('',(5.281501863934,-2.242425551043,
    -5.438468204234));
#2859 = VECTOR('',#2860,1.);
#2860 = DIRECTION('',(0.,0.,1.));
#2861 = PLANE('',#2862);
#2862 = AXIS2_PLACEMENT_3D('',#2863,#2864,#2865);
#2863 = CARTESIAN_POINT('',(4.638356632761,-3.631987222052,
    -5.438468204234));
#2864 = DIRECTION('',(-0.90750931967,0.420031944871,0.));
#2865 = DIRECTION('',(-0.420031944871,-0.90750931967,0.));
#2866 = ADVANCED_FACE('',(#2867),#2873,.F.);
#2867 = FACE_BOUND('',#2868,.F.);
#2868 = EDGE_LOOP('',(#2869,#2870,#2871,#2872));
#2869 = ORIENTED_EDGE('',*,*,#2557,.T.);
#2870 = ORIENTED_EDGE('',*,*,#2856,.F.);
#2871 = ORIENTED_EDGE('',*,*,#2596,.T.);
#2872 = ORIENTED_EDGE('',*,*,#553,.T.);
#2873 = CYLINDRICAL_SURFACE('',#2874,0.2);
#2874 = AXIS2_PLACEMENT_3D('',#2875,#2876,#2877);
#2875 = CARTESIAN_POINT('',(5.1,-2.158419162069,-5.438468204234));
#2876 = DIRECTION('',(0.,0.,1.));
#2877 = DIRECTION('',(1.,0.,-0.));
#2878 = ADVANCED_FACE('',(#2879),#2885,.T.);
#2879 = FACE_BOUND('',#2880,.T.);
#2880 = EDGE_LOOP('',(#2881,#2882,#2883,#2884));
#2881 = ORIENTED_EDGE('',*,*,#2604,.F.);
#2882 = ORIENTED_EDGE('',*,*,#534,.T.);
#2883 = ORIENTED_EDGE('',*,*,#2550,.F.);
#2884 = ORIENTED_EDGE('',*,*,#706,.F.);
#2885 = PLANE('',#2886);
#2886 = AXIS2_PLACEMENT_3D('',#2887,#2888,#2889);
#2887 = CARTESIAN_POINT('',(4.6,-1.129967878493,-5.438468204234));
#2888 = DIRECTION('',(-0.809016994375,-0.587785252293,0.));
#2889 = DIRECTION('',(0.587785252293,-0.809016994375,0.));
#2890 = ADVANCED_FACE('',(#2891),#2902,.T.);
#2891 = FACE_BOUND('',#2892,.T.);
#2892 = EDGE_LOOP('',(#2893,#2894,#2895,#2896));
#2893 = ORIENTED_EDGE('',*,*,#2618,.F.);
#2894 = ORIENTED_EDGE('',*,*,#1414,.T.);
#2895 = ORIENTED_EDGE('',*,*,#2541,.F.);
#2896 = ORIENTED_EDGE('',*,*,#2897,.F.);
#2897 = EDGE_CURVE('',#2619,#2533,#2898,.T.);
#2898 = LINE('',#2899,#2900);
#2899 = CARTESIAN_POINT('',(5.585410196625,-1.805748010694,
    -5.438468204234));
#2900 = VECTOR('',#2901,1.);
#2901 = DIRECTION('',(0.,0.,1.));
#2902 = PLANE('',#2903);
#2903 = AXIS2_PLACEMENT_3D('',#2904,#2905,#2906);
#2904 = CARTESIAN_POINT('',(5.,-1.,-5.438468204234));
#2905 = DIRECTION('',(0.809016994375,0.587785252293,-0.));
#2906 = DIRECTION('',(-0.587785252293,0.809016994375,0.));
#2907 = ADVANCED_FACE('',(#2908),#2914,.T.);
#2908 = FACE_BOUND('',#2909,.T.);
#2909 = EDGE_LOOP('',(#2910,#2911,#2912,#2913));
#2910 = ORIENTED_EDGE('',*,*,#503,.F.);
#2911 = ORIENTED_EDGE('',*,*,#2626,.F.);
#2912 = ORIENTED_EDGE('',*,*,#2897,.T.);
#2913 = ORIENTED_EDGE('',*,*,#2532,.F.);
#2914 = CYLINDRICAL_SURFACE('',#2915,0.6);
#2915 = AXIS2_PLACEMENT_3D('',#2916,#2917,#2918);
#2916 = CARTESIAN_POINT('',(5.1,-2.158419162069,-5.438468204234));
#2917 = DIRECTION('',(0.,0.,1.));
#2918 = DIRECTION('',(1.,0.,-0.));
#2919 = ADVANCED_FACE('',(#2920),#2941,.T.);
#2920 = FACE_BOUND('',#2921,.T.);
#2921 = EDGE_LOOP('',(#2922,#2931,#2938,#2939,#2940));
#2922 = ORIENTED_EDGE('',*,*,#2923,.T.);
#2923 = EDGE_CURVE('',#2518,#2924,#2926,.T.);
#2924 = VERTEX_POINT('',#2925);
#2925 = CARTESIAN_POINT('',(5.001360360629,-3.8,0.));
#2926 = CIRCLE('',#2927,1.);
#2927 = AXIS2_PLACEMENT_3D('',#2928,#2929,#2930);
#2928 = CARTESIAN_POINT('',(5.421392305499,-2.89249068033,
    -3.880570348564E-16));
#2929 = DIRECTION('',(0.90750931967,-0.420031944871,0.));
#2930 = DIRECTION('',(0.420031944871,0.90750931967,0.));
#2931 = ORIENTED_EDGE('',*,*,#2932,.T.);
#2932 = EDGE_CURVE('',#2924,#2573,#2933,.T.);
#2933 = CIRCLE('',#2934,1.);
#2934 = AXIS2_PLACEMENT_3D('',#2935,#2936,#2937);
#2935 = CARTESIAN_POINT('',(5.421392305499,-2.89249068033,
    -3.880570348564E-16));
#2936 = DIRECTION('',(0.90750931967,-0.420031944871,0.));
#2937 = DIRECTION('',(0.420031944871,0.90750931967,0.));
#2938 = ORIENTED_EDGE('',*,*,#2572,.F.);
#2939 = ORIENTED_EDGE('',*,*,#520,.T.);
#2940 = ORIENTED_EDGE('',*,*,#2525,.F.);
#2941 = PLANE('',#2942);
#2942 = AXIS2_PLACEMENT_3D('',#2943,#2944,#2945);
#2943 = CARTESIAN_POINT('',(5.001360360629,-3.8,-5.438468204234));
#2944 = DIRECTION('',(0.90750931967,-0.420031944871,0.));
#2945 = DIRECTION('',(0.420031944871,0.90750931967,0.));
#2946 = ADVANCED_FACE('',(#2947),#2958,.T.);
#2947 = FACE_BOUND('',#2948,.T.);
#2948 = EDGE_LOOP('',(#2949,#2950,#2951,#2952));
#2949 = ORIENTED_EDGE('',*,*,#2116,.F.);
#2950 = ORIENTED_EDGE('',*,*,#842,.T.);
#2951 = ORIENTED_EDGE('',*,*,#1972,.F.);
#2952 = ORIENTED_EDGE('',*,*,#2953,.F.);
#2953 = EDGE_CURVE('',#2117,#1964,#2954,.T.);
#2954 = LINE('',#2955,#2956);
#2955 = CARTESIAN_POINT('',(-5.261803398875,-2.040862111611,
    -5.438468204234));
#2956 = VECTOR('',#2957,1.);
#2957 = DIRECTION('',(0.,0.,1.));
#2958 = PLANE('',#2959);
#2959 = AXIS2_PLACEMENT_3D('',#2960,#2961,#2962);
#2960 = CARTESIAN_POINT('',(-4.6,-1.129967878493,-5.438468204234));
#2961 = DIRECTION('',(0.809016994375,-0.587785252293,0.));
#2962 = DIRECTION('',(0.587785252293,0.809016994375,0.));
#2963 = ADVANCED_FACE('',(#2964),#2975,.F.);
#2964 = FACE_BOUND('',#2965,.F.);
#2965 = EDGE_LOOP('',(#2966,#2972,#2973,#2974));
#2966 = ORIENTED_EDGE('',*,*,#2967,.T.);
#2967 = EDGE_CURVE('',#2073,#1956,#2968,.T.);
#2968 = LINE('',#2969,#2970);
#2969 = CARTESIAN_POINT('',(-5.281501863934,-2.242425551043,
    -5.438468204234));
#2970 = VECTOR('',#2971,1.);
#2971 = DIRECTION('',(0.,0.,1.));
#2972 = ORIENTED_EDGE('',*,*,#1963,.T.);
#2973 = ORIENTED_EDGE('',*,*,#2953,.F.);
#2974 = ORIENTED_EDGE('',*,*,#2124,.T.);
#2975 = CYLINDRICAL_SURFACE('',#2976,0.2);
#2976 = AXIS2_PLACEMENT_3D('',#2977,#2978,#2979);
#2977 = CARTESIAN_POINT('',(-5.1,-2.158419162069,-5.438468204234));
#2978 = DIRECTION('',(0.,0.,1.));
#2979 = DIRECTION('',(1.,0.,-0.));
#2980 = ADVANCED_FACE('',(#2981),#3002,.T.);
#2981 = FACE_BOUND('',#2982,.T.);
#2982 = EDGE_LOOP('',(#2983,#2984,#2993,#3000,#3001));
#2983 = ORIENTED_EDGE('',*,*,#1955,.F.);
#2984 = ORIENTED_EDGE('',*,*,#2985,.T.);
#2985 = EDGE_CURVE('',#1948,#2986,#2988,.T.);
#2986 = VERTEX_POINT('',#2987);
#2987 = CARTESIAN_POINT('',(-4.638356632761,-3.631987222052,
    8.673617379884E-16));
#2988 = CIRCLE('',#2989,1.);
#2989 = AXIS2_PLACEMENT_3D('',#2990,#2991,#2992);
#2990 = CARTESIAN_POINT('',(-5.058388577631,-2.724477902382,
    4.382848706463E-16));
#2991 = DIRECTION('',(0.90750931967,0.420031944871,-0.));
#2992 = DIRECTION('',(-0.420031944871,0.90750931967,0.));
#2993 = ORIENTED_EDGE('',*,*,#2994,.T.);
#2994 = EDGE_CURVE('',#2986,#2075,#2995,.T.);
#2995 = CIRCLE('',#2996,1.);
#2996 = AXIS2_PLACEMENT_3D('',#2997,#2998,#2999);
#2997 = CARTESIAN_POINT('',(-5.058388577631,-2.724477902382,
    4.382848706463E-16));
#2998 = DIRECTION('',(0.90750931967,0.420031944871,-0.));
#2999 = DIRECTION('',(-0.420031944871,0.90750931967,0.));
#3000 = ORIENTED_EDGE('',*,*,#2072,.F.);
#3001 = ORIENTED_EDGE('',*,*,#2967,.T.);
#3002 = PLANE('',#3003);
#3003 = AXIS2_PLACEMENT_3D('',#3004,#3005,#3006);
#3004 = CARTESIAN_POINT('',(-4.638356632761,-3.631987222052,
    -5.438468204234));
#3005 = DIRECTION('',(0.90750931967,0.420031944871,-0.));
#3006 = DIRECTION('',(-0.420031944871,0.90750931967,0.));
#3007 = ADVANCED_FACE('',(#3008),#3034,.T.);
#3008 = FACE_BOUND('',#3009,.T.);
#3009 = EDGE_LOOP('',(#3010,#3019,#3026,#3027,#3033));
#3010 = ORIENTED_EDGE('',*,*,#3011,.T.);
#3011 = EDGE_CURVE('',#2083,#3012,#3014,.T.);
#3012 = VERTEX_POINT('',#3013);
#3013 = CARTESIAN_POINT('',(-5.001360360629,-3.8,8.673617379884E-16));
#3014 = CIRCLE('',#3015,1.);
#3015 = AXIS2_PLACEMENT_3D('',#3016,#3017,#3018);
#3016 = CARTESIAN_POINT('',(-5.421392305499,-2.89249068033,
    4.669081019463E-16));
#3017 = DIRECTION('',(-0.90750931967,-0.420031944871,0.));
#3018 = DIRECTION('',(0.420031944871,-0.90750931967,0.));
#3019 = ORIENTED_EDGE('',*,*,#3020,.T.);
#3020 = EDGE_CURVE('',#3012,#1940,#3021,.T.);
#3021 = CIRCLE('',#3022,1.);
#3022 = AXIS2_PLACEMENT_3D('',#3023,#3024,#3025);
#3023 = CARTESIAN_POINT('',(-5.421392305499,-2.89249068033,
    4.669081019463E-16));
#3024 = DIRECTION('',(-0.90750931967,-0.420031944871,0.));
#3025 = DIRECTION('',(0.420031944871,-0.90750931967,0.));
#3026 = ORIENTED_EDGE('',*,*,#1937,.F.);
#3027 = ORIENTED_EDGE('',*,*,#3028,.F.);
#3028 = EDGE_CURVE('',#2091,#1938,#3029,.T.);
#3029 = LINE('',#3030,#3031);
#3030 = CARTESIAN_POINT('',(-5.644505591802,-2.410438328992,
    -5.438468204234));
#3031 = VECTOR('',#3032,1.);
#3032 = DIRECTION('',(0.,0.,1.));
#3033 = ORIENTED_EDGE('',*,*,#2090,.F.);
#3034 = PLANE('',#3035);
#3035 = AXIS2_PLACEMENT_3D('',#3036,#3037,#3038);
#3036 = CARTESIAN_POINT('',(-5.001360360629,-3.8,-5.438468204234));
#3037 = DIRECTION('',(-0.90750931967,-0.420031944871,0.));
#3038 = DIRECTION('',(0.420031944871,-0.90750931967,0.));
#3039 = ADVANCED_FACE('',(#3040),#3051,.T.);
#3040 = FACE_BOUND('',#3041,.T.);
#3041 = EDGE_LOOP('',(#3042,#3043,#3044,#3045));
#3042 = ORIENTED_EDGE('',*,*,#2098,.F.);
#3043 = ORIENTED_EDGE('',*,*,#3028,.T.);
#3044 = ORIENTED_EDGE('',*,*,#1994,.F.);
#3045 = ORIENTED_EDGE('',*,*,#3046,.F.);
#3046 = EDGE_CURVE('',#2099,#1987,#3047,.T.);
#3047 = LINE('',#3048,#3049);
#3048 = CARTESIAN_POINT('',(-5.585410196625,-1.805748010694,
    -5.438468204234));
#3049 = VECTOR('',#3050,1.);
#3050 = DIRECTION('',(0.,0.,1.));
#3051 = CYLINDRICAL_SURFACE('',#3052,0.6);
#3052 = AXIS2_PLACEMENT_3D('',#3053,#3054,#3055);
#3053 = CARTESIAN_POINT('',(-5.1,-2.158419162069,-5.438468204234));
#3054 = DIRECTION('',(0.,0.,1.));
#3055 = DIRECTION('',(1.,0.,-0.));
#3056 = ADVANCED_FACE('',(#3057),#3063,.T.);
#3057 = FACE_BOUND('',#3058,.T.);
#3058 = EDGE_LOOP('',(#3059,#3060,#3061,#3062));
#3059 = ORIENTED_EDGE('',*,*,#2107,.F.);
#3060 = ORIENTED_EDGE('',*,*,#3046,.T.);
#3061 = ORIENTED_EDGE('',*,*,#1986,.F.);
#3062 = ORIENTED_EDGE('',*,*,#1717,.F.);
#3063 = PLANE('',#3064);
#3064 = AXIS2_PLACEMENT_3D('',#3065,#3066,#3067);
#3065 = CARTESIAN_POINT('',(-5.,-1.,-5.438468204234));
#3066 = DIRECTION('',(-0.809016994375,0.587785252293,0.));
#3067 = DIRECTION('',(-0.587785252293,-0.809016994375,0.));
#3068 = ADVANCED_FACE('',(#3069),#3080,.T.);
#3069 = FACE_BOUND('',#3070,.T.);
#3070 = EDGE_LOOP('',(#3071,#3077,#3078,#3079));
#3071 = ORIENTED_EDGE('',*,*,#3072,.F.);
#3072 = EDGE_CURVE('',#3012,#2986,#3073,.T.);
#3073 = LINE('',#3074,#3075);
#3074 = CARTESIAN_POINT('',(-4.638356632761,-3.631987222052,
    4.382848706463E-16));
#3075 = VECTOR('',#3076,1.);
#3076 = DIRECTION('',(0.90750931967,0.420031944871,-7.155807824998E-17)
  );
#3077 = ORIENTED_EDGE('',*,*,#3011,.F.);
#3078 = ORIENTED_EDGE('',*,*,#2082,.F.);
#3079 = ORIENTED_EDGE('',*,*,#2994,.F.);
#3080 = CYLINDRICAL_SURFACE('',#3081,1.);
#3081 = AXIS2_PLACEMENT_3D('',#3082,#3083,#3084);
#3082 = CARTESIAN_POINT('',(-3.971776911779,-2.221550162209,
    3.526043812816E-16));
#3083 = DIRECTION('',(0.90750931967,0.420031944871,-7.155807824998E-17)
  );
#3084 = DIRECTION('',(-0.420031944871,0.90750931967,3.08148791102E-33));
#3085 = ADVANCED_FACE('',(#3086),#3092,.T.);
#3086 = FACE_BOUND('',#3087,.T.);
#3087 = EDGE_LOOP('',(#3088,#3089,#3090,#3091));
#3088 = ORIENTED_EDGE('',*,*,#3020,.F.);
#3089 = ORIENTED_EDGE('',*,*,#3072,.T.);
#3090 = ORIENTED_EDGE('',*,*,#2985,.F.);
#3091 = ORIENTED_EDGE('',*,*,#1947,.F.);
#3092 = CYLINDRICAL_SURFACE('',#3093,1.);
#3093 = AXIS2_PLACEMENT_3D('',#3094,#3095,#3096);
#3094 = CARTESIAN_POINT('',(-3.971776911779,-2.221550162209,
    3.526043812816E-16));
#3095 = DIRECTION('',(-0.90750931967,-0.420031944871,7.155807824998E-17)
  );
#3096 = DIRECTION('',(0.420031944871,-0.90750931967,-3.08148791102E-33)
  );
#3097 = ADVANCED_FACE('',(#3098),#3109,.T.);
#3098 = FACE_BOUND('',#3099,.T.);
#3099 = EDGE_LOOP('',(#3100,#3106,#3107,#3108));
#3100 = ORIENTED_EDGE('',*,*,#3101,.F.);
#3101 = EDGE_CURVE('',#2924,#2840,#3102,.T.);
#3102 = LINE('',#3103,#3104);
#3103 = CARTESIAN_POINT('',(4.638356632761,-3.631987222052,
    -3.594338035564E-16));
#3104 = VECTOR('',#3105,1.);
#3105 = DIRECTION('',(-0.90750931967,0.420031944871,7.155807824998E-17)
  );
#3106 = ORIENTED_EDGE('',*,*,#2923,.F.);
#3107 = ORIENTED_EDGE('',*,*,#2517,.F.);
#3108 = ORIENTED_EDGE('',*,*,#2848,.F.);
#3109 = CYLINDRICAL_SURFACE('',#3110,1.);
#3110 = AXIS2_PLACEMENT_3D('',#3111,#3112,#3113);
#3111 = CARTESIAN_POINT('',(-4.263954741102,1.590278883084,
    3.756429149037E-16));
#3112 = DIRECTION('',(-0.90750931967,0.420031944871,7.155807824998E-17)
  );
#3113 = DIRECTION('',(-0.420031944871,-0.90750931967,6.162975822039E-33)
  );
#3114 = ADVANCED_FACE('',(#3115),#3121,.T.);
#3115 = FACE_BOUND('',#3116,.T.);
#3116 = EDGE_LOOP('',(#3117,#3118,#3119,#3120));
#3117 = ORIENTED_EDGE('',*,*,#2932,.F.);
#3118 = ORIENTED_EDGE('',*,*,#3101,.T.);
#3119 = ORIENTED_EDGE('',*,*,#2839,.F.);
#3120 = ORIENTED_EDGE('',*,*,#2580,.F.);
#3121 = CYLINDRICAL_SURFACE('',#3122,1.);
#3122 = AXIS2_PLACEMENT_3D('',#3123,#3124,#3125);
#3123 = CARTESIAN_POINT('',(-4.263954741102,1.590278883084,
    3.756429149037E-16));
#3124 = DIRECTION('',(0.90750931967,-0.420031944871,-7.155807824998E-17)
  );
#3125 = DIRECTION('',(0.420031944871,0.90750931967,-6.162975822039E-33)
  );
#3126 = ADVANCED_FACE('',(#3127),#3148,.F.);
#3127 = FACE_BOUND('',#3128,.T.);
#3128 = EDGE_LOOP('',(#3129,#3138,#3145,#3146,#3147));
#3129 = ORIENTED_EDGE('',*,*,#3130,.T.);
#3130 = EDGE_CURVE('',#2425,#3131,#3133,.T.);
#3131 = VERTEX_POINT('',#3132);
#3132 = CARTESIAN_POINT('',(2.5,2.4,-4.2));
#3133 = CIRCLE('',#3134,0.6);
#3134 = AXIS2_PLACEMENT_3D('',#3135,#3136,#3137);
#3135 = CARTESIAN_POINT('',(3.1,2.4,-4.2));
#3136 = DIRECTION('',(-3.642919299551E-15,1.,0.));
#3137 = DIRECTION('',(1.,3.642919299551E-15,0.));
#3138 = ORIENTED_EDGE('',*,*,#3139,.T.);
#3139 = EDGE_CURVE('',#3131,#2341,#3140,.T.);
#3140 = CIRCLE('',#3141,0.6);
#3141 = AXIS2_PLACEMENT_3D('',#3142,#3143,#3144);
#3142 = CARTESIAN_POINT('',(3.1,2.4,-4.2));
#3143 = DIRECTION('',(-3.642919299551E-15,1.,0.));
#3144 = DIRECTION('',(1.,3.642919299551E-15,0.));
#3145 = ORIENTED_EDGE('',*,*,#2340,.F.);
#3146 = ORIENTED_EDGE('',*,*,#642,.T.);
#3147 = ORIENTED_EDGE('',*,*,#2432,.F.);
#3148 = PLANE('',#3149);
#3149 = AXIS2_PLACEMENT_3D('',#3150,#3151,#3152);
#3150 = CARTESIAN_POINT('',(-8.695301423334E-15,2.4,1.018761770713E-30)
  );
#3151 = DIRECTION('',(3.642919299551E-15,-1.,0.));
#3152 = DIRECTION('',(1.,3.642919299551E-15,0.));
#3153 = ADVANCED_FACE('',(#3154),#3175,.F.);
#3154 = FACE_BOUND('',#3155,.T.);
#3155 = EDGE_LOOP('',(#3156,#3165,#3172,#3173,#3174));
#3156 = ORIENTED_EDGE('',*,*,#3157,.T.);
#3157 = EDGE_CURVE('',#1872,#3158,#3160,.T.);
#3158 = VERTEX_POINT('',#3159);
#3159 = CARTESIAN_POINT('',(-2.5,2.4,-4.2));
#3160 = CIRCLE('',#3161,0.6);
#3161 = AXIS2_PLACEMENT_3D('',#3162,#3163,#3164);
#3162 = CARTESIAN_POINT('',(-3.1,2.4,-4.2));
#3163 = DIRECTION('',(-3.642919299551E-15,1.,-1.316553672921E-30));
#3164 = DIRECTION('',(1.,3.642919299551E-15,-3.806427606332E-47));
#3165 = ORIENTED_EDGE('',*,*,#3166,.T.);
#3166 = EDGE_CURVE('',#3158,#1788,#3167,.T.);
#3167 = CIRCLE('',#3168,0.6);
#3168 = AXIS2_PLACEMENT_3D('',#3169,#3170,#3171);
#3169 = CARTESIAN_POINT('',(-3.1,2.4,-4.2));
#3170 = DIRECTION('',(-3.642919299551E-15,1.,-1.316553672921E-30));
#3171 = DIRECTION('',(1.,3.642919299551E-15,-1.445602896647E-15));
#3172 = ORIENTED_EDGE('',*,*,#1787,.F.);
#3173 = ORIENTED_EDGE('',*,*,#906,.T.);
#3174 = ORIENTED_EDGE('',*,*,#1879,.F.);
#3175 = PLANE('',#3176);
#3176 = AXIS2_PLACEMENT_3D('',#3177,#3178,#3179);
#3177 = CARTESIAN_POINT('',(-8.695301423334E-15,2.4,-1.614345575129E-30)
  );
#3178 = DIRECTION('',(3.642919299551E-15,-1.,1.316553672921E-30));
#3179 = DIRECTION('',(1.,3.642919299551E-15,0.));
#3180 = ADVANCED_FACE('',(#3181),#3202,.F.);
#3181 = FACE_BOUND('',#3182,.T.);
#3182 = EDGE_LOOP('',(#3183,#3192,#3199,#3200,#3201));
#3183 = ORIENTED_EDGE('',*,*,#3184,.T.);
#3184 = EDGE_CURVE('',#2258,#3185,#3187,.T.);
#3185 = VERTEX_POINT('',#3186);
#3186 = CARTESIAN_POINT('',(-2.5,2.4,4.2));
#3187 = CIRCLE('',#3188,0.6);
#3188 = AXIS2_PLACEMENT_3D('',#3189,#3190,#3191);
#3189 = CARTESIAN_POINT('',(-3.1,2.4,4.2));
#3190 = DIRECTION('',(-3.642919299551E-15,1.,0.));
#3191 = DIRECTION('',(1.,3.642919299551E-15,0.));
#3192 = ORIENTED_EDGE('',*,*,#3193,.T.);
#3193 = EDGE_CURVE('',#3185,#2174,#3194,.T.);
#3194 = CIRCLE('',#3195,0.6);
#3195 = AXIS2_PLACEMENT_3D('',#3196,#3197,#3198);
#3196 = CARTESIAN_POINT('',(-3.1,2.4,4.2));
#3197 = DIRECTION('',(-3.642919299551E-15,1.,0.));
#3198 = DIRECTION('',(1.,3.642919299551E-15,0.));
#3199 = ORIENTED_EDGE('',*,*,#2173,.F.);
#3200 = ORIENTED_EDGE('',*,*,#776,.T.);
#3201 = ORIENTED_EDGE('',*,*,#2265,.F.);
#3202 = PLANE('',#3203);
#3203 = AXIS2_PLACEMENT_3D('',#3204,#3205,#3206);
#3204 = CARTESIAN_POINT('',(-8.695301423334E-15,2.4,1.018761770713E-30)
  );
#3205 = DIRECTION('',(3.642919299551E-15,-1.,0.));
#3206 = DIRECTION('',(1.,3.642919299551E-15,0.));
#3207 = ADVANCED_FACE('',(#3208),#3229,.F.);
#3208 = FACE_BOUND('',#3209,.T.);
#3209 = EDGE_LOOP('',(#3210,#3211,#3220,#3227,#3228));
#3210 = ORIENTED_EDGE('',*,*,#2780,.F.);
#3211 = ORIENTED_EDGE('',*,*,#3212,.T.);
#3212 = EDGE_CURVE('',#2773,#3213,#3215,.T.);
#3213 = VERTEX_POINT('',#3214);
#3214 = CARTESIAN_POINT('',(2.5,2.4,4.2));
#3215 = CIRCLE('',#3216,0.6);
#3216 = AXIS2_PLACEMENT_3D('',#3217,#3218,#3219);
#3217 = CARTESIAN_POINT('',(3.1,2.4,4.2));
#3218 = DIRECTION('',(-3.642919299551E-15,1.,-1.316553672921E-30));
#3219 = DIRECTION('',(1.,3.642919299551E-15,-3.806427606332E-47));
#3220 = ORIENTED_EDGE('',*,*,#3221,.T.);
#3221 = EDGE_CURVE('',#3213,#2689,#3222,.T.);
#3222 = CIRCLE('',#3223,0.6);
#3223 = AXIS2_PLACEMENT_3D('',#3224,#3225,#3226);
#3224 = CARTESIAN_POINT('',(3.1,2.4,4.2));
#3225 = DIRECTION('',(-3.642919299551E-15,1.,-1.316553672921E-30));
#3226 = DIRECTION('',(1.,3.642919299551E-15,-3.806427606332E-47));
#3227 = ORIENTED_EDGE('',*,*,#2688,.F.);
#3228 = ORIENTED_EDGE('',*,*,#576,.T.);
#3229 = PLANE('',#3230);
#3230 = AXIS2_PLACEMENT_3D('',#3231,#3232,#3233);
#3231 = CARTESIAN_POINT('',(-8.695301423334E-15,2.4,-1.614345575129E-30)
  );
#3232 = DIRECTION('',(3.642919299551E-15,-1.,1.316553672921E-30));
#3233 = DIRECTION('',(1.,3.642919299551E-15,0.));
#3234 = ADVANCED_FACE('',(#3235),#3241,.T.);
#3235 = FACE_BOUND('',#3236,.T.);
#3236 = EDGE_LOOP('',(#3237,#3238,#3239,#3240));
#3237 = ORIENTED_EDGE('',*,*,#2446,.F.);
#3238 = ORIENTED_EDGE('',*,*,#1318,.F.);
#3239 = ORIENTED_EDGE('',*,*,#2364,.F.);
#3240 = ORIENTED_EDGE('',*,*,#2409,.F.);
#3241 = CYLINDRICAL_SURFACE('',#3242,0.4);
#3242 = AXIS2_PLACEMENT_3D('',#3243,#3244,#3245);
#3243 = CARTESIAN_POINT('',(4.6,2.4,-3.6));
#3244 = DIRECTION('',(-7.885106708985E-17,2.269060307496E-30,-1.));
#3245 = DIRECTION('',(-1.,-1.789178265373E-46,7.885106708985E-17));
#3246 = ADVANCED_FACE('',(#3247),#3253,.T.);
#3247 = FACE_BOUND('',#3248,.T.);
#3248 = EDGE_LOOP('',(#3249,#3250,#3251,#3252));
#3249 = ORIENTED_EDGE('',*,*,#2794,.F.);
#3250 = ORIENTED_EDGE('',*,*,#1359,.F.);
#3251 = ORIENTED_EDGE('',*,*,#2712,.F.);
#3252 = ORIENTED_EDGE('',*,*,#2756,.F.);
#3253 = CYLINDRICAL_SURFACE('',#3254,0.4);
#3254 = AXIS2_PLACEMENT_3D('',#3255,#3256,#3257);
#3255 = CARTESIAN_POINT('',(4.6,2.4,3.6));
#3256 = DIRECTION('',(-7.885106708985E-17,-2.778441192853E-31,-1.));
#3257 = DIRECTION('',(-1.,2.190830529028E-47,7.885106708985E-17));
#3258 = ADVANCED_FACE('',(#3259),#3265,.T.);
#3259 = FACE_BOUND('',#3260,.T.);
#3260 = EDGE_LOOP('',(#3261,#3262,#3263,#3264));
#3261 = ORIENTED_EDGE('',*,*,#2197,.F.);
#3262 = ORIENTED_EDGE('',*,*,#2242,.F.);
#3263 = ORIENTED_EDGE('',*,*,#2279,.F.);
#3264 = ORIENTED_EDGE('',*,*,#1621,.F.);
#3265 = CYLINDRICAL_SURFACE('',#3266,0.4);
#3266 = AXIS2_PLACEMENT_3D('',#3267,#3268,#3269);
#3267 = CARTESIAN_POINT('',(-4.6,2.4,1.08814472584E-15));
#3268 = DIRECTION('',(-2.365532012696E-16,-8.335323578558E-31,-1.));
#3269 = DIRECTION('',(-1.,3.889384548663E-62,2.365532012696E-16));
#3270 = ADVANCED_FACE('',(#3271),#3277,.T.);
#3271 = FACE_BOUND('',#3272,.T.);
#3272 = EDGE_LOOP('',(#3273,#3274,#3275,#3276));
#3273 = ORIENTED_EDGE('',*,*,#1811,.F.);
#3274 = ORIENTED_EDGE('',*,*,#1856,.F.);
#3275 = ORIENTED_EDGE('',*,*,#1893,.F.);
#3276 = ORIENTED_EDGE('',*,*,#1662,.F.);
#3277 = CYLINDRICAL_SURFACE('',#3278,0.4);
#3278 = AXIS2_PLACEMENT_3D('',#3279,#3280,#3281);
#3279 = CARTESIAN_POINT('',(-4.6,2.4,1.08814472584E-15));
#3280 = DIRECTION('',(-2.365532012696E-16,1.713372068926E-30,-1.));
#3281 = DIRECTION('',(-1.,-7.778769097326E-62,2.365532012696E-16));
#3282 = ADVANCED_FACE('',(#3283),#3294,.T.);
#3283 = FACE_BOUND('',#3284,.T.);
#3284 = EDGE_LOOP('',(#3285,#3286,#3287,#3293));
#3285 = ORIENTED_EDGE('',*,*,#2696,.F.);
#3286 = ORIENTED_EDGE('',*,*,#3221,.F.);
#3287 = ORIENTED_EDGE('',*,*,#3288,.F.);
#3288 = EDGE_CURVE('',#2731,#3213,#3289,.T.);
#3289 = LINE('',#3290,#3291);
#3290 = CARTESIAN_POINT('',(2.5,2.4,4.2));
#3291 = VECTOR('',#3292,1.);
#3292 = DIRECTION('',(-3.523657060578E-15,1.,4.986945730761E-32));
#3293 = ORIENTED_EDGE('',*,*,#2730,.F.);
#3294 = CYLINDRICAL_SURFACE('',#3295,0.6);
#3295 = AXIS2_PLACEMENT_3D('',#3296,#3297,#3298);
#3296 = CARTESIAN_POINT('',(3.1,2.,4.2));
#3297 = DIRECTION('',(-3.523657060578E-15,1.,4.986945730761E-32));
#3298 = DIRECTION('',(-1.,-3.523657060578E-15,4.505714496132E-48));
#3299 = ADVANCED_FACE('',(#3300),#3306,.T.);
#3300 = FACE_BOUND('',#3301,.T.);
#3301 = EDGE_LOOP('',(#3302,#3303,#3304,#3305));
#3302 = ORIENTED_EDGE('',*,*,#3212,.F.);
#3303 = ORIENTED_EDGE('',*,*,#2772,.F.);
#3304 = ORIENTED_EDGE('',*,*,#2739,.F.);
#3305 = ORIENTED_EDGE('',*,*,#3288,.T.);
#3306 = CYLINDRICAL_SURFACE('',#3307,0.6);
#3307 = AXIS2_PLACEMENT_3D('',#3308,#3309,#3310);
#3308 = CARTESIAN_POINT('',(3.1,2.4,4.2));
#3309 = DIRECTION('',(-3.523657060578E-15,1.,4.986945730761E-32));
#3310 = DIRECTION('',(-1.,-3.523657060578E-15,4.505714496132E-48));
#3311 = ADVANCED_FACE('',(#3312),#3323,.T.);
#3312 = FACE_BOUND('',#3313,.T.);
#3313 = EDGE_LOOP('',(#3314,#3320,#3321,#3322));
#3314 = ORIENTED_EDGE('',*,*,#3315,.F.);
#3315 = EDGE_CURVE('',#3185,#2217,#3316,.T.);
#3316 = LINE('',#3317,#3318);
#3317 = CARTESIAN_POINT('',(-2.5,2.,4.2));
#3318 = VECTOR('',#3319,1.);
#3319 = DIRECTION('',(3.523657060578E-15,-1.,-4.986945730761E-32));
#3320 = ORIENTED_EDGE('',*,*,#3184,.F.);
#3321 = ORIENTED_EDGE('',*,*,#2257,.F.);
#3322 = ORIENTED_EDGE('',*,*,#2225,.F.);
#3323 = CYLINDRICAL_SURFACE('',#3324,0.6);
#3324 = AXIS2_PLACEMENT_3D('',#3325,#3326,#3327);
#3325 = CARTESIAN_POINT('',(-3.1,2.4,4.2));
#3326 = DIRECTION('',(-3.523657060578E-15,1.,4.986945730761E-32));
#3327 = DIRECTION('',(-1.,-3.523657060578E-15,4.505714496132E-48));
#3328 = ADVANCED_FACE('',(#3329),#3335,.T.);
#3329 = FACE_BOUND('',#3330,.T.);
#3330 = EDGE_LOOP('',(#3331,#3332,#3333,#3334));
#3331 = ORIENTED_EDGE('',*,*,#3193,.F.);
#3332 = ORIENTED_EDGE('',*,*,#3315,.T.);
#3333 = ORIENTED_EDGE('',*,*,#2216,.F.);
#3334 = ORIENTED_EDGE('',*,*,#2181,.F.);
#3335 = CYLINDRICAL_SURFACE('',#3336,0.6);
#3336 = AXIS2_PLACEMENT_3D('',#3337,#3338,#3339);
#3337 = CARTESIAN_POINT('',(-3.1,2.6,4.2));
#3338 = DIRECTION('',(-3.523657060578E-15,1.,4.986945730761E-32));
#3339 = DIRECTION('',(-1.,-3.523657060578E-15,4.505714496132E-48));
#3340 = ADVANCED_FACE('',(#3341),#3352,.T.);
#3341 = FACE_BOUND('',#3342,.T.);
#3342 = EDGE_LOOP('',(#3343,#3349,#3350,#3351));
#3343 = ORIENTED_EDGE('',*,*,#3344,.F.);
#3344 = EDGE_CURVE('',#3158,#1831,#3345,.T.);
#3345 = LINE('',#3346,#3347);
#3346 = CARTESIAN_POINT('',(-2.5,2.,-4.2));
#3347 = VECTOR('',#3348,1.);
#3348 = DIRECTION('',(3.523657060578E-15,-1.,6.411787368121E-32));
#3349 = ORIENTED_EDGE('',*,*,#3157,.F.);
#3350 = ORIENTED_EDGE('',*,*,#1871,.F.);
#3351 = ORIENTED_EDGE('',*,*,#1839,.F.);
#3352 = CYLINDRICAL_SURFACE('',#3353,0.6);
#3353 = AXIS2_PLACEMENT_3D('',#3354,#3355,#3356);
#3354 = CARTESIAN_POINT('',(-3.1,2.4,-4.2));
#3355 = DIRECTION('',(-3.523657060578E-15,1.,-6.411787368121E-32));
#3356 = DIRECTION('',(-1.,-3.523657060578E-15,-5.793061495026E-48));
#3357 = ADVANCED_FACE('',(#3358),#3364,.T.);
#3358 = FACE_BOUND('',#3359,.T.);
#3359 = EDGE_LOOP('',(#3360,#3361,#3362,#3363));
#3360 = ORIENTED_EDGE('',*,*,#3166,.F.);
#3361 = ORIENTED_EDGE('',*,*,#3344,.T.);
#3362 = ORIENTED_EDGE('',*,*,#1830,.F.);
#3363 = ORIENTED_EDGE('',*,*,#1795,.F.);
#3364 = CYLINDRICAL_SURFACE('',#3365,0.6);
#3365 = AXIS2_PLACEMENT_3D('',#3366,#3367,#3368);
#3366 = CARTESIAN_POINT('',(-3.1,2.,-4.2));
#3367 = DIRECTION('',(-3.523657060578E-15,1.,4.986945730761E-32));
#3368 = DIRECTION('',(-1.,-3.523657060578E-15,4.505714496132E-48));
#3369 = ADVANCED_FACE('',(#3370),#3381,.T.);
#3370 = FACE_BOUND('',#3371,.T.);
#3371 = EDGE_LOOP('',(#3372,#3378,#3379,#3380));
#3372 = ORIENTED_EDGE('',*,*,#3373,.F.);
#3373 = EDGE_CURVE('',#3131,#2384,#3374,.T.);
#3374 = LINE('',#3375,#3376);
#3375 = CARTESIAN_POINT('',(2.5,2.,-4.2));
#3376 = VECTOR('',#3377,1.);
#3377 = DIRECTION('',(3.523657060578E-15,-1.,-4.986945730761E-32));
#3378 = ORIENTED_EDGE('',*,*,#3130,.F.);
#3379 = ORIENTED_EDGE('',*,*,#2424,.F.);
#3380 = ORIENTED_EDGE('',*,*,#2392,.F.);
#3381 = CYLINDRICAL_SURFACE('',#3382,0.6);
#3382 = AXIS2_PLACEMENT_3D('',#3383,#3384,#3385);
#3383 = CARTESIAN_POINT('',(3.1,2.4,-4.2));
#3384 = DIRECTION('',(-3.523657060578E-15,1.,4.986945730761E-32));
#3385 = DIRECTION('',(-1.,-3.523657060578E-15,4.505714496132E-48));
#3386 = ADVANCED_FACE('',(#3387),#3393,.T.);
#3387 = FACE_BOUND('',#3388,.T.);
#3388 = EDGE_LOOP('',(#3389,#3390,#3391,#3392));
#3389 = ORIENTED_EDGE('',*,*,#3139,.F.);
#3390 = ORIENTED_EDGE('',*,*,#3373,.T.);
#3391 = ORIENTED_EDGE('',*,*,#2383,.F.);
#3392 = ORIENTED_EDGE('',*,*,#2348,.F.);
#3393 = CYLINDRICAL_SURFACE('',#3394,0.6);
#3394 = AXIS2_PLACEMENT_3D('',#3395,#3396,#3397);
#3395 = CARTESIAN_POINT('',(3.1,2.6,-4.2));
#3396 = DIRECTION('',(-3.523657060578E-15,1.,-6.411787368121E-32));
#3397 = DIRECTION('',(-1.,-3.523657060578E-15,-5.793061495026E-48));
#3398 = ADVANCED_FACE('',(#3399),#3411,.T.);
#3399 = FACE_BOUND('',#3400,.T.);
#3400 = EDGE_LOOP('',(#3401,#3402,#3409,#3410));
#3401 = ORIENTED_EDGE('',*,*,#461,.F.);
#3402 = ORIENTED_EDGE('',*,*,#3403,.F.);
#3403 = EDGE_CURVE('',#453,#451,#3404,.T.);
#3404 = CIRCLE('',#3405,3.4);
#3405 = AXIS2_PLACEMENT_3D('',#3406,#3407,#3408);
#3406 = CARTESIAN_POINT('',(0.,7.9,0.));
#3407 = DIRECTION('',(0.,1.,0.));
#3408 = DIRECTION('',(0.,-0.,1.));
#3409 = ORIENTED_EDGE('',*,*,#478,.T.);
#3410 = ORIENTED_EDGE('',*,*,#1070,.T.);
#3411 = CYLINDRICAL_SURFACE('',#3412,3.4);
#3412 = AXIS2_PLACEMENT_3D('',#3413,#3414,#3415);
#3413 = CARTESIAN_POINT('',(0.,7.9,0.));
#3414 = DIRECTION('',(-0.,-1.,-0.));
#3415 = DIRECTION('',(0.,0.,-1.));
#3416 = ADVANCED_FACE('',(#3417,#3427),#3431,.T.);
#3417 = FACE_BOUND('',#3418,.T.);
#3418 = EDGE_LOOP('',(#3419,#3426));
#3419 = ORIENTED_EDGE('',*,*,#3420,.F.);
#3420 = EDGE_CURVE('',#411,#419,#3421,.T.);
#3421 = CIRCLE('',#3422,3.05);
#3422 = AXIS2_PLACEMENT_3D('',#3423,#3424,#3425);
#3423 = CARTESIAN_POINT('',(0.,7.9,0.));
#3424 = DIRECTION('',(0.,1.,0.));
#3425 = DIRECTION('',(0.,-0.,1.));
#3426 = ORIENTED_EDGE('',*,*,#418,.F.);
#3427 = FACE_BOUND('',#3428,.T.);
#3428 = EDGE_LOOP('',(#3429,#3430));
#3429 = ORIENTED_EDGE('',*,*,#3403,.T.);
#3430 = ORIENTED_EDGE('',*,*,#450,.T.);
#3431 = PLANE('',#3432);
#3432 = AXIS2_PLACEMENT_3D('',#3433,#3434,#3435);
#3433 = CARTESIAN_POINT('',(0.,7.9,0.));
#3434 = DIRECTION('',(0.,1.,0.));
#3435 = DIRECTION('',(0.,-0.,1.));
#3436 = ADVANCED_FACE('',(#3437),#3443,.F.);
#3437 = FACE_BOUND('',#3438,.F.);
#3438 = EDGE_LOOP('',(#3439,#3440,#3441,#3442));
#3439 = ORIENTED_EDGE('',*,*,#3420,.F.);
#3440 = ORIENTED_EDGE('',*,*,#408,.F.);
#3441 = ORIENTED_EDGE('',*,*,#1038,.T.);
#3442 = ORIENTED_EDGE('',*,*,#427,.T.);
#3443 = CYLINDRICAL_SURFACE('',#3444,3.05);
#3444 = AXIS2_PLACEMENT_3D('',#3445,#3446,#3447);
#3445 = CARTESIAN_POINT('',(0.,-2.226702730476,0.));
#3446 = DIRECTION('',(-0.,1.,-0.));
#3447 = DIRECTION('',(0.,0.,1.));
#3448 = ( GEOMETRIC_REPRESENTATION_CONTEXT(3) 
GLOBAL_UNCERTAINTY_ASSIGNED_CONTEXT((#3452)) 
GLOBAL_UNIT_ASSIGNED_CONTEXT((#3449,#3450,#3451)) REPRESENTATION_CONTEXT
('Context #1','3D Context with UNIT and UNCERTAINTY') );
#3449 = ( LENGTH_UNIT() NAMED_UNIT(*) SI_UNIT(.MILLI.,.METRE.) );
#3450 = ( NAMED_UNIT(*) PLANE_ANGLE_UNIT() SI_UNIT($,.RADIAN.) );
#3451 = ( NAMED_UNIT(*) SI_UNIT($,.STERADIAN.) SOLID_ANGLE_UNIT() );
#3452 = UNCERTAINTY_MEASURE_WITH_UNIT(LENGTH_MEASURE(1.E-07),#3449,
  'distance_accuracy_value','confusion accuracy');
#3453 = CONTEXT_DEPENDENT_SHAPE_REPRESENTATION(#3454,#3456);
#3454 = ( REPRESENTATION_RELATIONSHIP('','',#401,#32) 
REPRESENTATION_RELATIONSHIP_WITH_TRANSFORMATION(#3455) 
SHAPE_REPRESENTATION_RELATIONSHIP() );
#3455 = ITEM_DEFINED_TRANSFORMATION('','',#11,#41);
#3456 = PRODUCT_DEFINITION_SHAPE('Placement','Placement of an item',
  #3457);
#3457 = NEXT_ASSEMBLY_USAGE_OCCURRENCE('3','PTV09A-4025F-B105','',#27,
  #396,$);
#3458 = PRODUCT_RELATED_PRODUCT_CATEGORY('part',$,(#398));
#3459 = SHAPE_DEFINITION_REPRESENTATION(#3460,#3466);
#3460 = PRODUCT_DEFINITION_SHAPE('','',#3461);
#3461 = PRODUCT_DEFINITION('design','',#3462,#3465);
#3462 = PRODUCT_DEFINITION_FORMATION('','',#3463);
#3463 = PRODUCT('PTV09A-4025F-B106','PTV09A-4025F-B106','',(#3464));
#3464 = PRODUCT_CONTEXT('',#2,'mechanical');
#3465 = PRODUCT_DEFINITION_CONTEXT('part definition',#2,'design');
#3466 = ADVANCED_BREP_SHAPE_REPRESENTATION('',(#11,#3467),#5329);
#3467 = MANIFOLD_SOLID_BREP('',#3468);
#3468 = CLOSED_SHELL('',(#3469,#3513,#3557,#3589,#3621,#3663,#3735,#4096
    ,#4127,#4172,#4230,#4288,#4312,#4336,#4353,#4365,#4396,#4413,#4430,
    #4442,#4466,#4490,#4507,#4519,#4543,#4567,#4584,#4596,#4628,#4652,
    #4676,#4700,#4717,#4730,#4761,#4785,#4809,#4834,#4851,#4864,#4882,
    #4892,#4924,#4948,#4972,#4996,#5013,#5026,#5058,#5082,#5106,#5130,
    #5147,#5160,#5178,#5194,#5212,#5228,#5240,#5252,#5276,#5300,#5317));
#3469 = ADVANCED_FACE('',(#3470),#3508,.T.);
#3470 = FACE_BOUND('',#3471,.T.);
#3471 = EDGE_LOOP('',(#3472,#3483,#3492,#3501));
#3472 = ORIENTED_EDGE('',*,*,#3473,.F.);
#3473 = EDGE_CURVE('',#3474,#3476,#3478,.T.);
#3474 = VERTEX_POINT('',#3475);
#3475 = CARTESIAN_POINT('',(1.127656849081E-15,2.168404344971E-16,-4.75)
  );
#3476 = VERTEX_POINT('',#3477);
#3477 = CARTESIAN_POINT('',(1.051116424134E-15,2.168404344971E-16,-3.65)
  );
#3478 = CIRCLE('',#3479,0.55);
#3479 = AXIS2_PLACEMENT_3D('',#3480,#3481,#3482);
#3480 = CARTESIAN_POINT('',(1.051116424134E-15,2.168404344971E-16,-4.2)
  );
#3481 = DIRECTION('',(0.,-1.,0.));
#3482 = DIRECTION('',(0.,0.,1.));
#3483 = ORIENTED_EDGE('',*,*,#3484,.T.);
#3484 = EDGE_CURVE('',#3474,#3485,#3487,.T.);
#3485 = VERTEX_POINT('',#3486);
#3486 = CARTESIAN_POINT('',(1.136841700074E-15,0.15,-4.9));
#3487 = CIRCLE('',#3488,0.15);
#3488 = AXIS2_PLACEMENT_3D('',#3489,#3490,#3491);
#3489 = CARTESIAN_POINT('',(1.118471998087E-15,0.15,-4.75));
#3490 = DIRECTION('',(1.,0.,1.224646799147E-16));
#3491 = DIRECTION('',(1.224646799147E-16,0.,-1.));
#3492 = ORIENTED_EDGE('',*,*,#3493,.F.);
#3493 = EDGE_CURVE('',#3494,#3485,#3496,.T.);
#3494 = VERTEX_POINT('',#3495);
#3495 = CARTESIAN_POINT('',(1.051116424134E-15,0.15,-3.5));
#3496 = CIRCLE('',#3497,0.7);
#3497 = AXIS2_PLACEMENT_3D('',#3498,#3499,#3500);
#3498 = CARTESIAN_POINT('',(1.051116424134E-15,0.15,-4.2));
#3499 = DIRECTION('',(-0.,1.,0.));
#3500 = DIRECTION('',(0.,0.,1.));
#3501 = ORIENTED_EDGE('',*,*,#3502,.F.);
#3502 = EDGE_CURVE('',#3476,#3494,#3503,.T.);
#3503 = CIRCLE('',#3504,0.15);
#3504 = AXIS2_PLACEMENT_3D('',#3505,#3506,#3507);
#3505 = CARTESIAN_POINT('',(1.051116424134E-15,0.15,-3.65));
#3506 = DIRECTION('',(-1.,0.,0.));
#3507 = DIRECTION('',(0.,0.,1.));
#3508 = TOROIDAL_SURFACE('',#3509,0.55,0.15);
#3509 = AXIS2_PLACEMENT_3D('',#3510,#3511,#3512);
#3510 = CARTESIAN_POINT('',(1.051116424134E-15,0.15,-4.2));
#3511 = DIRECTION('',(-0.,1.,-0.));
#3512 = DIRECTION('',(0.,0.,1.));
#3513 = ADVANCED_FACE('',(#3514),#3552,.T.);
#3514 = FACE_BOUND('',#3515,.T.);
#3515 = EDGE_LOOP('',(#3516,#3527,#3536,#3545));
#3516 = ORIENTED_EDGE('',*,*,#3517,.F.);
#3517 = EDGE_CURVE('',#3518,#3520,#3522,.T.);
#3518 = VERTEX_POINT('',#3519);
#3519 = CARTESIAN_POINT('',(1.051116424134E-15,0.15,4.9));
#3520 = VERTEX_POINT('',#3521);
#3521 = CARTESIAN_POINT('',(1.136841700074E-15,0.15,3.5));
#3522 = CIRCLE('',#3523,0.7);
#3523 = AXIS2_PLACEMENT_3D('',#3524,#3525,#3526);
#3524 = CARTESIAN_POINT('',(1.051116424134E-15,0.15,4.2));
#3525 = DIRECTION('',(-0.,1.,0.));
#3526 = DIRECTION('',(0.,0.,-1.));
#3527 = ORIENTED_EDGE('',*,*,#3528,.T.);
#3528 = EDGE_CURVE('',#3518,#3529,#3531,.T.);
#3529 = VERTEX_POINT('',#3530);
#3530 = CARTESIAN_POINT('',(1.127656849081E-15,2.168404344971E-16,4.75)
  );
#3531 = CIRCLE('',#3532,0.15);
#3532 = AXIS2_PLACEMENT_3D('',#3533,#3534,#3535);
#3533 = CARTESIAN_POINT('',(1.118471998087E-15,0.15,4.75));
#3534 = DIRECTION('',(1.,0.,-1.224646799147E-16));
#3535 = DIRECTION('',(-1.224646799147E-16,0.,-1.));
#3536 = ORIENTED_EDGE('',*,*,#3537,.F.);
#3537 = EDGE_CURVE('',#3538,#3529,#3540,.T.);
#3538 = VERTEX_POINT('',#3539);
#3539 = CARTESIAN_POINT('',(1.051116424134E-15,2.168404344971E-16,3.65)
  );
#3540 = CIRCLE('',#3541,0.55);
#3541 = AXIS2_PLACEMENT_3D('',#3542,#3543,#3544);
#3542 = CARTESIAN_POINT('',(1.051116424134E-15,2.168404344971E-16,4.2));
#3543 = DIRECTION('',(0.,-1.,0.));
#3544 = DIRECTION('',(0.,0.,-1.));
#3545 = ORIENTED_EDGE('',*,*,#3546,.F.);
#3546 = EDGE_CURVE('',#3520,#3538,#3547,.T.);
#3547 = CIRCLE('',#3548,0.15);
#3548 = AXIS2_PLACEMENT_3D('',#3549,#3550,#3551);
#3549 = CARTESIAN_POINT('',(1.051116424134E-15,0.15,3.65));
#3550 = DIRECTION('',(-1.,0.,-0.));
#3551 = DIRECTION('',(-0.,0.,1.));
#3552 = TOROIDAL_SURFACE('',#3553,0.55,0.15);
#3553 = AXIS2_PLACEMENT_3D('',#3554,#3555,#3556);
#3554 = CARTESIAN_POINT('',(1.051116424134E-15,0.15,4.2));
#3555 = DIRECTION('',(0.,-1.,0.));
#3556 = DIRECTION('',(0.,0.,-1.));
#3557 = ADVANCED_FACE('',(#3558),#3584,.T.);
#3558 = FACE_BOUND('',#3559,.T.);
#3559 = EDGE_LOOP('',(#3560,#3561,#3569,#3578));
#3560 = ORIENTED_EDGE('',*,*,#3493,.T.);
#3561 = ORIENTED_EDGE('',*,*,#3562,.T.);
#3562 = EDGE_CURVE('',#3485,#3563,#3565,.T.);
#3563 = VERTEX_POINT('',#3564);
#3564 = CARTESIAN_POINT('',(1.136841700074E-15,1.7,-4.9));
#3565 = LINE('',#3566,#3567);
#3566 = CARTESIAN_POINT('',(1.136841700074E-15,2.168404344971E-16,-4.9)
  );
#3567 = VECTOR('',#3568,1.);
#3568 = DIRECTION('',(-0.,1.,-0.));
#3569 = ORIENTED_EDGE('',*,*,#3570,.T.);
#3570 = EDGE_CURVE('',#3563,#3571,#3573,.T.);
#3571 = VERTEX_POINT('',#3572);
#3572 = CARTESIAN_POINT('',(1.051116424134E-15,1.7,-3.5));
#3573 = CIRCLE('',#3574,0.7);
#3574 = AXIS2_PLACEMENT_3D('',#3575,#3576,#3577);
#3575 = CARTESIAN_POINT('',(1.051116424134E-15,1.7,-4.2));
#3576 = DIRECTION('',(0.,-1.,0.));
#3577 = DIRECTION('',(0.,0.,1.));
#3578 = ORIENTED_EDGE('',*,*,#3579,.F.);
#3579 = EDGE_CURVE('',#3494,#3571,#3580,.T.);
#3580 = LINE('',#3581,#3582);
#3581 = CARTESIAN_POINT('',(1.051116424134E-15,2.168404344971E-16,-3.5)
  );
#3582 = VECTOR('',#3583,1.);
#3583 = DIRECTION('',(-0.,1.,-0.));
#3584 = CYLINDRICAL_SURFACE('',#3585,0.7);
#3585 = AXIS2_PLACEMENT_3D('',#3586,#3587,#3588);
#3586 = CARTESIAN_POINT('',(1.051116424134E-15,2.168404344971E-16,-4.2)
  );
#3587 = DIRECTION('',(-0.,1.,-0.));
#3588 = DIRECTION('',(0.,0.,1.));
#3589 = ADVANCED_FACE('',(#3590),#3616,.T.);
#3590 = FACE_BOUND('',#3591,.T.);
#3591 = EDGE_LOOP('',(#3592,#3593,#3601,#3610));
#3592 = ORIENTED_EDGE('',*,*,#3517,.T.);
#3593 = ORIENTED_EDGE('',*,*,#3594,.T.);
#3594 = EDGE_CURVE('',#3520,#3595,#3597,.T.);
#3595 = VERTEX_POINT('',#3596);
#3596 = CARTESIAN_POINT('',(1.136841700074E-15,1.7,3.5));
#3597 = LINE('',#3598,#3599);
#3598 = CARTESIAN_POINT('',(1.136841700074E-15,2.168404344971E-16,3.5));
#3599 = VECTOR('',#3600,1.);
#3600 = DIRECTION('',(-0.,1.,-0.));
#3601 = ORIENTED_EDGE('',*,*,#3602,.T.);
#3602 = EDGE_CURVE('',#3595,#3603,#3605,.T.);
#3603 = VERTEX_POINT('',#3604);
#3604 = CARTESIAN_POINT('',(1.051116424134E-15,1.7,4.9));
#3605 = CIRCLE('',#3606,0.7);
#3606 = AXIS2_PLACEMENT_3D('',#3607,#3608,#3609);
#3607 = CARTESIAN_POINT('',(1.051116424134E-15,1.7,4.2));
#3608 = DIRECTION('',(0.,-1.,0.));
#3609 = DIRECTION('',(0.,0.,1.));
#3610 = ORIENTED_EDGE('',*,*,#3611,.F.);
#3611 = EDGE_CURVE('',#3518,#3603,#3612,.T.);
#3612 = LINE('',#3613,#3614);
#3613 = CARTESIAN_POINT('',(1.051116424134E-15,2.168404344971E-16,4.9));
#3614 = VECTOR('',#3615,1.);
#3615 = DIRECTION('',(-0.,1.,-0.));
#3616 = CYLINDRICAL_SURFACE('',#3617,0.7);
#3617 = AXIS2_PLACEMENT_3D('',#3618,#3619,#3620);
#3618 = CARTESIAN_POINT('',(1.051116424134E-15,2.168404344971E-16,4.2));
#3619 = DIRECTION('',(-0.,1.,-0.));
#3620 = DIRECTION('',(0.,0.,1.));
#3621 = ADVANCED_FACE('',(#3622),#3658,.F.);
#3622 = FACE_BOUND('',#3623,.F.);
#3623 = EDGE_LOOP('',(#3624,#3634,#3643,#3651));
#3624 = ORIENTED_EDGE('',*,*,#3625,.T.);
#3625 = EDGE_CURVE('',#3626,#3628,#3630,.T.);
#3626 = VERTEX_POINT('',#3627);
#3627 = CARTESIAN_POINT('',(0.,2.45,-0.58));
#3628 = VERTEX_POINT('',#3629);
#3629 = CARTESIAN_POINT('',(0.,1.7,-0.58));
#3630 = LINE('',#3631,#3632);
#3631 = CARTESIAN_POINT('',(0.,2.45,-0.58));
#3632 = VECTOR('',#3633,1.);
#3633 = DIRECTION('',(-0.,-1.,-0.));
#3634 = ORIENTED_EDGE('',*,*,#3635,.F.);
#3635 = EDGE_CURVE('',#3636,#3628,#3638,.T.);
#3636 = VERTEX_POINT('',#3637);
#3637 = CARTESIAN_POINT('',(7.102951435056E-17,1.7,0.58));
#3638 = CIRCLE('',#3639,0.58);
#3639 = AXIS2_PLACEMENT_3D('',#3640,#3641,#3642);
#3640 = CARTESIAN_POINT('',(0.,1.7,0.));
#3641 = DIRECTION('',(0.,-1.,0.));
#3642 = DIRECTION('',(0.,0.,-1.));
#3643 = ORIENTED_EDGE('',*,*,#3644,.F.);
#3644 = EDGE_CURVE('',#3645,#3636,#3647,.T.);
#3645 = VERTEX_POINT('',#3646);
#3646 = CARTESIAN_POINT('',(7.102951435056E-17,2.45,0.58));
#3647 = LINE('',#3648,#3649);
#3648 = CARTESIAN_POINT('',(7.102951435056E-17,2.45,0.58));
#3649 = VECTOR('',#3650,1.);
#3650 = DIRECTION('',(-0.,-1.,-0.));
#3651 = ORIENTED_EDGE('',*,*,#3652,.T.);
#3652 = EDGE_CURVE('',#3645,#3626,#3653,.T.);
#3653 = CIRCLE('',#3654,0.58);
#3654 = AXIS2_PLACEMENT_3D('',#3655,#3656,#3657);
#3655 = CARTESIAN_POINT('',(0.,2.45,0.));
#3656 = DIRECTION('',(0.,-1.,0.));
#3657 = DIRECTION('',(0.,0.,-1.));
#3658 = CYLINDRICAL_SURFACE('',#3659,0.58);
#3659 = AXIS2_PLACEMENT_3D('',#3660,#3661,#3662);
#3660 = CARTESIAN_POINT('',(0.,2.45,0.));
#3661 = DIRECTION('',(-0.,-1.,-0.));
#3662 = DIRECTION('',(0.,0.,-1.));
#3663 = ADVANCED_FACE('',(#3664),#3730,.F.);
#3664 = FACE_BOUND('',#3665,.T.);
#3665 = EDGE_LOOP('',(#3666,#3676,#3684,#3692,#3700,#3708,#3716,#3724));
#3666 = ORIENTED_EDGE('',*,*,#3667,.T.);
#3667 = EDGE_CURVE('',#3668,#3670,#3672,.T.);
#3668 = VERTEX_POINT('',#3669);
#3669 = CARTESIAN_POINT('',(4.4,6.4,6.3));
#3670 = VERTEX_POINT('',#3671);
#3671 = CARTESIAN_POINT('',(2.,6.4,6.3));
#3672 = LINE('',#3673,#3674);
#3673 = CARTESIAN_POINT('',(4.4,6.4,6.3));
#3674 = VECTOR('',#3675,1.);
#3675 = DIRECTION('',(-1.,-0.,-0.));
#3676 = ORIENTED_EDGE('',*,*,#3677,.F.);
#3677 = EDGE_CURVE('',#3678,#3670,#3680,.T.);
#3678 = VERTEX_POINT('',#3679);
#3679 = CARTESIAN_POINT('',(2.,4.9,6.3));
#3680 = LINE('',#3681,#3682);
#3681 = CARTESIAN_POINT('',(2.,4.9,6.3));
#3682 = VECTOR('',#3683,1.);
#3683 = DIRECTION('',(0.,1.,0.));
#3684 = ORIENTED_EDGE('',*,*,#3685,.F.);
#3685 = EDGE_CURVE('',#3686,#3678,#3688,.T.);
#3686 = VERTEX_POINT('',#3687);
#3687 = CARTESIAN_POINT('',(-2.,4.9,6.3));
#3688 = LINE('',#3689,#3690);
#3689 = CARTESIAN_POINT('',(-2.,4.9,6.3));
#3690 = VECTOR('',#3691,1.);
#3691 = DIRECTION('',(1.,0.,0.));
#3692 = ORIENTED_EDGE('',*,*,#3693,.F.);
#3693 = EDGE_CURVE('',#3694,#3686,#3696,.T.);
#3694 = VERTEX_POINT('',#3695);
#3695 = CARTESIAN_POINT('',(-2.,6.4,6.3));
#3696 = LINE('',#3697,#3698);
#3697 = CARTESIAN_POINT('',(-2.,4.9,6.3));
#3698 = VECTOR('',#3699,1.);
#3699 = DIRECTION('',(-2.891205793295E-16,-1.,-0.));
#3700 = ORIENTED_EDGE('',*,*,#3701,.T.);
#3701 = EDGE_CURVE('',#3694,#3702,#3704,.T.);
#3702 = VERTEX_POINT('',#3703);
#3703 = CARTESIAN_POINT('',(-4.4,6.4,6.3));
#3704 = LINE('',#3705,#3706);
#3705 = CARTESIAN_POINT('',(4.4,6.4,6.3));
#3706 = VECTOR('',#3707,1.);
#3707 = DIRECTION('',(-1.,-0.,-0.));
#3708 = ORIENTED_EDGE('',*,*,#3709,.T.);
#3709 = EDGE_CURVE('',#3702,#3710,#3712,.T.);
#3710 = VERTEX_POINT('',#3711);
#3711 = CARTESIAN_POINT('',(-4.4,1.7,6.3));
#3712 = LINE('',#3713,#3714);
#3713 = CARTESIAN_POINT('',(-4.4,1.7,6.3));
#3714 = VECTOR('',#3715,1.);
#3715 = DIRECTION('',(-0.,-1.,-0.));
#3716 = ORIENTED_EDGE('',*,*,#3717,.F.);
#3717 = EDGE_CURVE('',#3718,#3710,#3720,.T.);
#3718 = VERTEX_POINT('',#3719);
#3719 = CARTESIAN_POINT('',(4.4,1.7,6.3));
#3720 = LINE('',#3721,#3722);
#3721 = CARTESIAN_POINT('',(4.4,1.7,6.3));
#3722 = VECTOR('',#3723,1.);
#3723 = DIRECTION('',(-1.,-0.,-0.));
#3724 = ORIENTED_EDGE('',*,*,#3725,.F.);
#3725 = EDGE_CURVE('',#3668,#3718,#3726,.T.);
#3726 = LINE('',#3727,#3728);
#3727 = CARTESIAN_POINT('',(4.4,1.7,6.3));
#3728 = VECTOR('',#3729,1.);
#3729 = DIRECTION('',(-0.,-1.,-0.));
#3730 = PLANE('',#3731);
#3731 = AXIS2_PLACEMENT_3D('',#3732,#3733,#3734);
#3732 = CARTESIAN_POINT('',(4.4,1.7,6.3));
#3733 = DIRECTION('',(0.,0.,-1.));
#3734 = DIRECTION('',(-1.,0.,-0.));
#3735 = ADVANCED_FACE('',(#3736,#3746,#3756,#3799,#3842,#3852,#3895,
    #3938),#4091,.F.);
#3736 = FACE_BOUND('',#3737,.T.);
#3737 = EDGE_LOOP('',(#3738,#3745));
#3738 = ORIENTED_EDGE('',*,*,#3739,.F.);
#3739 = EDGE_CURVE('',#3571,#3563,#3740,.T.);
#3740 = CIRCLE('',#3741,0.7);
#3741 = AXIS2_PLACEMENT_3D('',#3742,#3743,#3744);
#3742 = CARTESIAN_POINT('',(1.051116424134E-15,1.7,-4.2));
#3743 = DIRECTION('',(0.,-1.,0.));
#3744 = DIRECTION('',(0.,0.,1.));
#3745 = ORIENTED_EDGE('',*,*,#3570,.F.);
#3746 = FACE_BOUND('',#3747,.T.);
#3747 = EDGE_LOOP('',(#3748,#3755));
#3748 = ORIENTED_EDGE('',*,*,#3749,.F.);
#3749 = EDGE_CURVE('',#3603,#3595,#3750,.T.);
#3750 = CIRCLE('',#3751,0.7);
#3751 = AXIS2_PLACEMENT_3D('',#3752,#3753,#3754);
#3752 = CARTESIAN_POINT('',(1.051116424134E-15,1.7,4.2));
#3753 = DIRECTION('',(0.,-1.,0.));
#3754 = DIRECTION('',(0.,0.,1.));
#3755 = ORIENTED_EDGE('',*,*,#3602,.F.);
#3756 = FACE_BOUND('',#3757,.T.);
#3757 = EDGE_LOOP('',(#3758,#3768,#3777,#3785,#3793));
#3758 = ORIENTED_EDGE('',*,*,#3759,.F.);
#3759 = EDGE_CURVE('',#3760,#3762,#3764,.T.);
#3760 = VERTEX_POINT('',#3761);
#3761 = CARTESIAN_POINT('',(-0.866025403784,1.7,-0.5));
#3762 = VERTEX_POINT('',#3763);
#3763 = CARTESIAN_POINT('',(-3.,1.7,-0.5));
#3764 = LINE('',#3765,#3766);
#3765 = CARTESIAN_POINT('',(-3.,1.7,-0.5));
#3766 = VECTOR('',#3767,1.);
#3767 = DIRECTION('',(-1.,-0.,1.01613409495E-16));
#3768 = ORIENTED_EDGE('',*,*,#3769,.F.);
#3769 = EDGE_CURVE('',#3770,#3760,#3772,.T.);
#3770 = VERTEX_POINT('',#3771);
#3771 = CARTESIAN_POINT('',(-0.5,1.7,-0.866025403784));
#3772 = CIRCLE('',#3773,1.);
#3773 = AXIS2_PLACEMENT_3D('',#3774,#3775,#3776);
#3774 = CARTESIAN_POINT('',(0.,1.7,0.));
#3775 = DIRECTION('',(-0.,1.,0.));
#3776 = DIRECTION('',(0.,0.,1.));
#3777 = ORIENTED_EDGE('',*,*,#3778,.F.);
#3778 = EDGE_CURVE('',#3779,#3770,#3781,.T.);
#3779 = VERTEX_POINT('',#3780);
#3780 = CARTESIAN_POINT('',(-0.5,1.7,-2.5));
#3781 = LINE('',#3782,#3783);
#3782 = CARTESIAN_POINT('',(-0.5,1.7,-0.866025403784));
#3783 = VECTOR('',#3784,1.);
#3784 = DIRECTION('',(-0.,-0.,1.));
#3785 = ORIENTED_EDGE('',*,*,#3786,.F.);
#3786 = EDGE_CURVE('',#3787,#3779,#3789,.T.);
#3787 = VERTEX_POINT('',#3788);
#3788 = CARTESIAN_POINT('',(-3.,1.7,-2.5));
#3789 = LINE('',#3790,#3791);
#3790 = CARTESIAN_POINT('',(-0.5,1.7,-2.5));
#3791 = VECTOR('',#3792,1.);
#3792 = DIRECTION('',(1.,-0.,-0.));
#3793 = ORIENTED_EDGE('',*,*,#3794,.F.);
#3794 = EDGE_CURVE('',#3762,#3787,#3795,.T.);
#3795 = LINE('',#3796,#3797);
#3796 = CARTESIAN_POINT('',(-3.,1.7,-2.5));
#3797 = VECTOR('',#3798,1.);
#3798 = DIRECTION('',(-0.,-0.,-1.));
#3799 = FACE_BOUND('',#3800,.T.);
#3800 = EDGE_LOOP('',(#3801,#3811,#3820,#3828,#3836));
#3801 = ORIENTED_EDGE('',*,*,#3802,.F.);
#3802 = EDGE_CURVE('',#3803,#3805,#3807,.T.);
#3803 = VERTEX_POINT('',#3804);
#3804 = CARTESIAN_POINT('',(0.866025403784,1.7,0.5));
#3805 = VERTEX_POINT('',#3806);
#3806 = CARTESIAN_POINT('',(3.,1.7,0.5));
#3807 = LINE('',#3808,#3809);
#3808 = CARTESIAN_POINT('',(3.,1.7,0.5));
#3809 = VECTOR('',#3810,1.);
#3810 = DIRECTION('',(1.,-0.,-1.01613409495E-16));
#3811 = ORIENTED_EDGE('',*,*,#3812,.F.);
#3812 = EDGE_CURVE('',#3813,#3803,#3815,.T.);
#3813 = VERTEX_POINT('',#3814);
#3814 = CARTESIAN_POINT('',(0.5,1.7,0.866025403784));
#3815 = CIRCLE('',#3816,1.);
#3816 = AXIS2_PLACEMENT_3D('',#3817,#3818,#3819);
#3817 = CARTESIAN_POINT('',(0.,1.7,0.));
#3818 = DIRECTION('',(-0.,1.,0.));
#3819 = DIRECTION('',(0.,0.,1.));
#3820 = ORIENTED_EDGE('',*,*,#3821,.F.);
#3821 = EDGE_CURVE('',#3822,#3813,#3824,.T.);
#3822 = VERTEX_POINT('',#3823);
#3823 = CARTESIAN_POINT('',(0.5,1.7,2.5));
#3824 = LINE('',#3825,#3826);
#3825 = CARTESIAN_POINT('',(0.5,1.7,0.866025403784));
#3826 = VECTOR('',#3827,1.);
#3827 = DIRECTION('',(-0.,-0.,-1.));
#3828 = ORIENTED_EDGE('',*,*,#3829,.F.);
#3829 = EDGE_CURVE('',#3830,#3822,#3832,.T.);
#3830 = VERTEX_POINT('',#3831);
#3831 = CARTESIAN_POINT('',(3.,1.7,2.5));
#3832 = LINE('',#3833,#3834);
#3833 = CARTESIAN_POINT('',(0.5,1.7,2.5));
#3834 = VECTOR('',#3835,1.);
#3835 = DIRECTION('',(-1.,-0.,-0.));
#3836 = ORIENTED_EDGE('',*,*,#3837,.F.);
#3837 = EDGE_CURVE('',#3805,#3830,#3838,.T.);
#3838 = LINE('',#3839,#3840);
#3839 = CARTESIAN_POINT('',(3.,1.7,2.5));
#3840 = VECTOR('',#3841,1.);
#3841 = DIRECTION('',(-0.,-0.,1.));
#3842 = FACE_BOUND('',#3843,.T.);
#3843 = EDGE_LOOP('',(#3844,#3851));
#3844 = ORIENTED_EDGE('',*,*,#3845,.F.);
#3845 = EDGE_CURVE('',#3628,#3636,#3846,.T.);
#3846 = CIRCLE('',#3847,0.58);
#3847 = AXIS2_PLACEMENT_3D('',#3848,#3849,#3850);
#3848 = CARTESIAN_POINT('',(0.,1.7,0.));
#3849 = DIRECTION('',(0.,-1.,0.));
#3850 = DIRECTION('',(0.,0.,-1.));
#3851 = ORIENTED_EDGE('',*,*,#3635,.F.);
#3852 = FACE_BOUND('',#3853,.T.);
#3853 = EDGE_LOOP('',(#3854,#3864,#3872,#3880,#3888));
#3854 = ORIENTED_EDGE('',*,*,#3855,.F.);
#3855 = EDGE_CURVE('',#3856,#3858,#3860,.T.);
#3856 = VERTEX_POINT('',#3857);
#3857 = CARTESIAN_POINT('',(3.,1.7,-0.5));
#3858 = VERTEX_POINT('',#3859);
#3859 = CARTESIAN_POINT('',(0.866025403784,1.7,-0.5));
#3860 = LINE('',#3861,#3862);
#3861 = CARTESIAN_POINT('',(3.,1.7,-0.5));
#3862 = VECTOR('',#3863,1.);
#3863 = DIRECTION('',(-1.,0.,-1.01613409495E-16));
#3864 = ORIENTED_EDGE('',*,*,#3865,.F.);
#3865 = EDGE_CURVE('',#3866,#3856,#3868,.T.);
#3866 = VERTEX_POINT('',#3867);
#3867 = CARTESIAN_POINT('',(3.,1.7,-2.5));
#3868 = LINE('',#3869,#3870);
#3869 = CARTESIAN_POINT('',(3.,1.7,-2.5));
#3870 = VECTOR('',#3871,1.);
#3871 = DIRECTION('',(0.,0.,1.));
#3872 = ORIENTED_EDGE('',*,*,#3873,.F.);
#3873 = EDGE_CURVE('',#3874,#3866,#3876,.T.);
#3874 = VERTEX_POINT('',#3875);
#3875 = CARTESIAN_POINT('',(0.5,1.7,-2.5));
#3876 = LINE('',#3877,#3878);
#3877 = CARTESIAN_POINT('',(0.5,1.7,-2.5));
#3878 = VECTOR('',#3879,1.);
#3879 = DIRECTION('',(1.,0.,0.));
#3880 = ORIENTED_EDGE('',*,*,#3881,.F.);
#3881 = EDGE_CURVE('',#3882,#3874,#3884,.T.);
#3882 = VERTEX_POINT('',#3883);
#3883 = CARTESIAN_POINT('',(0.5,1.7,-0.866025403784));
#3884 = LINE('',#3885,#3886);
#3885 = CARTESIAN_POINT('',(0.5,1.7,-0.866025403784));
#3886 = VECTOR('',#3887,1.);
#3887 = DIRECTION('',(0.,0.,-1.));
#3888 = ORIENTED_EDGE('',*,*,#3889,.F.);
#3889 = EDGE_CURVE('',#3858,#3882,#3890,.T.);
#3890 = CIRCLE('',#3891,1.);
#3891 = AXIS2_PLACEMENT_3D('',#3892,#3893,#3894);
#3892 = CARTESIAN_POINT('',(0.,1.7,0.));
#3893 = DIRECTION('',(-0.,1.,0.));
#3894 = DIRECTION('',(0.,0.,-1.));
#3895 = FACE_BOUND('',#3896,.T.);
#3896 = EDGE_LOOP('',(#3897,#3907,#3916,#3924,#3932));
#3897 = ORIENTED_EDGE('',*,*,#3898,.F.);
#3898 = EDGE_CURVE('',#3899,#3901,#3903,.T.);
#3899 = VERTEX_POINT('',#3900);
#3900 = CARTESIAN_POINT('',(-0.5,1.7,0.866025403784));
#3901 = VERTEX_POINT('',#3902);
#3902 = CARTESIAN_POINT('',(-0.5,1.7,2.5));
#3903 = LINE('',#3904,#3905);
#3904 = CARTESIAN_POINT('',(-0.5,1.7,0.866025403784));
#3905 = VECTOR('',#3906,1.);
#3906 = DIRECTION('',(0.,0.,1.));
#3907 = ORIENTED_EDGE('',*,*,#3908,.F.);
#3908 = EDGE_CURVE('',#3909,#3899,#3911,.T.);
#3909 = VERTEX_POINT('',#3910);
#3910 = CARTESIAN_POINT('',(-0.866025403784,1.7,0.5));
#3911 = CIRCLE('',#3912,1.);
#3912 = AXIS2_PLACEMENT_3D('',#3913,#3914,#3915);
#3913 = CARTESIAN_POINT('',(0.,1.7,0.));
#3914 = DIRECTION('',(-0.,1.,0.));
#3915 = DIRECTION('',(0.,0.,-1.));
#3916 = ORIENTED_EDGE('',*,*,#3917,.F.);
#3917 = EDGE_CURVE('',#3918,#3909,#3920,.T.);
#3918 = VERTEX_POINT('',#3919);
#3919 = CARTESIAN_POINT('',(-3.,1.7,0.5));
#3920 = LINE('',#3921,#3922);
#3921 = CARTESIAN_POINT('',(-3.,1.7,0.5));
#3922 = VECTOR('',#3923,1.);
#3923 = DIRECTION('',(1.,0.,1.01613409495E-16));
#3924 = ORIENTED_EDGE('',*,*,#3925,.F.);
#3925 = EDGE_CURVE('',#3926,#3918,#3928,.T.);
#3926 = VERTEX_POINT('',#3927);
#3927 = CARTESIAN_POINT('',(-3.,1.7,2.5));
#3928 = LINE('',#3929,#3930);
#3929 = CARTESIAN_POINT('',(-3.,1.7,2.5));
#3930 = VECTOR('',#3931,1.);
#3931 = DIRECTION('',(0.,0.,-1.));
#3932 = ORIENTED_EDGE('',*,*,#3933,.F.);
#3933 = EDGE_CURVE('',#3901,#3926,#3934,.T.);
#3934 = LINE('',#3935,#3936);
#3935 = CARTESIAN_POINT('',(-0.5,1.7,2.5));
#3936 = VECTOR('',#3937,1.);
#3937 = DIRECTION('',(-1.,0.,0.));
#3938 = FACE_BOUND('',#3939,.T.);
#3939 = EDGE_LOOP('',(#3940,#3950,#3958,#3966,#3974,#3980,#3981,#3989,
    #3997,#4005,#4013,#4021,#4029,#4037,#4045,#4053,#4061,#4069,#4077,
    #4085));
#3940 = ORIENTED_EDGE('',*,*,#3941,.F.);
#3941 = EDGE_CURVE('',#3942,#3944,#3946,.T.);
#3942 = VERTEX_POINT('',#3943);
#3943 = CARTESIAN_POINT('',(4.4,1.7,3.4));
#3944 = VERTEX_POINT('',#3945);
#3945 = CARTESIAN_POINT('',(4.4,1.7,-3.4));
#3946 = LINE('',#3947,#3948);
#3947 = CARTESIAN_POINT('',(4.4,1.7,6.3));
#3948 = VECTOR('',#3949,1.);
#3949 = DIRECTION('',(0.,0.,-1.));
#3950 = ORIENTED_EDGE('',*,*,#3951,.F.);
#3951 = EDGE_CURVE('',#3952,#3942,#3954,.T.);
#3952 = VERTEX_POINT('',#3953);
#3953 = CARTESIAN_POINT('',(1.9,1.7,3.4));
#3954 = LINE('',#3955,#3956);
#3955 = CARTESIAN_POINT('',(4.4,1.7,3.4));
#3956 = VECTOR('',#3957,1.);
#3957 = DIRECTION('',(1.,-0.,-3.469446951954E-16));
#3958 = ORIENTED_EDGE('',*,*,#3959,.F.);
#3959 = EDGE_CURVE('',#3960,#3952,#3962,.T.);
#3960 = VERTEX_POINT('',#3961);
#3961 = CARTESIAN_POINT('',(1.9,1.7,5.));
#3962 = LINE('',#3963,#3964);
#3963 = CARTESIAN_POINT('',(1.9,1.7,3.4));
#3964 = VECTOR('',#3965,1.);
#3965 = DIRECTION('',(-1.355252715607E-16,-0.,-1.));
#3966 = ORIENTED_EDGE('',*,*,#3967,.F.);
#3967 = EDGE_CURVE('',#3968,#3960,#3970,.T.);
#3968 = VERTEX_POINT('',#3969);
#3969 = CARTESIAN_POINT('',(4.4,1.7,5.));
#3970 = LINE('',#3971,#3972);
#3971 = CARTESIAN_POINT('',(1.9,1.7,5.));
#3972 = VECTOR('',#3973,1.);
#3973 = DIRECTION('',(-1.,-0.,-0.));
#3974 = ORIENTED_EDGE('',*,*,#3975,.F.);
#3975 = EDGE_CURVE('',#3718,#3968,#3976,.T.);
#3976 = LINE('',#3977,#3978);
#3977 = CARTESIAN_POINT('',(4.4,1.7,6.3));
#3978 = VECTOR('',#3979,1.);
#3979 = DIRECTION('',(0.,0.,-1.));
#3980 = ORIENTED_EDGE('',*,*,#3717,.T.);
#3981 = ORIENTED_EDGE('',*,*,#3982,.T.);
#3982 = EDGE_CURVE('',#3710,#3983,#3985,.T.);
#3983 = VERTEX_POINT('',#3984);
#3984 = CARTESIAN_POINT('',(-4.4,1.7,5.));
#3985 = LINE('',#3986,#3987);
#3986 = CARTESIAN_POINT('',(-4.4,1.7,6.3));
#3987 = VECTOR('',#3988,1.);
#3988 = DIRECTION('',(0.,0.,-1.));
#3989 = ORIENTED_EDGE('',*,*,#3990,.F.);
#3990 = EDGE_CURVE('',#3991,#3983,#3993,.T.);
#3991 = VERTEX_POINT('',#3992);
#3992 = CARTESIAN_POINT('',(-1.9,1.7,5.));
#3993 = LINE('',#3994,#3995);
#3994 = CARTESIAN_POINT('',(-1.9,1.7,5.));
#3995 = VECTOR('',#3996,1.);
#3996 = DIRECTION('',(-1.,0.,0.));
#3997 = ORIENTED_EDGE('',*,*,#3998,.F.);
#3998 = EDGE_CURVE('',#3999,#3991,#4001,.T.);
#3999 = VERTEX_POINT('',#4000);
#4000 = CARTESIAN_POINT('',(-1.9,1.7,3.4));
#4001 = LINE('',#4002,#4003);
#4002 = CARTESIAN_POINT('',(-1.9,1.7,3.4));
#4003 = VECTOR('',#4004,1.);
#4004 = DIRECTION('',(-1.355252715607E-16,0.,1.));
#4005 = ORIENTED_EDGE('',*,*,#4006,.F.);
#4006 = EDGE_CURVE('',#4007,#3999,#4009,.T.);
#4007 = VERTEX_POINT('',#4008);
#4008 = CARTESIAN_POINT('',(-4.4,1.7,3.4));
#4009 = LINE('',#4010,#4011);
#4010 = CARTESIAN_POINT('',(-4.4,1.7,3.4));
#4011 = VECTOR('',#4012,1.);
#4012 = DIRECTION('',(1.,0.,3.469446951954E-16));
#4013 = ORIENTED_EDGE('',*,*,#4014,.T.);
#4014 = EDGE_CURVE('',#4007,#4015,#4017,.T.);
#4015 = VERTEX_POINT('',#4016);
#4016 = CARTESIAN_POINT('',(-4.4,1.7,-3.4));
#4017 = LINE('',#4018,#4019);
#4018 = CARTESIAN_POINT('',(-4.4,1.7,6.3));
#4019 = VECTOR('',#4020,1.);
#4020 = DIRECTION('',(0.,0.,-1.));
#4021 = ORIENTED_EDGE('',*,*,#4022,.F.);
#4022 = EDGE_CURVE('',#4023,#4015,#4025,.T.);
#4023 = VERTEX_POINT('',#4024);
#4024 = CARTESIAN_POINT('',(-1.9,1.7,-3.4));
#4025 = LINE('',#4026,#4027);
#4026 = CARTESIAN_POINT('',(-4.4,1.7,-3.4));
#4027 = VECTOR('',#4028,1.);
#4028 = DIRECTION('',(-1.,-0.,3.469446951954E-16));
#4029 = ORIENTED_EDGE('',*,*,#4030,.F.);
#4030 = EDGE_CURVE('',#4031,#4023,#4033,.T.);
#4031 = VERTEX_POINT('',#4032);
#4032 = CARTESIAN_POINT('',(-1.9,1.7,-5.));
#4033 = LINE('',#4034,#4035);
#4034 = CARTESIAN_POINT('',(-1.9,1.7,-3.4));
#4035 = VECTOR('',#4036,1.);
#4036 = DIRECTION('',(1.355252715607E-16,-0.,1.));
#4037 = ORIENTED_EDGE('',*,*,#4038,.F.);
#4038 = EDGE_CURVE('',#4039,#4031,#4041,.T.);
#4039 = VERTEX_POINT('',#4040);
#4040 = CARTESIAN_POINT('',(-4.4,1.7,-5.));
#4041 = LINE('',#4042,#4043);
#4042 = CARTESIAN_POINT('',(-1.9,1.7,-5.));
#4043 = VECTOR('',#4044,1.);
#4044 = DIRECTION('',(1.,-0.,-0.));
#4045 = ORIENTED_EDGE('',*,*,#4046,.T.);
#4046 = EDGE_CURVE('',#4039,#4047,#4049,.T.);
#4047 = VERTEX_POINT('',#4048);
#4048 = CARTESIAN_POINT('',(-4.4,1.7,-5.5));
#4049 = LINE('',#4050,#4051);
#4050 = CARTESIAN_POINT('',(-4.4,1.7,6.3));
#4051 = VECTOR('',#4052,1.);
#4052 = DIRECTION('',(0.,0.,-1.));
#4053 = ORIENTED_EDGE('',*,*,#4054,.F.);
#4054 = EDGE_CURVE('',#4055,#4047,#4057,.T.);
#4055 = VERTEX_POINT('',#4056);
#4056 = CARTESIAN_POINT('',(4.4,1.7,-5.5));
#4057 = LINE('',#4058,#4059);
#4058 = CARTESIAN_POINT('',(4.4,1.7,-5.5));
#4059 = VECTOR('',#4060,1.);
#4060 = DIRECTION('',(-1.,-0.,-0.));
#4061 = ORIENTED_EDGE('',*,*,#4062,.F.);
#4062 = EDGE_CURVE('',#4063,#4055,#4065,.T.);
#4063 = VERTEX_POINT('',#4064);
#4064 = CARTESIAN_POINT('',(4.4,1.7,-5.));
#4065 = LINE('',#4066,#4067);
#4066 = CARTESIAN_POINT('',(4.4,1.7,6.3));
#4067 = VECTOR('',#4068,1.);
#4068 = DIRECTION('',(0.,0.,-1.));
#4069 = ORIENTED_EDGE('',*,*,#4070,.F.);
#4070 = EDGE_CURVE('',#4071,#4063,#4073,.T.);
#4071 = VERTEX_POINT('',#4072);
#4072 = CARTESIAN_POINT('',(1.9,1.7,-5.));
#4073 = LINE('',#4074,#4075);
#4074 = CARTESIAN_POINT('',(1.9,1.7,-5.));
#4075 = VECTOR('',#4076,1.);
#4076 = DIRECTION('',(1.,0.,0.));
#4077 = ORIENTED_EDGE('',*,*,#4078,.F.);
#4078 = EDGE_CURVE('',#4079,#4071,#4081,.T.);
#4079 = VERTEX_POINT('',#4080);
#4080 = CARTESIAN_POINT('',(1.9,1.7,-3.4));
#4081 = LINE('',#4082,#4083);
#4082 = CARTESIAN_POINT('',(1.9,1.7,-3.4));
#4083 = VECTOR('',#4084,1.);
#4084 = DIRECTION('',(1.355252715607E-16,0.,-1.));
#4085 = ORIENTED_EDGE('',*,*,#4086,.F.);
#4086 = EDGE_CURVE('',#3944,#4079,#4087,.T.);
#4087 = LINE('',#4088,#4089);
#4088 = CARTESIAN_POINT('',(4.4,1.7,-3.4));
#4089 = VECTOR('',#4090,1.);
#4090 = DIRECTION('',(-1.,0.,-3.469446951954E-16));
#4091 = PLANE('',#4092);
#4092 = AXIS2_PLACEMENT_3D('',#4093,#4094,#4095);
#4093 = CARTESIAN_POINT('',(4.4,1.7,6.3));
#4094 = DIRECTION('',(-0.,1.,0.));
#4095 = DIRECTION('',(0.,0.,1.));
#4096 = ADVANCED_FACE('',(#4097),#4122,.F.);
#4097 = FACE_BOUND('',#4098,.T.);
#4098 = EDGE_LOOP('',(#4099,#4107,#4115,#4121));
#4099 = ORIENTED_EDGE('',*,*,#4100,.T.);
#4100 = EDGE_CURVE('',#4047,#4101,#4103,.T.);
#4101 = VERTEX_POINT('',#4102);
#4102 = CARTESIAN_POINT('',(-4.4,6.4,-5.5));
#4103 = LINE('',#4104,#4105);
#4104 = CARTESIAN_POINT('',(-4.4,1.7,-5.5));
#4105 = VECTOR('',#4106,1.);
#4106 = DIRECTION('',(0.,1.,0.));
#4107 = ORIENTED_EDGE('',*,*,#4108,.F.);
#4108 = EDGE_CURVE('',#4109,#4101,#4111,.T.);
#4109 = VERTEX_POINT('',#4110);
#4110 = CARTESIAN_POINT('',(4.4,6.4,-5.5));
#4111 = LINE('',#4112,#4113);
#4112 = CARTESIAN_POINT('',(4.4,6.4,-5.5));
#4113 = VECTOR('',#4114,1.);
#4114 = DIRECTION('',(-1.,-0.,-0.));
#4115 = ORIENTED_EDGE('',*,*,#4116,.F.);
#4116 = EDGE_CURVE('',#4055,#4109,#4117,.T.);
#4117 = LINE('',#4118,#4119);
#4118 = CARTESIAN_POINT('',(4.4,1.7,-5.5));
#4119 = VECTOR('',#4120,1.);
#4120 = DIRECTION('',(0.,1.,0.));
#4121 = ORIENTED_EDGE('',*,*,#4054,.T.);
#4122 = PLANE('',#4123);
#4123 = AXIS2_PLACEMENT_3D('',#4124,#4125,#4126);
#4124 = CARTESIAN_POINT('',(4.4,1.7,-5.5));
#4125 = DIRECTION('',(0.,0.,1.));
#4126 = DIRECTION('',(1.,0.,-0.));
#4127 = ADVANCED_FACE('',(#4128),#4167,.F.);
#4128 = FACE_BOUND('',#4129,.T.);
#4129 = EDGE_LOOP('',(#4130,#4140,#4146,#4147,#4153,#4154,#4160,#4161));
#4130 = ORIENTED_EDGE('',*,*,#4131,.F.);
#4131 = EDGE_CURVE('',#4132,#4134,#4136,.T.);
#4132 = VERTEX_POINT('',#4133);
#4133 = CARTESIAN_POINT('',(2.,6.4,5.));
#4134 = VERTEX_POINT('',#4135);
#4135 = CARTESIAN_POINT('',(-2.,6.4,5.));
#4136 = LINE('',#4137,#4138);
#4137 = CARTESIAN_POINT('',(-2.,6.4,5.));
#4138 = VECTOR('',#4139,1.);
#4139 = DIRECTION('',(-1.,-0.,-0.));
#4140 = ORIENTED_EDGE('',*,*,#4141,.T.);
#4141 = EDGE_CURVE('',#4132,#3670,#4142,.T.);
#4142 = LINE('',#4143,#4144);
#4143 = CARTESIAN_POINT('',(2.,6.4,5.));
#4144 = VECTOR('',#4145,1.);
#4145 = DIRECTION('',(-0.,-0.,1.));
#4146 = ORIENTED_EDGE('',*,*,#3667,.F.);
#4147 = ORIENTED_EDGE('',*,*,#4148,.F.);
#4148 = EDGE_CURVE('',#4109,#3668,#4149,.T.);
#4149 = LINE('',#4150,#4151);
#4150 = CARTESIAN_POINT('',(4.4,6.4,6.3));
#4151 = VECTOR('',#4152,1.);
#4152 = DIRECTION('',(-0.,-0.,1.));
#4153 = ORIENTED_EDGE('',*,*,#4108,.T.);
#4154 = ORIENTED_EDGE('',*,*,#4155,.T.);
#4155 = EDGE_CURVE('',#4101,#3702,#4156,.T.);
#4156 = LINE('',#4157,#4158);
#4157 = CARTESIAN_POINT('',(-4.4,6.4,6.3));
#4158 = VECTOR('',#4159,1.);
#4159 = DIRECTION('',(-0.,-0.,1.));
#4160 = ORIENTED_EDGE('',*,*,#3701,.F.);
#4161 = ORIENTED_EDGE('',*,*,#4162,.F.);
#4162 = EDGE_CURVE('',#4134,#3694,#4163,.T.);
#4163 = LINE('',#4164,#4165);
#4164 = CARTESIAN_POINT('',(-2.,6.4,5.));
#4165 = VECTOR('',#4166,1.);
#4166 = DIRECTION('',(-0.,-0.,1.));
#4167 = PLANE('',#4168);
#4168 = AXIS2_PLACEMENT_3D('',#4169,#4170,#4171);
#4169 = CARTESIAN_POINT('',(4.4,6.4,6.3));
#4170 = DIRECTION('',(0.,-1.,0.));
#4171 = DIRECTION('',(0.,-0.,-1.));
#4172 = ADVANCED_FACE('',(#4173),#4225,.F.);
#4173 = FACE_BOUND('',#4174,.T.);
#4174 = EDGE_LOOP('',(#4175,#4185,#4191,#4192,#4200,#4208,#4214,#4215,
    #4216,#4217,#4218,#4219));
#4175 = ORIENTED_EDGE('',*,*,#4176,.F.);
#4176 = EDGE_CURVE('',#4177,#4179,#4181,.T.);
#4177 = VERTEX_POINT('',#4178);
#4178 = CARTESIAN_POINT('',(4.4,2.45,3.4));
#4179 = VERTEX_POINT('',#4180);
#4180 = CARTESIAN_POINT('',(4.4,2.45,5.));
#4181 = LINE('',#4182,#4183);
#4182 = CARTESIAN_POINT('',(4.4,2.45,5.));
#4183 = VECTOR('',#4184,1.);
#4184 = DIRECTION('',(-0.,-0.,1.));
#4185 = ORIENTED_EDGE('',*,*,#4186,.T.);
#4186 = EDGE_CURVE('',#4177,#3942,#4187,.T.);
#4187 = LINE('',#4188,#4189);
#4188 = CARTESIAN_POINT('',(4.4,2.45,3.4));
#4189 = VECTOR('',#4190,1.);
#4190 = DIRECTION('',(-0.,-1.,-0.));
#4191 = ORIENTED_EDGE('',*,*,#3941,.T.);
#4192 = ORIENTED_EDGE('',*,*,#4193,.F.);
#4193 = EDGE_CURVE('',#4194,#3944,#4196,.T.);
#4194 = VERTEX_POINT('',#4195);
#4195 = CARTESIAN_POINT('',(4.4,2.45,-3.4));
#4196 = LINE('',#4197,#4198);
#4197 = CARTESIAN_POINT('',(4.4,2.45,-3.4));
#4198 = VECTOR('',#4199,1.);
#4199 = DIRECTION('',(-0.,-1.,-0.));
#4200 = ORIENTED_EDGE('',*,*,#4201,.F.);
#4201 = EDGE_CURVE('',#4202,#4194,#4204,.T.);
#4202 = VERTEX_POINT('',#4203);
#4203 = CARTESIAN_POINT('',(4.4,2.45,-5.));
#4204 = LINE('',#4205,#4206);
#4205 = CARTESIAN_POINT('',(4.4,2.45,-5.));
#4206 = VECTOR('',#4207,1.);
#4207 = DIRECTION('',(0.,0.,1.));
#4208 = ORIENTED_EDGE('',*,*,#4209,.T.);
#4209 = EDGE_CURVE('',#4202,#4063,#4210,.T.);
#4210 = LINE('',#4211,#4212);
#4211 = CARTESIAN_POINT('',(4.4,2.45,-5.));
#4212 = VECTOR('',#4213,1.);
#4213 = DIRECTION('',(-0.,-1.,-0.));
#4214 = ORIENTED_EDGE('',*,*,#4062,.T.);
#4215 = ORIENTED_EDGE('',*,*,#4116,.T.);
#4216 = ORIENTED_EDGE('',*,*,#4148,.T.);
#4217 = ORIENTED_EDGE('',*,*,#3725,.T.);
#4218 = ORIENTED_EDGE('',*,*,#3975,.T.);
#4219 = ORIENTED_EDGE('',*,*,#4220,.F.);
#4220 = EDGE_CURVE('',#4179,#3968,#4221,.T.);
#4221 = LINE('',#4222,#4223);
#4222 = CARTESIAN_POINT('',(4.4,2.45,5.));
#4223 = VECTOR('',#4224,1.);
#4224 = DIRECTION('',(-0.,-1.,-0.));
#4225 = PLANE('',#4226);
#4226 = AXIS2_PLACEMENT_3D('',#4227,#4228,#4229);
#4227 = CARTESIAN_POINT('',(4.4,0.,0.));
#4228 = DIRECTION('',(-1.,0.,0.));
#4229 = DIRECTION('',(0.,0.,1.));
#4230 = ADVANCED_FACE('',(#4231),#4283,.T.);
#4231 = FACE_BOUND('',#4232,.T.);
#4232 = EDGE_LOOP('',(#4233,#4241,#4249,#4255,#4256,#4264,#4272,#4278,
    #4279,#4280,#4281,#4282));
#4233 = ORIENTED_EDGE('',*,*,#4234,.F.);
#4234 = EDGE_CURVE('',#4235,#4039,#4237,.T.);
#4235 = VERTEX_POINT('',#4236);
#4236 = CARTESIAN_POINT('',(-4.4,2.45,-5.));
#4237 = LINE('',#4238,#4239);
#4238 = CARTESIAN_POINT('',(-4.4,2.45,-5.));
#4239 = VECTOR('',#4240,1.);
#4240 = DIRECTION('',(-0.,-1.,-0.));
#4241 = ORIENTED_EDGE('',*,*,#4242,.F.);
#4242 = EDGE_CURVE('',#4243,#4235,#4245,.T.);
#4243 = VERTEX_POINT('',#4244);
#4244 = CARTESIAN_POINT('',(-4.4,2.45,-3.4));
#4245 = LINE('',#4246,#4247);
#4246 = CARTESIAN_POINT('',(-4.4,2.45,-5.));
#4247 = VECTOR('',#4248,1.);
#4248 = DIRECTION('',(-0.,-0.,-1.));
#4249 = ORIENTED_EDGE('',*,*,#4250,.T.);
#4250 = EDGE_CURVE('',#4243,#4015,#4251,.T.);
#4251 = LINE('',#4252,#4253);
#4252 = CARTESIAN_POINT('',(-4.4,2.45,-3.4));
#4253 = VECTOR('',#4254,1.);
#4254 = DIRECTION('',(-0.,-1.,-0.));
#4255 = ORIENTED_EDGE('',*,*,#4014,.F.);
#4256 = ORIENTED_EDGE('',*,*,#4257,.F.);
#4257 = EDGE_CURVE('',#4258,#4007,#4260,.T.);
#4258 = VERTEX_POINT('',#4259);
#4259 = CARTESIAN_POINT('',(-4.4,2.45,3.4));
#4260 = LINE('',#4261,#4262);
#4261 = CARTESIAN_POINT('',(-4.4,2.45,3.4));
#4262 = VECTOR('',#4263,1.);
#4263 = DIRECTION('',(-0.,-1.,-0.));
#4264 = ORIENTED_EDGE('',*,*,#4265,.F.);
#4265 = EDGE_CURVE('',#4266,#4258,#4268,.T.);
#4266 = VERTEX_POINT('',#4267);
#4267 = CARTESIAN_POINT('',(-4.4,2.45,5.));
#4268 = LINE('',#4269,#4270);
#4269 = CARTESIAN_POINT('',(-4.4,2.45,5.));
#4270 = VECTOR('',#4271,1.);
#4271 = DIRECTION('',(0.,0.,-1.));
#4272 = ORIENTED_EDGE('',*,*,#4273,.T.);
#4273 = EDGE_CURVE('',#4266,#3983,#4274,.T.);
#4274 = LINE('',#4275,#4276);
#4275 = CARTESIAN_POINT('',(-4.4,2.45,5.));
#4276 = VECTOR('',#4277,1.);
#4277 = DIRECTION('',(-0.,-1.,-0.));
#4278 = ORIENTED_EDGE('',*,*,#3982,.F.);
#4279 = ORIENTED_EDGE('',*,*,#3709,.F.);
#4280 = ORIENTED_EDGE('',*,*,#4155,.F.);
#4281 = ORIENTED_EDGE('',*,*,#4100,.F.);
#4282 = ORIENTED_EDGE('',*,*,#4046,.F.);
#4283 = PLANE('',#4284);
#4284 = AXIS2_PLACEMENT_3D('',#4285,#4286,#4287);
#4285 = CARTESIAN_POINT('',(-4.4,0.,0.));
#4286 = DIRECTION('',(-1.,0.,0.));
#4287 = DIRECTION('',(0.,0.,1.));
#4288 = ADVANCED_FACE('',(#4289),#4307,.F.);
#4289 = FACE_BOUND('',#4290,.T.);
#4290 = EDGE_LOOP('',(#4291,#4292,#4293,#4301));
#4291 = ORIENTED_EDGE('',*,*,#3990,.T.);
#4292 = ORIENTED_EDGE('',*,*,#4273,.F.);
#4293 = ORIENTED_EDGE('',*,*,#4294,.F.);
#4294 = EDGE_CURVE('',#4295,#4266,#4297,.T.);
#4295 = VERTEX_POINT('',#4296);
#4296 = CARTESIAN_POINT('',(-1.9,2.45,5.));
#4297 = LINE('',#4298,#4299);
#4298 = CARTESIAN_POINT('',(-1.9,2.45,5.));
#4299 = VECTOR('',#4300,1.);
#4300 = DIRECTION('',(-1.,0.,0.));
#4301 = ORIENTED_EDGE('',*,*,#4302,.T.);
#4302 = EDGE_CURVE('',#4295,#3991,#4303,.T.);
#4303 = LINE('',#4304,#4305);
#4304 = CARTESIAN_POINT('',(-1.9,2.45,5.));
#4305 = VECTOR('',#4306,1.);
#4306 = DIRECTION('',(-0.,-1.,-0.));
#4307 = PLANE('',#4308);
#4308 = AXIS2_PLACEMENT_3D('',#4309,#4310,#4311);
#4309 = CARTESIAN_POINT('',(-1.9,2.45,5.));
#4310 = DIRECTION('',(0.,-0.,1.));
#4311 = DIRECTION('',(1.,0.,0.));
#4312 = ADVANCED_FACE('',(#4313),#4331,.F.);
#4313 = FACE_BOUND('',#4314,.T.);
#4314 = EDGE_LOOP('',(#4315,#4316,#4317,#4325));
#4315 = ORIENTED_EDGE('',*,*,#3998,.T.);
#4316 = ORIENTED_EDGE('',*,*,#4302,.F.);
#4317 = ORIENTED_EDGE('',*,*,#4318,.F.);
#4318 = EDGE_CURVE('',#4319,#4295,#4321,.T.);
#4319 = VERTEX_POINT('',#4320);
#4320 = CARTESIAN_POINT('',(-1.9,2.45,3.4));
#4321 = LINE('',#4322,#4323);
#4322 = CARTESIAN_POINT('',(-1.9,2.45,3.4));
#4323 = VECTOR('',#4324,1.);
#4324 = DIRECTION('',(-1.355252715607E-16,0.,1.));
#4325 = ORIENTED_EDGE('',*,*,#4326,.T.);
#4326 = EDGE_CURVE('',#4319,#3999,#4327,.T.);
#4327 = LINE('',#4328,#4329);
#4328 = CARTESIAN_POINT('',(-1.9,2.45,3.4));
#4329 = VECTOR('',#4330,1.);
#4330 = DIRECTION('',(-0.,-1.,-0.));
#4331 = PLANE('',#4332);
#4332 = AXIS2_PLACEMENT_3D('',#4333,#4334,#4335);
#4333 = CARTESIAN_POINT('',(-1.9,2.45,3.4));
#4334 = DIRECTION('',(1.,-0.,1.355252715607E-16));
#4335 = DIRECTION('',(1.355252715607E-16,0.,-1.));
#4336 = ADVANCED_FACE('',(#4337),#4348,.F.);
#4337 = FACE_BOUND('',#4338,.T.);
#4338 = EDGE_LOOP('',(#4339,#4340,#4341,#4347));
#4339 = ORIENTED_EDGE('',*,*,#4006,.T.);
#4340 = ORIENTED_EDGE('',*,*,#4326,.F.);
#4341 = ORIENTED_EDGE('',*,*,#4342,.F.);
#4342 = EDGE_CURVE('',#4258,#4319,#4343,.T.);
#4343 = LINE('',#4344,#4345);
#4344 = CARTESIAN_POINT('',(-4.4,2.45,3.4));
#4345 = VECTOR('',#4346,1.);
#4346 = DIRECTION('',(1.,0.,3.469446951954E-16));
#4347 = ORIENTED_EDGE('',*,*,#4257,.T.);
#4348 = PLANE('',#4349);
#4349 = AXIS2_PLACEMENT_3D('',#4350,#4351,#4352);
#4350 = CARTESIAN_POINT('',(-4.4,2.45,3.4));
#4351 = DIRECTION('',(3.469446951954E-16,0.,-1.));
#4352 = DIRECTION('',(-1.,0.,-3.469446951954E-16));
#4353 = ADVANCED_FACE('',(#4354),#4360,.T.);
#4354 = FACE_BOUND('',#4355,.T.);
#4355 = EDGE_LOOP('',(#4356,#4357,#4358,#4359));
#4356 = ORIENTED_EDGE('',*,*,#4294,.T.);
#4357 = ORIENTED_EDGE('',*,*,#4265,.T.);
#4358 = ORIENTED_EDGE('',*,*,#4342,.T.);
#4359 = ORIENTED_EDGE('',*,*,#4318,.T.);
#4360 = PLANE('',#4361);
#4361 = AXIS2_PLACEMENT_3D('',#4362,#4363,#4364);
#4362 = CARTESIAN_POINT('',(0.,2.45,0.));
#4363 = DIRECTION('',(0.,-1.,-0.));
#4364 = DIRECTION('',(0.,0.,-1.));
#4365 = ADVANCED_FACE('',(#4366),#4391,.F.);
#4366 = FACE_BOUND('',#4367,.T.);
#4367 = EDGE_LOOP('',(#4368,#4369,#4377,#4385));
#4368 = ORIENTED_EDGE('',*,*,#4030,.T.);
#4369 = ORIENTED_EDGE('',*,*,#4370,.F.);
#4370 = EDGE_CURVE('',#4371,#4023,#4373,.T.);
#4371 = VERTEX_POINT('',#4372);
#4372 = CARTESIAN_POINT('',(-1.9,2.45,-3.4));
#4373 = LINE('',#4374,#4375);
#4374 = CARTESIAN_POINT('',(-1.9,2.45,-3.4));
#4375 = VECTOR('',#4376,1.);
#4376 = DIRECTION('',(-0.,-1.,-0.));
#4377 = ORIENTED_EDGE('',*,*,#4378,.F.);
#4378 = EDGE_CURVE('',#4379,#4371,#4381,.T.);
#4379 = VERTEX_POINT('',#4380);
#4380 = CARTESIAN_POINT('',(-1.9,2.45,-5.));
#4381 = LINE('',#4382,#4383);
#4382 = CARTESIAN_POINT('',(-1.9,2.45,-3.4));
#4383 = VECTOR('',#4384,1.);
#4384 = DIRECTION('',(1.355252715607E-16,-0.,1.));
#4385 = ORIENTED_EDGE('',*,*,#4386,.T.);
#4386 = EDGE_CURVE('',#4379,#4031,#4387,.T.);
#4387 = LINE('',#4388,#4389);
#4388 = CARTESIAN_POINT('',(-1.9,2.45,-5.));
#4389 = VECTOR('',#4390,1.);
#4390 = DIRECTION('',(-0.,-1.,-0.));
#4391 = PLANE('',#4392);
#4392 = AXIS2_PLACEMENT_3D('',#4393,#4394,#4395);
#4393 = CARTESIAN_POINT('',(-1.9,2.45,-3.4));
#4394 = DIRECTION('',(1.,0.,-1.355252715607E-16));
#4395 = DIRECTION('',(-1.355252715607E-16,0.,-1.));
#4396 = ADVANCED_FACE('',(#4397),#4408,.F.);
#4397 = FACE_BOUND('',#4398,.T.);
#4398 = EDGE_LOOP('',(#4399,#4400,#4401,#4407));
#4399 = ORIENTED_EDGE('',*,*,#4038,.T.);
#4400 = ORIENTED_EDGE('',*,*,#4386,.F.);
#4401 = ORIENTED_EDGE('',*,*,#4402,.F.);
#4402 = EDGE_CURVE('',#4235,#4379,#4403,.T.);
#4403 = LINE('',#4404,#4405);
#4404 = CARTESIAN_POINT('',(-1.9,2.45,-5.));
#4405 = VECTOR('',#4406,1.);
#4406 = DIRECTION('',(1.,-0.,-0.));
#4407 = ORIENTED_EDGE('',*,*,#4234,.T.);
#4408 = PLANE('',#4409);
#4409 = AXIS2_PLACEMENT_3D('',#4410,#4411,#4412);
#4410 = CARTESIAN_POINT('',(-1.9,2.45,-5.));
#4411 = DIRECTION('',(0.,0.,-1.));
#4412 = DIRECTION('',(-1.,0.,-0.));
#4413 = ADVANCED_FACE('',(#4414),#4425,.F.);
#4414 = FACE_BOUND('',#4415,.T.);
#4415 = EDGE_LOOP('',(#4416,#4417,#4418,#4424));
#4416 = ORIENTED_EDGE('',*,*,#4022,.T.);
#4417 = ORIENTED_EDGE('',*,*,#4250,.F.);
#4418 = ORIENTED_EDGE('',*,*,#4419,.F.);
#4419 = EDGE_CURVE('',#4371,#4243,#4420,.T.);
#4420 = LINE('',#4421,#4422);
#4421 = CARTESIAN_POINT('',(-4.4,2.45,-3.4));
#4422 = VECTOR('',#4423,1.);
#4423 = DIRECTION('',(-1.,-0.,3.469446951954E-16));
#4424 = ORIENTED_EDGE('',*,*,#4370,.T.);
#4425 = PLANE('',#4426);
#4426 = AXIS2_PLACEMENT_3D('',#4427,#4428,#4429);
#4427 = CARTESIAN_POINT('',(-4.4,2.45,-3.4));
#4428 = DIRECTION('',(3.469446951954E-16,-0.,1.));
#4429 = DIRECTION('',(1.,0.,-3.469446951954E-16));
#4430 = ADVANCED_FACE('',(#4431),#4437,.F.);
#4431 = FACE_BOUND('',#4432,.T.);
#4432 = EDGE_LOOP('',(#4433,#4434,#4435,#4436));
#4433 = ORIENTED_EDGE('',*,*,#4378,.T.);
#4434 = ORIENTED_EDGE('',*,*,#4419,.T.);
#4435 = ORIENTED_EDGE('',*,*,#4242,.T.);
#4436 = ORIENTED_EDGE('',*,*,#4402,.T.);
#4437 = PLANE('',#4438);
#4438 = AXIS2_PLACEMENT_3D('',#4439,#4440,#4441);
#4439 = CARTESIAN_POINT('',(0.,2.45,0.));
#4440 = DIRECTION('',(0.,1.,0.));
#4441 = DIRECTION('',(0.,-0.,1.));
#4442 = ADVANCED_FACE('',(#4443),#4461,.F.);
#4443 = FACE_BOUND('',#4444,.T.);
#4444 = EDGE_LOOP('',(#4445,#4446,#4447,#4455));
#4445 = ORIENTED_EDGE('',*,*,#4070,.T.);
#4446 = ORIENTED_EDGE('',*,*,#4209,.F.);
#4447 = ORIENTED_EDGE('',*,*,#4448,.F.);
#4448 = EDGE_CURVE('',#4449,#4202,#4451,.T.);
#4449 = VERTEX_POINT('',#4450);
#4450 = CARTESIAN_POINT('',(1.9,2.45,-5.));
#4451 = LINE('',#4452,#4453);
#4452 = CARTESIAN_POINT('',(1.9,2.45,-5.));
#4453 = VECTOR('',#4454,1.);
#4454 = DIRECTION('',(1.,0.,0.));
#4455 = ORIENTED_EDGE('',*,*,#4456,.T.);
#4456 = EDGE_CURVE('',#4449,#4071,#4457,.T.);
#4457 = LINE('',#4458,#4459);
#4458 = CARTESIAN_POINT('',(1.9,2.45,-5.));
#4459 = VECTOR('',#4460,1.);
#4460 = DIRECTION('',(-0.,-1.,-0.));
#4461 = PLANE('',#4462);
#4462 = AXIS2_PLACEMENT_3D('',#4463,#4464,#4465);
#4463 = CARTESIAN_POINT('',(1.9,2.45,-5.));
#4464 = DIRECTION('',(0.,0.,-1.));
#4465 = DIRECTION('',(-1.,0.,-0.));
#4466 = ADVANCED_FACE('',(#4467),#4485,.F.);
#4467 = FACE_BOUND('',#4468,.T.);
#4468 = EDGE_LOOP('',(#4469,#4470,#4471,#4479));
#4469 = ORIENTED_EDGE('',*,*,#4078,.T.);
#4470 = ORIENTED_EDGE('',*,*,#4456,.F.);
#4471 = ORIENTED_EDGE('',*,*,#4472,.F.);
#4472 = EDGE_CURVE('',#4473,#4449,#4475,.T.);
#4473 = VERTEX_POINT('',#4474);
#4474 = CARTESIAN_POINT('',(1.9,2.45,-3.4));
#4475 = LINE('',#4476,#4477);
#4476 = CARTESIAN_POINT('',(1.9,2.45,-3.4));
#4477 = VECTOR('',#4478,1.);
#4478 = DIRECTION('',(1.355252715607E-16,0.,-1.));
#4479 = ORIENTED_EDGE('',*,*,#4480,.T.);
#4480 = EDGE_CURVE('',#4473,#4079,#4481,.T.);
#4481 = LINE('',#4482,#4483);
#4482 = CARTESIAN_POINT('',(1.9,2.45,-3.4));
#4483 = VECTOR('',#4484,1.);
#4484 = DIRECTION('',(-0.,-1.,-0.));
#4485 = PLANE('',#4486);
#4486 = AXIS2_PLACEMENT_3D('',#4487,#4488,#4489);
#4487 = CARTESIAN_POINT('',(1.9,2.45,-3.4));
#4488 = DIRECTION('',(-1.,0.,-1.355252715607E-16));
#4489 = DIRECTION('',(-1.355252715607E-16,0.,1.));
#4490 = ADVANCED_FACE('',(#4491),#4502,.F.);
#4491 = FACE_BOUND('',#4492,.T.);
#4492 = EDGE_LOOP('',(#4493,#4494,#4495,#4501));
#4493 = ORIENTED_EDGE('',*,*,#4086,.T.);
#4494 = ORIENTED_EDGE('',*,*,#4480,.F.);
#4495 = ORIENTED_EDGE('',*,*,#4496,.F.);
#4496 = EDGE_CURVE('',#4194,#4473,#4497,.T.);
#4497 = LINE('',#4498,#4499);
#4498 = CARTESIAN_POINT('',(4.4,2.45,-3.4));
#4499 = VECTOR('',#4500,1.);
#4500 = DIRECTION('',(-1.,0.,-3.469446951954E-16));
#4501 = ORIENTED_EDGE('',*,*,#4193,.T.);
#4502 = PLANE('',#4503);
#4503 = AXIS2_PLACEMENT_3D('',#4504,#4505,#4506);
#4504 = CARTESIAN_POINT('',(4.4,2.45,-3.4));
#4505 = DIRECTION('',(-3.469446951954E-16,0.,1.));
#4506 = DIRECTION('',(1.,0.,3.469446951954E-16));
#4507 = ADVANCED_FACE('',(#4508),#4514,.T.);
#4508 = FACE_BOUND('',#4509,.T.);
#4509 = EDGE_LOOP('',(#4510,#4511,#4512,#4513));
#4510 = ORIENTED_EDGE('',*,*,#4448,.T.);
#4511 = ORIENTED_EDGE('',*,*,#4201,.T.);
#4512 = ORIENTED_EDGE('',*,*,#4496,.T.);
#4513 = ORIENTED_EDGE('',*,*,#4472,.T.);
#4514 = PLANE('',#4515);
#4515 = AXIS2_PLACEMENT_3D('',#4516,#4517,#4518);
#4516 = CARTESIAN_POINT('',(0.,2.45,0.));
#4517 = DIRECTION('',(0.,-1.,0.));
#4518 = DIRECTION('',(0.,-0.,-1.));
#4519 = ADVANCED_FACE('',(#4520),#4538,.F.);
#4520 = FACE_BOUND('',#4521,.T.);
#4521 = EDGE_LOOP('',(#4522,#4523,#4524,#4532));
#4522 = ORIENTED_EDGE('',*,*,#3951,.T.);
#4523 = ORIENTED_EDGE('',*,*,#4186,.F.);
#4524 = ORIENTED_EDGE('',*,*,#4525,.F.);
#4525 = EDGE_CURVE('',#4526,#4177,#4528,.T.);
#4526 = VERTEX_POINT('',#4527);
#4527 = CARTESIAN_POINT('',(1.9,2.45,3.4));
#4528 = LINE('',#4529,#4530);
#4529 = CARTESIAN_POINT('',(4.4,2.45,3.4));
#4530 = VECTOR('',#4531,1.);
#4531 = DIRECTION('',(1.,-0.,-3.469446951954E-16));
#4532 = ORIENTED_EDGE('',*,*,#4533,.T.);
#4533 = EDGE_CURVE('',#4526,#3952,#4534,.T.);
#4534 = LINE('',#4535,#4536);
#4535 = CARTESIAN_POINT('',(1.9,2.45,3.4));
#4536 = VECTOR('',#4537,1.);
#4537 = DIRECTION('',(-0.,-1.,-0.));
#4538 = PLANE('',#4539);
#4539 = AXIS2_PLACEMENT_3D('',#4540,#4541,#4542);
#4540 = CARTESIAN_POINT('',(4.4,2.45,3.4));
#4541 = DIRECTION('',(-3.469446951954E-16,0.,-1.));
#4542 = DIRECTION('',(-1.,0.,3.469446951954E-16));
#4543 = ADVANCED_FACE('',(#4544),#4562,.F.);
#4544 = FACE_BOUND('',#4545,.T.);
#4545 = EDGE_LOOP('',(#4546,#4547,#4548,#4556));
#4546 = ORIENTED_EDGE('',*,*,#3959,.T.);
#4547 = ORIENTED_EDGE('',*,*,#4533,.F.);
#4548 = ORIENTED_EDGE('',*,*,#4549,.F.);
#4549 = EDGE_CURVE('',#4550,#4526,#4552,.T.);
#4550 = VERTEX_POINT('',#4551);
#4551 = CARTESIAN_POINT('',(1.9,2.45,5.));
#4552 = LINE('',#4553,#4554);
#4553 = CARTESIAN_POINT('',(1.9,2.45,3.4));
#4554 = VECTOR('',#4555,1.);
#4555 = DIRECTION('',(-1.355252715607E-16,-0.,-1.));
#4556 = ORIENTED_EDGE('',*,*,#4557,.T.);
#4557 = EDGE_CURVE('',#4550,#3960,#4558,.T.);
#4558 = LINE('',#4559,#4560);
#4559 = CARTESIAN_POINT('',(1.9,2.45,5.));
#4560 = VECTOR('',#4561,1.);
#4561 = DIRECTION('',(-0.,-1.,-0.));
#4562 = PLANE('',#4563);
#4563 = AXIS2_PLACEMENT_3D('',#4564,#4565,#4566);
#4564 = CARTESIAN_POINT('',(1.9,2.45,3.4));
#4565 = DIRECTION('',(-1.,0.,1.355252715607E-16));
#4566 = DIRECTION('',(1.355252715607E-16,0.,1.));
#4567 = ADVANCED_FACE('',(#4568),#4579,.F.);
#4568 = FACE_BOUND('',#4569,.T.);
#4569 = EDGE_LOOP('',(#4570,#4571,#4572,#4578));
#4570 = ORIENTED_EDGE('',*,*,#3967,.T.);
#4571 = ORIENTED_EDGE('',*,*,#4557,.F.);
#4572 = ORIENTED_EDGE('',*,*,#4573,.F.);
#4573 = EDGE_CURVE('',#4179,#4550,#4574,.T.);
#4574 = LINE('',#4575,#4576);
#4575 = CARTESIAN_POINT('',(1.9,2.45,5.));
#4576 = VECTOR('',#4577,1.);
#4577 = DIRECTION('',(-1.,-0.,-0.));
#4578 = ORIENTED_EDGE('',*,*,#4220,.T.);
#4579 = PLANE('',#4580);
#4580 = AXIS2_PLACEMENT_3D('',#4581,#4582,#4583);
#4581 = CARTESIAN_POINT('',(1.9,2.45,5.));
#4582 = DIRECTION('',(0.,0.,1.));
#4583 = DIRECTION('',(1.,0.,-0.));
#4584 = ADVANCED_FACE('',(#4585),#4591,.F.);
#4585 = FACE_BOUND('',#4586,.T.);
#4586 = EDGE_LOOP('',(#4587,#4588,#4589,#4590));
#4587 = ORIENTED_EDGE('',*,*,#4176,.T.);
#4588 = ORIENTED_EDGE('',*,*,#4573,.T.);
#4589 = ORIENTED_EDGE('',*,*,#4549,.T.);
#4590 = ORIENTED_EDGE('',*,*,#4525,.T.);
#4591 = PLANE('',#4592);
#4592 = AXIS2_PLACEMENT_3D('',#4593,#4594,#4595);
#4593 = CARTESIAN_POINT('',(0.,2.45,0.));
#4594 = DIRECTION('',(0.,1.,0.));
#4595 = DIRECTION('',(0.,-0.,1.));
#4596 = ADVANCED_FACE('',(#4597),#4623,.T.);
#4597 = FACE_BOUND('',#4598,.T.);
#4598 = EDGE_LOOP('',(#4599,#4600,#4608,#4617));
#4599 = ORIENTED_EDGE('',*,*,#3908,.T.);
#4600 = ORIENTED_EDGE('',*,*,#4601,.F.);
#4601 = EDGE_CURVE('',#4602,#3899,#4604,.T.);
#4602 = VERTEX_POINT('',#4603);
#4603 = CARTESIAN_POINT('',(-0.5,2.45,0.866025403784));
#4604 = LINE('',#4605,#4606);
#4605 = CARTESIAN_POINT('',(-0.5,2.45,0.866025403784));
#4606 = VECTOR('',#4607,1.);
#4607 = DIRECTION('',(-0.,-1.,-0.));
#4608 = ORIENTED_EDGE('',*,*,#4609,.F.);
#4609 = EDGE_CURVE('',#4610,#4602,#4612,.T.);
#4610 = VERTEX_POINT('',#4611);
#4611 = CARTESIAN_POINT('',(-0.866025403784,2.45,0.5));
#4612 = CIRCLE('',#4613,1.);
#4613 = AXIS2_PLACEMENT_3D('',#4614,#4615,#4616);
#4614 = CARTESIAN_POINT('',(0.,2.45,0.));
#4615 = DIRECTION('',(-0.,1.,0.));
#4616 = DIRECTION('',(0.,0.,-1.));
#4617 = ORIENTED_EDGE('',*,*,#4618,.T.);
#4618 = EDGE_CURVE('',#4610,#3909,#4619,.T.);
#4619 = LINE('',#4620,#4621);
#4620 = CARTESIAN_POINT('',(-0.866025403784,2.45,0.5));
#4621 = VECTOR('',#4622,1.);
#4622 = DIRECTION('',(-0.,-1.,-0.));
#4623 = CYLINDRICAL_SURFACE('',#4624,1.);
#4624 = AXIS2_PLACEMENT_3D('',#4625,#4626,#4627);
#4625 = CARTESIAN_POINT('',(0.,2.45,0.));
#4626 = DIRECTION('',(-0.,-1.,-0.));
#4627 = DIRECTION('',(0.,0.,-1.));
#4628 = ADVANCED_FACE('',(#4629),#4647,.F.);
#4629 = FACE_BOUND('',#4630,.T.);
#4630 = EDGE_LOOP('',(#4631,#4632,#4633,#4641));
#4631 = ORIENTED_EDGE('',*,*,#3917,.T.);
#4632 = ORIENTED_EDGE('',*,*,#4618,.F.);
#4633 = ORIENTED_EDGE('',*,*,#4634,.F.);
#4634 = EDGE_CURVE('',#4635,#4610,#4637,.T.);
#4635 = VERTEX_POINT('',#4636);
#4636 = CARTESIAN_POINT('',(-3.,2.45,0.5));
#4637 = LINE('',#4638,#4639);
#4638 = CARTESIAN_POINT('',(-3.,2.45,0.5));
#4639 = VECTOR('',#4640,1.);
#4640 = DIRECTION('',(1.,0.,1.01613409495E-16));
#4641 = ORIENTED_EDGE('',*,*,#4642,.T.);
#4642 = EDGE_CURVE('',#4635,#3918,#4643,.T.);
#4643 = LINE('',#4644,#4645);
#4644 = CARTESIAN_POINT('',(-3.,2.45,0.5));
#4645 = VECTOR('',#4646,1.);
#4646 = DIRECTION('',(-0.,-1.,-0.));
#4647 = PLANE('',#4648);
#4648 = AXIS2_PLACEMENT_3D('',#4649,#4650,#4651);
#4649 = CARTESIAN_POINT('',(-3.,2.45,0.5));
#4650 = DIRECTION('',(1.01613409495E-16,0.,-1.));
#4651 = DIRECTION('',(-1.,0.,-1.01613409495E-16));
#4652 = ADVANCED_FACE('',(#4653),#4671,.F.);
#4653 = FACE_BOUND('',#4654,.T.);
#4654 = EDGE_LOOP('',(#4655,#4656,#4657,#4665));
#4655 = ORIENTED_EDGE('',*,*,#3925,.T.);
#4656 = ORIENTED_EDGE('',*,*,#4642,.F.);
#4657 = ORIENTED_EDGE('',*,*,#4658,.F.);
#4658 = EDGE_CURVE('',#4659,#4635,#4661,.T.);
#4659 = VERTEX_POINT('',#4660);
#4660 = CARTESIAN_POINT('',(-3.,2.45,2.5));
#4661 = LINE('',#4662,#4663);
#4662 = CARTESIAN_POINT('',(-3.,2.45,2.5));
#4663 = VECTOR('',#4664,1.);
#4664 = DIRECTION('',(0.,0.,-1.));
#4665 = ORIENTED_EDGE('',*,*,#4666,.T.);
#4666 = EDGE_CURVE('',#4659,#3926,#4667,.T.);
#4667 = LINE('',#4668,#4669);
#4668 = CARTESIAN_POINT('',(-3.,2.45,2.5));
#4669 = VECTOR('',#4670,1.);
#4670 = DIRECTION('',(-0.,-1.,-0.));
#4671 = PLANE('',#4672);
#4672 = AXIS2_PLACEMENT_3D('',#4673,#4674,#4675);
#4673 = CARTESIAN_POINT('',(-3.,2.45,2.5));
#4674 = DIRECTION('',(-1.,0.,0.));
#4675 = DIRECTION('',(0.,0.,1.));
#4676 = ADVANCED_FACE('',(#4677),#4695,.F.);
#4677 = FACE_BOUND('',#4678,.T.);
#4678 = EDGE_LOOP('',(#4679,#4680,#4681,#4689));
#4679 = ORIENTED_EDGE('',*,*,#3933,.T.);
#4680 = ORIENTED_EDGE('',*,*,#4666,.F.);
#4681 = ORIENTED_EDGE('',*,*,#4682,.F.);
#4682 = EDGE_CURVE('',#4683,#4659,#4685,.T.);
#4683 = VERTEX_POINT('',#4684);
#4684 = CARTESIAN_POINT('',(-0.5,2.45,2.5));
#4685 = LINE('',#4686,#4687);
#4686 = CARTESIAN_POINT('',(-0.5,2.45,2.5));
#4687 = VECTOR('',#4688,1.);
#4688 = DIRECTION('',(-1.,0.,0.));
#4689 = ORIENTED_EDGE('',*,*,#4690,.T.);
#4690 = EDGE_CURVE('',#4683,#3901,#4691,.T.);
#4691 = LINE('',#4692,#4693);
#4692 = CARTESIAN_POINT('',(-0.5,2.45,2.5));
#4693 = VECTOR('',#4694,1.);
#4694 = DIRECTION('',(-0.,-1.,-0.));
#4695 = PLANE('',#4696);
#4696 = AXIS2_PLACEMENT_3D('',#4697,#4698,#4699);
#4697 = CARTESIAN_POINT('',(-0.5,2.45,2.5));
#4698 = DIRECTION('',(0.,-0.,1.));
#4699 = DIRECTION('',(1.,0.,0.));
#4700 = ADVANCED_FACE('',(#4701),#4712,.F.);
#4701 = FACE_BOUND('',#4702,.T.);
#4702 = EDGE_LOOP('',(#4703,#4704,#4705,#4711));
#4703 = ORIENTED_EDGE('',*,*,#3898,.T.);
#4704 = ORIENTED_EDGE('',*,*,#4690,.F.);
#4705 = ORIENTED_EDGE('',*,*,#4706,.F.);
#4706 = EDGE_CURVE('',#4602,#4683,#4707,.T.);
#4707 = LINE('',#4708,#4709);
#4708 = CARTESIAN_POINT('',(-0.5,2.45,0.866025403784));
#4709 = VECTOR('',#4710,1.);
#4710 = DIRECTION('',(0.,0.,1.));
#4711 = ORIENTED_EDGE('',*,*,#4601,.T.);
#4712 = PLANE('',#4713);
#4713 = AXIS2_PLACEMENT_3D('',#4714,#4715,#4716);
#4714 = CARTESIAN_POINT('',(-0.5,2.45,0.866025403784));
#4715 = DIRECTION('',(1.,0.,0.));
#4716 = DIRECTION('',(0.,0.,-1.));
#4717 = ADVANCED_FACE('',(#4718),#4725,.T.);
#4718 = FACE_BOUND('',#4719,.T.);
#4719 = EDGE_LOOP('',(#4720,#4721,#4722,#4723,#4724));
#4720 = ORIENTED_EDGE('',*,*,#4609,.T.);
#4721 = ORIENTED_EDGE('',*,*,#4706,.T.);
#4722 = ORIENTED_EDGE('',*,*,#4682,.T.);
#4723 = ORIENTED_EDGE('',*,*,#4658,.T.);
#4724 = ORIENTED_EDGE('',*,*,#4634,.T.);
#4725 = PLANE('',#4726);
#4726 = AXIS2_PLACEMENT_3D('',#4727,#4728,#4729);
#4727 = CARTESIAN_POINT('',(0.,2.45,0.));
#4728 = DIRECTION('',(0.,-1.,0.));
#4729 = DIRECTION('',(0.,-0.,-1.));
#4730 = ADVANCED_FACE('',(#4731),#4756,.F.);
#4731 = FACE_BOUND('',#4732,.T.);
#4732 = EDGE_LOOP('',(#4733,#4734,#4742,#4750));
#4733 = ORIENTED_EDGE('',*,*,#3865,.T.);
#4734 = ORIENTED_EDGE('',*,*,#4735,.F.);
#4735 = EDGE_CURVE('',#4736,#3856,#4738,.T.);
#4736 = VERTEX_POINT('',#4737);
#4737 = CARTESIAN_POINT('',(3.,2.45,-0.5));
#4738 = LINE('',#4739,#4740);
#4739 = CARTESIAN_POINT('',(3.,2.45,-0.5));
#4740 = VECTOR('',#4741,1.);
#4741 = DIRECTION('',(-0.,-1.,-0.));
#4742 = ORIENTED_EDGE('',*,*,#4743,.F.);
#4743 = EDGE_CURVE('',#4744,#4736,#4746,.T.);
#4744 = VERTEX_POINT('',#4745);
#4745 = CARTESIAN_POINT('',(3.,2.45,-2.5));
#4746 = LINE('',#4747,#4748);
#4747 = CARTESIAN_POINT('',(3.,2.45,-2.5));
#4748 = VECTOR('',#4749,1.);
#4749 = DIRECTION('',(0.,0.,1.));
#4750 = ORIENTED_EDGE('',*,*,#4751,.T.);
#4751 = EDGE_CURVE('',#4744,#3866,#4752,.T.);
#4752 = LINE('',#4753,#4754);
#4753 = CARTESIAN_POINT('',(3.,2.45,-2.5));
#4754 = VECTOR('',#4755,1.);
#4755 = DIRECTION('',(-0.,-1.,-0.));
#4756 = PLANE('',#4757);
#4757 = AXIS2_PLACEMENT_3D('',#4758,#4759,#4760);
#4758 = CARTESIAN_POINT('',(3.,2.45,-2.5));
#4759 = DIRECTION('',(1.,0.,0.));
#4760 = DIRECTION('',(0.,0.,-1.));
#4761 = ADVANCED_FACE('',(#4762),#4780,.F.);
#4762 = FACE_BOUND('',#4763,.T.);
#4763 = EDGE_LOOP('',(#4764,#4765,#4766,#4774));
#4764 = ORIENTED_EDGE('',*,*,#3873,.T.);
#4765 = ORIENTED_EDGE('',*,*,#4751,.F.);
#4766 = ORIENTED_EDGE('',*,*,#4767,.F.);
#4767 = EDGE_CURVE('',#4768,#4744,#4770,.T.);
#4768 = VERTEX_POINT('',#4769);
#4769 = CARTESIAN_POINT('',(0.5,2.45,-2.5));
#4770 = LINE('',#4771,#4772);
#4771 = CARTESIAN_POINT('',(0.5,2.45,-2.5));
#4772 = VECTOR('',#4773,1.);
#4773 = DIRECTION('',(1.,0.,0.));
#4774 = ORIENTED_EDGE('',*,*,#4775,.T.);
#4775 = EDGE_CURVE('',#4768,#3874,#4776,.T.);
#4776 = LINE('',#4777,#4778);
#4777 = CARTESIAN_POINT('',(0.5,2.45,-2.5));
#4778 = VECTOR('',#4779,1.);
#4779 = DIRECTION('',(-0.,-1.,-0.));
#4780 = PLANE('',#4781);
#4781 = AXIS2_PLACEMENT_3D('',#4782,#4783,#4784);
#4782 = CARTESIAN_POINT('',(0.5,2.45,-2.5));
#4783 = DIRECTION('',(0.,0.,-1.));
#4784 = DIRECTION('',(-1.,0.,-0.));
#4785 = ADVANCED_FACE('',(#4786),#4804,.F.);
#4786 = FACE_BOUND('',#4787,.T.);
#4787 = EDGE_LOOP('',(#4788,#4789,#4790,#4798));
#4788 = ORIENTED_EDGE('',*,*,#3881,.T.);
#4789 = ORIENTED_EDGE('',*,*,#4775,.F.);
#4790 = ORIENTED_EDGE('',*,*,#4791,.F.);
#4791 = EDGE_CURVE('',#4792,#4768,#4794,.T.);
#4792 = VERTEX_POINT('',#4793);
#4793 = CARTESIAN_POINT('',(0.5,2.45,-0.866025403784));
#4794 = LINE('',#4795,#4796);
#4795 = CARTESIAN_POINT('',(0.5,2.45,-0.866025403784));
#4796 = VECTOR('',#4797,1.);
#4797 = DIRECTION('',(0.,0.,-1.));
#4798 = ORIENTED_EDGE('',*,*,#4799,.T.);
#4799 = EDGE_CURVE('',#4792,#3882,#4800,.T.);
#4800 = LINE('',#4801,#4802);
#4801 = CARTESIAN_POINT('',(0.5,2.45,-0.866025403784));
#4802 = VECTOR('',#4803,1.);
#4803 = DIRECTION('',(-0.,-1.,-0.));
#4804 = PLANE('',#4805);
#4805 = AXIS2_PLACEMENT_3D('',#4806,#4807,#4808);
#4806 = CARTESIAN_POINT('',(0.5,2.45,-0.866025403784));
#4807 = DIRECTION('',(-1.,0.,0.));
#4808 = DIRECTION('',(0.,0.,1.));
#4809 = ADVANCED_FACE('',(#4810),#4829,.T.);
#4810 = FACE_BOUND('',#4811,.T.);
#4811 = EDGE_LOOP('',(#4812,#4813,#4814,#4823));
#4812 = ORIENTED_EDGE('',*,*,#3889,.T.);
#4813 = ORIENTED_EDGE('',*,*,#4799,.F.);
#4814 = ORIENTED_EDGE('',*,*,#4815,.F.);
#4815 = EDGE_CURVE('',#4816,#4792,#4818,.T.);
#4816 = VERTEX_POINT('',#4817);
#4817 = CARTESIAN_POINT('',(0.866025403784,2.45,-0.5));
#4818 = CIRCLE('',#4819,1.);
#4819 = AXIS2_PLACEMENT_3D('',#4820,#4821,#4822);
#4820 = CARTESIAN_POINT('',(0.,2.45,0.));
#4821 = DIRECTION('',(-0.,1.,0.));
#4822 = DIRECTION('',(0.,0.,-1.));
#4823 = ORIENTED_EDGE('',*,*,#4824,.T.);
#4824 = EDGE_CURVE('',#4816,#3858,#4825,.T.);
#4825 = LINE('',#4826,#4827);
#4826 = CARTESIAN_POINT('',(0.866025403784,2.45,-0.5));
#4827 = VECTOR('',#4828,1.);
#4828 = DIRECTION('',(-0.,-1.,-0.));
#4829 = CYLINDRICAL_SURFACE('',#4830,1.);
#4830 = AXIS2_PLACEMENT_3D('',#4831,#4832,#4833);
#4831 = CARTESIAN_POINT('',(0.,2.45,0.));
#4832 = DIRECTION('',(-0.,-1.,-0.));
#4833 = DIRECTION('',(0.,0.,-1.));
#4834 = ADVANCED_FACE('',(#4835),#4846,.F.);
#4835 = FACE_BOUND('',#4836,.T.);
#4836 = EDGE_LOOP('',(#4837,#4838,#4839,#4845));
#4837 = ORIENTED_EDGE('',*,*,#3855,.T.);
#4838 = ORIENTED_EDGE('',*,*,#4824,.F.);
#4839 = ORIENTED_EDGE('',*,*,#4840,.F.);
#4840 = EDGE_CURVE('',#4736,#4816,#4841,.T.);
#4841 = LINE('',#4842,#4843);
#4842 = CARTESIAN_POINT('',(3.,2.45,-0.5));
#4843 = VECTOR('',#4844,1.);
#4844 = DIRECTION('',(-1.,0.,-1.01613409495E-16));
#4845 = ORIENTED_EDGE('',*,*,#4735,.T.);
#4846 = PLANE('',#4847);
#4847 = AXIS2_PLACEMENT_3D('',#4848,#4849,#4850);
#4848 = CARTESIAN_POINT('',(3.,2.45,-0.5));
#4849 = DIRECTION('',(-1.01613409495E-16,0.,1.));
#4850 = DIRECTION('',(1.,0.,1.01613409495E-16));
#4851 = ADVANCED_FACE('',(#4852),#4859,.T.);
#4852 = FACE_BOUND('',#4853,.T.);
#4853 = EDGE_LOOP('',(#4854,#4855,#4856,#4857,#4858));
#4854 = ORIENTED_EDGE('',*,*,#4743,.T.);
#4855 = ORIENTED_EDGE('',*,*,#4840,.T.);
#4856 = ORIENTED_EDGE('',*,*,#4815,.T.);
#4857 = ORIENTED_EDGE('',*,*,#4791,.T.);
#4858 = ORIENTED_EDGE('',*,*,#4767,.T.);
#4859 = PLANE('',#4860);
#4860 = AXIS2_PLACEMENT_3D('',#4861,#4862,#4863);
#4861 = CARTESIAN_POINT('',(0.,2.45,0.));
#4862 = DIRECTION('',(0.,-1.,0.));
#4863 = DIRECTION('',(0.,-0.,-1.));
#4864 = ADVANCED_FACE('',(#4865),#4877,.F.);
#4865 = FACE_BOUND('',#4866,.F.);
#4866 = EDGE_LOOP('',(#4867,#4868,#4869,#4876));
#4867 = ORIENTED_EDGE('',*,*,#3845,.F.);
#4868 = ORIENTED_EDGE('',*,*,#3625,.F.);
#4869 = ORIENTED_EDGE('',*,*,#4870,.T.);
#4870 = EDGE_CURVE('',#3626,#3645,#4871,.T.);
#4871 = CIRCLE('',#4872,0.58);
#4872 = AXIS2_PLACEMENT_3D('',#4873,#4874,#4875);
#4873 = CARTESIAN_POINT('',(0.,2.45,0.));
#4874 = DIRECTION('',(0.,-1.,0.));
#4875 = DIRECTION('',(0.,0.,-1.));
#4876 = ORIENTED_EDGE('',*,*,#3644,.T.);
#4877 = CYLINDRICAL_SURFACE('',#4878,0.58);
#4878 = AXIS2_PLACEMENT_3D('',#4879,#4880,#4881);
#4879 = CARTESIAN_POINT('',(0.,2.45,0.));
#4880 = DIRECTION('',(-0.,-1.,-0.));
#4881 = DIRECTION('',(0.,0.,-1.));
#4882 = ADVANCED_FACE('',(#4883),#4887,.T.);
#4883 = FACE_BOUND('',#4884,.T.);
#4884 = EDGE_LOOP('',(#4885,#4886));
#4885 = ORIENTED_EDGE('',*,*,#4870,.T.);
#4886 = ORIENTED_EDGE('',*,*,#3652,.T.);
#4887 = PLANE('',#4888);
#4888 = AXIS2_PLACEMENT_3D('',#4889,#4890,#4891);
#4889 = CARTESIAN_POINT('',(0.,2.45,0.));
#4890 = DIRECTION('',(0.,-1.,0.));
#4891 = DIRECTION('',(0.,-0.,-1.));
#4892 = ADVANCED_FACE('',(#4893),#4919,.T.);
#4893 = FACE_BOUND('',#4894,.T.);
#4894 = EDGE_LOOP('',(#4895,#4896,#4904,#4913));
#4895 = ORIENTED_EDGE('',*,*,#3812,.T.);
#4896 = ORIENTED_EDGE('',*,*,#4897,.F.);
#4897 = EDGE_CURVE('',#4898,#3803,#4900,.T.);
#4898 = VERTEX_POINT('',#4899);
#4899 = CARTESIAN_POINT('',(0.866025403784,2.45,0.5));
#4900 = LINE('',#4901,#4902);
#4901 = CARTESIAN_POINT('',(0.866025403784,2.45,0.5));
#4902 = VECTOR('',#4903,1.);
#4903 = DIRECTION('',(-0.,-1.,-0.));
#4904 = ORIENTED_EDGE('',*,*,#4905,.F.);
#4905 = EDGE_CURVE('',#4906,#4898,#4908,.T.);
#4906 = VERTEX_POINT('',#4907);
#4907 = CARTESIAN_POINT('',(0.5,2.45,0.866025403784));
#4908 = CIRCLE('',#4909,1.);
#4909 = AXIS2_PLACEMENT_3D('',#4910,#4911,#4912);
#4910 = CARTESIAN_POINT('',(0.,2.45,0.));
#4911 = DIRECTION('',(-0.,1.,0.));
#4912 = DIRECTION('',(0.,0.,1.));
#4913 = ORIENTED_EDGE('',*,*,#4914,.T.);
#4914 = EDGE_CURVE('',#4906,#3813,#4915,.T.);
#4915 = LINE('',#4916,#4917);
#4916 = CARTESIAN_POINT('',(0.5,2.45,0.866025403784));
#4917 = VECTOR('',#4918,1.);
#4918 = DIRECTION('',(-0.,-1.,-0.));
#4919 = CYLINDRICAL_SURFACE('',#4920,1.);
#4920 = AXIS2_PLACEMENT_3D('',#4921,#4922,#4923);
#4921 = CARTESIAN_POINT('',(0.,2.45,0.));
#4922 = DIRECTION('',(-0.,-1.,-0.));
#4923 = DIRECTION('',(0.,0.,-1.));
#4924 = ADVANCED_FACE('',(#4925),#4943,.F.);
#4925 = FACE_BOUND('',#4926,.T.);
#4926 = EDGE_LOOP('',(#4927,#4928,#4929,#4937));
#4927 = ORIENTED_EDGE('',*,*,#3821,.T.);
#4928 = ORIENTED_EDGE('',*,*,#4914,.F.);
#4929 = ORIENTED_EDGE('',*,*,#4930,.F.);
#4930 = EDGE_CURVE('',#4931,#4906,#4933,.T.);
#4931 = VERTEX_POINT('',#4932);
#4932 = CARTESIAN_POINT('',(0.5,2.45,2.5));
#4933 = LINE('',#4934,#4935);
#4934 = CARTESIAN_POINT('',(0.5,2.45,0.866025403784));
#4935 = VECTOR('',#4936,1.);
#4936 = DIRECTION('',(-0.,-0.,-1.));
#4937 = ORIENTED_EDGE('',*,*,#4938,.T.);
#4938 = EDGE_CURVE('',#4931,#3822,#4939,.T.);
#4939 = LINE('',#4940,#4941);
#4940 = CARTESIAN_POINT('',(0.5,2.45,2.5));
#4941 = VECTOR('',#4942,1.);
#4942 = DIRECTION('',(-0.,-1.,-0.));
#4943 = PLANE('',#4944);
#4944 = AXIS2_PLACEMENT_3D('',#4945,#4946,#4947);
#4945 = CARTESIAN_POINT('',(0.5,2.45,0.866025403784));
#4946 = DIRECTION('',(-1.,0.,0.));
#4947 = DIRECTION('',(0.,0.,1.));
#4948 = ADVANCED_FACE('',(#4949),#4967,.F.);
#4949 = FACE_BOUND('',#4950,.T.);
#4950 = EDGE_LOOP('',(#4951,#4952,#4953,#4961));
#4951 = ORIENTED_EDGE('',*,*,#3829,.T.);
#4952 = ORIENTED_EDGE('',*,*,#4938,.F.);
#4953 = ORIENTED_EDGE('',*,*,#4954,.F.);
#4954 = EDGE_CURVE('',#4955,#4931,#4957,.T.);
#4955 = VERTEX_POINT('',#4956);
#4956 = CARTESIAN_POINT('',(3.,2.45,2.5));
#4957 = LINE('',#4958,#4959);
#4958 = CARTESIAN_POINT('',(0.5,2.45,2.5));
#4959 = VECTOR('',#4960,1.);
#4960 = DIRECTION('',(-1.,-0.,-0.));
#4961 = ORIENTED_EDGE('',*,*,#4962,.T.);
#4962 = EDGE_CURVE('',#4955,#3830,#4963,.T.);
#4963 = LINE('',#4964,#4965);
#4964 = CARTESIAN_POINT('',(3.,2.45,2.5));
#4965 = VECTOR('',#4966,1.);
#4966 = DIRECTION('',(-0.,-1.,-0.));
#4967 = PLANE('',#4968);
#4968 = AXIS2_PLACEMENT_3D('',#4969,#4970,#4971);
#4969 = CARTESIAN_POINT('',(0.5,2.45,2.5));
#4970 = DIRECTION('',(0.,0.,1.));
#4971 = DIRECTION('',(1.,0.,-0.));
#4972 = ADVANCED_FACE('',(#4973),#4991,.F.);
#4973 = FACE_BOUND('',#4974,.T.);
#4974 = EDGE_LOOP('',(#4975,#4976,#4977,#4985));
#4975 = ORIENTED_EDGE('',*,*,#3837,.T.);
#4976 = ORIENTED_EDGE('',*,*,#4962,.F.);
#4977 = ORIENTED_EDGE('',*,*,#4978,.F.);
#4978 = EDGE_CURVE('',#4979,#4955,#4981,.T.);
#4979 = VERTEX_POINT('',#4980);
#4980 = CARTESIAN_POINT('',(3.,2.45,0.5));
#4981 = LINE('',#4982,#4983);
#4982 = CARTESIAN_POINT('',(3.,2.45,2.5));
#4983 = VECTOR('',#4984,1.);
#4984 = DIRECTION('',(-0.,-0.,1.));
#4985 = ORIENTED_EDGE('',*,*,#4986,.T.);
#4986 = EDGE_CURVE('',#4979,#3805,#4987,.T.);
#4987 = LINE('',#4988,#4989);
#4988 = CARTESIAN_POINT('',(3.,2.45,0.5));
#4989 = VECTOR('',#4990,1.);
#4990 = DIRECTION('',(-0.,-1.,-0.));
#4991 = PLANE('',#4992);
#4992 = AXIS2_PLACEMENT_3D('',#4993,#4994,#4995);
#4993 = CARTESIAN_POINT('',(3.,2.45,2.5));
#4994 = DIRECTION('',(1.,-0.,0.));
#4995 = DIRECTION('',(0.,0.,-1.));
#4996 = ADVANCED_FACE('',(#4997),#5008,.F.);
#4997 = FACE_BOUND('',#4998,.T.);
#4998 = EDGE_LOOP('',(#4999,#5000,#5001,#5007));
#4999 = ORIENTED_EDGE('',*,*,#3802,.T.);
#5000 = ORIENTED_EDGE('',*,*,#4986,.F.);
#5001 = ORIENTED_EDGE('',*,*,#5002,.F.);
#5002 = EDGE_CURVE('',#4898,#4979,#5003,.T.);
#5003 = LINE('',#5004,#5005);
#5004 = CARTESIAN_POINT('',(3.,2.45,0.5));
#5005 = VECTOR('',#5006,1.);
#5006 = DIRECTION('',(1.,-0.,-1.01613409495E-16));
#5007 = ORIENTED_EDGE('',*,*,#4897,.T.);
#5008 = PLANE('',#5009);
#5009 = AXIS2_PLACEMENT_3D('',#5010,#5011,#5012);
#5010 = CARTESIAN_POINT('',(3.,2.45,0.5));
#5011 = DIRECTION('',(-1.01613409495E-16,0.,-1.));
#5012 = DIRECTION('',(-1.,0.,1.01613409495E-16));
#5013 = ADVANCED_FACE('',(#5014),#5021,.F.);
#5014 = FACE_BOUND('',#5015,.T.);
#5015 = EDGE_LOOP('',(#5016,#5017,#5018,#5019,#5020));
#5016 = ORIENTED_EDGE('',*,*,#4905,.T.);
#5017 = ORIENTED_EDGE('',*,*,#5002,.T.);
#5018 = ORIENTED_EDGE('',*,*,#4978,.T.);
#5019 = ORIENTED_EDGE('',*,*,#4954,.T.);
#5020 = ORIENTED_EDGE('',*,*,#4930,.T.);
#5021 = PLANE('',#5022);
#5022 = AXIS2_PLACEMENT_3D('',#5023,#5024,#5025);
#5023 = CARTESIAN_POINT('',(0.,2.45,0.));
#5024 = DIRECTION('',(-0.,1.,0.));
#5025 = DIRECTION('',(0.,0.,1.));
#5026 = ADVANCED_FACE('',(#5027),#5053,.T.);
#5027 = FACE_BOUND('',#5028,.T.);
#5028 = EDGE_LOOP('',(#5029,#5030,#5038,#5047));
#5029 = ORIENTED_EDGE('',*,*,#3769,.T.);
#5030 = ORIENTED_EDGE('',*,*,#5031,.F.);
#5031 = EDGE_CURVE('',#5032,#3760,#5034,.T.);
#5032 = VERTEX_POINT('',#5033);
#5033 = CARTESIAN_POINT('',(-0.866025403784,2.45,-0.5));
#5034 = LINE('',#5035,#5036);
#5035 = CARTESIAN_POINT('',(-0.866025403784,2.45,-0.5));
#5036 = VECTOR('',#5037,1.);
#5037 = DIRECTION('',(-0.,-1.,-0.));
#5038 = ORIENTED_EDGE('',*,*,#5039,.F.);
#5039 = EDGE_CURVE('',#5040,#5032,#5042,.T.);
#5040 = VERTEX_POINT('',#5041);
#5041 = CARTESIAN_POINT('',(-0.5,2.45,-0.866025403784));
#5042 = CIRCLE('',#5043,1.);
#5043 = AXIS2_PLACEMENT_3D('',#5044,#5045,#5046);
#5044 = CARTESIAN_POINT('',(0.,2.45,0.));
#5045 = DIRECTION('',(-0.,1.,0.));
#5046 = DIRECTION('',(0.,0.,1.));
#5047 = ORIENTED_EDGE('',*,*,#5048,.T.);
#5048 = EDGE_CURVE('',#5040,#3770,#5049,.T.);
#5049 = LINE('',#5050,#5051);
#5050 = CARTESIAN_POINT('',(-0.5,2.45,-0.866025403784));
#5051 = VECTOR('',#5052,1.);
#5052 = DIRECTION('',(-0.,-1.,-0.));
#5053 = CYLINDRICAL_SURFACE('',#5054,1.);
#5054 = AXIS2_PLACEMENT_3D('',#5055,#5056,#5057);
#5055 = CARTESIAN_POINT('',(0.,2.45,0.));
#5056 = DIRECTION('',(-0.,-1.,-0.));
#5057 = DIRECTION('',(0.,0.,-1.));
#5058 = ADVANCED_FACE('',(#5059),#5077,.F.);
#5059 = FACE_BOUND('',#5060,.T.);
#5060 = EDGE_LOOP('',(#5061,#5062,#5063,#5071));
#5061 = ORIENTED_EDGE('',*,*,#3778,.T.);
#5062 = ORIENTED_EDGE('',*,*,#5048,.F.);
#5063 = ORIENTED_EDGE('',*,*,#5064,.F.);
#5064 = EDGE_CURVE('',#5065,#5040,#5067,.T.);
#5065 = VERTEX_POINT('',#5066);
#5066 = CARTESIAN_POINT('',(-0.5,2.45,-2.5));
#5067 = LINE('',#5068,#5069);
#5068 = CARTESIAN_POINT('',(-0.5,2.45,-0.866025403784));
#5069 = VECTOR('',#5070,1.);
#5070 = DIRECTION('',(-0.,-0.,1.));
#5071 = ORIENTED_EDGE('',*,*,#5072,.T.);
#5072 = EDGE_CURVE('',#5065,#3779,#5073,.T.);
#5073 = LINE('',#5074,#5075);
#5074 = CARTESIAN_POINT('',(-0.5,2.45,-2.5));
#5075 = VECTOR('',#5076,1.);
#5076 = DIRECTION('',(-0.,-1.,-0.));
#5077 = PLANE('',#5078);
#5078 = AXIS2_PLACEMENT_3D('',#5079,#5080,#5081);
#5079 = CARTESIAN_POINT('',(-0.5,2.45,-0.866025403784));
#5080 = DIRECTION('',(1.,-0.,0.));
#5081 = DIRECTION('',(0.,0.,-1.));
#5082 = ADVANCED_FACE('',(#5083),#5101,.F.);
#5083 = FACE_BOUND('',#5084,.T.);
#5084 = EDGE_LOOP('',(#5085,#5086,#5087,#5095));
#5085 = ORIENTED_EDGE('',*,*,#3786,.T.);
#5086 = ORIENTED_EDGE('',*,*,#5072,.F.);
#5087 = ORIENTED_EDGE('',*,*,#5088,.F.);
#5088 = EDGE_CURVE('',#5089,#5065,#5091,.T.);
#5089 = VERTEX_POINT('',#5090);
#5090 = CARTESIAN_POINT('',(-3.,2.45,-2.5));
#5091 = LINE('',#5092,#5093);
#5092 = CARTESIAN_POINT('',(-0.5,2.45,-2.5));
#5093 = VECTOR('',#5094,1.);
#5094 = DIRECTION('',(1.,-0.,-0.));
#5095 = ORIENTED_EDGE('',*,*,#5096,.T.);
#5096 = EDGE_CURVE('',#5089,#3787,#5097,.T.);
#5097 = LINE('',#5098,#5099);
#5098 = CARTESIAN_POINT('',(-3.,2.45,-2.5));
#5099 = VECTOR('',#5100,1.);
#5100 = DIRECTION('',(-0.,-1.,-0.));
#5101 = PLANE('',#5102);
#5102 = AXIS2_PLACEMENT_3D('',#5103,#5104,#5105);
#5103 = CARTESIAN_POINT('',(-0.5,2.45,-2.5));
#5104 = DIRECTION('',(0.,0.,-1.));
#5105 = DIRECTION('',(-1.,0.,-0.));
#5106 = ADVANCED_FACE('',(#5107),#5125,.F.);
#5107 = FACE_BOUND('',#5108,.T.);
#5108 = EDGE_LOOP('',(#5109,#5110,#5111,#5119));
#5109 = ORIENTED_EDGE('',*,*,#3794,.T.);
#5110 = ORIENTED_EDGE('',*,*,#5096,.F.);
#5111 = ORIENTED_EDGE('',*,*,#5112,.F.);
#5112 = EDGE_CURVE('',#5113,#5089,#5115,.T.);
#5113 = VERTEX_POINT('',#5114);
#5114 = CARTESIAN_POINT('',(-3.,2.45,-0.5));
#5115 = LINE('',#5116,#5117);
#5116 = CARTESIAN_POINT('',(-3.,2.45,-2.5));
#5117 = VECTOR('',#5118,1.);
#5118 = DIRECTION('',(-0.,-0.,-1.));
#5119 = ORIENTED_EDGE('',*,*,#5120,.T.);
#5120 = EDGE_CURVE('',#5113,#3762,#5121,.T.);
#5121 = LINE('',#5122,#5123);
#5122 = CARTESIAN_POINT('',(-3.,2.45,-0.5));
#5123 = VECTOR('',#5124,1.);
#5124 = DIRECTION('',(-0.,-1.,-0.));
#5125 = PLANE('',#5126);
#5126 = AXIS2_PLACEMENT_3D('',#5127,#5128,#5129);
#5127 = CARTESIAN_POINT('',(-3.,2.45,-2.5));
#5128 = DIRECTION('',(-1.,0.,0.));
#5129 = DIRECTION('',(0.,0.,1.));
#5130 = ADVANCED_FACE('',(#5131),#5142,.F.);
#5131 = FACE_BOUND('',#5132,.T.);
#5132 = EDGE_LOOP('',(#5133,#5134,#5135,#5141));
#5133 = ORIENTED_EDGE('',*,*,#3759,.T.);
#5134 = ORIENTED_EDGE('',*,*,#5120,.F.);
#5135 = ORIENTED_EDGE('',*,*,#5136,.F.);
#5136 = EDGE_CURVE('',#5032,#5113,#5137,.T.);
#5137 = LINE('',#5138,#5139);
#5138 = CARTESIAN_POINT('',(-3.,2.45,-0.5));
#5139 = VECTOR('',#5140,1.);
#5140 = DIRECTION('',(-1.,-0.,1.01613409495E-16));
#5141 = ORIENTED_EDGE('',*,*,#5031,.T.);
#5142 = PLANE('',#5143);
#5143 = AXIS2_PLACEMENT_3D('',#5144,#5145,#5146);
#5144 = CARTESIAN_POINT('',(-3.,2.45,-0.5));
#5145 = DIRECTION('',(1.01613409495E-16,-0.,1.));
#5146 = DIRECTION('',(1.,0.,-1.01613409495E-16));
#5147 = ADVANCED_FACE('',(#5148),#5155,.F.);
#5148 = FACE_BOUND('',#5149,.T.);
#5149 = EDGE_LOOP('',(#5150,#5151,#5152,#5153,#5154));
#5150 = ORIENTED_EDGE('',*,*,#5039,.T.);
#5151 = ORIENTED_EDGE('',*,*,#5136,.T.);
#5152 = ORIENTED_EDGE('',*,*,#5112,.T.);
#5153 = ORIENTED_EDGE('',*,*,#5088,.T.);
#5154 = ORIENTED_EDGE('',*,*,#5064,.T.);
#5155 = PLANE('',#5156);
#5156 = AXIS2_PLACEMENT_3D('',#5157,#5158,#5159);
#5157 = CARTESIAN_POINT('',(0.,2.45,0.));
#5158 = DIRECTION('',(-0.,1.,0.));
#5159 = DIRECTION('',(0.,0.,1.));
#5160 = ADVANCED_FACE('',(#5161),#5173,.T.);
#5161 = FACE_BOUND('',#5162,.T.);
#5162 = EDGE_LOOP('',(#5163,#5164,#5171,#5172));
#5163 = ORIENTED_EDGE('',*,*,#3594,.F.);
#5164 = ORIENTED_EDGE('',*,*,#5165,.T.);
#5165 = EDGE_CURVE('',#3520,#3518,#5166,.T.);
#5166 = CIRCLE('',#5167,0.7);
#5167 = AXIS2_PLACEMENT_3D('',#5168,#5169,#5170);
#5168 = CARTESIAN_POINT('',(1.051116424134E-15,0.15,4.2));
#5169 = DIRECTION('',(-0.,1.,0.));
#5170 = DIRECTION('',(0.,0.,-1.));
#5171 = ORIENTED_EDGE('',*,*,#3611,.T.);
#5172 = ORIENTED_EDGE('',*,*,#3749,.T.);
#5173 = CYLINDRICAL_SURFACE('',#5174,0.7);
#5174 = AXIS2_PLACEMENT_3D('',#5175,#5176,#5177);
#5175 = CARTESIAN_POINT('',(1.051116424134E-15,2.168404344971E-16,4.2));
#5176 = DIRECTION('',(-0.,1.,-0.));
#5177 = DIRECTION('',(0.,0.,1.));
#5178 = ADVANCED_FACE('',(#5179),#5189,.T.);
#5179 = FACE_BOUND('',#5180,.T.);
#5180 = EDGE_LOOP('',(#5181,#5182));
#5181 = ORIENTED_EDGE('',*,*,#3537,.T.);
#5182 = ORIENTED_EDGE('',*,*,#5183,.T.);
#5183 = EDGE_CURVE('',#3529,#3538,#5184,.T.);
#5184 = CIRCLE('',#5185,0.55);
#5185 = AXIS2_PLACEMENT_3D('',#5186,#5187,#5188);
#5186 = CARTESIAN_POINT('',(1.051116424134E-15,2.168404344971E-16,4.2));
#5187 = DIRECTION('',(0.,-1.,0.));
#5188 = DIRECTION('',(0.,0.,-1.));
#5189 = PLANE('',#5190);
#5190 = AXIS2_PLACEMENT_3D('',#5191,#5192,#5193);
#5191 = CARTESIAN_POINT('',(1.051116424134E-15,2.168404344971E-16,4.2));
#5192 = DIRECTION('',(0.,-1.,0.));
#5193 = DIRECTION('',(0.,-0.,-1.));
#5194 = ADVANCED_FACE('',(#5195),#5207,.T.);
#5195 = FACE_BOUND('',#5196,.T.);
#5196 = EDGE_LOOP('',(#5197,#5198,#5205,#5206));
#5197 = ORIENTED_EDGE('',*,*,#3562,.F.);
#5198 = ORIENTED_EDGE('',*,*,#5199,.T.);
#5199 = EDGE_CURVE('',#3485,#3494,#5200,.T.);
#5200 = CIRCLE('',#5201,0.7);
#5201 = AXIS2_PLACEMENT_3D('',#5202,#5203,#5204);
#5202 = CARTESIAN_POINT('',(1.051116424134E-15,0.15,-4.2));
#5203 = DIRECTION('',(-0.,1.,0.));
#5204 = DIRECTION('',(0.,0.,1.));
#5205 = ORIENTED_EDGE('',*,*,#3579,.T.);
#5206 = ORIENTED_EDGE('',*,*,#3739,.T.);
#5207 = CYLINDRICAL_SURFACE('',#5208,0.7);
#5208 = AXIS2_PLACEMENT_3D('',#5209,#5210,#5211);
#5209 = CARTESIAN_POINT('',(1.051116424134E-15,2.168404344971E-16,-4.2)
  );
#5210 = DIRECTION('',(-0.,1.,-0.));
#5211 = DIRECTION('',(0.,0.,1.));
#5212 = ADVANCED_FACE('',(#5213),#5223,.F.);
#5213 = FACE_BOUND('',#5214,.T.);
#5214 = EDGE_LOOP('',(#5215,#5222));
#5215 = ORIENTED_EDGE('',*,*,#5216,.T.);
#5216 = EDGE_CURVE('',#3476,#3474,#5217,.T.);
#5217 = CIRCLE('',#5218,0.55);
#5218 = AXIS2_PLACEMENT_3D('',#5219,#5220,#5221);
#5219 = CARTESIAN_POINT('',(1.051116424134E-15,2.168404344971E-16,-4.2)
  );
#5220 = DIRECTION('',(0.,-1.,0.));
#5221 = DIRECTION('',(0.,0.,1.));
#5222 = ORIENTED_EDGE('',*,*,#3473,.T.);
#5223 = PLANE('',#5224);
#5224 = AXIS2_PLACEMENT_3D('',#5225,#5226,#5227);
#5225 = CARTESIAN_POINT('',(1.051116424134E-15,2.168404344971E-16,-4.2)
  );
#5226 = DIRECTION('',(-0.,1.,0.));
#5227 = DIRECTION('',(0.,0.,1.));
#5228 = ADVANCED_FACE('',(#5229),#5235,.T.);
#5229 = FACE_BOUND('',#5230,.T.);
#5230 = EDGE_LOOP('',(#5231,#5232,#5233,#5234));
#5231 = ORIENTED_EDGE('',*,*,#3528,.F.);
#5232 = ORIENTED_EDGE('',*,*,#5165,.F.);
#5233 = ORIENTED_EDGE('',*,*,#3546,.T.);
#5234 = ORIENTED_EDGE('',*,*,#5183,.F.);
#5235 = TOROIDAL_SURFACE('',#5236,0.55,0.15);
#5236 = AXIS2_PLACEMENT_3D('',#5237,#5238,#5239);
#5237 = CARTESIAN_POINT('',(1.051116424134E-15,0.15,4.2));
#5238 = DIRECTION('',(0.,-1.,0.));
#5239 = DIRECTION('',(0.,0.,-1.));
#5240 = ADVANCED_FACE('',(#5241),#5247,.T.);
#5241 = FACE_BOUND('',#5242,.T.);
#5242 = EDGE_LOOP('',(#5243,#5244,#5245,#5246));
#5243 = ORIENTED_EDGE('',*,*,#3484,.F.);
#5244 = ORIENTED_EDGE('',*,*,#5216,.F.);
#5245 = ORIENTED_EDGE('',*,*,#3502,.T.);
#5246 = ORIENTED_EDGE('',*,*,#5199,.F.);
#5247 = TOROIDAL_SURFACE('',#5248,0.55,0.15);
#5248 = AXIS2_PLACEMENT_3D('',#5249,#5250,#5251);
#5249 = CARTESIAN_POINT('',(1.051116424134E-15,0.15,-4.2));
#5250 = DIRECTION('',(-0.,1.,-0.));
#5251 = DIRECTION('',(0.,0.,1.));
#5252 = ADVANCED_FACE('',(#5253),#5271,.F.);
#5253 = FACE_BOUND('',#5254,.T.);
#5254 = EDGE_LOOP('',(#5255,#5256,#5257,#5265));
#5255 = ORIENTED_EDGE('',*,*,#3677,.T.);
#5256 = ORIENTED_EDGE('',*,*,#4141,.F.);
#5257 = ORIENTED_EDGE('',*,*,#5258,.F.);
#5258 = EDGE_CURVE('',#5259,#4132,#5261,.T.);
#5259 = VERTEX_POINT('',#5260);
#5260 = CARTESIAN_POINT('',(2.,4.9,5.));
#5261 = LINE('',#5262,#5263);
#5262 = CARTESIAN_POINT('',(2.,4.9,5.));
#5263 = VECTOR('',#5264,1.);
#5264 = DIRECTION('',(0.,1.,0.));
#5265 = ORIENTED_EDGE('',*,*,#5266,.T.);
#5266 = EDGE_CURVE('',#5259,#3678,#5267,.T.);
#5267 = LINE('',#5268,#5269);
#5268 = CARTESIAN_POINT('',(2.,4.9,5.));
#5269 = VECTOR('',#5270,1.);
#5270 = DIRECTION('',(-0.,-0.,1.));
#5271 = PLANE('',#5272);
#5272 = AXIS2_PLACEMENT_3D('',#5273,#5274,#5275);
#5273 = CARTESIAN_POINT('',(2.,4.9,5.));
#5274 = DIRECTION('',(1.,-0.,0.));
#5275 = DIRECTION('',(0.,0.,-1.));
#5276 = ADVANCED_FACE('',(#5277),#5295,.F.);
#5277 = FACE_BOUND('',#5278,.T.);
#5278 = EDGE_LOOP('',(#5279,#5280,#5281,#5289));
#5279 = ORIENTED_EDGE('',*,*,#3685,.T.);
#5280 = ORIENTED_EDGE('',*,*,#5266,.F.);
#5281 = ORIENTED_EDGE('',*,*,#5282,.F.);
#5282 = EDGE_CURVE('',#5283,#5259,#5285,.T.);
#5283 = VERTEX_POINT('',#5284);
#5284 = CARTESIAN_POINT('',(-2.,4.9,5.));
#5285 = LINE('',#5286,#5287);
#5286 = CARTESIAN_POINT('',(-2.,4.9,5.));
#5287 = VECTOR('',#5288,1.);
#5288 = DIRECTION('',(1.,0.,0.));
#5289 = ORIENTED_EDGE('',*,*,#5290,.T.);
#5290 = EDGE_CURVE('',#5283,#3686,#5291,.T.);
#5291 = LINE('',#5292,#5293);
#5292 = CARTESIAN_POINT('',(-2.,4.9,5.));
#5293 = VECTOR('',#5294,1.);
#5294 = DIRECTION('',(-0.,-0.,1.));
#5295 = PLANE('',#5296);
#5296 = AXIS2_PLACEMENT_3D('',#5297,#5298,#5299);
#5297 = CARTESIAN_POINT('',(-2.,4.9,5.));
#5298 = DIRECTION('',(0.,-1.,0.));
#5299 = DIRECTION('',(0.,-0.,-1.));
#5300 = ADVANCED_FACE('',(#5301),#5312,.F.);
#5301 = FACE_BOUND('',#5302,.T.);
#5302 = EDGE_LOOP('',(#5303,#5304,#5305,#5311));
#5303 = ORIENTED_EDGE('',*,*,#3693,.T.);
#5304 = ORIENTED_EDGE('',*,*,#5290,.F.);
#5305 = ORIENTED_EDGE('',*,*,#5306,.F.);
#5306 = EDGE_CURVE('',#4134,#5283,#5307,.T.);
#5307 = LINE('',#5308,#5309);
#5308 = CARTESIAN_POINT('',(-2.,4.9,5.));
#5309 = VECTOR('',#5310,1.);
#5310 = DIRECTION('',(-2.891205793295E-16,-1.,-0.));
#5311 = ORIENTED_EDGE('',*,*,#4162,.T.);
#5312 = PLANE('',#5313);
#5313 = AXIS2_PLACEMENT_3D('',#5314,#5315,#5316);
#5314 = CARTESIAN_POINT('',(-2.,4.9,5.));
#5315 = DIRECTION('',(-1.,2.891205793295E-16,0.));
#5316 = DIRECTION('',(-2.891205793295E-16,-1.,0.));
#5317 = ADVANCED_FACE('',(#5318),#5324,.F.);
#5318 = FACE_BOUND('',#5319,.T.);
#5319 = EDGE_LOOP('',(#5320,#5321,#5322,#5323));
#5320 = ORIENTED_EDGE('',*,*,#5258,.T.);
#5321 = ORIENTED_EDGE('',*,*,#4131,.T.);
#5322 = ORIENTED_EDGE('',*,*,#5306,.T.);
#5323 = ORIENTED_EDGE('',*,*,#5282,.T.);
#5324 = PLANE('',#5325);
#5325 = AXIS2_PLACEMENT_3D('',#5326,#5327,#5328);
#5326 = CARTESIAN_POINT('',(0.,0.,5.));
#5327 = DIRECTION('',(0.,0.,-1.));
#5328 = DIRECTION('',(-1.,0.,-0.));
#5329 = ( GEOMETRIC_REPRESENTATION_CONTEXT(3) 
GLOBAL_UNCERTAINTY_ASSIGNED_CONTEXT((#5333)) 
GLOBAL_UNIT_ASSIGNED_CONTEXT((#5330,#5331,#5332)) REPRESENTATION_CONTEXT
('Context #1','3D Context with UNIT and UNCERTAINTY') );
#5330 = ( LENGTH_UNIT() NAMED_UNIT(*) SI_UNIT(.MILLI.,.METRE.) );
#5331 = ( NAMED_UNIT(*) PLANE_ANGLE_UNIT() SI_UNIT($,.RADIAN.) );
#5332 = ( NAMED_UNIT(*) SI_UNIT($,.STERADIAN.) SOLID_ANGLE_UNIT() );
#5333 = UNCERTAINTY_MEASURE_WITH_UNIT(LENGTH_MEASURE(1.E-07),#5330,
  'distance_accuracy_value','confusion accuracy');
#5334 = CONTEXT_DEPENDENT_SHAPE_REPRESENTATION(#5335,#5337);
#5335 = ( REPRESENTATION_RELATIONSHIP('','',#3466,#32) 
REPRESENTATION_RELATIONSHIP_WITH_TRANSFORMATION(#5336) 
SHAPE_REPRESENTATION_RELATIONSHIP() );
#5336 = ITEM_DEFINED_TRANSFORMATION('','',#11,#45);
#5337 = PRODUCT_DEFINITION_SHAPE('Placement','Placement of an item',
  #5338);
#5338 = NEXT_ASSEMBLY_USAGE_OCCURRENCE('4','PTV09A-4025F-B106','',#27,
  #3461,$);
#5339 = PRODUCT_RELATED_PRODUCT_CATEGORY('part',$,(#3463));
#5340 = SHAPE_DEFINITION_REPRESENTATION(#5341,#5347);
#5341 = PRODUCT_DEFINITION_SHAPE('','',#5342);
#5342 = PRODUCT_DEFINITION('design','',#5343,#5346);
#5343 = PRODUCT_DEFINITION_FORMATION('','',#5344);
#5344 = PRODUCT('PTV09A-4025F-B107','PTV09A-4025F-B107','',(#5345));
#5345 = PRODUCT_CONTEXT('',#2,'mechanical');
#5346 = PRODUCT_DEFINITION_CONTEXT('part definition',#2,'design');
#5347 = ADVANCED_BREP_SHAPE_REPRESENTATION('',(#11,#5348),#5914);
#5348 = MANIFOLD_SOLID_BREP('',#5349);
#5349 = CLOSED_SHELL('',(#5350,#5390,#5421,#5454,#5563,#5645,#5667,#5687
    ,#5707,#5729,#5741,#5763,#5775,#5792,#5804,#5836,#5860,#5885,#5902)
  );
#5350 = ADVANCED_FACE('',(#5351),#5385,.F.);
#5351 = FACE_BOUND('',#5352,.T.);
#5352 = EDGE_LOOP('',(#5353,#5363,#5371,#5379));
#5353 = ORIENTED_EDGE('',*,*,#5354,.T.);
#5354 = EDGE_CURVE('',#5355,#5357,#5359,.T.);
#5355 = VERTEX_POINT('',#5356);
#5356 = CARTESIAN_POINT('',(-0.75,3.55,6.3));
#5357 = VERTEX_POINT('',#5358);
#5358 = CARTESIAN_POINT('',(-0.75,3.85,6.3));
#5359 = LINE('',#5360,#5361);
#5360 = CARTESIAN_POINT('',(-0.75,3.85,6.3));
#5361 = VECTOR('',#5362,1.);
#5362 = DIRECTION('',(-0.,1.,-0.));
#5363 = ORIENTED_EDGE('',*,*,#5364,.F.);
#5364 = EDGE_CURVE('',#5365,#5357,#5367,.T.);
#5365 = VERTEX_POINT('',#5366);
#5366 = CARTESIAN_POINT('',(0.75,3.85,6.3));
#5367 = LINE('',#5368,#5369);
#5368 = CARTESIAN_POINT('',(0.75,3.85,6.3));
#5369 = VECTOR('',#5370,1.);
#5370 = DIRECTION('',(-1.,-0.,-0.));
#5371 = ORIENTED_EDGE('',*,*,#5372,.F.);
#5372 = EDGE_CURVE('',#5373,#5365,#5375,.T.);
#5373 = VERTEX_POINT('',#5374);
#5374 = CARTESIAN_POINT('',(0.75,3.55,6.3));
#5375 = LINE('',#5376,#5377);
#5376 = CARTESIAN_POINT('',(0.75,3.85,6.3));
#5377 = VECTOR('',#5378,1.);
#5378 = DIRECTION('',(-0.,1.,-0.));
#5379 = ORIENTED_EDGE('',*,*,#5380,.T.);
#5380 = EDGE_CURVE('',#5373,#5355,#5381,.T.);
#5381 = LINE('',#5382,#5383);
#5382 = CARTESIAN_POINT('',(0.75,3.55,6.3));
#5383 = VECTOR('',#5384,1.);
#5384 = DIRECTION('',(-1.,-0.,-0.));
#5385 = PLANE('',#5386);
#5386 = AXIS2_PLACEMENT_3D('',#5387,#5388,#5389);
#5387 = CARTESIAN_POINT('',(0.75,3.85,6.3));
#5388 = DIRECTION('',(-0.,0.,1.));
#5389 = DIRECTION('',(1.,0.,0.));
#5390 = ADVANCED_FACE('',(#5391),#5416,.F.);
#5391 = FACE_BOUND('',#5392,.T.);
#5392 = EDGE_LOOP('',(#5393,#5401,#5409,#5415));
#5393 = ORIENTED_EDGE('',*,*,#5394,.T.);
#5394 = EDGE_CURVE('',#5357,#5395,#5397,.T.);
#5395 = VERTEX_POINT('',#5396);
#5396 = CARTESIAN_POINT('',(-0.75,3.85,6.9));
#5397 = LINE('',#5398,#5399);
#5398 = CARTESIAN_POINT('',(-0.75,3.85,6.3));
#5399 = VECTOR('',#5400,1.);
#5400 = DIRECTION('',(0.,0.,1.));
#5401 = ORIENTED_EDGE('',*,*,#5402,.F.);
#5402 = EDGE_CURVE('',#5403,#5395,#5405,.T.);
#5403 = VERTEX_POINT('',#5404);
#5404 = CARTESIAN_POINT('',(0.75,3.85,6.9));
#5405 = LINE('',#5406,#5407);
#5406 = CARTESIAN_POINT('',(0.75,3.85,6.9));
#5407 = VECTOR('',#5408,1.);
#5408 = DIRECTION('',(-1.,-0.,-0.));
#5409 = ORIENTED_EDGE('',*,*,#5410,.F.);
#5410 = EDGE_CURVE('',#5365,#5403,#5411,.T.);
#5411 = LINE('',#5412,#5413);
#5412 = CARTESIAN_POINT('',(0.75,3.85,6.3));
#5413 = VECTOR('',#5414,1.);
#5414 = DIRECTION('',(0.,0.,1.));
#5415 = ORIENTED_EDGE('',*,*,#5364,.T.);
#5416 = PLANE('',#5417);
#5417 = AXIS2_PLACEMENT_3D('',#5418,#5419,#5420);
#5418 = CARTESIAN_POINT('',(0.75,3.85,6.3));
#5419 = DIRECTION('',(0.,-1.,0.));
#5420 = DIRECTION('',(0.,-0.,-1.));
#5421 = ADVANCED_FACE('',(#5422),#5449,.T.);
#5422 = FACE_BOUND('',#5423,.T.);
#5423 = EDGE_LOOP('',(#5424,#5433,#5441,#5448));
#5424 = ORIENTED_EDGE('',*,*,#5425,.T.);
#5425 = EDGE_CURVE('',#5395,#5426,#5428,.T.);
#5426 = VERTEX_POINT('',#5427);
#5427 = CARTESIAN_POINT('',(-0.75,3.6,7.15));
#5428 = CIRCLE('',#5429,0.25);
#5429 = AXIS2_PLACEMENT_3D('',#5430,#5431,#5432);
#5430 = CARTESIAN_POINT('',(-0.75,3.6,6.9));
#5431 = DIRECTION('',(1.,0.,-0.));
#5432 = DIRECTION('',(0.,0.,1.));
#5433 = ORIENTED_EDGE('',*,*,#5434,.F.);
#5434 = EDGE_CURVE('',#5435,#5426,#5437,.T.);
#5435 = VERTEX_POINT('',#5436);
#5436 = CARTESIAN_POINT('',(0.75,3.6,7.15));
#5437 = LINE('',#5438,#5439);
#5438 = CARTESIAN_POINT('',(0.75,3.6,7.15));
#5439 = VECTOR('',#5440,1.);
#5440 = DIRECTION('',(-1.,-0.,-0.));
#5441 = ORIENTED_EDGE('',*,*,#5442,.F.);
#5442 = EDGE_CURVE('',#5403,#5435,#5443,.T.);
#5443 = CIRCLE('',#5444,0.25);
#5444 = AXIS2_PLACEMENT_3D('',#5445,#5446,#5447);
#5445 = CARTESIAN_POINT('',(0.75,3.6,6.9));
#5446 = DIRECTION('',(1.,0.,-0.));
#5447 = DIRECTION('',(0.,0.,1.));
#5448 = ORIENTED_EDGE('',*,*,#5402,.T.);
#5449 = CYLINDRICAL_SURFACE('',#5450,0.25);
#5450 = AXIS2_PLACEMENT_3D('',#5451,#5452,#5453);
#5451 = CARTESIAN_POINT('',(0.75,3.6,6.9));
#5452 = DIRECTION('',(-1.,-0.,-0.));
#5453 = DIRECTION('',(-0.,0.,1.));
#5454 = ADVANCED_FACE('',(#5455,#5491),#5558,.F.);
#5455 = FACE_BOUND('',#5456,.T.);
#5456 = EDGE_LOOP('',(#5457,#5467,#5476,#5484));
#5457 = ORIENTED_EDGE('',*,*,#5458,.F.);
#5458 = EDGE_CURVE('',#5459,#5461,#5463,.T.);
#5459 = VERTEX_POINT('',#5460);
#5460 = CARTESIAN_POINT('',(0.25,-3.05,7.15));
#5461 = VERTEX_POINT('',#5462);
#5462 = CARTESIAN_POINT('',(0.25,2.1,7.15));
#5463 = LINE('',#5464,#5465);
#5464 = CARTESIAN_POINT('',(0.25,-3.05,7.15));
#5465 = VECTOR('',#5466,1.);
#5466 = DIRECTION('',(0.,1.,0.));
#5467 = ORIENTED_EDGE('',*,*,#5468,.F.);
#5468 = EDGE_CURVE('',#5469,#5459,#5471,.T.);
#5469 = VERTEX_POINT('',#5470);
#5470 = CARTESIAN_POINT('',(-0.25,-3.05,7.15));
#5471 = CIRCLE('',#5472,0.25);
#5472 = AXIS2_PLACEMENT_3D('',#5473,#5474,#5475);
#5473 = CARTESIAN_POINT('',(0.,-3.05,7.15));
#5474 = DIRECTION('',(0.,0.,1.));
#5475 = DIRECTION('',(1.,0.,-0.));
#5476 = ORIENTED_EDGE('',*,*,#5477,.F.);
#5477 = EDGE_CURVE('',#5478,#5469,#5480,.T.);
#5478 = VERTEX_POINT('',#5479);
#5479 = CARTESIAN_POINT('',(-0.25,2.1,7.15));
#5480 = LINE('',#5481,#5482);
#5481 = CARTESIAN_POINT('',(-0.25,-3.05,7.15));
#5482 = VECTOR('',#5483,1.);
#5483 = DIRECTION('',(-0.,-1.,-0.));
#5484 = ORIENTED_EDGE('',*,*,#5485,.F.);
#5485 = EDGE_CURVE('',#5461,#5478,#5486,.T.);
#5486 = CIRCLE('',#5487,0.25);
#5487 = AXIS2_PLACEMENT_3D('',#5488,#5489,#5490);
#5488 = CARTESIAN_POINT('',(0.,2.1,7.15));
#5489 = DIRECTION('',(0.,0.,1.));
#5490 = DIRECTION('',(1.,0.,-0.));
#5491 = FACE_BOUND('',#5492,.T.);
#5492 = EDGE_LOOP('',(#5493,#5503,#5512,#5521,#5529,#5537,#5543,#5544,
    #5552));
#5493 = ORIENTED_EDGE('',*,*,#5494,.T.);
#5494 = EDGE_CURVE('',#5495,#5497,#5499,.T.);
#5495 = VERTEX_POINT('',#5496);
#5496 = CARTESIAN_POINT('',(-0.4,0.3,7.15));
#5497 = VERTEX_POINT('',#5498);
#5498 = CARTESIAN_POINT('',(-0.4,-3.4,7.15));
#5499 = LINE('',#5500,#5501);
#5500 = CARTESIAN_POINT('',(-0.4,3.6,7.15));
#5501 = VECTOR('',#5502,1.);
#5502 = DIRECTION('',(-7.933186627943E-17,-1.,0.));
#5503 = ORIENTED_EDGE('',*,*,#5504,.T.);
#5504 = EDGE_CURVE('',#5497,#5505,#5507,.T.);
#5505 = VERTEX_POINT('',#5506);
#5506 = CARTESIAN_POINT('',(4.336808689942E-16,-3.8,7.15));
#5507 = CIRCLE('',#5508,0.4);
#5508 = AXIS2_PLACEMENT_3D('',#5509,#5510,#5511);
#5509 = CARTESIAN_POINT('',(-4.561582311067E-16,-3.4,7.15));
#5510 = DIRECTION('',(0.,-0.,1.));
#5511 = DIRECTION('',(-1.,0.,0.));
#5512 = ORIENTED_EDGE('',*,*,#5513,.T.);
#5513 = EDGE_CURVE('',#5505,#5514,#5516,.T.);
#5514 = VERTEX_POINT('',#5515);
#5515 = CARTESIAN_POINT('',(0.4,-3.4,7.15));
#5516 = CIRCLE('',#5517,0.4);
#5517 = AXIS2_PLACEMENT_3D('',#5518,#5519,#5520);
#5518 = CARTESIAN_POINT('',(4.336808689942E-16,-3.4,7.15));
#5519 = DIRECTION('',(0.,-0.,1.));
#5520 = DIRECTION('',(-1.,0.,0.));
#5521 = ORIENTED_EDGE('',*,*,#5522,.T.);
#5522 = EDGE_CURVE('',#5514,#5523,#5525,.T.);
#5523 = VERTEX_POINT('',#5524);
#5524 = CARTESIAN_POINT('',(0.4,0.3,7.15));
#5525 = LINE('',#5526,#5527);
#5526 = CARTESIAN_POINT('',(0.4,3.6,7.15));
#5527 = VECTOR('',#5528,1.);
#5528 = DIRECTION('',(-7.933186627943E-17,1.,0.));
#5529 = ORIENTED_EDGE('',*,*,#5530,.F.);
#5530 = EDGE_CURVE('',#5531,#5523,#5533,.T.);
#5531 = VERTEX_POINT('',#5532);
#5532 = CARTESIAN_POINT('',(0.75,1.050577422178,7.15));
#5533 = LINE('',#5534,#5535);
#5534 = CARTESIAN_POINT('',(0.4,0.3,7.15));
#5535 = VECTOR('',#5536,1.);
#5536 = DIRECTION('',(-0.422618261741,-0.906307787037,0.));
#5537 = ORIENTED_EDGE('',*,*,#5538,.F.);
#5538 = EDGE_CURVE('',#5435,#5531,#5539,.T.);
#5539 = LINE('',#5540,#5541);
#5540 = CARTESIAN_POINT('',(0.75,3.6,7.15));
#5541 = VECTOR('',#5542,1.);
#5542 = DIRECTION('',(0.,-1.,0.));
#5543 = ORIENTED_EDGE('',*,*,#5434,.T.);
#5544 = ORIENTED_EDGE('',*,*,#5545,.T.);
#5545 = EDGE_CURVE('',#5426,#5546,#5548,.T.);
#5546 = VERTEX_POINT('',#5547);
#5547 = CARTESIAN_POINT('',(-0.75,1.050577422178,7.15));
#5548 = LINE('',#5549,#5550);
#5549 = CARTESIAN_POINT('',(-0.75,3.6,7.15));
#5550 = VECTOR('',#5551,1.);
#5551 = DIRECTION('',(0.,-1.,0.));
#5552 = ORIENTED_EDGE('',*,*,#5553,.F.);
#5553 = EDGE_CURVE('',#5495,#5546,#5554,.T.);
#5554 = LINE('',#5555,#5556);
#5555 = CARTESIAN_POINT('',(-0.4,0.3,7.15));
#5556 = VECTOR('',#5557,1.);
#5557 = DIRECTION('',(-0.422618261741,0.906307787037,0.));
#5558 = PLANE('',#5559);
#5559 = AXIS2_PLACEMENT_3D('',#5560,#5561,#5562);
#5560 = CARTESIAN_POINT('',(0.75,3.6,7.15));
#5561 = DIRECTION('',(0.,0.,-1.));
#5562 = DIRECTION('',(-1.,0.,-0.));
#5563 = ADVANCED_FACE('',(#5564),#5640,.F.);
#5564 = FACE_BOUND('',#5565,.T.);
#5565 = EDGE_LOOP('',(#5566,#5577,#5586,#5594,#5602,#5610,#5618,#5626,
    #5634));
#5566 = ORIENTED_EDGE('',*,*,#5567,.T.);
#5567 = EDGE_CURVE('',#5568,#5570,#5572,.T.);
#5568 = VERTEX_POINT('',#5569);
#5569 = CARTESIAN_POINT('',(0.4,-3.4,6.85));
#5570 = VERTEX_POINT('',#5571);
#5571 = CARTESIAN_POINT('',(4.336808689942E-16,-3.8,6.85));
#5572 = CIRCLE('',#5573,0.4);
#5573 = AXIS2_PLACEMENT_3D('',#5574,#5575,#5576);
#5574 = CARTESIAN_POINT('',(4.336808689942E-16,-3.4,6.85));
#5575 = DIRECTION('',(0.,0.,-1.));
#5576 = DIRECTION('',(1.,0.,0.));
#5577 = ORIENTED_EDGE('',*,*,#5578,.T.);
#5578 = EDGE_CURVE('',#5570,#5579,#5581,.T.);
#5579 = VERTEX_POINT('',#5580);
#5580 = CARTESIAN_POINT('',(-0.4,-3.4,6.85));
#5581 = CIRCLE('',#5582,0.4);
#5582 = AXIS2_PLACEMENT_3D('',#5583,#5584,#5585);
#5583 = CARTESIAN_POINT('',(-4.561582311067E-16,-3.4,6.85));
#5584 = DIRECTION('',(0.,0.,-1.));
#5585 = DIRECTION('',(1.,0.,0.));
#5586 = ORIENTED_EDGE('',*,*,#5587,.T.);
#5587 = EDGE_CURVE('',#5579,#5588,#5590,.T.);
#5588 = VERTEX_POINT('',#5589);
#5589 = CARTESIAN_POINT('',(-0.4,0.3,6.85));
#5590 = LINE('',#5591,#5592);
#5591 = CARTESIAN_POINT('',(-0.4,3.55,6.85));
#5592 = VECTOR('',#5593,1.);
#5593 = DIRECTION('',(7.933186627943E-17,1.,0.));
#5594 = ORIENTED_EDGE('',*,*,#5595,.T.);
#5595 = EDGE_CURVE('',#5588,#5596,#5598,.T.);
#5596 = VERTEX_POINT('',#5597);
#5597 = CARTESIAN_POINT('',(-0.75,1.050577422178,6.85));
#5598 = LINE('',#5599,#5600);
#5599 = CARTESIAN_POINT('',(-1.439425095638,2.529054310947,6.85));
#5600 = VECTOR('',#5601,1.);
#5601 = DIRECTION('',(-0.422618261741,0.906307787037,-0.));
#5602 = ORIENTED_EDGE('',*,*,#5603,.T.);
#5603 = EDGE_CURVE('',#5596,#5604,#5606,.T.);
#5604 = VERTEX_POINT('',#5605);
#5605 = CARTESIAN_POINT('',(-0.75,3.55,6.85));
#5606 = LINE('',#5607,#5608);
#5607 = CARTESIAN_POINT('',(-0.75,3.55,6.85));
#5608 = VECTOR('',#5609,1.);
#5609 = DIRECTION('',(-0.,1.,-0.));
#5610 = ORIENTED_EDGE('',*,*,#5611,.F.);
#5611 = EDGE_CURVE('',#5612,#5604,#5614,.T.);
#5612 = VERTEX_POINT('',#5613);
#5613 = CARTESIAN_POINT('',(0.75,3.55,6.85));
#5614 = LINE('',#5615,#5616);
#5615 = CARTESIAN_POINT('',(0.75,3.55,6.85));
#5616 = VECTOR('',#5617,1.);
#5617 = DIRECTION('',(-1.,-0.,-0.));
#5618 = ORIENTED_EDGE('',*,*,#5619,.F.);
#5619 = EDGE_CURVE('',#5620,#5612,#5622,.T.);
#5620 = VERTEX_POINT('',#5621);
#5621 = CARTESIAN_POINT('',(0.75,1.050577422178,6.85));
#5622 = LINE('',#5623,#5624);
#5623 = CARTESIAN_POINT('',(0.75,3.55,6.85));
#5624 = VECTOR('',#5625,1.);
#5625 = DIRECTION('',(-0.,1.,-0.));
#5626 = ORIENTED_EDGE('',*,*,#5627,.T.);
#5627 = EDGE_CURVE('',#5620,#5628,#5630,.T.);
#5628 = VERTEX_POINT('',#5629);
#5629 = CARTESIAN_POINT('',(0.4,0.3,6.85));
#5630 = LINE('',#5631,#5632);
#5631 = CARTESIAN_POINT('',(1.707334388373,3.103587643286,6.85));
#5632 = VECTOR('',#5633,1.);
#5633 = DIRECTION('',(-0.422618261741,-0.906307787037,0.));
#5634 = ORIENTED_EDGE('',*,*,#5635,.T.);
#5635 = EDGE_CURVE('',#5628,#5568,#5636,.T.);
#5636 = LINE('',#5637,#5638);
#5637 = CARTESIAN_POINT('',(0.4,3.55,6.85));
#5638 = VECTOR('',#5639,1.);
#5639 = DIRECTION('',(7.933186627943E-17,-1.,0.));
#5640 = PLANE('',#5641);
#5641 = AXIS2_PLACEMENT_3D('',#5642,#5643,#5644);
#5642 = CARTESIAN_POINT('',(0.75,3.55,6.85));
#5643 = DIRECTION('',(-0.,0.,1.));
#5644 = DIRECTION('',(1.,0.,0.));
#5645 = ADVANCED_FACE('',(#5646),#5662,.F.);
#5646 = FACE_BOUND('',#5647,.T.);
#5647 = EDGE_LOOP('',(#5648,#5654,#5655,#5661));
#5648 = ORIENTED_EDGE('',*,*,#5649,.T.);
#5649 = EDGE_CURVE('',#5604,#5355,#5650,.T.);
#5650 = LINE('',#5651,#5652);
#5651 = CARTESIAN_POINT('',(-0.75,3.55,6.3));
#5652 = VECTOR('',#5653,1.);
#5653 = DIRECTION('',(-0.,-0.,-1.));
#5654 = ORIENTED_EDGE('',*,*,#5380,.F.);
#5655 = ORIENTED_EDGE('',*,*,#5656,.F.);
#5656 = EDGE_CURVE('',#5612,#5373,#5657,.T.);
#5657 = LINE('',#5658,#5659);
#5658 = CARTESIAN_POINT('',(0.75,3.55,6.3));
#5659 = VECTOR('',#5660,1.);
#5660 = DIRECTION('',(-0.,-0.,-1.));
#5661 = ORIENTED_EDGE('',*,*,#5611,.T.);
#5662 = PLANE('',#5663);
#5663 = AXIS2_PLACEMENT_3D('',#5664,#5665,#5666);
#5664 = CARTESIAN_POINT('',(0.75,3.55,6.3));
#5665 = DIRECTION('',(0.,1.,0.));
#5666 = DIRECTION('',(0.,-0.,1.));
#5667 = ADVANCED_FACE('',(#5668),#5682,.F.);
#5668 = FACE_BOUND('',#5669,.T.);
#5669 = EDGE_LOOP('',(#5670,#5671,#5677,#5678,#5679,#5680,#5681));
#5670 = ORIENTED_EDGE('',*,*,#5538,.T.);
#5671 = ORIENTED_EDGE('',*,*,#5672,.T.);
#5672 = EDGE_CURVE('',#5531,#5620,#5673,.T.);
#5673 = LINE('',#5674,#5675);
#5674 = CARTESIAN_POINT('',(0.75,1.050577422178,6.9));
#5675 = VECTOR('',#5676,1.);
#5676 = DIRECTION('',(0.,0.,-1.));
#5677 = ORIENTED_EDGE('',*,*,#5619,.T.);
#5678 = ORIENTED_EDGE('',*,*,#5656,.T.);
#5679 = ORIENTED_EDGE('',*,*,#5372,.T.);
#5680 = ORIENTED_EDGE('',*,*,#5410,.T.);
#5681 = ORIENTED_EDGE('',*,*,#5442,.T.);
#5682 = PLANE('',#5683);
#5683 = AXIS2_PLACEMENT_3D('',#5684,#5685,#5686);
#5684 = CARTESIAN_POINT('',(0.75,3.6,6.9));
#5685 = DIRECTION('',(-1.,-0.,0.));
#5686 = DIRECTION('',(0.,0.,1.));
#5687 = ADVANCED_FACE('',(#5688),#5702,.T.);
#5688 = FACE_BOUND('',#5689,.T.);
#5689 = EDGE_LOOP('',(#5690,#5696,#5697,#5698,#5699,#5700,#5701));
#5690 = ORIENTED_EDGE('',*,*,#5691,.F.);
#5691 = EDGE_CURVE('',#5546,#5596,#5692,.T.);
#5692 = LINE('',#5693,#5694);
#5693 = CARTESIAN_POINT('',(-0.75,1.050577422178,6.9));
#5694 = VECTOR('',#5695,1.);
#5695 = DIRECTION('',(0.,0.,-1.));
#5696 = ORIENTED_EDGE('',*,*,#5545,.F.);
#5697 = ORIENTED_EDGE('',*,*,#5425,.F.);
#5698 = ORIENTED_EDGE('',*,*,#5394,.F.);
#5699 = ORIENTED_EDGE('',*,*,#5354,.F.);
#5700 = ORIENTED_EDGE('',*,*,#5649,.F.);
#5701 = ORIENTED_EDGE('',*,*,#5603,.F.);
#5702 = PLANE('',#5703);
#5703 = AXIS2_PLACEMENT_3D('',#5704,#5705,#5706);
#5704 = CARTESIAN_POINT('',(-0.75,3.6,6.9));
#5705 = DIRECTION('',(-1.,-0.,0.));
#5706 = DIRECTION('',(0.,0.,1.));
#5707 = ADVANCED_FACE('',(#5708),#5724,.F.);
#5708 = FACE_BOUND('',#5709,.T.);
#5709 = EDGE_LOOP('',(#5710,#5711,#5717,#5718));
#5710 = ORIENTED_EDGE('',*,*,#5587,.F.);
#5711 = ORIENTED_EDGE('',*,*,#5712,.T.);
#5712 = EDGE_CURVE('',#5579,#5497,#5713,.T.);
#5713 = LINE('',#5714,#5715);
#5714 = CARTESIAN_POINT('',(-0.4,-3.4,-5.5));
#5715 = VECTOR('',#5716,1.);
#5716 = DIRECTION('',(0.,0.,1.));
#5717 = ORIENTED_EDGE('',*,*,#5494,.F.);
#5718 = ORIENTED_EDGE('',*,*,#5719,.F.);
#5719 = EDGE_CURVE('',#5588,#5495,#5720,.T.);
#5720 = LINE('',#5721,#5722);
#5721 = CARTESIAN_POINT('',(-0.4,0.3,-5.5));
#5722 = VECTOR('',#5723,1.);
#5723 = DIRECTION('',(-0.,-0.,1.));
#5724 = PLANE('',#5725);
#5725 = AXIS2_PLACEMENT_3D('',#5726,#5727,#5728);
#5726 = CARTESIAN_POINT('',(-0.4,-3.8,-5.5));
#5727 = DIRECTION('',(1.,-7.933186627943E-17,0.));
#5728 = DIRECTION('',(7.933186627943E-17,1.,0.));
#5729 = ADVANCED_FACE('',(#5730),#5736,.F.);
#5730 = FACE_BOUND('',#5731,.T.);
#5731 = EDGE_LOOP('',(#5732,#5733,#5734,#5735));
#5732 = ORIENTED_EDGE('',*,*,#5691,.T.);
#5733 = ORIENTED_EDGE('',*,*,#5595,.F.);
#5734 = ORIENTED_EDGE('',*,*,#5719,.T.);
#5735 = ORIENTED_EDGE('',*,*,#5553,.T.);
#5736 = PLANE('',#5737);
#5737 = AXIS2_PLACEMENT_3D('',#5738,#5739,#5740);
#5738 = CARTESIAN_POINT('',(-0.4,0.3,-5.5));
#5739 = DIRECTION('',(0.906307787037,0.422618261741,0.));
#5740 = DIRECTION('',(-0.422618261741,0.906307787037,0.));
#5741 = ADVANCED_FACE('',(#5742),#5758,.F.);
#5742 = FACE_BOUND('',#5743,.T.);
#5743 = EDGE_LOOP('',(#5744,#5745,#5751,#5752));
#5744 = ORIENTED_EDGE('',*,*,#5522,.F.);
#5745 = ORIENTED_EDGE('',*,*,#5746,.T.);
#5746 = EDGE_CURVE('',#5514,#5568,#5747,.T.);
#5747 = LINE('',#5748,#5749);
#5748 = CARTESIAN_POINT('',(0.4,-3.4,-5.5));
#5749 = VECTOR('',#5750,1.);
#5750 = DIRECTION('',(-0.,-0.,-1.));
#5751 = ORIENTED_EDGE('',*,*,#5635,.F.);
#5752 = ORIENTED_EDGE('',*,*,#5753,.T.);
#5753 = EDGE_CURVE('',#5628,#5523,#5754,.T.);
#5754 = LINE('',#5755,#5756);
#5755 = CARTESIAN_POINT('',(0.4,0.3,-5.5));
#5756 = VECTOR('',#5757,1.);
#5757 = DIRECTION('',(-0.,-0.,1.));
#5758 = PLANE('',#5759);
#5759 = AXIS2_PLACEMENT_3D('',#5760,#5761,#5762);
#5760 = CARTESIAN_POINT('',(0.4,-3.8,-5.5));
#5761 = DIRECTION('',(-1.,-7.933186627943E-17,0.));
#5762 = DIRECTION('',(7.933186627943E-17,-1.,0.));
#5763 = ADVANCED_FACE('',(#5764),#5770,.F.);
#5764 = FACE_BOUND('',#5765,.T.);
#5765 = EDGE_LOOP('',(#5766,#5767,#5768,#5769));
#5766 = ORIENTED_EDGE('',*,*,#5753,.F.);
#5767 = ORIENTED_EDGE('',*,*,#5627,.F.);
#5768 = ORIENTED_EDGE('',*,*,#5672,.F.);
#5769 = ORIENTED_EDGE('',*,*,#5530,.T.);
#5770 = PLANE('',#5771);
#5771 = AXIS2_PLACEMENT_3D('',#5772,#5773,#5774);
#5772 = CARTESIAN_POINT('',(0.4,0.3,-5.5));
#5773 = DIRECTION('',(-0.906307787037,0.422618261741,0.));
#5774 = DIRECTION('',(-0.422618261741,-0.906307787037,0.));
#5775 = ADVANCED_FACE('',(#5776),#5787,.T.);
#5776 = FACE_BOUND('',#5777,.T.);
#5777 = EDGE_LOOP('',(#5778,#5784,#5785,#5786));
#5778 = ORIENTED_EDGE('',*,*,#5779,.F.);
#5779 = EDGE_CURVE('',#5570,#5505,#5780,.T.);
#5780 = LINE('',#5781,#5782);
#5781 = CARTESIAN_POINT('',(4.336808689942E-16,-3.8,7.15));
#5782 = VECTOR('',#5783,1.);
#5783 = DIRECTION('',(0.,0.,1.));
#5784 = ORIENTED_EDGE('',*,*,#5567,.F.);
#5785 = ORIENTED_EDGE('',*,*,#5746,.F.);
#5786 = ORIENTED_EDGE('',*,*,#5513,.F.);
#5787 = CYLINDRICAL_SURFACE('',#5788,0.4);
#5788 = AXIS2_PLACEMENT_3D('',#5789,#5790,#5791);
#5789 = CARTESIAN_POINT('',(4.336808689942E-16,-3.4,7.15));
#5790 = DIRECTION('',(0.,0.,1.));
#5791 = DIRECTION('',(1.,0.,-0.));
#5792 = ADVANCED_FACE('',(#5793),#5799,.T.);
#5793 = FACE_BOUND('',#5794,.T.);
#5794 = EDGE_LOOP('',(#5795,#5796,#5797,#5798));
#5795 = ORIENTED_EDGE('',*,*,#5578,.F.);
#5796 = ORIENTED_EDGE('',*,*,#5779,.T.);
#5797 = ORIENTED_EDGE('',*,*,#5504,.F.);
#5798 = ORIENTED_EDGE('',*,*,#5712,.F.);
#5799 = CYLINDRICAL_SURFACE('',#5800,0.4);
#5800 = AXIS2_PLACEMENT_3D('',#5801,#5802,#5803);
#5801 = CARTESIAN_POINT('',(-4.561582311067E-16,-3.4,-5.5));
#5802 = DIRECTION('',(0.,0.,1.));
#5803 = DIRECTION('',(1.,0.,-0.));
#5804 = ADVANCED_FACE('',(#5805),#5831,.F.);
#5805 = FACE_BOUND('',#5806,.F.);
#5806 = EDGE_LOOP('',(#5807,#5815,#5824,#5830));
#5807 = ORIENTED_EDGE('',*,*,#5808,.F.);
#5808 = EDGE_CURVE('',#5809,#5469,#5811,.T.);
#5809 = VERTEX_POINT('',#5810);
#5810 = CARTESIAN_POINT('',(-0.25,-3.05,7.05));
#5811 = LINE('',#5812,#5813);
#5812 = CARTESIAN_POINT('',(-0.25,-3.05,7.05));
#5813 = VECTOR('',#5814,1.);
#5814 = DIRECTION('',(-0.,-0.,1.));
#5815 = ORIENTED_EDGE('',*,*,#5816,.T.);
#5816 = EDGE_CURVE('',#5809,#5817,#5819,.T.);
#5817 = VERTEX_POINT('',#5818);
#5818 = CARTESIAN_POINT('',(0.25,-3.05,7.05));
#5819 = CIRCLE('',#5820,0.25);
#5820 = AXIS2_PLACEMENT_3D('',#5821,#5822,#5823);
#5821 = CARTESIAN_POINT('',(0.,-3.05,7.05));
#5822 = DIRECTION('',(0.,0.,1.));
#5823 = DIRECTION('',(1.,0.,-0.));
#5824 = ORIENTED_EDGE('',*,*,#5825,.T.);
#5825 = EDGE_CURVE('',#5817,#5459,#5826,.T.);
#5826 = LINE('',#5827,#5828);
#5827 = CARTESIAN_POINT('',(0.25,-3.05,7.05));
#5828 = VECTOR('',#5829,1.);
#5829 = DIRECTION('',(-0.,-0.,1.));
#5830 = ORIENTED_EDGE('',*,*,#5468,.F.);
#5831 = CYLINDRICAL_SURFACE('',#5832,0.25);
#5832 = AXIS2_PLACEMENT_3D('',#5833,#5834,#5835);
#5833 = CARTESIAN_POINT('',(0.,-3.05,7.05));
#5834 = DIRECTION('',(-0.,-0.,1.));
#5835 = DIRECTION('',(1.,0.,0.));
#5836 = ADVANCED_FACE('',(#5837),#5855,.F.);
#5837 = FACE_BOUND('',#5838,.T.);
#5838 = EDGE_LOOP('',(#5839,#5840,#5841,#5849));
#5839 = ORIENTED_EDGE('',*,*,#5477,.T.);
#5840 = ORIENTED_EDGE('',*,*,#5808,.F.);
#5841 = ORIENTED_EDGE('',*,*,#5842,.F.);
#5842 = EDGE_CURVE('',#5843,#5809,#5845,.T.);
#5843 = VERTEX_POINT('',#5844);
#5844 = CARTESIAN_POINT('',(-0.25,2.1,7.05));
#5845 = LINE('',#5846,#5847);
#5846 = CARTESIAN_POINT('',(-0.25,-3.05,7.05));
#5847 = VECTOR('',#5848,1.);
#5848 = DIRECTION('',(-0.,-1.,-0.));
#5849 = ORIENTED_EDGE('',*,*,#5850,.T.);
#5850 = EDGE_CURVE('',#5843,#5478,#5851,.T.);
#5851 = LINE('',#5852,#5853);
#5852 = CARTESIAN_POINT('',(-0.25,2.1,7.05));
#5853 = VECTOR('',#5854,1.);
#5854 = DIRECTION('',(-0.,-0.,1.));
#5855 = PLANE('',#5856);
#5856 = AXIS2_PLACEMENT_3D('',#5857,#5858,#5859);
#5857 = CARTESIAN_POINT('',(-0.25,-3.05,7.05));
#5858 = DIRECTION('',(-1.,0.,0.));
#5859 = DIRECTION('',(0.,0.,1.));
#5860 = ADVANCED_FACE('',(#5861),#5880,.F.);
#5861 = FACE_BOUND('',#5862,.F.);
#5862 = EDGE_LOOP('',(#5863,#5871,#5878,#5879));
#5863 = ORIENTED_EDGE('',*,*,#5864,.F.);
#5864 = EDGE_CURVE('',#5865,#5461,#5867,.T.);
#5865 = VERTEX_POINT('',#5866);
#5866 = CARTESIAN_POINT('',(0.25,2.1,7.05));
#5867 = LINE('',#5868,#5869);
#5868 = CARTESIAN_POINT('',(0.25,2.1,7.05));
#5869 = VECTOR('',#5870,1.);
#5870 = DIRECTION('',(-0.,-0.,1.));
#5871 = ORIENTED_EDGE('',*,*,#5872,.T.);
#5872 = EDGE_CURVE('',#5865,#5843,#5873,.T.);
#5873 = CIRCLE('',#5874,0.25);
#5874 = AXIS2_PLACEMENT_3D('',#5875,#5876,#5877);
#5875 = CARTESIAN_POINT('',(0.,2.1,7.05));
#5876 = DIRECTION('',(0.,0.,1.));
#5877 = DIRECTION('',(1.,0.,-0.));
#5878 = ORIENTED_EDGE('',*,*,#5850,.T.);
#5879 = ORIENTED_EDGE('',*,*,#5485,.F.);
#5880 = CYLINDRICAL_SURFACE('',#5881,0.25);
#5881 = AXIS2_PLACEMENT_3D('',#5882,#5883,#5884);
#5882 = CARTESIAN_POINT('',(0.,2.1,7.05));
#5883 = DIRECTION('',(-0.,-0.,1.));
#5884 = DIRECTION('',(1.,0.,0.));
#5885 = ADVANCED_FACE('',(#5886),#5897,.F.);
#5886 = FACE_BOUND('',#5887,.T.);
#5887 = EDGE_LOOP('',(#5888,#5889,#5890,#5896));
#5888 = ORIENTED_EDGE('',*,*,#5458,.T.);
#5889 = ORIENTED_EDGE('',*,*,#5864,.F.);
#5890 = ORIENTED_EDGE('',*,*,#5891,.F.);
#5891 = EDGE_CURVE('',#5817,#5865,#5892,.T.);
#5892 = LINE('',#5893,#5894);
#5893 = CARTESIAN_POINT('',(0.25,-3.05,7.05));
#5894 = VECTOR('',#5895,1.);
#5895 = DIRECTION('',(0.,1.,0.));
#5896 = ORIENTED_EDGE('',*,*,#5825,.T.);
#5897 = PLANE('',#5898);
#5898 = AXIS2_PLACEMENT_3D('',#5899,#5900,#5901);
#5899 = CARTESIAN_POINT('',(0.25,-3.05,7.05));
#5900 = DIRECTION('',(1.,-0.,0.));
#5901 = DIRECTION('',(0.,0.,-1.));
#5902 = ADVANCED_FACE('',(#5903),#5909,.T.);
#5903 = FACE_BOUND('',#5904,.T.);
#5904 = EDGE_LOOP('',(#5905,#5906,#5907,#5908));
#5905 = ORIENTED_EDGE('',*,*,#5816,.T.);
#5906 = ORIENTED_EDGE('',*,*,#5891,.T.);
#5907 = ORIENTED_EDGE('',*,*,#5872,.T.);
#5908 = ORIENTED_EDGE('',*,*,#5842,.T.);
#5909 = PLANE('',#5910);
#5910 = AXIS2_PLACEMENT_3D('',#5911,#5912,#5913);
#5911 = CARTESIAN_POINT('',(0.,-3.05,7.05));
#5912 = DIRECTION('',(0.,0.,1.));
#5913 = DIRECTION('',(1.,0.,-0.));
#5914 = ( GEOMETRIC_REPRESENTATION_CONTEXT(3) 
GLOBAL_UNCERTAINTY_ASSIGNED_CONTEXT((#5918)) 
GLOBAL_UNIT_ASSIGNED_CONTEXT((#5915,#5916,#5917)) REPRESENTATION_CONTEXT
('Context #1','3D Context with UNIT and UNCERTAINTY') );
#5915 = ( LENGTH_UNIT() NAMED_UNIT(*) SI_UNIT(.MILLI.,.METRE.) );
#5916 = ( NAMED_UNIT(*) PLANE_ANGLE_UNIT() SI_UNIT($,.RADIAN.) );
#5917 = ( NAMED_UNIT(*) SI_UNIT($,.STERADIAN.) SOLID_ANGLE_UNIT() );
#5918 = UNCERTAINTY_MEASURE_WITH_UNIT(LENGTH_MEASURE(1.E-07),#5915,
  'distance_accuracy_value','confusion accuracy');
#5919 = CONTEXT_DEPENDENT_SHAPE_REPRESENTATION(#5920,#5922);
#5920 = ( REPRESENTATION_RELATIONSHIP('','',#5347,#32) 
REPRESENTATION_RELATIONSHIP_WITH_TRANSFORMATION(#5921) 
SHAPE_REPRESENTATION_RELATIONSHIP() );
#5921 = ITEM_DEFINED_TRANSFORMATION('','',#11,#49);
#5922 = PRODUCT_DEFINITION_SHAPE('Placement','Placement of an item',
  #5923);
#5923 = NEXT_ASSEMBLY_USAGE_OCCURRENCE('5','PTV09A-4025F-B107','',#27,
  #5342,$);
#5924 = PRODUCT_RELATED_PRODUCT_CATEGORY('part',$,(#5344));
#5925 = SHAPE_DEFINITION_REPRESENTATION(#5926,#5932);
#5926 = PRODUCT_DEFINITION_SHAPE('','',#5927);
#5927 = PRODUCT_DEFINITION('design','',#5928,#5931);
#5928 = PRODUCT_DEFINITION_FORMATION('','',#5929);
#5929 = PRODUCT('PTV09A-4025F-B108','PTV09A-4025F-B108','',(#5930));
#5930 = PRODUCT_CONTEXT('',#2,'mechanical');
#5931 = PRODUCT_DEFINITION_CONTEXT('part definition',#2,'design');
#5932 = ADVANCED_BREP_SHAPE_REPRESENTATION('',(#11,#5933),#6499);
#5933 = MANIFOLD_SOLID_BREP('',#5934);
#5934 = CLOSED_SHELL('',(#5935,#5975,#6006,#6039,#6148,#6230,#6252,#6272
    ,#6292,#6314,#6326,#6348,#6360,#6377,#6389,#6421,#6445,#6470,#6487)
  );
#5935 = ADVANCED_FACE('',(#5936),#5970,.F.);
#5936 = FACE_BOUND('',#5937,.T.);
#5937 = EDGE_LOOP('',(#5938,#5948,#5956,#5964));
#5938 = ORIENTED_EDGE('',*,*,#5939,.T.);
#5939 = EDGE_CURVE('',#5940,#5942,#5944,.T.);
#5940 = VERTEX_POINT('',#5941);
#5941 = CARTESIAN_POINT('',(1.75,3.55,6.3));
#5942 = VERTEX_POINT('',#5943);
#5943 = CARTESIAN_POINT('',(1.75,3.85,6.3));
#5944 = LINE('',#5945,#5946);
#5945 = CARTESIAN_POINT('',(1.75,3.85,6.3));
#5946 = VECTOR('',#5947,1.);
#5947 = DIRECTION('',(-0.,1.,-0.));
#5948 = ORIENTED_EDGE('',*,*,#5949,.F.);
#5949 = EDGE_CURVE('',#5950,#5942,#5952,.T.);
#5950 = VERTEX_POINT('',#5951);
#5951 = CARTESIAN_POINT('',(3.25,3.85,6.3));
#5952 = LINE('',#5953,#5954);
#5953 = CARTESIAN_POINT('',(3.25,3.85,6.3));
#5954 = VECTOR('',#5955,1.);
#5955 = DIRECTION('',(-1.,-0.,-0.));
#5956 = ORIENTED_EDGE('',*,*,#5957,.F.);
#5957 = EDGE_CURVE('',#5958,#5950,#5960,.T.);
#5958 = VERTEX_POINT('',#5959);
#5959 = CARTESIAN_POINT('',(3.25,3.55,6.3));
#5960 = LINE('',#5961,#5962);
#5961 = CARTESIAN_POINT('',(3.25,3.85,6.3));
#5962 = VECTOR('',#5963,1.);
#5963 = DIRECTION('',(-0.,1.,-0.));
#5964 = ORIENTED_EDGE('',*,*,#5965,.T.);
#5965 = EDGE_CURVE('',#5958,#5940,#5966,.T.);
#5966 = LINE('',#5967,#5968);
#5967 = CARTESIAN_POINT('',(3.25,3.55,6.3));
#5968 = VECTOR('',#5969,1.);
#5969 = DIRECTION('',(-1.,-0.,-0.));
#5970 = PLANE('',#5971);
#5971 = AXIS2_PLACEMENT_3D('',#5972,#5973,#5974);
#5972 = CARTESIAN_POINT('',(3.25,3.85,6.3));
#5973 = DIRECTION('',(-0.,0.,1.));
#5974 = DIRECTION('',(1.,0.,0.));
#5975 = ADVANCED_FACE('',(#5976),#6001,.F.);
#5976 = FACE_BOUND('',#5977,.T.);
#5977 = EDGE_LOOP('',(#5978,#5986,#5994,#6000));
#5978 = ORIENTED_EDGE('',*,*,#5979,.T.);
#5979 = EDGE_CURVE('',#5942,#5980,#5982,.T.);
#5980 = VERTEX_POINT('',#5981);
#5981 = CARTESIAN_POINT('',(1.75,3.85,6.9));
#5982 = LINE('',#5983,#5984);
#5983 = CARTESIAN_POINT('',(1.75,3.85,6.3));
#5984 = VECTOR('',#5985,1.);
#5985 = DIRECTION('',(0.,0.,1.));
#5986 = ORIENTED_EDGE('',*,*,#5987,.F.);
#5987 = EDGE_CURVE('',#5988,#5980,#5990,.T.);
#5988 = VERTEX_POINT('',#5989);
#5989 = CARTESIAN_POINT('',(3.25,3.85,6.9));
#5990 = LINE('',#5991,#5992);
#5991 = CARTESIAN_POINT('',(3.25,3.85,6.9));
#5992 = VECTOR('',#5993,1.);
#5993 = DIRECTION('',(-1.,-0.,-0.));
#5994 = ORIENTED_EDGE('',*,*,#5995,.F.);
#5995 = EDGE_CURVE('',#5950,#5988,#5996,.T.);
#5996 = LINE('',#5997,#5998);
#5997 = CARTESIAN_POINT('',(3.25,3.85,6.3));
#5998 = VECTOR('',#5999,1.);
#5999 = DIRECTION('',(0.,0.,1.));
#6000 = ORIENTED_EDGE('',*,*,#5949,.T.);
#6001 = PLANE('',#6002);
#6002 = AXIS2_PLACEMENT_3D('',#6003,#6004,#6005);
#6003 = CARTESIAN_POINT('',(3.25,3.85,6.3));
#6004 = DIRECTION('',(0.,-1.,0.));
#6005 = DIRECTION('',(0.,-0.,-1.));
#6006 = ADVANCED_FACE('',(#6007),#6034,.T.);
#6007 = FACE_BOUND('',#6008,.T.);
#6008 = EDGE_LOOP('',(#6009,#6018,#6026,#6033));
#6009 = ORIENTED_EDGE('',*,*,#6010,.T.);
#6010 = EDGE_CURVE('',#5980,#6011,#6013,.T.);
#6011 = VERTEX_POINT('',#6012);
#6012 = CARTESIAN_POINT('',(1.75,3.6,7.15));
#6013 = CIRCLE('',#6014,0.25);
#6014 = AXIS2_PLACEMENT_3D('',#6015,#6016,#6017);
#6015 = CARTESIAN_POINT('',(1.75,3.6,6.9));
#6016 = DIRECTION('',(1.,0.,-0.));
#6017 = DIRECTION('',(0.,0.,1.));
#6018 = ORIENTED_EDGE('',*,*,#6019,.F.);
#6019 = EDGE_CURVE('',#6020,#6011,#6022,.T.);
#6020 = VERTEX_POINT('',#6021);
#6021 = CARTESIAN_POINT('',(3.25,3.6,7.15));
#6022 = LINE('',#6023,#6024);
#6023 = CARTESIAN_POINT('',(3.25,3.6,7.15));
#6024 = VECTOR('',#6025,1.);
#6025 = DIRECTION('',(-1.,-0.,-0.));
#6026 = ORIENTED_EDGE('',*,*,#6027,.F.);
#6027 = EDGE_CURVE('',#5988,#6020,#6028,.T.);
#6028 = CIRCLE('',#6029,0.25);
#6029 = AXIS2_PLACEMENT_3D('',#6030,#6031,#6032);
#6030 = CARTESIAN_POINT('',(3.25,3.6,6.9));
#6031 = DIRECTION('',(1.,0.,-0.));
#6032 = DIRECTION('',(0.,0.,1.));
#6033 = ORIENTED_EDGE('',*,*,#5987,.T.);
#6034 = CYLINDRICAL_SURFACE('',#6035,0.25);
#6035 = AXIS2_PLACEMENT_3D('',#6036,#6037,#6038);
#6036 = CARTESIAN_POINT('',(3.25,3.6,6.9));
#6037 = DIRECTION('',(-1.,-0.,-0.));
#6038 = DIRECTION('',(-0.,0.,1.));
#6039 = ADVANCED_FACE('',(#6040,#6076),#6143,.F.);
#6040 = FACE_BOUND('',#6041,.T.);
#6041 = EDGE_LOOP('',(#6042,#6052,#6061,#6069));
#6042 = ORIENTED_EDGE('',*,*,#6043,.F.);
#6043 = EDGE_CURVE('',#6044,#6046,#6048,.T.);
#6044 = VERTEX_POINT('',#6045);
#6045 = CARTESIAN_POINT('',(2.75,-3.05,7.15));
#6046 = VERTEX_POINT('',#6047);
#6047 = CARTESIAN_POINT('',(2.75,2.1,7.15));
#6048 = LINE('',#6049,#6050);
#6049 = CARTESIAN_POINT('',(2.75,-3.05,7.15));
#6050 = VECTOR('',#6051,1.);
#6051 = DIRECTION('',(0.,1.,0.));
#6052 = ORIENTED_EDGE('',*,*,#6053,.F.);
#6053 = EDGE_CURVE('',#6054,#6044,#6056,.T.);
#6054 = VERTEX_POINT('',#6055);
#6055 = CARTESIAN_POINT('',(2.25,-3.05,7.15));
#6056 = CIRCLE('',#6057,0.25);
#6057 = AXIS2_PLACEMENT_3D('',#6058,#6059,#6060);
#6058 = CARTESIAN_POINT('',(2.5,-3.05,7.15));
#6059 = DIRECTION('',(0.,0.,1.));
#6060 = DIRECTION('',(1.,0.,-0.));
#6061 = ORIENTED_EDGE('',*,*,#6062,.F.);
#6062 = EDGE_CURVE('',#6063,#6054,#6065,.T.);
#6063 = VERTEX_POINT('',#6064);
#6064 = CARTESIAN_POINT('',(2.25,2.1,7.15));
#6065 = LINE('',#6066,#6067);
#6066 = CARTESIAN_POINT('',(2.25,-3.05,7.15));
#6067 = VECTOR('',#6068,1.);
#6068 = DIRECTION('',(-0.,-1.,-0.));
#6069 = ORIENTED_EDGE('',*,*,#6070,.F.);
#6070 = EDGE_CURVE('',#6046,#6063,#6071,.T.);
#6071 = CIRCLE('',#6072,0.25);
#6072 = AXIS2_PLACEMENT_3D('',#6073,#6074,#6075);
#6073 = CARTESIAN_POINT('',(2.5,2.1,7.15));
#6074 = DIRECTION('',(0.,0.,1.));
#6075 = DIRECTION('',(1.,0.,-0.));
#6076 = FACE_BOUND('',#6077,.T.);
#6077 = EDGE_LOOP('',(#6078,#6088,#6097,#6106,#6114,#6122,#6128,#6129,
    #6137));
#6078 = ORIENTED_EDGE('',*,*,#6079,.T.);
#6079 = EDGE_CURVE('',#6080,#6082,#6084,.T.);
#6080 = VERTEX_POINT('',#6081);
#6081 = CARTESIAN_POINT('',(2.1,0.3,7.15));
#6082 = VERTEX_POINT('',#6083);
#6083 = CARTESIAN_POINT('',(2.1,-3.4,7.15));
#6084 = LINE('',#6085,#6086);
#6085 = CARTESIAN_POINT('',(2.1,3.6,7.15));
#6086 = VECTOR('',#6087,1.);
#6087 = DIRECTION('',(-7.933186627943E-17,-1.,0.));
#6088 = ORIENTED_EDGE('',*,*,#6089,.T.);
#6089 = EDGE_CURVE('',#6082,#6090,#6092,.T.);
#6090 = VERTEX_POINT('',#6091);
#6091 = CARTESIAN_POINT('',(2.5,-3.8,7.15));
#6092 = CIRCLE('',#6093,0.4);
#6093 = AXIS2_PLACEMENT_3D('',#6094,#6095,#6096);
#6094 = CARTESIAN_POINT('',(2.5,-3.4,7.15));
#6095 = DIRECTION('',(0.,-0.,1.));
#6096 = DIRECTION('',(-1.,0.,0.));
#6097 = ORIENTED_EDGE('',*,*,#6098,.T.);
#6098 = EDGE_CURVE('',#6090,#6099,#6101,.T.);
#6099 = VERTEX_POINT('',#6100);
#6100 = CARTESIAN_POINT('',(2.9,-3.4,7.15));
#6101 = CIRCLE('',#6102,0.4);
#6102 = AXIS2_PLACEMENT_3D('',#6103,#6104,#6105);
#6103 = CARTESIAN_POINT('',(2.5,-3.4,7.15));
#6104 = DIRECTION('',(0.,-0.,1.));
#6105 = DIRECTION('',(-1.,0.,0.));
#6106 = ORIENTED_EDGE('',*,*,#6107,.T.);
#6107 = EDGE_CURVE('',#6099,#6108,#6110,.T.);
#6108 = VERTEX_POINT('',#6109);
#6109 = CARTESIAN_POINT('',(2.9,0.3,7.15));
#6110 = LINE('',#6111,#6112);
#6111 = CARTESIAN_POINT('',(2.9,3.6,7.15));
#6112 = VECTOR('',#6113,1.);
#6113 = DIRECTION('',(-7.933186627943E-17,1.,0.));
#6114 = ORIENTED_EDGE('',*,*,#6115,.F.);
#6115 = EDGE_CURVE('',#6116,#6108,#6118,.T.);
#6116 = VERTEX_POINT('',#6117);
#6117 = CARTESIAN_POINT('',(3.25,1.050577422178,7.15));
#6118 = LINE('',#6119,#6120);
#6119 = CARTESIAN_POINT('',(2.9,0.3,7.15));
#6120 = VECTOR('',#6121,1.);
#6121 = DIRECTION('',(-0.422618261741,-0.906307787037,0.));
#6122 = ORIENTED_EDGE('',*,*,#6123,.F.);
#6123 = EDGE_CURVE('',#6020,#6116,#6124,.T.);
#6124 = LINE('',#6125,#6126);
#6125 = CARTESIAN_POINT('',(3.25,3.6,7.15));
#6126 = VECTOR('',#6127,1.);
#6127 = DIRECTION('',(0.,-1.,0.));
#6128 = ORIENTED_EDGE('',*,*,#6019,.T.);
#6129 = ORIENTED_EDGE('',*,*,#6130,.T.);
#6130 = EDGE_CURVE('',#6011,#6131,#6133,.T.);
#6131 = VERTEX_POINT('',#6132);
#6132 = CARTESIAN_POINT('',(1.75,1.050577422178,7.15));
#6133 = LINE('',#6134,#6135);
#6134 = CARTESIAN_POINT('',(1.75,3.6,7.15));
#6135 = VECTOR('',#6136,1.);
#6136 = DIRECTION('',(0.,-1.,0.));
#6137 = ORIENTED_EDGE('',*,*,#6138,.F.);
#6138 = EDGE_CURVE('',#6080,#6131,#6139,.T.);
#6139 = LINE('',#6140,#6141);
#6140 = CARTESIAN_POINT('',(2.1,0.3,7.15));
#6141 = VECTOR('',#6142,1.);
#6142 = DIRECTION('',(-0.422618261741,0.906307787037,0.));
#6143 = PLANE('',#6144);
#6144 = AXIS2_PLACEMENT_3D('',#6145,#6146,#6147);
#6145 = CARTESIAN_POINT('',(3.25,3.6,7.15));
#6146 = DIRECTION('',(0.,0.,-1.));
#6147 = DIRECTION('',(-1.,0.,-0.));
#6148 = ADVANCED_FACE('',(#6149),#6225,.F.);
#6149 = FACE_BOUND('',#6150,.T.);
#6150 = EDGE_LOOP('',(#6151,#6162,#6171,#6179,#6187,#6195,#6203,#6211,
    #6219));
#6151 = ORIENTED_EDGE('',*,*,#6152,.T.);
#6152 = EDGE_CURVE('',#6153,#6155,#6157,.T.);
#6153 = VERTEX_POINT('',#6154);
#6154 = CARTESIAN_POINT('',(2.9,-3.4,6.85));
#6155 = VERTEX_POINT('',#6156);
#6156 = CARTESIAN_POINT('',(2.5,-3.8,6.85));
#6157 = CIRCLE('',#6158,0.4);
#6158 = AXIS2_PLACEMENT_3D('',#6159,#6160,#6161);
#6159 = CARTESIAN_POINT('',(2.5,-3.4,6.85));
#6160 = DIRECTION('',(0.,0.,-1.));
#6161 = DIRECTION('',(1.,0.,0.));
#6162 = ORIENTED_EDGE('',*,*,#6163,.T.);
#6163 = EDGE_CURVE('',#6155,#6164,#6166,.T.);
#6164 = VERTEX_POINT('',#6165);
#6165 = CARTESIAN_POINT('',(2.1,-3.4,6.85));
#6166 = CIRCLE('',#6167,0.4);
#6167 = AXIS2_PLACEMENT_3D('',#6168,#6169,#6170);
#6168 = CARTESIAN_POINT('',(2.5,-3.4,6.85));
#6169 = DIRECTION('',(0.,0.,-1.));
#6170 = DIRECTION('',(1.,2.168404344971E-15,0.));
#6171 = ORIENTED_EDGE('',*,*,#6172,.T.);
#6172 = EDGE_CURVE('',#6164,#6173,#6175,.T.);
#6173 = VERTEX_POINT('',#6174);
#6174 = CARTESIAN_POINT('',(2.1,0.3,6.85));
#6175 = LINE('',#6176,#6177);
#6176 = CARTESIAN_POINT('',(2.1,3.55,6.85));
#6177 = VECTOR('',#6178,1.);
#6178 = DIRECTION('',(7.933186627943E-17,1.,0.));
#6179 = ORIENTED_EDGE('',*,*,#6180,.T.);
#6180 = EDGE_CURVE('',#6173,#6181,#6183,.T.);
#6181 = VERTEX_POINT('',#6182);
#6182 = CARTESIAN_POINT('',(1.75,1.050577422178,6.85));
#6183 = LINE('',#6184,#6185);
#6184 = CARTESIAN_POINT('',(1.060574904362,2.529054310947,6.85));
#6185 = VECTOR('',#6186,1.);
#6186 = DIRECTION('',(-0.422618261741,0.906307787037,-0.));
#6187 = ORIENTED_EDGE('',*,*,#6188,.T.);
#6188 = EDGE_CURVE('',#6181,#6189,#6191,.T.);
#6189 = VERTEX_POINT('',#6190);
#6190 = CARTESIAN_POINT('',(1.75,3.55,6.85));
#6191 = LINE('',#6192,#6193);
#6192 = CARTESIAN_POINT('',(1.75,3.55,6.85));
#6193 = VECTOR('',#6194,1.);
#6194 = DIRECTION('',(-0.,1.,-0.));
#6195 = ORIENTED_EDGE('',*,*,#6196,.F.);
#6196 = EDGE_CURVE('',#6197,#6189,#6199,.T.);
#6197 = VERTEX_POINT('',#6198);
#6198 = CARTESIAN_POINT('',(3.25,3.55,6.85));
#6199 = LINE('',#6200,#6201);
#6200 = CARTESIAN_POINT('',(3.25,3.55,6.85));
#6201 = VECTOR('',#6202,1.);
#6202 = DIRECTION('',(-1.,-0.,-0.));
#6203 = ORIENTED_EDGE('',*,*,#6204,.F.);
#6204 = EDGE_CURVE('',#6205,#6197,#6207,.T.);
#6205 = VERTEX_POINT('',#6206);
#6206 = CARTESIAN_POINT('',(3.25,1.050577422178,6.85));
#6207 = LINE('',#6208,#6209);
#6208 = CARTESIAN_POINT('',(3.25,3.55,6.85));
#6209 = VECTOR('',#6210,1.);
#6210 = DIRECTION('',(-0.,1.,-0.));
#6211 = ORIENTED_EDGE('',*,*,#6212,.T.);
#6212 = EDGE_CURVE('',#6205,#6213,#6215,.T.);
#6213 = VERTEX_POINT('',#6214);
#6214 = CARTESIAN_POINT('',(2.9,0.3,6.85));
#6215 = LINE('',#6216,#6217);
#6216 = CARTESIAN_POINT('',(4.207334388373,3.103587643286,6.85));
#6217 = VECTOR('',#6218,1.);
#6218 = DIRECTION('',(-0.422618261741,-0.906307787037,0.));
#6219 = ORIENTED_EDGE('',*,*,#6220,.T.);
#6220 = EDGE_CURVE('',#6213,#6153,#6221,.T.);
#6221 = LINE('',#6222,#6223);
#6222 = CARTESIAN_POINT('',(2.9,3.55,6.85));
#6223 = VECTOR('',#6224,1.);
#6224 = DIRECTION('',(7.933186627943E-17,-1.,0.));
#6225 = PLANE('',#6226);
#6226 = AXIS2_PLACEMENT_3D('',#6227,#6228,#6229);
#6227 = CARTESIAN_POINT('',(3.25,3.55,6.85));
#6228 = DIRECTION('',(-0.,0.,1.));
#6229 = DIRECTION('',(1.,0.,0.));
#6230 = ADVANCED_FACE('',(#6231),#6247,.F.);
#6231 = FACE_BOUND('',#6232,.T.);
#6232 = EDGE_LOOP('',(#6233,#6239,#6240,#6246));
#6233 = ORIENTED_EDGE('',*,*,#6234,.T.);
#6234 = EDGE_CURVE('',#6189,#5940,#6235,.T.);
#6235 = LINE('',#6236,#6237);
#6236 = CARTESIAN_POINT('',(1.75,3.55,6.3));
#6237 = VECTOR('',#6238,1.);
#6238 = DIRECTION('',(-0.,-0.,-1.));
#6239 = ORIENTED_EDGE('',*,*,#5965,.F.);
#6240 = ORIENTED_EDGE('',*,*,#6241,.F.);
#6241 = EDGE_CURVE('',#6197,#5958,#6242,.T.);
#6242 = LINE('',#6243,#6244);
#6243 = CARTESIAN_POINT('',(3.25,3.55,6.3));
#6244 = VECTOR('',#6245,1.);
#6245 = DIRECTION('',(-0.,-0.,-1.));
#6246 = ORIENTED_EDGE('',*,*,#6196,.T.);
#6247 = PLANE('',#6248);
#6248 = AXIS2_PLACEMENT_3D('',#6249,#6250,#6251);
#6249 = CARTESIAN_POINT('',(3.25,3.55,6.3));
#6250 = DIRECTION('',(0.,1.,0.));
#6251 = DIRECTION('',(0.,-0.,1.));
#6252 = ADVANCED_FACE('',(#6253),#6267,.F.);
#6253 = FACE_BOUND('',#6254,.T.);
#6254 = EDGE_LOOP('',(#6255,#6256,#6262,#6263,#6264,#6265,#6266));
#6255 = ORIENTED_EDGE('',*,*,#6123,.T.);
#6256 = ORIENTED_EDGE('',*,*,#6257,.T.);
#6257 = EDGE_CURVE('',#6116,#6205,#6258,.T.);
#6258 = LINE('',#6259,#6260);
#6259 = CARTESIAN_POINT('',(3.25,1.050577422178,6.9));
#6260 = VECTOR('',#6261,1.);
#6261 = DIRECTION('',(0.,0.,-1.));
#6262 = ORIENTED_EDGE('',*,*,#6204,.T.);
#6263 = ORIENTED_EDGE('',*,*,#6241,.T.);
#6264 = ORIENTED_EDGE('',*,*,#5957,.T.);
#6265 = ORIENTED_EDGE('',*,*,#5995,.T.);
#6266 = ORIENTED_EDGE('',*,*,#6027,.T.);
#6267 = PLANE('',#6268);
#6268 = AXIS2_PLACEMENT_3D('',#6269,#6270,#6271);
#6269 = CARTESIAN_POINT('',(3.25,3.6,6.9));
#6270 = DIRECTION('',(-1.,-0.,0.));
#6271 = DIRECTION('',(0.,0.,1.));
#6272 = ADVANCED_FACE('',(#6273),#6287,.T.);
#6273 = FACE_BOUND('',#6274,.T.);
#6274 = EDGE_LOOP('',(#6275,#6281,#6282,#6283,#6284,#6285,#6286));
#6275 = ORIENTED_EDGE('',*,*,#6276,.F.);
#6276 = EDGE_CURVE('',#6131,#6181,#6277,.T.);
#6277 = LINE('',#6278,#6279);
#6278 = CARTESIAN_POINT('',(1.75,1.050577422178,6.9));
#6279 = VECTOR('',#6280,1.);
#6280 = DIRECTION('',(0.,0.,-1.));
#6281 = ORIENTED_EDGE('',*,*,#6130,.F.);
#6282 = ORIENTED_EDGE('',*,*,#6010,.F.);
#6283 = ORIENTED_EDGE('',*,*,#5979,.F.);
#6284 = ORIENTED_EDGE('',*,*,#5939,.F.);
#6285 = ORIENTED_EDGE('',*,*,#6234,.F.);
#6286 = ORIENTED_EDGE('',*,*,#6188,.F.);
#6287 = PLANE('',#6288);
#6288 = AXIS2_PLACEMENT_3D('',#6289,#6290,#6291);
#6289 = CARTESIAN_POINT('',(1.75,3.6,6.9));
#6290 = DIRECTION('',(-1.,-0.,0.));
#6291 = DIRECTION('',(0.,0.,1.));
#6292 = ADVANCED_FACE('',(#6293),#6309,.F.);
#6293 = FACE_BOUND('',#6294,.T.);
#6294 = EDGE_LOOP('',(#6295,#6296,#6302,#6303));
#6295 = ORIENTED_EDGE('',*,*,#6172,.F.);
#6296 = ORIENTED_EDGE('',*,*,#6297,.T.);
#6297 = EDGE_CURVE('',#6164,#6082,#6298,.T.);
#6298 = LINE('',#6299,#6300);
#6299 = CARTESIAN_POINT('',(2.1,-3.4,-5.5));
#6300 = VECTOR('',#6301,1.);
#6301 = DIRECTION('',(0.,0.,1.));
#6302 = ORIENTED_EDGE('',*,*,#6079,.F.);
#6303 = ORIENTED_EDGE('',*,*,#6304,.F.);
#6304 = EDGE_CURVE('',#6173,#6080,#6305,.T.);
#6305 = LINE('',#6306,#6307);
#6306 = CARTESIAN_POINT('',(2.1,0.3,-5.5));
#6307 = VECTOR('',#6308,1.);
#6308 = DIRECTION('',(-0.,-0.,1.));
#6309 = PLANE('',#6310);
#6310 = AXIS2_PLACEMENT_3D('',#6311,#6312,#6313);
#6311 = CARTESIAN_POINT('',(2.1,-3.8,-5.5));
#6312 = DIRECTION('',(1.,-7.933186627943E-17,0.));
#6313 = DIRECTION('',(7.933186627943E-17,1.,0.));
#6314 = ADVANCED_FACE('',(#6315),#6321,.F.);
#6315 = FACE_BOUND('',#6316,.T.);
#6316 = EDGE_LOOP('',(#6317,#6318,#6319,#6320));
#6317 = ORIENTED_EDGE('',*,*,#6276,.T.);
#6318 = ORIENTED_EDGE('',*,*,#6180,.F.);
#6319 = ORIENTED_EDGE('',*,*,#6304,.T.);
#6320 = ORIENTED_EDGE('',*,*,#6138,.T.);
#6321 = PLANE('',#6322);
#6322 = AXIS2_PLACEMENT_3D('',#6323,#6324,#6325);
#6323 = CARTESIAN_POINT('',(2.1,0.3,-5.5));
#6324 = DIRECTION('',(0.906307787037,0.422618261741,0.));
#6325 = DIRECTION('',(-0.422618261741,0.906307787037,0.));
#6326 = ADVANCED_FACE('',(#6327),#6343,.F.);
#6327 = FACE_BOUND('',#6328,.T.);
#6328 = EDGE_LOOP('',(#6329,#6330,#6336,#6337));
#6329 = ORIENTED_EDGE('',*,*,#6107,.F.);
#6330 = ORIENTED_EDGE('',*,*,#6331,.T.);
#6331 = EDGE_CURVE('',#6099,#6153,#6332,.T.);
#6332 = LINE('',#6333,#6334);
#6333 = CARTESIAN_POINT('',(2.9,-3.4,-5.5));
#6334 = VECTOR('',#6335,1.);
#6335 = DIRECTION('',(-0.,-0.,-1.));
#6336 = ORIENTED_EDGE('',*,*,#6220,.F.);
#6337 = ORIENTED_EDGE('',*,*,#6338,.T.);
#6338 = EDGE_CURVE('',#6213,#6108,#6339,.T.);
#6339 = LINE('',#6340,#6341);
#6340 = CARTESIAN_POINT('',(2.9,0.3,-5.5));
#6341 = VECTOR('',#6342,1.);
#6342 = DIRECTION('',(-0.,-0.,1.));
#6343 = PLANE('',#6344);
#6344 = AXIS2_PLACEMENT_3D('',#6345,#6346,#6347);
#6345 = CARTESIAN_POINT('',(2.9,-3.8,-5.5));
#6346 = DIRECTION('',(-1.,-7.933186627943E-17,0.));
#6347 = DIRECTION('',(7.933186627943E-17,-1.,0.));
#6348 = ADVANCED_FACE('',(#6349),#6355,.F.);
#6349 = FACE_BOUND('',#6350,.T.);
#6350 = EDGE_LOOP('',(#6351,#6352,#6353,#6354));
#6351 = ORIENTED_EDGE('',*,*,#6338,.F.);
#6352 = ORIENTED_EDGE('',*,*,#6212,.F.);
#6353 = ORIENTED_EDGE('',*,*,#6257,.F.);
#6354 = ORIENTED_EDGE('',*,*,#6115,.T.);
#6355 = PLANE('',#6356);
#6356 = AXIS2_PLACEMENT_3D('',#6357,#6358,#6359);
#6357 = CARTESIAN_POINT('',(2.9,0.3,-5.5));
#6358 = DIRECTION('',(-0.906307787037,0.422618261741,0.));
#6359 = DIRECTION('',(-0.422618261741,-0.906307787037,0.));
#6360 = ADVANCED_FACE('',(#6361),#6372,.T.);
#6361 = FACE_BOUND('',#6362,.T.);
#6362 = EDGE_LOOP('',(#6363,#6369,#6370,#6371));
#6363 = ORIENTED_EDGE('',*,*,#6364,.F.);
#6364 = EDGE_CURVE('',#6155,#6090,#6365,.T.);
#6365 = LINE('',#6366,#6367);
#6366 = CARTESIAN_POINT('',(2.5,-3.8,7.15));
#6367 = VECTOR('',#6368,1.);
#6368 = DIRECTION('',(0.,0.,1.));
#6369 = ORIENTED_EDGE('',*,*,#6152,.F.);
#6370 = ORIENTED_EDGE('',*,*,#6331,.F.);
#6371 = ORIENTED_EDGE('',*,*,#6098,.F.);
#6372 = CYLINDRICAL_SURFACE('',#6373,0.4);
#6373 = AXIS2_PLACEMENT_3D('',#6374,#6375,#6376);
#6374 = CARTESIAN_POINT('',(2.5,-3.4,7.15));
#6375 = DIRECTION('',(0.,0.,1.));
#6376 = DIRECTION('',(1.,0.,-0.));
#6377 = ADVANCED_FACE('',(#6378),#6384,.T.);
#6378 = FACE_BOUND('',#6379,.T.);
#6379 = EDGE_LOOP('',(#6380,#6381,#6382,#6383));
#6380 = ORIENTED_EDGE('',*,*,#6163,.F.);
#6381 = ORIENTED_EDGE('',*,*,#6364,.T.);
#6382 = ORIENTED_EDGE('',*,*,#6089,.F.);
#6383 = ORIENTED_EDGE('',*,*,#6297,.F.);
#6384 = CYLINDRICAL_SURFACE('',#6385,0.4);
#6385 = AXIS2_PLACEMENT_3D('',#6386,#6387,#6388);
#6386 = CARTESIAN_POINT('',(2.5,-3.4,-5.5));
#6387 = DIRECTION('',(0.,0.,1.));
#6388 = DIRECTION('',(1.,0.,-0.));
#6389 = ADVANCED_FACE('',(#6390),#6416,.F.);
#6390 = FACE_BOUND('',#6391,.F.);
#6391 = EDGE_LOOP('',(#6392,#6400,#6409,#6415));
#6392 = ORIENTED_EDGE('',*,*,#6393,.F.);
#6393 = EDGE_CURVE('',#6394,#6054,#6396,.T.);
#6394 = VERTEX_POINT('',#6395);
#6395 = CARTESIAN_POINT('',(2.25,-3.05,7.05));
#6396 = LINE('',#6397,#6398);
#6397 = CARTESIAN_POINT('',(2.25,-3.05,7.05));
#6398 = VECTOR('',#6399,1.);
#6399 = DIRECTION('',(-0.,-0.,1.));
#6400 = ORIENTED_EDGE('',*,*,#6401,.T.);
#6401 = EDGE_CURVE('',#6394,#6402,#6404,.T.);
#6402 = VERTEX_POINT('',#6403);
#6403 = CARTESIAN_POINT('',(2.75,-3.05,7.05));
#6404 = CIRCLE('',#6405,0.25);
#6405 = AXIS2_PLACEMENT_3D('',#6406,#6407,#6408);
#6406 = CARTESIAN_POINT('',(2.5,-3.05,7.05));
#6407 = DIRECTION('',(0.,0.,1.));
#6408 = DIRECTION('',(1.,0.,-0.));
#6409 = ORIENTED_EDGE('',*,*,#6410,.T.);
#6410 = EDGE_CURVE('',#6402,#6044,#6411,.T.);
#6411 = LINE('',#6412,#6413);
#6412 = CARTESIAN_POINT('',(2.75,-3.05,7.05));
#6413 = VECTOR('',#6414,1.);
#6414 = DIRECTION('',(-0.,-0.,1.));
#6415 = ORIENTED_EDGE('',*,*,#6053,.F.);
#6416 = CYLINDRICAL_SURFACE('',#6417,0.25);
#6417 = AXIS2_PLACEMENT_3D('',#6418,#6419,#6420);
#6418 = CARTESIAN_POINT('',(2.5,-3.05,7.05));
#6419 = DIRECTION('',(-0.,-0.,1.));
#6420 = DIRECTION('',(1.,0.,0.));
#6421 = ADVANCED_FACE('',(#6422),#6440,.F.);
#6422 = FACE_BOUND('',#6423,.T.);
#6423 = EDGE_LOOP('',(#6424,#6425,#6426,#6434));
#6424 = ORIENTED_EDGE('',*,*,#6062,.T.);
#6425 = ORIENTED_EDGE('',*,*,#6393,.F.);
#6426 = ORIENTED_EDGE('',*,*,#6427,.F.);
#6427 = EDGE_CURVE('',#6428,#6394,#6430,.T.);
#6428 = VERTEX_POINT('',#6429);
#6429 = CARTESIAN_POINT('',(2.25,2.1,7.05));
#6430 = LINE('',#6431,#6432);
#6431 = CARTESIAN_POINT('',(2.25,-3.05,7.05));
#6432 = VECTOR('',#6433,1.);
#6433 = DIRECTION('',(-0.,-1.,-0.));
#6434 = ORIENTED_EDGE('',*,*,#6435,.T.);
#6435 = EDGE_CURVE('',#6428,#6063,#6436,.T.);
#6436 = LINE('',#6437,#6438);
#6437 = CARTESIAN_POINT('',(2.25,2.1,7.05));
#6438 = VECTOR('',#6439,1.);
#6439 = DIRECTION('',(-0.,-0.,1.));
#6440 = PLANE('',#6441);
#6441 = AXIS2_PLACEMENT_3D('',#6442,#6443,#6444);
#6442 = CARTESIAN_POINT('',(2.25,-3.05,7.05));
#6443 = DIRECTION('',(-1.,0.,0.));
#6444 = DIRECTION('',(0.,0.,1.));
#6445 = ADVANCED_FACE('',(#6446),#6465,.F.);
#6446 = FACE_BOUND('',#6447,.F.);
#6447 = EDGE_LOOP('',(#6448,#6456,#6463,#6464));
#6448 = ORIENTED_EDGE('',*,*,#6449,.F.);
#6449 = EDGE_CURVE('',#6450,#6046,#6452,.T.);
#6450 = VERTEX_POINT('',#6451);
#6451 = CARTESIAN_POINT('',(2.75,2.1,7.05));
#6452 = LINE('',#6453,#6454);
#6453 = CARTESIAN_POINT('',(2.75,2.1,7.05));
#6454 = VECTOR('',#6455,1.);
#6455 = DIRECTION('',(-0.,-0.,1.));
#6456 = ORIENTED_EDGE('',*,*,#6457,.T.);
#6457 = EDGE_CURVE('',#6450,#6428,#6458,.T.);
#6458 = CIRCLE('',#6459,0.25);
#6459 = AXIS2_PLACEMENT_3D('',#6460,#6461,#6462);
#6460 = CARTESIAN_POINT('',(2.5,2.1,7.05));
#6461 = DIRECTION('',(0.,0.,1.));
#6462 = DIRECTION('',(1.,0.,-0.));
#6463 = ORIENTED_EDGE('',*,*,#6435,.T.);
#6464 = ORIENTED_EDGE('',*,*,#6070,.F.);
#6465 = CYLINDRICAL_SURFACE('',#6466,0.25);
#6466 = AXIS2_PLACEMENT_3D('',#6467,#6468,#6469);
#6467 = CARTESIAN_POINT('',(2.5,2.1,7.05));
#6468 = DIRECTION('',(-0.,-0.,1.));
#6469 = DIRECTION('',(1.,0.,0.));
#6470 = ADVANCED_FACE('',(#6471),#6482,.F.);
#6471 = FACE_BOUND('',#6472,.T.);
#6472 = EDGE_LOOP('',(#6473,#6474,#6475,#6481));
#6473 = ORIENTED_EDGE('',*,*,#6043,.T.);
#6474 = ORIENTED_EDGE('',*,*,#6449,.F.);
#6475 = ORIENTED_EDGE('',*,*,#6476,.F.);
#6476 = EDGE_CURVE('',#6402,#6450,#6477,.T.);
#6477 = LINE('',#6478,#6479);
#6478 = CARTESIAN_POINT('',(2.75,-3.05,7.05));
#6479 = VECTOR('',#6480,1.);
#6480 = DIRECTION('',(0.,1.,0.));
#6481 = ORIENTED_EDGE('',*,*,#6410,.T.);
#6482 = PLANE('',#6483);
#6483 = AXIS2_PLACEMENT_3D('',#6484,#6485,#6486);
#6484 = CARTESIAN_POINT('',(2.75,-3.05,7.05));
#6485 = DIRECTION('',(1.,-0.,0.));
#6486 = DIRECTION('',(0.,0.,-1.));
#6487 = ADVANCED_FACE('',(#6488),#6494,.T.);
#6488 = FACE_BOUND('',#6489,.T.);
#6489 = EDGE_LOOP('',(#6490,#6491,#6492,#6493));
#6490 = ORIENTED_EDGE('',*,*,#6401,.T.);
#6491 = ORIENTED_EDGE('',*,*,#6476,.T.);
#6492 = ORIENTED_EDGE('',*,*,#6457,.T.);
#6493 = ORIENTED_EDGE('',*,*,#6427,.T.);
#6494 = PLANE('',#6495);
#6495 = AXIS2_PLACEMENT_3D('',#6496,#6497,#6498);
#6496 = CARTESIAN_POINT('',(2.5,-3.05,7.05));
#6497 = DIRECTION('',(0.,0.,1.));
#6498 = DIRECTION('',(1.,0.,-0.));
#6499 = ( GEOMETRIC_REPRESENTATION_CONTEXT(3) 
GLOBAL_UNCERTAINTY_ASSIGNED_CONTEXT((#6503)) 
GLOBAL_UNIT_ASSIGNED_CONTEXT((#6500,#6501,#6502)) REPRESENTATION_CONTEXT
('Context #1','3D Context with UNIT and UNCERTAINTY') );
#6500 = ( LENGTH_UNIT() NAMED_UNIT(*) SI_UNIT(.MILLI.,.METRE.) );
#6501 = ( NAMED_UNIT(*) PLANE_ANGLE_UNIT() SI_UNIT($,.RADIAN.) );
#6502 = ( NAMED_UNIT(*) SI_UNIT($,.STERADIAN.) SOLID_ANGLE_UNIT() );
#6503 = UNCERTAINTY_MEASURE_WITH_UNIT(LENGTH_MEASURE(1.E-07),#6500,
  'distance_accuracy_value','confusion accuracy');
#6504 = CONTEXT_DEPENDENT_SHAPE_REPRESENTATION(#6505,#6507);
#6505 = ( REPRESENTATION_RELATIONSHIP('','',#5932,#32) 
REPRESENTATION_RELATIONSHIP_WITH_TRANSFORMATION(#6506) 
SHAPE_REPRESENTATION_RELATIONSHIP() );
#6506 = ITEM_DEFINED_TRANSFORMATION('','',#11,#53);
#6507 = PRODUCT_DEFINITION_SHAPE('Placement','Placement of an item',
  #6508);
#6508 = NEXT_ASSEMBLY_USAGE_OCCURRENCE('6','PTV09A-4025F-B108','',#27,
  #5927,$);
#6509 = PRODUCT_RELATED_PRODUCT_CATEGORY('part',$,(#5929));
#6510 = SHAPE_DEFINITION_REPRESENTATION(#6511,#6517);
#6511 = PRODUCT_DEFINITION_SHAPE('','',#6512);
#6512 = PRODUCT_DEFINITION('design','',#6513,#6516);
#6513 = PRODUCT_DEFINITION_FORMATION('','',#6514);
#6514 = PRODUCT('PTV09A-4025F-B109','PTV09A-4025F-B109','',(#6515));
#6515 = PRODUCT_CONTEXT('',#2,'mechanical');
#6516 = PRODUCT_DEFINITION_CONTEXT('part definition',#2,'design');
#6517 = ADVANCED_BREP_SHAPE_REPRESENTATION('',(#11,#6518),#7084);
#6518 = MANIFOLD_SOLID_BREP('',#6519);
#6519 = CLOSED_SHELL('',(#6520,#6560,#6591,#6624,#6733,#6815,#6837,#6857
    ,#6877,#6899,#6911,#6933,#6945,#6962,#6974,#7006,#7030,#7055,#7072)
  );
#6520 = ADVANCED_FACE('',(#6521),#6555,.F.);
#6521 = FACE_BOUND('',#6522,.T.);
#6522 = EDGE_LOOP('',(#6523,#6533,#6541,#6549));
#6523 = ORIENTED_EDGE('',*,*,#6524,.T.);
#6524 = EDGE_CURVE('',#6525,#6527,#6529,.T.);
#6525 = VERTEX_POINT('',#6526);
#6526 = CARTESIAN_POINT('',(-3.25,3.55,6.3));
#6527 = VERTEX_POINT('',#6528);
#6528 = CARTESIAN_POINT('',(-3.25,3.85,6.3));
#6529 = LINE('',#6530,#6531);
#6530 = CARTESIAN_POINT('',(-3.25,3.85,6.3));
#6531 = VECTOR('',#6532,1.);
#6532 = DIRECTION('',(-0.,1.,-0.));
#6533 = ORIENTED_EDGE('',*,*,#6534,.F.);
#6534 = EDGE_CURVE('',#6535,#6527,#6537,.T.);
#6535 = VERTEX_POINT('',#6536);
#6536 = CARTESIAN_POINT('',(-1.75,3.85,6.3));
#6537 = LINE('',#6538,#6539);
#6538 = CARTESIAN_POINT('',(-1.75,3.85,6.3));
#6539 = VECTOR('',#6540,1.);
#6540 = DIRECTION('',(-1.,-0.,-0.));
#6541 = ORIENTED_EDGE('',*,*,#6542,.F.);
#6542 = EDGE_CURVE('',#6543,#6535,#6545,.T.);
#6543 = VERTEX_POINT('',#6544);
#6544 = CARTESIAN_POINT('',(-1.75,3.55,6.3));
#6545 = LINE('',#6546,#6547);
#6546 = CARTESIAN_POINT('',(-1.75,3.85,6.3));
#6547 = VECTOR('',#6548,1.);
#6548 = DIRECTION('',(-0.,1.,-0.));
#6549 = ORIENTED_EDGE('',*,*,#6550,.T.);
#6550 = EDGE_CURVE('',#6543,#6525,#6551,.T.);
#6551 = LINE('',#6552,#6553);
#6552 = CARTESIAN_POINT('',(-1.75,3.55,6.3));
#6553 = VECTOR('',#6554,1.);
#6554 = DIRECTION('',(-1.,-0.,-0.));
#6555 = PLANE('',#6556);
#6556 = AXIS2_PLACEMENT_3D('',#6557,#6558,#6559);
#6557 = CARTESIAN_POINT('',(-1.75,3.85,6.3));
#6558 = DIRECTION('',(-0.,0.,1.));
#6559 = DIRECTION('',(1.,0.,0.));
#6560 = ADVANCED_FACE('',(#6561),#6586,.F.);
#6561 = FACE_BOUND('',#6562,.T.);
#6562 = EDGE_LOOP('',(#6563,#6571,#6579,#6585));
#6563 = ORIENTED_EDGE('',*,*,#6564,.T.);
#6564 = EDGE_CURVE('',#6527,#6565,#6567,.T.);
#6565 = VERTEX_POINT('',#6566);
#6566 = CARTESIAN_POINT('',(-3.25,3.85,6.9));
#6567 = LINE('',#6568,#6569);
#6568 = CARTESIAN_POINT('',(-3.25,3.85,6.3));
#6569 = VECTOR('',#6570,1.);
#6570 = DIRECTION('',(0.,0.,1.));
#6571 = ORIENTED_EDGE('',*,*,#6572,.F.);
#6572 = EDGE_CURVE('',#6573,#6565,#6575,.T.);
#6573 = VERTEX_POINT('',#6574);
#6574 = CARTESIAN_POINT('',(-1.75,3.85,6.9));
#6575 = LINE('',#6576,#6577);
#6576 = CARTESIAN_POINT('',(-1.75,3.85,6.9));
#6577 = VECTOR('',#6578,1.);
#6578 = DIRECTION('',(-1.,-0.,-0.));
#6579 = ORIENTED_EDGE('',*,*,#6580,.F.);
#6580 = EDGE_CURVE('',#6535,#6573,#6581,.T.);
#6581 = LINE('',#6582,#6583);
#6582 = CARTESIAN_POINT('',(-1.75,3.85,6.3));
#6583 = VECTOR('',#6584,1.);
#6584 = DIRECTION('',(0.,0.,1.));
#6585 = ORIENTED_EDGE('',*,*,#6534,.T.);
#6586 = PLANE('',#6587);
#6587 = AXIS2_PLACEMENT_3D('',#6588,#6589,#6590);
#6588 = CARTESIAN_POINT('',(-1.75,3.85,6.3));
#6589 = DIRECTION('',(0.,-1.,0.));
#6590 = DIRECTION('',(0.,-0.,-1.));
#6591 = ADVANCED_FACE('',(#6592),#6619,.T.);
#6592 = FACE_BOUND('',#6593,.T.);
#6593 = EDGE_LOOP('',(#6594,#6603,#6611,#6618));
#6594 = ORIENTED_EDGE('',*,*,#6595,.T.);
#6595 = EDGE_CURVE('',#6565,#6596,#6598,.T.);
#6596 = VERTEX_POINT('',#6597);
#6597 = CARTESIAN_POINT('',(-3.25,3.6,7.15));
#6598 = CIRCLE('',#6599,0.25);
#6599 = AXIS2_PLACEMENT_3D('',#6600,#6601,#6602);
#6600 = CARTESIAN_POINT('',(-3.25,3.6,6.9));
#6601 = DIRECTION('',(1.,0.,-0.));
#6602 = DIRECTION('',(0.,0.,1.));
#6603 = ORIENTED_EDGE('',*,*,#6604,.F.);
#6604 = EDGE_CURVE('',#6605,#6596,#6607,.T.);
#6605 = VERTEX_POINT('',#6606);
#6606 = CARTESIAN_POINT('',(-1.75,3.6,7.15));
#6607 = LINE('',#6608,#6609);
#6608 = CARTESIAN_POINT('',(-1.75,3.6,7.15));
#6609 = VECTOR('',#6610,1.);
#6610 = DIRECTION('',(-1.,-0.,-0.));
#6611 = ORIENTED_EDGE('',*,*,#6612,.F.);
#6612 = EDGE_CURVE('',#6573,#6605,#6613,.T.);
#6613 = CIRCLE('',#6614,0.25);
#6614 = AXIS2_PLACEMENT_3D('',#6615,#6616,#6617);
#6615 = CARTESIAN_POINT('',(-1.75,3.6,6.9));
#6616 = DIRECTION('',(1.,0.,-0.));
#6617 = DIRECTION('',(0.,0.,1.));
#6618 = ORIENTED_EDGE('',*,*,#6572,.T.);
#6619 = CYLINDRICAL_SURFACE('',#6620,0.25);
#6620 = AXIS2_PLACEMENT_3D('',#6621,#6622,#6623);
#6621 = CARTESIAN_POINT('',(-1.75,3.6,6.9));
#6622 = DIRECTION('',(-1.,-0.,-0.));
#6623 = DIRECTION('',(-0.,0.,1.));
#6624 = ADVANCED_FACE('',(#6625,#6661),#6728,.F.);
#6625 = FACE_BOUND('',#6626,.T.);
#6626 = EDGE_LOOP('',(#6627,#6637,#6646,#6654));
#6627 = ORIENTED_EDGE('',*,*,#6628,.F.);
#6628 = EDGE_CURVE('',#6629,#6631,#6633,.T.);
#6629 = VERTEX_POINT('',#6630);
#6630 = CARTESIAN_POINT('',(-2.25,-3.05,7.15));
#6631 = VERTEX_POINT('',#6632);
#6632 = CARTESIAN_POINT('',(-2.25,2.1,7.15));
#6633 = LINE('',#6634,#6635);
#6634 = CARTESIAN_POINT('',(-2.25,-3.05,7.15));
#6635 = VECTOR('',#6636,1.);
#6636 = DIRECTION('',(0.,1.,0.));
#6637 = ORIENTED_EDGE('',*,*,#6638,.F.);
#6638 = EDGE_CURVE('',#6639,#6629,#6641,.T.);
#6639 = VERTEX_POINT('',#6640);
#6640 = CARTESIAN_POINT('',(-2.75,-3.05,7.15));
#6641 = CIRCLE('',#6642,0.25);
#6642 = AXIS2_PLACEMENT_3D('',#6643,#6644,#6645);
#6643 = CARTESIAN_POINT('',(-2.5,-3.05,7.15));
#6644 = DIRECTION('',(0.,0.,1.));
#6645 = DIRECTION('',(1.,0.,-0.));
#6646 = ORIENTED_EDGE('',*,*,#6647,.F.);
#6647 = EDGE_CURVE('',#6648,#6639,#6650,.T.);
#6648 = VERTEX_POINT('',#6649);
#6649 = CARTESIAN_POINT('',(-2.75,2.1,7.15));
#6650 = LINE('',#6651,#6652);
#6651 = CARTESIAN_POINT('',(-2.75,-3.05,7.15));
#6652 = VECTOR('',#6653,1.);
#6653 = DIRECTION('',(-0.,-1.,-0.));
#6654 = ORIENTED_EDGE('',*,*,#6655,.F.);
#6655 = EDGE_CURVE('',#6631,#6648,#6656,.T.);
#6656 = CIRCLE('',#6657,0.25);
#6657 = AXIS2_PLACEMENT_3D('',#6658,#6659,#6660);
#6658 = CARTESIAN_POINT('',(-2.5,2.1,7.15));
#6659 = DIRECTION('',(0.,0.,1.));
#6660 = DIRECTION('',(1.,0.,-0.));
#6661 = FACE_BOUND('',#6662,.T.);
#6662 = EDGE_LOOP('',(#6663,#6673,#6682,#6691,#6699,#6707,#6713,#6714,
    #6722));
#6663 = ORIENTED_EDGE('',*,*,#6664,.T.);
#6664 = EDGE_CURVE('',#6665,#6667,#6669,.T.);
#6665 = VERTEX_POINT('',#6666);
#6666 = CARTESIAN_POINT('',(-2.9,0.3,7.15));
#6667 = VERTEX_POINT('',#6668);
#6668 = CARTESIAN_POINT('',(-2.9,-3.4,7.15));
#6669 = LINE('',#6670,#6671);
#6670 = CARTESIAN_POINT('',(-2.9,3.6,7.15));
#6671 = VECTOR('',#6672,1.);
#6672 = DIRECTION('',(-7.933186627943E-17,-1.,0.));
#6673 = ORIENTED_EDGE('',*,*,#6674,.T.);
#6674 = EDGE_CURVE('',#6667,#6675,#6677,.T.);
#6675 = VERTEX_POINT('',#6676);
#6676 = CARTESIAN_POINT('',(-2.5,-3.8,7.15));
#6677 = CIRCLE('',#6678,0.4);
#6678 = AXIS2_PLACEMENT_3D('',#6679,#6680,#6681);
#6679 = CARTESIAN_POINT('',(-2.5,-3.4,7.15));
#6680 = DIRECTION('',(0.,-0.,1.));
#6681 = DIRECTION('',(-1.,0.,0.));
#6682 = ORIENTED_EDGE('',*,*,#6683,.T.);
#6683 = EDGE_CURVE('',#6675,#6684,#6686,.T.);
#6684 = VERTEX_POINT('',#6685);
#6685 = CARTESIAN_POINT('',(-2.1,-3.4,7.15));
#6686 = CIRCLE('',#6687,0.4);
#6687 = AXIS2_PLACEMENT_3D('',#6688,#6689,#6690);
#6688 = CARTESIAN_POINT('',(-2.5,-3.4,7.15));
#6689 = DIRECTION('',(0.,-0.,1.));
#6690 = DIRECTION('',(-1.,0.,0.));
#6691 = ORIENTED_EDGE('',*,*,#6692,.T.);
#6692 = EDGE_CURVE('',#6684,#6693,#6695,.T.);
#6693 = VERTEX_POINT('',#6694);
#6694 = CARTESIAN_POINT('',(-2.1,0.3,7.15));
#6695 = LINE('',#6696,#6697);
#6696 = CARTESIAN_POINT('',(-2.1,3.6,7.15));
#6697 = VECTOR('',#6698,1.);
#6698 = DIRECTION('',(-7.933186627943E-17,1.,0.));
#6699 = ORIENTED_EDGE('',*,*,#6700,.F.);
#6700 = EDGE_CURVE('',#6701,#6693,#6703,.T.);
#6701 = VERTEX_POINT('',#6702);
#6702 = CARTESIAN_POINT('',(-1.75,1.050577422178,7.15));
#6703 = LINE('',#6704,#6705);
#6704 = CARTESIAN_POINT('',(-2.1,0.3,7.15));
#6705 = VECTOR('',#6706,1.);
#6706 = DIRECTION('',(-0.422618261741,-0.906307787037,0.));
#6707 = ORIENTED_EDGE('',*,*,#6708,.F.);
#6708 = EDGE_CURVE('',#6605,#6701,#6709,.T.);
#6709 = LINE('',#6710,#6711);
#6710 = CARTESIAN_POINT('',(-1.75,3.6,7.15));
#6711 = VECTOR('',#6712,1.);
#6712 = DIRECTION('',(0.,-1.,0.));
#6713 = ORIENTED_EDGE('',*,*,#6604,.T.);
#6714 = ORIENTED_EDGE('',*,*,#6715,.T.);
#6715 = EDGE_CURVE('',#6596,#6716,#6718,.T.);
#6716 = VERTEX_POINT('',#6717);
#6717 = CARTESIAN_POINT('',(-3.25,1.050577422178,7.15));
#6718 = LINE('',#6719,#6720);
#6719 = CARTESIAN_POINT('',(-3.25,3.6,7.15));
#6720 = VECTOR('',#6721,1.);
#6721 = DIRECTION('',(0.,-1.,0.));
#6722 = ORIENTED_EDGE('',*,*,#6723,.F.);
#6723 = EDGE_CURVE('',#6665,#6716,#6724,.T.);
#6724 = LINE('',#6725,#6726);
#6725 = CARTESIAN_POINT('',(-2.9,0.3,7.15));
#6726 = VECTOR('',#6727,1.);
#6727 = DIRECTION('',(-0.422618261741,0.906307787037,0.));
#6728 = PLANE('',#6729);
#6729 = AXIS2_PLACEMENT_3D('',#6730,#6731,#6732);
#6730 = CARTESIAN_POINT('',(-1.75,3.6,7.15));
#6731 = DIRECTION('',(0.,0.,-1.));
#6732 = DIRECTION('',(-1.,0.,-0.));
#6733 = ADVANCED_FACE('',(#6734),#6810,.F.);
#6734 = FACE_BOUND('',#6735,.T.);
#6735 = EDGE_LOOP('',(#6736,#6747,#6756,#6764,#6772,#6780,#6788,#6796,
    #6804));
#6736 = ORIENTED_EDGE('',*,*,#6737,.T.);
#6737 = EDGE_CURVE('',#6738,#6740,#6742,.T.);
#6738 = VERTEX_POINT('',#6739);
#6739 = CARTESIAN_POINT('',(-2.1,-3.4,6.85));
#6740 = VERTEX_POINT('',#6741);
#6741 = CARTESIAN_POINT('',(-2.5,-3.8,6.85));
#6742 = CIRCLE('',#6743,0.4);
#6743 = AXIS2_PLACEMENT_3D('',#6744,#6745,#6746);
#6744 = CARTESIAN_POINT('',(-2.5,-3.4,6.85));
#6745 = DIRECTION('',(0.,0.,-1.));
#6746 = DIRECTION('',(1.,0.,0.));
#6747 = ORIENTED_EDGE('',*,*,#6748,.T.);
#6748 = EDGE_CURVE('',#6740,#6749,#6751,.T.);
#6749 = VERTEX_POINT('',#6750);
#6750 = CARTESIAN_POINT('',(-2.9,-3.4,6.85));
#6751 = CIRCLE('',#6752,0.4);
#6752 = AXIS2_PLACEMENT_3D('',#6753,#6754,#6755);
#6753 = CARTESIAN_POINT('',(-2.5,-3.4,6.85));
#6754 = DIRECTION('',(0.,0.,-1.));
#6755 = DIRECTION('',(1.,2.168404344971E-15,0.));
#6756 = ORIENTED_EDGE('',*,*,#6757,.T.);
#6757 = EDGE_CURVE('',#6749,#6758,#6760,.T.);
#6758 = VERTEX_POINT('',#6759);
#6759 = CARTESIAN_POINT('',(-2.9,0.3,6.85));
#6760 = LINE('',#6761,#6762);
#6761 = CARTESIAN_POINT('',(-2.9,3.55,6.85));
#6762 = VECTOR('',#6763,1.);
#6763 = DIRECTION('',(7.933186627943E-17,1.,0.));
#6764 = ORIENTED_EDGE('',*,*,#6765,.T.);
#6765 = EDGE_CURVE('',#6758,#6766,#6768,.T.);
#6766 = VERTEX_POINT('',#6767);
#6767 = CARTESIAN_POINT('',(-3.25,1.050577422178,6.85));
#6768 = LINE('',#6769,#6770);
#6769 = CARTESIAN_POINT('',(-3.939425095638,2.529054310947,6.85));
#6770 = VECTOR('',#6771,1.);
#6771 = DIRECTION('',(-0.422618261741,0.906307787037,-0.));
#6772 = ORIENTED_EDGE('',*,*,#6773,.T.);
#6773 = EDGE_CURVE('',#6766,#6774,#6776,.T.);
#6774 = VERTEX_POINT('',#6775);
#6775 = CARTESIAN_POINT('',(-3.25,3.55,6.85));
#6776 = LINE('',#6777,#6778);
#6777 = CARTESIAN_POINT('',(-3.25,3.55,6.85));
#6778 = VECTOR('',#6779,1.);
#6779 = DIRECTION('',(-0.,1.,-0.));
#6780 = ORIENTED_EDGE('',*,*,#6781,.F.);
#6781 = EDGE_CURVE('',#6782,#6774,#6784,.T.);
#6782 = VERTEX_POINT('',#6783);
#6783 = CARTESIAN_POINT('',(-1.75,3.55,6.85));
#6784 = LINE('',#6785,#6786);
#6785 = CARTESIAN_POINT('',(-1.75,3.55,6.85));
#6786 = VECTOR('',#6787,1.);
#6787 = DIRECTION('',(-1.,-0.,-0.));
#6788 = ORIENTED_EDGE('',*,*,#6789,.F.);
#6789 = EDGE_CURVE('',#6790,#6782,#6792,.T.);
#6790 = VERTEX_POINT('',#6791);
#6791 = CARTESIAN_POINT('',(-1.75,1.050577422178,6.85));
#6792 = LINE('',#6793,#6794);
#6793 = CARTESIAN_POINT('',(-1.75,3.55,6.85));
#6794 = VECTOR('',#6795,1.);
#6795 = DIRECTION('',(-0.,1.,-0.));
#6796 = ORIENTED_EDGE('',*,*,#6797,.T.);
#6797 = EDGE_CURVE('',#6790,#6798,#6800,.T.);
#6798 = VERTEX_POINT('',#6799);
#6799 = CARTESIAN_POINT('',(-2.1,0.3,6.85));
#6800 = LINE('',#6801,#6802);
#6801 = CARTESIAN_POINT('',(-0.792665611627,3.103587643286,6.85));
#6802 = VECTOR('',#6803,1.);
#6803 = DIRECTION('',(-0.422618261741,-0.906307787037,0.));
#6804 = ORIENTED_EDGE('',*,*,#6805,.T.);
#6805 = EDGE_CURVE('',#6798,#6738,#6806,.T.);
#6806 = LINE('',#6807,#6808);
#6807 = CARTESIAN_POINT('',(-2.1,3.55,6.85));
#6808 = VECTOR('',#6809,1.);
#6809 = DIRECTION('',(7.933186627943E-17,-1.,0.));
#6810 = PLANE('',#6811);
#6811 = AXIS2_PLACEMENT_3D('',#6812,#6813,#6814);
#6812 = CARTESIAN_POINT('',(-1.75,3.55,6.85));
#6813 = DIRECTION('',(-0.,0.,1.));
#6814 = DIRECTION('',(1.,0.,0.));
#6815 = ADVANCED_FACE('',(#6816),#6832,.F.);
#6816 = FACE_BOUND('',#6817,.T.);
#6817 = EDGE_LOOP('',(#6818,#6824,#6825,#6831));
#6818 = ORIENTED_EDGE('',*,*,#6819,.T.);
#6819 = EDGE_CURVE('',#6774,#6525,#6820,.T.);
#6820 = LINE('',#6821,#6822);
#6821 = CARTESIAN_POINT('',(-3.25,3.55,6.3));
#6822 = VECTOR('',#6823,1.);
#6823 = DIRECTION('',(-0.,-0.,-1.));
#6824 = ORIENTED_EDGE('',*,*,#6550,.F.);
#6825 = ORIENTED_EDGE('',*,*,#6826,.F.);
#6826 = EDGE_CURVE('',#6782,#6543,#6827,.T.);
#6827 = LINE('',#6828,#6829);
#6828 = CARTESIAN_POINT('',(-1.75,3.55,6.3));
#6829 = VECTOR('',#6830,1.);
#6830 = DIRECTION('',(-0.,-0.,-1.));
#6831 = ORIENTED_EDGE('',*,*,#6781,.T.);
#6832 = PLANE('',#6833);
#6833 = AXIS2_PLACEMENT_3D('',#6834,#6835,#6836);
#6834 = CARTESIAN_POINT('',(-1.75,3.55,6.3));
#6835 = DIRECTION('',(0.,1.,0.));
#6836 = DIRECTION('',(0.,-0.,1.));
#6837 = ADVANCED_FACE('',(#6838),#6852,.F.);
#6838 = FACE_BOUND('',#6839,.T.);
#6839 = EDGE_LOOP('',(#6840,#6841,#6847,#6848,#6849,#6850,#6851));
#6840 = ORIENTED_EDGE('',*,*,#6708,.T.);
#6841 = ORIENTED_EDGE('',*,*,#6842,.T.);
#6842 = EDGE_CURVE('',#6701,#6790,#6843,.T.);
#6843 = LINE('',#6844,#6845);
#6844 = CARTESIAN_POINT('',(-1.75,1.050577422178,6.9));
#6845 = VECTOR('',#6846,1.);
#6846 = DIRECTION('',(0.,0.,-1.));
#6847 = ORIENTED_EDGE('',*,*,#6789,.T.);
#6848 = ORIENTED_EDGE('',*,*,#6826,.T.);
#6849 = ORIENTED_EDGE('',*,*,#6542,.T.);
#6850 = ORIENTED_EDGE('',*,*,#6580,.T.);
#6851 = ORIENTED_EDGE('',*,*,#6612,.T.);
#6852 = PLANE('',#6853);
#6853 = AXIS2_PLACEMENT_3D('',#6854,#6855,#6856);
#6854 = CARTESIAN_POINT('',(-1.75,3.6,6.9));
#6855 = DIRECTION('',(-1.,-0.,0.));
#6856 = DIRECTION('',(0.,0.,1.));
#6857 = ADVANCED_FACE('',(#6858),#6872,.T.);
#6858 = FACE_BOUND('',#6859,.T.);
#6859 = EDGE_LOOP('',(#6860,#6866,#6867,#6868,#6869,#6870,#6871));
#6860 = ORIENTED_EDGE('',*,*,#6861,.F.);
#6861 = EDGE_CURVE('',#6716,#6766,#6862,.T.);
#6862 = LINE('',#6863,#6864);
#6863 = CARTESIAN_POINT('',(-3.25,1.050577422178,6.9));
#6864 = VECTOR('',#6865,1.);
#6865 = DIRECTION('',(0.,0.,-1.));
#6866 = ORIENTED_EDGE('',*,*,#6715,.F.);
#6867 = ORIENTED_EDGE('',*,*,#6595,.F.);
#6868 = ORIENTED_EDGE('',*,*,#6564,.F.);
#6869 = ORIENTED_EDGE('',*,*,#6524,.F.);
#6870 = ORIENTED_EDGE('',*,*,#6819,.F.);
#6871 = ORIENTED_EDGE('',*,*,#6773,.F.);
#6872 = PLANE('',#6873);
#6873 = AXIS2_PLACEMENT_3D('',#6874,#6875,#6876);
#6874 = CARTESIAN_POINT('',(-3.25,3.6,6.9));
#6875 = DIRECTION('',(-1.,-0.,0.));
#6876 = DIRECTION('',(0.,0.,1.));
#6877 = ADVANCED_FACE('',(#6878),#6894,.F.);
#6878 = FACE_BOUND('',#6879,.T.);
#6879 = EDGE_LOOP('',(#6880,#6881,#6887,#6888));
#6880 = ORIENTED_EDGE('',*,*,#6757,.F.);
#6881 = ORIENTED_EDGE('',*,*,#6882,.T.);
#6882 = EDGE_CURVE('',#6749,#6667,#6883,.T.);
#6883 = LINE('',#6884,#6885);
#6884 = CARTESIAN_POINT('',(-2.9,-3.4,-5.5));
#6885 = VECTOR('',#6886,1.);
#6886 = DIRECTION('',(0.,0.,1.));
#6887 = ORIENTED_EDGE('',*,*,#6664,.F.);
#6888 = ORIENTED_EDGE('',*,*,#6889,.F.);
#6889 = EDGE_CURVE('',#6758,#6665,#6890,.T.);
#6890 = LINE('',#6891,#6892);
#6891 = CARTESIAN_POINT('',(-2.9,0.3,-5.5));
#6892 = VECTOR('',#6893,1.);
#6893 = DIRECTION('',(-0.,-0.,1.));
#6894 = PLANE('',#6895);
#6895 = AXIS2_PLACEMENT_3D('',#6896,#6897,#6898);
#6896 = CARTESIAN_POINT('',(-2.9,-3.8,-5.5));
#6897 = DIRECTION('',(1.,-7.933186627943E-17,0.));
#6898 = DIRECTION('',(7.933186627943E-17,1.,0.));
#6899 = ADVANCED_FACE('',(#6900),#6906,.F.);
#6900 = FACE_BOUND('',#6901,.T.);
#6901 = EDGE_LOOP('',(#6902,#6903,#6904,#6905));
#6902 = ORIENTED_EDGE('',*,*,#6861,.T.);
#6903 = ORIENTED_EDGE('',*,*,#6765,.F.);
#6904 = ORIENTED_EDGE('',*,*,#6889,.T.);
#6905 = ORIENTED_EDGE('',*,*,#6723,.T.);
#6906 = PLANE('',#6907);
#6907 = AXIS2_PLACEMENT_3D('',#6908,#6909,#6910);
#6908 = CARTESIAN_POINT('',(-2.9,0.3,-5.5));
#6909 = DIRECTION('',(0.906307787037,0.422618261741,0.));
#6910 = DIRECTION('',(-0.422618261741,0.906307787037,0.));
#6911 = ADVANCED_FACE('',(#6912),#6928,.F.);
#6912 = FACE_BOUND('',#6913,.T.);
#6913 = EDGE_LOOP('',(#6914,#6915,#6921,#6922));
#6914 = ORIENTED_EDGE('',*,*,#6692,.F.);
#6915 = ORIENTED_EDGE('',*,*,#6916,.T.);
#6916 = EDGE_CURVE('',#6684,#6738,#6917,.T.);
#6917 = LINE('',#6918,#6919);
#6918 = CARTESIAN_POINT('',(-2.1,-3.4,-5.5));
#6919 = VECTOR('',#6920,1.);
#6920 = DIRECTION('',(-0.,-0.,-1.));
#6921 = ORIENTED_EDGE('',*,*,#6805,.F.);
#6922 = ORIENTED_EDGE('',*,*,#6923,.T.);
#6923 = EDGE_CURVE('',#6798,#6693,#6924,.T.);
#6924 = LINE('',#6925,#6926);
#6925 = CARTESIAN_POINT('',(-2.1,0.3,-5.5));
#6926 = VECTOR('',#6927,1.);
#6927 = DIRECTION('',(-0.,-0.,1.));
#6928 = PLANE('',#6929);
#6929 = AXIS2_PLACEMENT_3D('',#6930,#6931,#6932);
#6930 = CARTESIAN_POINT('',(-2.1,-3.8,-5.5));
#6931 = DIRECTION('',(-1.,-7.933186627943E-17,0.));
#6932 = DIRECTION('',(7.933186627943E-17,-1.,0.));
#6933 = ADVANCED_FACE('',(#6934),#6940,.F.);
#6934 = FACE_BOUND('',#6935,.T.);
#6935 = EDGE_LOOP('',(#6936,#6937,#6938,#6939));
#6936 = ORIENTED_EDGE('',*,*,#6923,.F.);
#6937 = ORIENTED_EDGE('',*,*,#6797,.F.);
#6938 = ORIENTED_EDGE('',*,*,#6842,.F.);
#6939 = ORIENTED_EDGE('',*,*,#6700,.T.);
#6940 = PLANE('',#6941);
#6941 = AXIS2_PLACEMENT_3D('',#6942,#6943,#6944);
#6942 = CARTESIAN_POINT('',(-2.1,0.3,-5.5));
#6943 = DIRECTION('',(-0.906307787037,0.422618261741,0.));
#6944 = DIRECTION('',(-0.422618261741,-0.906307787037,0.));
#6945 = ADVANCED_FACE('',(#6946),#6957,.T.);
#6946 = FACE_BOUND('',#6947,.T.);
#6947 = EDGE_LOOP('',(#6948,#6954,#6955,#6956));
#6948 = ORIENTED_EDGE('',*,*,#6949,.F.);
#6949 = EDGE_CURVE('',#6740,#6675,#6950,.T.);
#6950 = LINE('',#6951,#6952);
#6951 = CARTESIAN_POINT('',(-2.5,-3.8,7.15));
#6952 = VECTOR('',#6953,1.);
#6953 = DIRECTION('',(0.,0.,1.));
#6954 = ORIENTED_EDGE('',*,*,#6737,.F.);
#6955 = ORIENTED_EDGE('',*,*,#6916,.F.);
#6956 = ORIENTED_EDGE('',*,*,#6683,.F.);
#6957 = CYLINDRICAL_SURFACE('',#6958,0.4);
#6958 = AXIS2_PLACEMENT_3D('',#6959,#6960,#6961);
#6959 = CARTESIAN_POINT('',(-2.5,-3.4,7.15));
#6960 = DIRECTION('',(0.,0.,1.));
#6961 = DIRECTION('',(1.,0.,-0.));
#6962 = ADVANCED_FACE('',(#6963),#6969,.T.);
#6963 = FACE_BOUND('',#6964,.T.);
#6964 = EDGE_LOOP('',(#6965,#6966,#6967,#6968));
#6965 = ORIENTED_EDGE('',*,*,#6748,.F.);
#6966 = ORIENTED_EDGE('',*,*,#6949,.T.);
#6967 = ORIENTED_EDGE('',*,*,#6674,.F.);
#6968 = ORIENTED_EDGE('',*,*,#6882,.F.);
#6969 = CYLINDRICAL_SURFACE('',#6970,0.4);
#6970 = AXIS2_PLACEMENT_3D('',#6971,#6972,#6973);
#6971 = CARTESIAN_POINT('',(-2.5,-3.4,-5.5));
#6972 = DIRECTION('',(0.,0.,1.));
#6973 = DIRECTION('',(1.,0.,-0.));
#6974 = ADVANCED_FACE('',(#6975),#7001,.F.);
#6975 = FACE_BOUND('',#6976,.F.);
#6976 = EDGE_LOOP('',(#6977,#6985,#6994,#7000));
#6977 = ORIENTED_EDGE('',*,*,#6978,.F.);
#6978 = EDGE_CURVE('',#6979,#6639,#6981,.T.);
#6979 = VERTEX_POINT('',#6980);
#6980 = CARTESIAN_POINT('',(-2.75,-3.05,7.05));
#6981 = LINE('',#6982,#6983);
#6982 = CARTESIAN_POINT('',(-2.75,-3.05,7.05));
#6983 = VECTOR('',#6984,1.);
#6984 = DIRECTION('',(-0.,-0.,1.));
#6985 = ORIENTED_EDGE('',*,*,#6986,.T.);
#6986 = EDGE_CURVE('',#6979,#6987,#6989,.T.);
#6987 = VERTEX_POINT('',#6988);
#6988 = CARTESIAN_POINT('',(-2.25,-3.05,7.05));
#6989 = CIRCLE('',#6990,0.25);
#6990 = AXIS2_PLACEMENT_3D('',#6991,#6992,#6993);
#6991 = CARTESIAN_POINT('',(-2.5,-3.05,7.05));
#6992 = DIRECTION('',(0.,0.,1.));
#6993 = DIRECTION('',(1.,0.,-0.));
#6994 = ORIENTED_EDGE('',*,*,#6995,.T.);
#6995 = EDGE_CURVE('',#6987,#6629,#6996,.T.);
#6996 = LINE('',#6997,#6998);
#6997 = CARTESIAN_POINT('',(-2.25,-3.05,7.05));
#6998 = VECTOR('',#6999,1.);
#6999 = DIRECTION('',(-0.,-0.,1.));
#7000 = ORIENTED_EDGE('',*,*,#6638,.F.);
#7001 = CYLINDRICAL_SURFACE('',#7002,0.25);
#7002 = AXIS2_PLACEMENT_3D('',#7003,#7004,#7005);
#7003 = CARTESIAN_POINT('',(-2.5,-3.05,7.05));
#7004 = DIRECTION('',(-0.,-0.,1.));
#7005 = DIRECTION('',(1.,0.,0.));
#7006 = ADVANCED_FACE('',(#7007),#7025,.F.);
#7007 = FACE_BOUND('',#7008,.T.);
#7008 = EDGE_LOOP('',(#7009,#7010,#7011,#7019));
#7009 = ORIENTED_EDGE('',*,*,#6647,.T.);
#7010 = ORIENTED_EDGE('',*,*,#6978,.F.);
#7011 = ORIENTED_EDGE('',*,*,#7012,.F.);
#7012 = EDGE_CURVE('',#7013,#6979,#7015,.T.);
#7013 = VERTEX_POINT('',#7014);
#7014 = CARTESIAN_POINT('',(-2.75,2.1,7.05));
#7015 = LINE('',#7016,#7017);
#7016 = CARTESIAN_POINT('',(-2.75,-3.05,7.05));
#7017 = VECTOR('',#7018,1.);
#7018 = DIRECTION('',(-0.,-1.,-0.));
#7019 = ORIENTED_EDGE('',*,*,#7020,.T.);
#7020 = EDGE_CURVE('',#7013,#6648,#7021,.T.);
#7021 = LINE('',#7022,#7023);
#7022 = CARTESIAN_POINT('',(-2.75,2.1,7.05));
#7023 = VECTOR('',#7024,1.);
#7024 = DIRECTION('',(-0.,-0.,1.));
#7025 = PLANE('',#7026);
#7026 = AXIS2_PLACEMENT_3D('',#7027,#7028,#7029);
#7027 = CARTESIAN_POINT('',(-2.75,-3.05,7.05));
#7028 = DIRECTION('',(-1.,0.,0.));
#7029 = DIRECTION('',(0.,0.,1.));
#7030 = ADVANCED_FACE('',(#7031),#7050,.F.);
#7031 = FACE_BOUND('',#7032,.F.);
#7032 = EDGE_LOOP('',(#7033,#7041,#7048,#7049));
#7033 = ORIENTED_EDGE('',*,*,#7034,.F.);
#7034 = EDGE_CURVE('',#7035,#6631,#7037,.T.);
#7035 = VERTEX_POINT('',#7036);
#7036 = CARTESIAN_POINT('',(-2.25,2.1,7.05));
#7037 = LINE('',#7038,#7039);
#7038 = CARTESIAN_POINT('',(-2.25,2.1,7.05));
#7039 = VECTOR('',#7040,1.);
#7040 = DIRECTION('',(-0.,-0.,1.));
#7041 = ORIENTED_EDGE('',*,*,#7042,.T.);
#7042 = EDGE_CURVE('',#7035,#7013,#7043,.T.);
#7043 = CIRCLE('',#7044,0.25);
#7044 = AXIS2_PLACEMENT_3D('',#7045,#7046,#7047);
#7045 = CARTESIAN_POINT('',(-2.5,2.1,7.05));
#7046 = DIRECTION('',(0.,0.,1.));
#7047 = DIRECTION('',(1.,0.,-0.));
#7048 = ORIENTED_EDGE('',*,*,#7020,.T.);
#7049 = ORIENTED_EDGE('',*,*,#6655,.F.);
#7050 = CYLINDRICAL_SURFACE('',#7051,0.25);
#7051 = AXIS2_PLACEMENT_3D('',#7052,#7053,#7054);
#7052 = CARTESIAN_POINT('',(-2.5,2.1,7.05));
#7053 = DIRECTION('',(-0.,-0.,1.));
#7054 = DIRECTION('',(1.,0.,0.));
#7055 = ADVANCED_FACE('',(#7056),#7067,.F.);
#7056 = FACE_BOUND('',#7057,.T.);
#7057 = EDGE_LOOP('',(#7058,#7059,#7060,#7066));
#7058 = ORIENTED_EDGE('',*,*,#6628,.T.);
#7059 = ORIENTED_EDGE('',*,*,#7034,.F.);
#7060 = ORIENTED_EDGE('',*,*,#7061,.F.);
#7061 = EDGE_CURVE('',#6987,#7035,#7062,.T.);
#7062 = LINE('',#7063,#7064);
#7063 = CARTESIAN_POINT('',(-2.25,-3.05,7.05));
#7064 = VECTOR('',#7065,1.);
#7065 = DIRECTION('',(0.,1.,0.));
#7066 = ORIENTED_EDGE('',*,*,#6995,.T.);
#7067 = PLANE('',#7068);
#7068 = AXIS2_PLACEMENT_3D('',#7069,#7070,#7071);
#7069 = CARTESIAN_POINT('',(-2.25,-3.05,7.05));
#7070 = DIRECTION('',(1.,-0.,0.));
#7071 = DIRECTION('',(0.,0.,-1.));
#7072 = ADVANCED_FACE('',(#7073),#7079,.T.);
#7073 = FACE_BOUND('',#7074,.T.);
#7074 = EDGE_LOOP('',(#7075,#7076,#7077,#7078));
#7075 = ORIENTED_EDGE('',*,*,#6986,.T.);
#7076 = ORIENTED_EDGE('',*,*,#7061,.T.);
#7077 = ORIENTED_EDGE('',*,*,#7042,.T.);
#7078 = ORIENTED_EDGE('',*,*,#7012,.T.);
#7079 = PLANE('',#7080);
#7080 = AXIS2_PLACEMENT_3D('',#7081,#7082,#7083);
#7081 = CARTESIAN_POINT('',(-2.5,-3.05,7.05));
#7082 = DIRECTION('',(0.,0.,1.));
#7083 = DIRECTION('',(1.,0.,-0.));
#7084 = ( GEOMETRIC_REPRESENTATION_CONTEXT(3) 
GLOBAL_UNCERTAINTY_ASSIGNED_CONTEXT((#7088)) 
GLOBAL_UNIT_ASSIGNED_CONTEXT((#7085,#7086,#7087)) REPRESENTATION_CONTEXT
('Context #1','3D Context with UNIT and UNCERTAINTY') );
#7085 = ( LENGTH_UNIT() NAMED_UNIT(*) SI_UNIT(.MILLI.,.METRE.) );
#7086 = ( NAMED_UNIT(*) PLANE_ANGLE_UNIT() SI_UNIT($,.RADIAN.) );
#7087 = ( NAMED_UNIT(*) SI_UNIT($,.STERADIAN.) SOLID_ANGLE_UNIT() );
#7088 = UNCERTAINTY_MEASURE_WITH_UNIT(LENGTH_MEASURE(1.E-07),#7085,
  'distance_accuracy_value','confusion accuracy');
#7089 = CONTEXT_DEPENDENT_SHAPE_REPRESENTATION(#7090,#7092);
#7090 = ( REPRESENTATION_RELATIONSHIP('','',#6517,#32) 
REPRESENTATION_RELATIONSHIP_WITH_TRANSFORMATION(#7091) 
SHAPE_REPRESENTATION_RELATIONSHIP() );
#7091 = ITEM_DEFINED_TRANSFORMATION('','',#11,#57);
#7092 = PRODUCT_DEFINITION_SHAPE('Placement','Placement of an item',
  #7093);
#7093 = NEXT_ASSEMBLY_USAGE_OCCURRENCE('7','PTV09A-4025F-B109','',#27,
  #6512,$);
#7094 = PRODUCT_RELATED_PRODUCT_CATEGORY('part',$,(#6514));
#7095 = SHAPE_DEFINITION_REPRESENTATION(#7096,#7102);
#7096 = PRODUCT_DEFINITION_SHAPE('','',#7097);
#7097 = PRODUCT_DEFINITION('design','',#7098,#7101);
#7098 = PRODUCT_DEFINITION_FORMATION('','',#7099);
#7099 = PRODUCT('PTV09A-4025F-B110','PTV09A-4025F-B110','',(#7100));
#7100 = PRODUCT_CONTEXT('',#2,'mechanical');
#7101 = PRODUCT_DEFINITION_CONTEXT('part definition',#2,'design');
#7102 = ADVANCED_BREP_SHAPE_REPRESENTATION('',(#11,#7103),#7310);
#7103 = MANIFOLD_SOLID_BREP('',#7104);
#7104 = CLOSED_SHELL('',(#7105,#7164,#7205,#7215,#7240,#7262,#7273,#7298
    ));
#7105 = ADVANCED_FACE('',(#7106),#7159,.T.);
#7106 = FACE_BOUND('',#7107,.T.);
#7107 = EDGE_LOOP('',(#7108,#7119,#7127,#7136,#7144,#7153));
#7108 = ORIENTED_EDGE('',*,*,#7109,.T.);
#7109 = EDGE_CURVE('',#7110,#7112,#7114,.T.);
#7110 = VERTEX_POINT('',#7111);
#7111 = CARTESIAN_POINT('',(2.954423259037,25.,0.520944533001));
#7112 = VERTEX_POINT('',#7113);
#7113 = CARTESIAN_POINT('',(-1.92836282906,25.,2.298133329357));
#7114 = CIRCLE('',#7115,3.);
#7115 = AXIS2_PLACEMENT_3D('',#7116,#7117,#7118);
#7116 = CARTESIAN_POINT('',(0.,25.,0.));
#7117 = DIRECTION('',(-0.,-1.,0.));
#7118 = DIRECTION('',(-0.642787609687,0.,0.766044443119));
#7119 = ORIENTED_EDGE('',*,*,#7120,.T.);
#7120 = EDGE_CURVE('',#7112,#7121,#7123,.T.);
#7121 = VERTEX_POINT('',#7122);
#7122 = CARTESIAN_POINT('',(-1.92836282906,6.4,2.298133329357));
#7123 = LINE('',#7124,#7125);
#7124 = CARTESIAN_POINT('',(-1.92836282906,59.485281374239,
    2.298133329357));
#7125 = VECTOR('',#7126,1.);
#7126 = DIRECTION('',(0.,-1.,-0.));
#7127 = ORIENTED_EDGE('',*,*,#7128,.T.);
#7128 = EDGE_CURVE('',#7121,#7129,#7131,.T.);
#7129 = VERTEX_POINT('',#7130);
#7130 = CARTESIAN_POINT('',(1.92836282906,6.4,-2.298133329357));
#7131 = CIRCLE('',#7132,3.);
#7132 = AXIS2_PLACEMENT_3D('',#7133,#7134,#7135);
#7133 = CARTESIAN_POINT('',(0.,6.4,0.));
#7134 = DIRECTION('',(0.,1.,0.));
#7135 = DIRECTION('',(-0.642787609687,0.,0.766044443119));
#7136 = ORIENTED_EDGE('',*,*,#7137,.F.);
#7137 = EDGE_CURVE('',#7138,#7129,#7140,.T.);
#7138 = VERTEX_POINT('',#7139);
#7139 = CARTESIAN_POINT('',(1.92836282906,13.5,-2.298133329357));
#7140 = LINE('',#7141,#7142);
#7141 = CARTESIAN_POINT('',(1.92836282906,59.485281374239,
    -2.298133329357));
#7142 = VECTOR('',#7143,1.);
#7143 = DIRECTION('',(0.,-1.,-0.));
#7144 = ORIENTED_EDGE('',*,*,#7145,.F.);
#7145 = EDGE_CURVE('',#7146,#7138,#7148,.T.);
#7146 = VERTEX_POINT('',#7147);
#7147 = CARTESIAN_POINT('',(2.954423259037,13.5,0.520944533001));
#7148 = CIRCLE('',#7149,3.);
#7149 = AXIS2_PLACEMENT_3D('',#7150,#7151,#7152);
#7150 = CARTESIAN_POINT('',(0.,13.5,0.));
#7151 = DIRECTION('',(0.,1.,0.));
#7152 = DIRECTION('',(-0.642787609687,0.,0.766044443119));
#7153 = ORIENTED_EDGE('',*,*,#7154,.T.);
#7154 = EDGE_CURVE('',#7146,#7110,#7155,.T.);
#7155 = LINE('',#7156,#7157);
#7156 = CARTESIAN_POINT('',(2.954423259037,13.5,0.520944533001));
#7157 = VECTOR('',#7158,1.);
#7158 = DIRECTION('',(0.,1.,0.));
#7159 = CYLINDRICAL_SURFACE('',#7160,3.);
#7160 = AXIS2_PLACEMENT_3D('',#7161,#7162,#7163);
#7161 = CARTESIAN_POINT('',(0.,59.485281374239,0.));
#7162 = DIRECTION('',(0.,-1.,-0.));
#7163 = DIRECTION('',(0.642787609687,0.,-0.766044443119));
#7164 = ADVANCED_FACE('',(#7165),#7200,.T.);
#7165 = FACE_BOUND('',#7166,.T.);
#7166 = EDGE_LOOP('',(#7167,#7168,#7177,#7185,#7192,#7193));
#7167 = ORIENTED_EDGE('',*,*,#7120,.F.);
#7168 = ORIENTED_EDGE('',*,*,#7169,.T.);
#7169 = EDGE_CURVE('',#7112,#7170,#7172,.T.);
#7170 = VERTEX_POINT('',#7171);
#7171 = CARTESIAN_POINT('',(-1.026060429977,25.,-2.819077862358));
#7172 = CIRCLE('',#7173,3.);
#7173 = AXIS2_PLACEMENT_3D('',#7174,#7175,#7176);
#7174 = CARTESIAN_POINT('',(0.,25.,0.));
#7175 = DIRECTION('',(-0.,-1.,0.));
#7176 = DIRECTION('',(-0.642787609687,0.,0.766044443119));
#7177 = ORIENTED_EDGE('',*,*,#7178,.F.);
#7178 = EDGE_CURVE('',#7179,#7170,#7181,.T.);
#7179 = VERTEX_POINT('',#7180);
#7180 = CARTESIAN_POINT('',(-1.026060429977,13.5,-2.819077862358));
#7181 = LINE('',#7182,#7183);
#7182 = CARTESIAN_POINT('',(-1.026060429977,13.5,-2.819077862358));
#7183 = VECTOR('',#7184,1.);
#7184 = DIRECTION('',(0.,1.,0.));
#7185 = ORIENTED_EDGE('',*,*,#7186,.F.);
#7186 = EDGE_CURVE('',#7138,#7179,#7187,.T.);
#7187 = CIRCLE('',#7188,3.);
#7188 = AXIS2_PLACEMENT_3D('',#7189,#7190,#7191);
#7189 = CARTESIAN_POINT('',(0.,13.5,0.));
#7190 = DIRECTION('',(0.,1.,0.));
#7191 = DIRECTION('',(-0.642787609687,0.,0.766044443119));
#7192 = ORIENTED_EDGE('',*,*,#7137,.T.);
#7193 = ORIENTED_EDGE('',*,*,#7194,.T.);
#7194 = EDGE_CURVE('',#7129,#7121,#7195,.T.);
#7195 = CIRCLE('',#7196,3.);
#7196 = AXIS2_PLACEMENT_3D('',#7197,#7198,#7199);
#7197 = CARTESIAN_POINT('',(0.,6.4,0.));
#7198 = DIRECTION('',(0.,1.,0.));
#7199 = DIRECTION('',(-0.642787609687,0.,0.766044443119));
#7200 = CYLINDRICAL_SURFACE('',#7201,3.);
#7201 = AXIS2_PLACEMENT_3D('',#7202,#7203,#7204);
#7202 = CARTESIAN_POINT('',(0.,59.485281374239,0.));
#7203 = DIRECTION('',(0.,-1.,-0.));
#7204 = DIRECTION('',(0.642787609687,0.,-0.766044443119));
#7205 = ADVANCED_FACE('',(#7206),#7210,.F.);
#7206 = FACE_BOUND('',#7207,.T.);
#7207 = EDGE_LOOP('',(#7208,#7209));
#7208 = ORIENTED_EDGE('',*,*,#7194,.F.);
#7209 = ORIENTED_EDGE('',*,*,#7128,.F.);
#7210 = PLANE('',#7211);
#7211 = AXIS2_PLACEMENT_3D('',#7212,#7213,#7214);
#7212 = CARTESIAN_POINT('',(0.,6.4,0.));
#7213 = DIRECTION('',(0.,1.,0.));
#7214 = DIRECTION('',(-0.642787609687,0.,0.766044443119));
#7215 = ADVANCED_FACE('',(#7216),#7235,.T.);
#7216 = FACE_BOUND('',#7217,.T.);
#7217 = EDGE_LOOP('',(#7218,#7229));
#7218 = ORIENTED_EDGE('',*,*,#7219,.T.);
#7219 = EDGE_CURVE('',#7220,#7222,#7224,.T.);
#7220 = VERTEX_POINT('',#7221);
#7221 = CARTESIAN_POINT('',(-1.11244071346,25.5,-2.238855881703));
#7222 = VERTEX_POINT('',#7223);
#7223 = CARTESIAN_POINT('',(2.398015932833,25.5,0.706766995465));
#7224 = CIRCLE('',#7225,2.5);
#7225 = AXIS2_PLACEMENT_3D('',#7226,#7227,#7228);
#7226 = CARTESIAN_POINT('',(0.,25.5,0.));
#7227 = DIRECTION('',(0.,1.,0.));
#7228 = DIRECTION('',(-0.642787609687,0.,0.766044443119));
#7229 = ORIENTED_EDGE('',*,*,#7230,.T.);
#7230 = EDGE_CURVE('',#7222,#7220,#7231,.T.);
#7231 = LINE('',#7232,#7233);
#7232 = CARTESIAN_POINT('',(-1.34745423482,25.5,-2.436055640798));
#7233 = VECTOR('',#7234,1.);
#7234 = DIRECTION('',(-0.766044443119,0.,-0.642787609687));
#7235 = PLANE('',#7236);
#7236 = AXIS2_PLACEMENT_3D('',#7237,#7238,#7239);
#7237 = CARTESIAN_POINT('',(0.,25.5,0.));
#7238 = DIRECTION('',(0.,1.,0.));
#7239 = DIRECTION('',(-0.642787609687,0.,0.766044443119));
#7240 = ADVANCED_FACE('',(#7241),#7257,.F.);
#7241 = FACE_BOUND('',#7242,.T.);
#7242 = EDGE_LOOP('',(#7243,#7244,#7250,#7251));
#7243 = ORIENTED_EDGE('',*,*,#7178,.T.);
#7244 = ORIENTED_EDGE('',*,*,#7245,.T.);
#7245 = EDGE_CURVE('',#7170,#7110,#7246,.T.);
#7246 = LINE('',#7247,#7248);
#7247 = CARTESIAN_POINT('',(2.954423259037,25.,0.520944533001));
#7248 = VECTOR('',#7249,1.);
#7249 = DIRECTION('',(0.766044443119,0.,0.642787609687));
#7250 = ORIENTED_EDGE('',*,*,#7154,.F.);
#7251 = ORIENTED_EDGE('',*,*,#7252,.F.);
#7252 = EDGE_CURVE('',#7179,#7146,#7253,.T.);
#7253 = LINE('',#7254,#7255);
#7254 = CARTESIAN_POINT('',(-1.026060429977,13.5,-2.819077862358));
#7255 = VECTOR('',#7256,1.);
#7256 = DIRECTION('',(0.766044443119,0.,0.642787609687));
#7257 = PLANE('',#7258);
#7258 = AXIS2_PLACEMENT_3D('',#7259,#7260,#7261);
#7259 = CARTESIAN_POINT('',(-1.026060429977,13.5,-2.819077862358));
#7260 = DIRECTION('',(-0.642787609687,0.,0.766044443119));
#7261 = DIRECTION('',(0.766044443119,0.,0.642787609687));
#7262 = ADVANCED_FACE('',(#7263),#7268,.T.);
#7263 = FACE_BOUND('',#7264,.T.);
#7264 = EDGE_LOOP('',(#7265,#7266,#7267));
#7265 = ORIENTED_EDGE('',*,*,#7145,.T.);
#7266 = ORIENTED_EDGE('',*,*,#7186,.T.);
#7267 = ORIENTED_EDGE('',*,*,#7252,.T.);
#7268 = PLANE('',#7269);
#7269 = AXIS2_PLACEMENT_3D('',#7270,#7271,#7272);
#7270 = CARTESIAN_POINT('',(0.,13.5,0.));
#7271 = DIRECTION('',(0.,1.,0.));
#7272 = DIRECTION('',(-0.642787609687,0.,0.766044443119));
#7273 = ADVANCED_FACE('',(#7274),#7293,.T.);
#7274 = FACE_BOUND('',#7275,.T.);
#7275 = EDGE_LOOP('',(#7276,#7283,#7284,#7291,#7292));
#7276 = ORIENTED_EDGE('',*,*,#7277,.F.);
#7277 = EDGE_CURVE('',#7222,#7110,#7278,.T.);
#7278 = B_SPLINE_CURVE_WITH_KNOTS('',3,(#7279,#7280,#7281,#7282),
  .UNSPECIFIED.,.F.,.F.,(4,4),(0.,7.707912170032E-04),
  .PIECEWISE_BEZIER_KNOTS.);
#7279 = CARTESIAN_POINT('',(2.398015932833,25.5,0.706766995465));
#7280 = CARTESIAN_POINT('',(2.586728104498,25.335082376611,
    0.649830641396));
#7281 = CARTESIAN_POINT('',(2.77187188629,25.168240255161,0.587387798905
    ));
#7282 = CARTESIAN_POINT('',(2.954423259037,25.,0.520944533001));
#7283 = ORIENTED_EDGE('',*,*,#7219,.F.);
#7284 = ORIENTED_EDGE('',*,*,#7285,.F.);
#7285 = EDGE_CURVE('',#7170,#7220,#7286,.T.);
#7286 = B_SPLINE_CURVE_WITH_KNOTS('',3,(#7287,#7288,#7289,#7290),
  .UNSPECIFIED.,.F.,.F.,(4,4),(0.,7.707912170032E-04),
  .PIECEWISE_BEZIER_KNOTS.);
#7287 = CARTESIAN_POINT('',(-1.026060429977,25.,-2.819077862358));
#7288 = CARTESIAN_POINT('',(-1.059794560167,25.168240255161,
    -2.627762103111));
#7289 = CARTESIAN_POINT('',(-1.089138875257,25.335082376611,
    -2.434587985574));
#7290 = CARTESIAN_POINT('',(-1.11244071346,25.5,-2.238855881703));
#7291 = ORIENTED_EDGE('',*,*,#7169,.F.);
#7292 = ORIENTED_EDGE('',*,*,#7109,.F.);
#7293 = CONICAL_SURFACE('',#7294,2.5,0.785398163397);
#7294 = AXIS2_PLACEMENT_3D('',#7295,#7296,#7297);
#7295 = CARTESIAN_POINT('',(0.,25.5,0.));
#7296 = DIRECTION('',(0.,-1.,0.));
#7297 = DIRECTION('',(0.642787609687,0.,-0.766044443119));
#7298 = ADVANCED_FACE('',(#7299),#7305,.T.);
#7299 = FACE_BOUND('',#7300,.T.);
#7300 = EDGE_LOOP('',(#7301,#7302,#7303,#7304));
#7301 = ORIENTED_EDGE('',*,*,#7285,.T.);
#7302 = ORIENTED_EDGE('',*,*,#7230,.F.);
#7303 = ORIENTED_EDGE('',*,*,#7277,.T.);
#7304 = ORIENTED_EDGE('',*,*,#7245,.F.);
#7305 = PLANE('',#7306);
#7306 = AXIS2_PLACEMENT_3D('',#7307,#7308,#7309);
#7307 = CARTESIAN_POINT('',(-1.026060429977,25.,-2.819077862358));
#7308 = DIRECTION('',(0.454519477672,0.707106781187,-0.54167522042));
#7309 = DIRECTION('',(-0.766044443119,0.,-0.642787609687));
#7310 = ( GEOMETRIC_REPRESENTATION_CONTEXT(3) 
GLOBAL_UNCERTAINTY_ASSIGNED_CONTEXT((#7314)) 
GLOBAL_UNIT_ASSIGNED_CONTEXT((#7311,#7312,#7313)) REPRESENTATION_CONTEXT
('Context #1','3D Context with UNIT and UNCERTAINTY') );
#7311 = ( LENGTH_UNIT() NAMED_UNIT(*) SI_UNIT(.MILLI.,.METRE.) );
#7312 = ( NAMED_UNIT(*) PLANE_ANGLE_UNIT() SI_UNIT($,.RADIAN.) );
#7313 = ( NAMED_UNIT(*) SI_UNIT($,.STERADIAN.) SOLID_ANGLE_UNIT() );
#7314 = UNCERTAINTY_MEASURE_WITH_UNIT(LENGTH_MEASURE(2.E-06),#7311,
  'distance_accuracy_value','confusion accuracy');
#7315 = CONTEXT_DEPENDENT_SHAPE_REPRESENTATION(#7316,#7318);
#7316 = ( REPRESENTATION_RELATIONSHIP('','',#7102,#32) 
REPRESENTATION_RELATIONSHIP_WITH_TRANSFORMATION(#7317) 
SHAPE_REPRESENTATION_RELATIONSHIP() );
#7317 = ITEM_DEFINED_TRANSFORMATION('','',#11,#61);
#7318 = PRODUCT_DEFINITION_SHAPE('Placement','Placement of an item',
  #7319);
#7319 = NEXT_ASSEMBLY_USAGE_OCCURRENCE('8','PTV09A-4025F-B110','',#27,
  #7097,$);
#7320 = PRODUCT_RELATED_PRODUCT_CATEGORY('part',$,(#7099));
#7321 = MECHANICAL_DESIGN_GEOMETRIC_PRESENTATION_REPRESENTATION('',(
    #7322),#5329);
#7322 = STYLED_ITEM('color',(#7323),#3467);
#7323 = PRESENTATION_STYLE_ASSIGNMENT((#7324,#7330));
#7324 = SURFACE_STYLE_USAGE(.BOTH.,#7325);
#7325 = SURFACE_SIDE_STYLE('',(#7326));
#7326 = SURFACE_STYLE_FILL_AREA(#7327);
#7327 = FILL_AREA_STYLE('',(#7328));
#7328 = FILL_AREA_STYLE_COLOUR('',#7329);
#7329 = COLOUR_RGB('',0.25098037884,0.25098037884,0.25098037884);
#7330 = CURVE_STYLE('',#7331,POSITIVE_LENGTH_MEASURE(0.1),#7332);
#7331 = DRAUGHTING_PRE_DEFINED_CURVE_FONT('continuous');
#7332 = COLOUR_RGB('',9.803921802644E-02,9.803921802644E-02,
  9.803921802644E-02);
#7333 = MECHANICAL_DESIGN_GEOMETRIC_PRESENTATION_REPRESENTATION('',(
    #7334),#5914);
#7334 = STYLED_ITEM('color',(#7335),#5348);
#7335 = PRESENTATION_STYLE_ASSIGNMENT((#7336,#7342));
#7336 = SURFACE_STYLE_USAGE(.BOTH.,#7337);
#7337 = SURFACE_SIDE_STYLE('',(#7338));
#7338 = SURFACE_STYLE_FILL_AREA(#7339);
#7339 = FILL_AREA_STYLE('',(#7340));
#7340 = FILL_AREA_STYLE_COLOUR('',#7341);
#7341 = COLOUR_RGB('',0.792156867455,0.819607860991,0.933333342953);
#7342 = CURVE_STYLE('',#7343,POSITIVE_LENGTH_MEASURE(0.1),#7332);
#7343 = DRAUGHTING_PRE_DEFINED_CURVE_FONT('continuous');
#7344 = MECHANICAL_DESIGN_GEOMETRIC_PRESENTATION_REPRESENTATION('',(
    #7345),#3448);
#7345 = STYLED_ITEM('color',(#7346),#402);
#7346 = PRESENTATION_STYLE_ASSIGNMENT((#7347,#7353));
#7347 = SURFACE_STYLE_USAGE(.BOTH.,#7348);
#7348 = SURFACE_SIDE_STYLE('',(#7349));
#7349 = SURFACE_STYLE_FILL_AREA(#7350);
#7350 = FILL_AREA_STYLE('',(#7351));
#7351 = FILL_AREA_STYLE_COLOUR('',#7352);
#7352 = COLOUR_RGB('',0.752941202324,0.752941202324,0.752941202324);
#7353 = CURVE_STYLE('',#7354,POSITIVE_LENGTH_MEASURE(0.1),#7332);
#7354 = DRAUGHTING_PRE_DEFINED_CURVE_FONT('continuous');
#7355 = MECHANICAL_DESIGN_GEOMETRIC_PRESENTATION_REPRESENTATION('',(
    #7356),#7310);
#7356 = STYLED_ITEM('color',(#7357),#7103);
#7357 = PRESENTATION_STYLE_ASSIGNMENT((#7358,#7363));
#7358 = SURFACE_STYLE_USAGE(.BOTH.,#7359);
#7359 = SURFACE_SIDE_STYLE('',(#7360));
#7360 = SURFACE_STYLE_FILL_AREA(#7361);
#7361 = FILL_AREA_STYLE('',(#7362));
#7362 = FILL_AREA_STYLE_COLOUR('',#7329);
#7363 = CURVE_STYLE('',#7364,POSITIVE_LENGTH_MEASURE(0.1),#7332);
#7364 = DRAUGHTING_PRE_DEFINED_CURVE_FONT('continuous');
#7365 = MECHANICAL_DESIGN_GEOMETRIC_PRESENTATION_REPRESENTATION('',(
    #7366),#224);
#7366 = STYLED_ITEM('color',(#7367),#84);
#7367 = PRESENTATION_STYLE_ASSIGNMENT((#7368,#7373));
#7368 = SURFACE_STYLE_USAGE(.BOTH.,#7369);
#7369 = SURFACE_SIDE_STYLE('',(#7370));
#7370 = SURFACE_STYLE_FILL_AREA(#7371);
#7371 = FILL_AREA_STYLE('',(#7372));
#7372 = FILL_AREA_STYLE_COLOUR('',#7329);
#7373 = CURVE_STYLE('',#7374,POSITIVE_LENGTH_MEASURE(0.1),#7332);
#7374 = DRAUGHTING_PRE_DEFINED_CURVE_FONT('continuous');
#7375 = MECHANICAL_DESIGN_GEOMETRIC_PRESENTATION_REPRESENTATION('',(
    #7376),#6499);
#7376 = STYLED_ITEM('color',(#7377),#5933);
#7377 = PRESENTATION_STYLE_ASSIGNMENT((#7378,#7383));
#7378 = SURFACE_STYLE_USAGE(.BOTH.,#7379);
#7379 = SURFACE_SIDE_STYLE('',(#7380));
#7380 = SURFACE_STYLE_FILL_AREA(#7381);
#7381 = FILL_AREA_STYLE('',(#7382));
#7382 = FILL_AREA_STYLE_COLOUR('',#7341);
#7383 = CURVE_STYLE('',#7384,POSITIVE_LENGTH_MEASURE(0.1),#7332);
#7384 = DRAUGHTING_PRE_DEFINED_CURVE_FONT('continuous');
#7385 = MECHANICAL_DESIGN_GEOMETRIC_PRESENTATION_REPRESENTATION('',(
    #7386),#7084);
#7386 = STYLED_ITEM('color',(#7387),#6518);
#7387 = PRESENTATION_STYLE_ASSIGNMENT((#7388,#7393));
#7388 = SURFACE_STYLE_USAGE(.BOTH.,#7389);
#7389 = SURFACE_SIDE_STYLE('',(#7390));
#7390 = SURFACE_STYLE_FILL_AREA(#7391);
#7391 = FILL_AREA_STYLE('',(#7392));
#7392 = FILL_AREA_STYLE_COLOUR('',#7341);
#7393 = CURVE_STYLE('',#7394,POSITIVE_LENGTH_MEASURE(0.1),#7332);
#7394 = DRAUGHTING_PRE_DEFINED_CURVE_FONT('continuous');
#7395 = MECHANICAL_DESIGN_GEOMETRIC_PRESENTATION_REPRESENTATION('',(
    #7396),#383);
#7396 = STYLED_ITEM('color',(#7397),#243);
#7397 = PRESENTATION_STYLE_ASSIGNMENT((#7398,#7403));
#7398 = SURFACE_STYLE_USAGE(.BOTH.,#7399);
#7399 = SURFACE_SIDE_STYLE('',(#7400));
#7400 = SURFACE_STYLE_FILL_AREA(#7401);
#7401 = FILL_AREA_STYLE('',(#7402));
#7402 = FILL_AREA_STYLE_COLOUR('',#7329);
#7403 = CURVE_STYLE('',#7404,POSITIVE_LENGTH_MEASURE(0.1),#7332);
#7404 = DRAUGHTING_PRE_DEFINED_CURVE_FONT('continuous');
ENDSEC;
END-ISO-10303-21;
