ISO-10303-21;
HEADER;
FILE_DESCRIPTION(('FreeCAD Model'),'2;1');
FILE_NAME('Open CASCADE Shape Model','2026-09-02T23:51:15',('Author'),(
    ''),'Open CASCADE STEP processor 7.8','FreeCAD','Unknown');
FILE_SCHEMA(('AUTOMOTIVE_DESIGN { 1 0 10303 214 1 1 1 1 }'));
ENDSEC;
DATA;
#1 = APPLICATION_PROTOCOL_DEFINITION('international standard',
  'automotive_design',2000,#2);
#2 = APPLICATION_CONTEXT(
  'core data for automotive mechanical design processes');
#3 = SHAPE_DEFINITION_REPRESENTATION(#4,#10);
#4 = PRODUCT_DEFINITION_SHAPE('','',#5);
#5 = PRODUCT_DEFINITION('design','',#6,#9);
#6 = PRODUCT_DEFINITION_FORMATION('','',#7);
#7 = PRODUCT('Assembly','Assembly','',(#8));
#8 = PRODUCT_CONTEXT('',#2,'mechanical');
#9 = PRODUCT_DEFINITION_CONTEXT('part definition',#2,'design');
#10 = SHAPE_REPRESENTATION('',(#11,#15),#19);
#11 = AXIS2_PLACEMENT_3D('',#12,#13,#14);
#12 = CARTESIAN_POINT('',(0.,0.,0.));
#13 = DIRECTION('',(0.,0.,1.));
#14 = DIRECTION('',(1.,0.,-0.));
#15 = AXIS2_PLACEMENT_3D('',#16,#17,#18);
#16 = CARTESIAN_POINT('',(2.5,1.65,-3.663735981263E-16));
#17 = DIRECTION('',(0.,-1.,2.22044604925E-16));
#18 = DIRECTION('',(1.,0.,0.));
#19 = ( GEOMETRIC_REPRESENTATION_CONTEXT(3) 
GLOBAL_UNCERTAINTY_ASSIGNED_CONTEXT((#23)) GLOBAL_UNIT_ASSIGNED_CONTEXT(
(#20,#21,#22)) REPRESENTATION_CONTEXT('Context #1',
  '3D Context with UNIT and UNCERTAINTY') );
#20 = ( LENGTH_UNIT() NAMED_UNIT(*) SI_UNIT(.MILLI.,.METRE.) );
#21 = ( NAMED_UNIT(*) PLANE_ANGLE_UNIT() SI_UNIT($,.RADIAN.) );
#22 = ( NAMED_UNIT(*) SI_UNIT($,.STERADIAN.) SOLID_ANGLE_UNIT() );
#23 = UNCERTAINTY_MEASURE_WITH_UNIT(LENGTH_MEASURE(1.E-07),#20,
  'distance_accuracy_value','confusion accuracy');
#24 = PRODUCT_RELATED_PRODUCT_CATEGORY('part',$,(#7));
#25 = SHAPE_DEFINITION_REPRESENTATION(#26,#32);
#26 = PRODUCT_DEFINITION_SHAPE('','',#27);
#27 = PRODUCT_DEFINITION('design','',#28,#31);
#28 = PRODUCT_DEFINITION_FORMATION('','',#29);
#29 = PRODUCT('JS202011CQN008','JS202011CQN008','',(#30));
#30 = PRODUCT_CONTEXT('',#2,'mechanical');
#31 = PRODUCT_DEFINITION_CONTEXT('part definition',#2,'design');
#32 = SHAPE_REPRESENTATION('',(#11,#33,#37,#41,#45,#49,#53,#57,#61),#65
  );
#33 = AXIS2_PLACEMENT_3D('',#34,#35,#36);
#34 = CARTESIAN_POINT('',(0.,0.,0.));
#35 = DIRECTION('',(0.,0.,1.));
#36 = DIRECTION('',(1.,0.,0.));
#37 = AXIS2_PLACEMENT_3D('',#38,#39,#40);
#38 = CARTESIAN_POINT('',(0.,0.,0.));
#39 = DIRECTION('',(0.,0.,1.));
#40 = DIRECTION('',(1.,0.,0.));
#41 = AXIS2_PLACEMENT_3D('',#42,#43,#44);
#42 = CARTESIAN_POINT('',(0.,0.,0.));
#43 = DIRECTION('',(0.,0.,1.));
#44 = DIRECTION('',(1.,0.,0.));
#45 = AXIS2_PLACEMENT_3D('',#46,#47,#48);
#46 = CARTESIAN_POINT('',(0.,0.,0.));
#47 = DIRECTION('',(0.,0.,1.));
#48 = DIRECTION('',(1.,0.,0.));
#49 = AXIS2_PLACEMENT_3D('',#50,#51,#52);
#50 = CARTESIAN_POINT('',(0.,0.,0.));
#51 = DIRECTION('',(0.,0.,1.));
#52 = DIRECTION('',(1.,0.,0.));
#53 = AXIS2_PLACEMENT_3D('',#54,#55,#56);
#54 = CARTESIAN_POINT('',(0.,0.,0.));
#55 = DIRECTION('',(0.,0.,1.));
#56 = DIRECTION('',(1.,0.,0.));
#57 = AXIS2_PLACEMENT_3D('',#58,#59,#60);
#58 = CARTESIAN_POINT('',(0.,0.,0.));
#59 = DIRECTION('',(0.,0.,1.));
#60 = DIRECTION('',(1.,0.,0.));
#61 = AXIS2_PLACEMENT_3D('',#62,#63,#64);
#62 = CARTESIAN_POINT('',(0.,0.,0.));
#63 = DIRECTION('',(0.,0.,1.));
#64 = DIRECTION('',(1.,0.,0.));
#65 = ( GEOMETRIC_REPRESENTATION_CONTEXT(3) 
GLOBAL_UNCERTAINTY_ASSIGNED_CONTEXT((#69)) GLOBAL_UNIT_ASSIGNED_CONTEXT(
(#66,#67,#68)) REPRESENTATION_CONTEXT('Context #1',
  '3D Context with UNIT and UNCERTAINTY') );
#66 = ( LENGTH_UNIT() NAMED_UNIT(*) SI_UNIT(.MILLI.,.METRE.) );
#67 = ( NAMED_UNIT(*) PLANE_ANGLE_UNIT() SI_UNIT($,.RADIAN.) );
#68 = ( NAMED_UNIT(*) SI_UNIT($,.STERADIAN.) SOLID_ANGLE_UNIT() );
#69 = UNCERTAINTY_MEASURE_WITH_UNIT(LENGTH_MEASURE(1.E-07),#66,
  'distance_accuracy_value','confusion accuracy');
#70 = CONTEXT_DEPENDENT_SHAPE_REPRESENTATION(#71,#73);
#71 = ( REPRESENTATION_RELATIONSHIP('','',#32,#10) 
REPRESENTATION_RELATIONSHIP_WITH_TRANSFORMATION(#72) 
SHAPE_REPRESENTATION_RELATIONSHIP() );
#72 = ITEM_DEFINED_TRANSFORMATION('','',#11,#15);
#73 = PRODUCT_DEFINITION_SHAPE('Placement','Placement of an item',#74);
#74 = NEXT_ASSEMBLY_USAGE_OCCURRENCE('9','JS202011CQN009','',#5,#27,$);
#75 = PRODUCT_RELATED_PRODUCT_CATEGORY('part',$,(#29));
#76 = SHAPE_DEFINITION_REPRESENTATION(#77,#83);
#77 = PRODUCT_DEFINITION_SHAPE('','',#78);
#78 = PRODUCT_DEFINITION('design','',#79,#82);
#79 = PRODUCT_DEFINITION_FORMATION('','',#80);
#80 = PRODUCT('JS202011CQN','JS202011CQN','',(#81));
#81 = PRODUCT_CONTEXT('',#2,'mechanical');
#82 = PRODUCT_DEFINITION_CONTEXT('part definition',#2,'design');
#83 = ADVANCED_BREP_SHAPE_REPRESENTATION('',(#11,#84),#3340);
#84 = MANIFOLD_SOLID_BREP('',#85);
#85 = CLOSED_SHELL('',(#86,#522,#734,#946,#977,#1008,#1025,#1058,#1089,
    #1129,#1153,#1170,#1312,#1343,#1360,#1377,#1403,#1434,#1465,#1482,
    #1494,#1534,#1557,#1583,#1615,#1655,#1677,#1696,#1713,#1745,#1767,
    #1779,#1796,#1813,#1878,#1902,#1928,#1945,#1976,#1994,#2006,#2032,
    #2064,#2081,#2093,#2110,#2122,#2153,#2177,#2201,#2218,#2230,#2261,
    #2292,#2314,#2326,#2338,#2378,#2400,#2422,#2434,#2446,#2486,#2508,
    #2525,#2542,#2554,#2585,#2616,#2633,#2650,#2662,#2693,#2724,#2746,
    #2758,#2770,#2801,#2832,#2849,#2866,#2878,#2909,#2926,#2943,#2955,
    #2986,#3003,#3020,#3032,#3063,#3080,#3097,#3109,#3133,#3157,#3174,
    #3186,#3210,#3234,#3251,#3263,#3287,#3311,#3328));
#86 = ADVANCED_FACE('',(#87,#121,#155,#189,#223,#257,#291),#517,.T.);
#87 = FACE_BOUND('',#88,.T.);
#88 = EDGE_LOOP('',(#89,#99,#107,#115));
#89 = ORIENTED_EDGE('',*,*,#90,.F.);
#90 = EDGE_CURVE('',#91,#93,#95,.T.);
#91 = VERTEX_POINT('',#92);
#92 = CARTESIAN_POINT('',(-3.45,0.33,0.85));
#93 = VERTEX_POINT('',#94);
#94 = CARTESIAN_POINT('',(-3.45,0.33,1.35));
#95 = LINE('',#96,#97);
#96 = CARTESIAN_POINT('',(-3.45,0.33,1.35));
#97 = VECTOR('',#98,1.);
#98 = DIRECTION('',(0.,0.,1.));
#99 = ORIENTED_EDGE('',*,*,#100,.T.);
#100 = EDGE_CURVE('',#91,#101,#103,.T.);
#101 = VERTEX_POINT('',#102);
#102 = CARTESIAN_POINT('',(-3.75,0.33,0.85));
#103 = LINE('',#104,#105);
#104 = CARTESIAN_POINT('',(-3.45,0.33,0.85));
#105 = VECTOR('',#106,1.);
#106 = DIRECTION('',(-1.,0.,0.));
#107 = ORIENTED_EDGE('',*,*,#108,.T.);
#108 = EDGE_CURVE('',#101,#109,#111,.T.);
#109 = VERTEX_POINT('',#110);
#110 = CARTESIAN_POINT('',(-3.75,0.33,1.35));
#111 = LINE('',#112,#113);
#112 = CARTESIAN_POINT('',(-3.75,0.33,1.35));
#113 = VECTOR('',#114,1.);
#114 = DIRECTION('',(0.,0.,1.));
#115 = ORIENTED_EDGE('',*,*,#116,.F.);
#116 = EDGE_CURVE('',#93,#109,#117,.T.);
#117 = LINE('',#118,#119);
#118 = CARTESIAN_POINT('',(-3.45,0.33,1.35));
#119 = VECTOR('',#120,1.);
#120 = DIRECTION('',(-1.,0.,0.));
#121 = FACE_BOUND('',#122,.T.);
#122 = EDGE_LOOP('',(#123,#133,#141,#149));
#123 = ORIENTED_EDGE('',*,*,#124,.F.);
#124 = EDGE_CURVE('',#125,#127,#129,.T.);
#125 = VERTEX_POINT('',#126);
#126 = CARTESIAN_POINT('',(-3.45,0.33,-0.85));
#127 = VERTEX_POINT('',#128);
#128 = CARTESIAN_POINT('',(-3.75,0.33,-0.85));
#129 = LINE('',#130,#131);
#130 = CARTESIAN_POINT('',(-3.45,0.33,-0.85));
#131 = VECTOR('',#132,1.);
#132 = DIRECTION('',(-1.,0.,0.));
#133 = ORIENTED_EDGE('',*,*,#134,.F.);
#134 = EDGE_CURVE('',#135,#125,#137,.T.);
#135 = VERTEX_POINT('',#136);
#136 = CARTESIAN_POINT('',(-3.45,0.33,-1.35));
#137 = LINE('',#138,#139);
#138 = CARTESIAN_POINT('',(-3.45,0.33,-1.35));
#139 = VECTOR('',#140,1.);
#140 = DIRECTION('',(0.,-2.168404344971E-16,1.));
#141 = ORIENTED_EDGE('',*,*,#142,.T.);
#142 = EDGE_CURVE('',#135,#143,#145,.T.);
#143 = VERTEX_POINT('',#144);
#144 = CARTESIAN_POINT('',(-3.75,0.33,-1.35));
#145 = LINE('',#146,#147);
#146 = CARTESIAN_POINT('',(-3.45,0.33,-1.35));
#147 = VECTOR('',#148,1.);
#148 = DIRECTION('',(-1.,0.,0.));
#149 = ORIENTED_EDGE('',*,*,#150,.T.);
#150 = EDGE_CURVE('',#143,#127,#151,.T.);
#151 = LINE('',#152,#153);
#152 = CARTESIAN_POINT('',(-3.75,0.33,-1.35));
#153 = VECTOR('',#154,1.);
#154 = DIRECTION('',(0.,-2.168404344971E-16,1.));
#155 = FACE_BOUND('',#156,.T.);
#156 = EDGE_LOOP('',(#157,#167,#175,#183));
#157 = ORIENTED_EDGE('',*,*,#158,.T.);
#158 = EDGE_CURVE('',#159,#161,#163,.T.);
#159 = VERTEX_POINT('',#160);
#160 = CARTESIAN_POINT('',(3.45,0.33,-1.35));
#161 = VERTEX_POINT('',#162);
#162 = CARTESIAN_POINT('',(3.45,0.33,-0.85));
#163 = LINE('',#164,#165);
#164 = CARTESIAN_POINT('',(3.45,0.33,-1.35));
#165 = VECTOR('',#166,1.);
#166 = DIRECTION('',(0.,-2.168404344971E-16,1.));
#167 = ORIENTED_EDGE('',*,*,#168,.T.);
#168 = EDGE_CURVE('',#161,#169,#171,.T.);
#169 = VERTEX_POINT('',#170);
#170 = CARTESIAN_POINT('',(3.75,0.33,-0.85));
#171 = LINE('',#172,#173);
#172 = CARTESIAN_POINT('',(3.45,0.33,-0.85));
#173 = VECTOR('',#174,1.);
#174 = DIRECTION('',(1.,0.,0.));
#175 = ORIENTED_EDGE('',*,*,#176,.F.);
#176 = EDGE_CURVE('',#177,#169,#179,.T.);
#177 = VERTEX_POINT('',#178);
#178 = CARTESIAN_POINT('',(3.75,0.33,-1.35));
#179 = LINE('',#180,#181);
#180 = CARTESIAN_POINT('',(3.75,0.33,-1.35));
#181 = VECTOR('',#182,1.);
#182 = DIRECTION('',(0.,-2.168404344971E-16,1.));
#183 = ORIENTED_EDGE('',*,*,#184,.F.);
#184 = EDGE_CURVE('',#159,#177,#185,.T.);
#185 = LINE('',#186,#187);
#186 = CARTESIAN_POINT('',(3.45,0.33,-1.35));
#187 = VECTOR('',#188,1.);
#188 = DIRECTION('',(1.,0.,0.));
#189 = FACE_BOUND('',#190,.T.);
#190 = EDGE_LOOP('',(#191,#201,#209,#217));
#191 = ORIENTED_EDGE('',*,*,#192,.T.);
#192 = EDGE_CURVE('',#193,#195,#197,.T.);
#193 = VERTEX_POINT('',#194);
#194 = CARTESIAN_POINT('',(3.45,0.33,0.85));
#195 = VERTEX_POINT('',#196);
#196 = CARTESIAN_POINT('',(3.45,0.33,1.35));
#197 = LINE('',#198,#199);
#198 = CARTESIAN_POINT('',(3.45,0.33,1.35));
#199 = VECTOR('',#200,1.);
#200 = DIRECTION('',(-0.,-0.,1.));
#201 = ORIENTED_EDGE('',*,*,#202,.T.);
#202 = EDGE_CURVE('',#195,#203,#205,.T.);
#203 = VERTEX_POINT('',#204);
#204 = CARTESIAN_POINT('',(3.75,0.33,1.35));
#205 = LINE('',#206,#207);
#206 = CARTESIAN_POINT('',(3.45,0.33,1.35));
#207 = VECTOR('',#208,1.);
#208 = DIRECTION('',(1.,0.,0.));
#209 = ORIENTED_EDGE('',*,*,#210,.F.);
#210 = EDGE_CURVE('',#211,#203,#213,.T.);
#211 = VERTEX_POINT('',#212);
#212 = CARTESIAN_POINT('',(3.75,0.33,0.85));
#213 = LINE('',#214,#215);
#214 = CARTESIAN_POINT('',(3.75,0.33,1.35));
#215 = VECTOR('',#216,1.);
#216 = DIRECTION('',(-0.,-0.,1.));
#217 = ORIENTED_EDGE('',*,*,#218,.F.);
#218 = EDGE_CURVE('',#193,#211,#219,.T.);
#219 = LINE('',#220,#221);
#220 = CARTESIAN_POINT('',(3.45,0.33,0.85));
#221 = VECTOR('',#222,1.);
#222 = DIRECTION('',(1.,0.,0.));
#223 = FACE_BOUND('',#224,.T.);
#224 = EDGE_LOOP('',(#225,#235,#243,#251));
#225 = ORIENTED_EDGE('',*,*,#226,.F.);
#226 = EDGE_CURVE('',#227,#229,#231,.T.);
#227 = VERTEX_POINT('',#228);
#228 = CARTESIAN_POINT('',(3.6,0.33,0.25));
#229 = VERTEX_POINT('',#230);
#230 = CARTESIAN_POINT('',(3.3,0.33,0.25));
#231 = LINE('',#232,#233);
#232 = CARTESIAN_POINT('',(3.6,0.33,0.25));
#233 = VECTOR('',#234,1.);
#234 = DIRECTION('',(-1.,0.,0.));
#235 = ORIENTED_EDGE('',*,*,#236,.T.);
#236 = EDGE_CURVE('',#227,#237,#239,.T.);
#237 = VERTEX_POINT('',#238);
#238 = CARTESIAN_POINT('',(3.6,0.33,-0.25));
#239 = LINE('',#240,#241);
#240 = CARTESIAN_POINT('',(3.6,0.33,0.25));
#241 = VECTOR('',#242,1.);
#242 = DIRECTION('',(0.,-2.168404344971E-16,-1.));
#243 = ORIENTED_EDGE('',*,*,#244,.T.);
#244 = EDGE_CURVE('',#237,#245,#247,.T.);
#245 = VERTEX_POINT('',#246);
#246 = CARTESIAN_POINT('',(3.3,0.33,-0.25));
#247 = LINE('',#248,#249);
#248 = CARTESIAN_POINT('',(3.6,0.33,-0.25));
#249 = VECTOR('',#250,1.);
#250 = DIRECTION('',(-1.,0.,0.));
#251 = ORIENTED_EDGE('',*,*,#252,.F.);
#252 = EDGE_CURVE('',#229,#245,#253,.T.);
#253 = LINE('',#254,#255);
#254 = CARTESIAN_POINT('',(3.3,0.33,0.25));
#255 = VECTOR('',#256,1.);
#256 = DIRECTION('',(0.,-2.168404344971E-16,-1.));
#257 = FACE_BOUND('',#258,.T.);
#258 = EDGE_LOOP('',(#259,#269,#277,#285));
#259 = ORIENTED_EDGE('',*,*,#260,.F.);
#260 = EDGE_CURVE('',#261,#263,#265,.T.);
#261 = VERTEX_POINT('',#262);
#262 = CARTESIAN_POINT('',(-3.6,0.33,-0.25));
#263 = VERTEX_POINT('',#264);
#264 = CARTESIAN_POINT('',(-3.3,0.33,-0.25));
#265 = LINE('',#266,#267);
#266 = CARTESIAN_POINT('',(-3.6,0.33,-0.25));
#267 = VECTOR('',#268,1.);
#268 = DIRECTION('',(1.,0.,0.));
#269 = ORIENTED_EDGE('',*,*,#270,.F.);
#270 = EDGE_CURVE('',#271,#261,#273,.T.);
#271 = VERTEX_POINT('',#272);
#272 = CARTESIAN_POINT('',(-3.6,0.33,0.25));
#273 = LINE('',#274,#275);
#274 = CARTESIAN_POINT('',(-3.6,0.33,0.25));
#275 = VECTOR('',#276,1.);
#276 = DIRECTION('',(-0.,-2.168404344971E-16,-1.));
#277 = ORIENTED_EDGE('',*,*,#278,.T.);
#278 = EDGE_CURVE('',#271,#279,#281,.T.);
#279 = VERTEX_POINT('',#280);
#280 = CARTESIAN_POINT('',(-3.3,0.33,0.25));
#281 = LINE('',#282,#283);
#282 = CARTESIAN_POINT('',(-3.6,0.33,0.25));
#283 = VECTOR('',#284,1.);
#284 = DIRECTION('',(1.,0.,0.));
#285 = ORIENTED_EDGE('',*,*,#286,.T.);
#286 = EDGE_CURVE('',#279,#263,#287,.T.);
#287 = LINE('',#288,#289);
#288 = CARTESIAN_POINT('',(-3.3,0.33,0.25));
#289 = VECTOR('',#290,1.);
#290 = DIRECTION('',(-0.,-2.168404344971E-16,-1.));
#291 = FACE_BOUND('',#292,.T.);
#292 = EDGE_LOOP('',(#293,#303,#311,#319,#327,#335,#343,#351,#359,#367,
    #375,#383,#391,#399,#407,#415,#423,#431,#439,#447,#455,#463,#471,
    #479,#487,#495,#503,#511));
#293 = ORIENTED_EDGE('',*,*,#294,.T.);
#294 = EDGE_CURVE('',#295,#297,#299,.T.);
#295 = VERTEX_POINT('',#296);
#296 = CARTESIAN_POINT('',(2.2,0.33,-1.5));
#297 = VERTEX_POINT('',#298);
#298 = CARTESIAN_POINT('',(2.8,0.33,-1.5));
#299 = LINE('',#300,#301);
#300 = CARTESIAN_POINT('',(4.02,0.33,-1.5));
#301 = VECTOR('',#302,1.);
#302 = DIRECTION('',(1.,1.213659148305E-16,0.));
#303 = ORIENTED_EDGE('',*,*,#304,.T.);
#304 = EDGE_CURVE('',#297,#305,#307,.T.);
#305 = VERTEX_POINT('',#306);
#306 = CARTESIAN_POINT('',(2.8,0.33,-1.8));
#307 = LINE('',#308,#309);
#308 = CARTESIAN_POINT('',(2.8,0.33,-1.8));
#309 = VECTOR('',#310,1.);
#310 = DIRECTION('',(0.,0.,-1.));
#311 = ORIENTED_EDGE('',*,*,#312,.T.);
#312 = EDGE_CURVE('',#305,#313,#315,.T.);
#313 = VERTEX_POINT('',#314);
#314 = CARTESIAN_POINT('',(4.02,0.33,-1.8));
#315 = LINE('',#316,#317);
#316 = CARTESIAN_POINT('',(4.02,0.33,-1.8));
#317 = VECTOR('',#318,1.);
#318 = DIRECTION('',(1.,1.213659148305E-16,-0.));
#319 = ORIENTED_EDGE('',*,*,#320,.T.);
#320 = EDGE_CURVE('',#313,#321,#323,.T.);
#321 = VERTEX_POINT('',#322);
#322 = CARTESIAN_POINT('',(4.02,0.33,1.8));
#323 = LINE('',#324,#325);
#324 = CARTESIAN_POINT('',(4.02,0.33,-1.8));
#325 = VECTOR('',#326,1.);
#326 = DIRECTION('',(0.,0.,1.));
#327 = ORIENTED_EDGE('',*,*,#328,.F.);
#328 = EDGE_CURVE('',#329,#321,#331,.T.);
#329 = VERTEX_POINT('',#330);
#330 = CARTESIAN_POINT('',(2.8,0.33,1.8));
#331 = LINE('',#332,#333);
#332 = CARTESIAN_POINT('',(4.02,0.33,1.8));
#333 = VECTOR('',#334,1.);
#334 = DIRECTION('',(1.,1.213659148305E-16,-0.));
#335 = ORIENTED_EDGE('',*,*,#336,.T.);
#336 = EDGE_CURVE('',#329,#337,#339,.T.);
#337 = VERTEX_POINT('',#338);
#338 = CARTESIAN_POINT('',(2.8,0.33,1.5));
#339 = LINE('',#340,#341);
#340 = CARTESIAN_POINT('',(2.8,0.33,-1.8));
#341 = VECTOR('',#342,1.);
#342 = DIRECTION('',(0.,0.,-1.));
#343 = ORIENTED_EDGE('',*,*,#344,.T.);
#344 = EDGE_CURVE('',#337,#345,#347,.T.);
#345 = VERTEX_POINT('',#346);
#346 = CARTESIAN_POINT('',(2.2,0.33,1.5));
#347 = LINE('',#348,#349);
#348 = CARTESIAN_POINT('',(4.02,0.33,1.5));
#349 = VECTOR('',#350,1.);
#350 = DIRECTION('',(-1.,-1.213659148305E-16,0.));
#351 = ORIENTED_EDGE('',*,*,#352,.T.);
#352 = EDGE_CURVE('',#345,#353,#355,.T.);
#353 = VERTEX_POINT('',#354);
#354 = CARTESIAN_POINT('',(2.2,0.33,1.8));
#355 = LINE('',#356,#357);
#356 = CARTESIAN_POINT('',(2.2,0.33,-1.8));
#357 = VECTOR('',#358,1.);
#358 = DIRECTION('',(0.,0.,1.));
#359 = ORIENTED_EDGE('',*,*,#360,.F.);
#360 = EDGE_CURVE('',#361,#353,#363,.T.);
#361 = VERTEX_POINT('',#362);
#362 = CARTESIAN_POINT('',(0.3,0.33,1.8));
#363 = LINE('',#364,#365);
#364 = CARTESIAN_POINT('',(4.02,0.33,1.8));
#365 = VECTOR('',#366,1.);
#366 = DIRECTION('',(1.,1.213659148305E-16,-0.));
#367 = ORIENTED_EDGE('',*,*,#368,.T.);
#368 = EDGE_CURVE('',#361,#369,#371,.T.);
#369 = VERTEX_POINT('',#370);
#370 = CARTESIAN_POINT('',(0.3,0.33,1.5));
#371 = LINE('',#372,#373);
#372 = CARTESIAN_POINT('',(0.3,0.33,-1.8));
#373 = VECTOR('',#374,1.);
#374 = DIRECTION('',(0.,0.,-1.));
#375 = ORIENTED_EDGE('',*,*,#376,.T.);
#376 = EDGE_CURVE('',#369,#377,#379,.T.);
#377 = VERTEX_POINT('',#378);
#378 = CARTESIAN_POINT('',(-0.3,0.33,1.5));
#379 = LINE('',#380,#381);
#380 = CARTESIAN_POINT('',(4.02,0.33,1.5));
#381 = VECTOR('',#382,1.);
#382 = DIRECTION('',(-1.,-1.213659148305E-16,0.));
#383 = ORIENTED_EDGE('',*,*,#384,.T.);
#384 = EDGE_CURVE('',#377,#385,#387,.T.);
#385 = VERTEX_POINT('',#386);
#386 = CARTESIAN_POINT('',(-0.3,0.33,1.8));
#387 = LINE('',#388,#389);
#388 = CARTESIAN_POINT('',(-0.3,0.33,-1.8));
#389 = VECTOR('',#390,1.);
#390 = DIRECTION('',(0.,0.,1.));
#391 = ORIENTED_EDGE('',*,*,#392,.F.);
#392 = EDGE_CURVE('',#393,#385,#395,.T.);
#393 = VERTEX_POINT('',#394);
#394 = CARTESIAN_POINT('',(-2.2,0.33,1.8));
#395 = LINE('',#396,#397);
#396 = CARTESIAN_POINT('',(4.02,0.33,1.8));
#397 = VECTOR('',#398,1.);
#398 = DIRECTION('',(1.,1.213659148305E-16,-0.));
#399 = ORIENTED_EDGE('',*,*,#400,.T.);
#400 = EDGE_CURVE('',#393,#401,#403,.T.);
#401 = VERTEX_POINT('',#402);
#402 = CARTESIAN_POINT('',(-2.2,0.33,1.5));
#403 = LINE('',#404,#405);
#404 = CARTESIAN_POINT('',(-2.2,0.33,-1.8));
#405 = VECTOR('',#406,1.);
#406 = DIRECTION('',(0.,0.,-1.));
#407 = ORIENTED_EDGE('',*,*,#408,.T.);
#408 = EDGE_CURVE('',#401,#409,#411,.T.);
#409 = VERTEX_POINT('',#410);
#410 = CARTESIAN_POINT('',(-2.8,0.33,1.5));
#411 = LINE('',#412,#413);
#412 = CARTESIAN_POINT('',(4.02,0.33,1.5));
#413 = VECTOR('',#414,1.);
#414 = DIRECTION('',(-1.,-1.213659148305E-16,0.));
#415 = ORIENTED_EDGE('',*,*,#416,.T.);
#416 = EDGE_CURVE('',#409,#417,#419,.T.);
#417 = VERTEX_POINT('',#418);
#418 = CARTESIAN_POINT('',(-2.8,0.33,1.8));
#419 = LINE('',#420,#421);
#420 = CARTESIAN_POINT('',(-2.8,0.33,-1.8));
#421 = VECTOR('',#422,1.);
#422 = DIRECTION('',(0.,0.,1.));
#423 = ORIENTED_EDGE('',*,*,#424,.F.);
#424 = EDGE_CURVE('',#425,#417,#427,.T.);
#425 = VERTEX_POINT('',#426);
#426 = CARTESIAN_POINT('',(-4.02,0.33,1.8));
#427 = LINE('',#428,#429);
#428 = CARTESIAN_POINT('',(4.02,0.33,1.8));
#429 = VECTOR('',#430,1.);
#430 = DIRECTION('',(1.,1.213659148305E-16,-0.));
#431 = ORIENTED_EDGE('',*,*,#432,.F.);
#432 = EDGE_CURVE('',#433,#425,#435,.T.);
#433 = VERTEX_POINT('',#434);
#434 = CARTESIAN_POINT('',(-4.02,0.33,-1.8));
#435 = LINE('',#436,#437);
#436 = CARTESIAN_POINT('',(-4.02,0.33,-1.8));
#437 = VECTOR('',#438,1.);
#438 = DIRECTION('',(0.,0.,1.));
#439 = ORIENTED_EDGE('',*,*,#440,.T.);
#440 = EDGE_CURVE('',#433,#441,#443,.T.);
#441 = VERTEX_POINT('',#442);
#442 = CARTESIAN_POINT('',(-2.8,0.33,-1.8));
#443 = LINE('',#444,#445);
#444 = CARTESIAN_POINT('',(4.02,0.33,-1.8));
#445 = VECTOR('',#446,1.);
#446 = DIRECTION('',(1.,1.213659148305E-16,-0.));
#447 = ORIENTED_EDGE('',*,*,#448,.T.);
#448 = EDGE_CURVE('',#441,#449,#451,.T.);
#449 = VERTEX_POINT('',#450);
#450 = CARTESIAN_POINT('',(-2.8,0.33,-1.5));
#451 = LINE('',#452,#453);
#452 = CARTESIAN_POINT('',(-2.8,0.33,-1.8));
#453 = VECTOR('',#454,1.);
#454 = DIRECTION('',(0.,0.,1.));
#455 = ORIENTED_EDGE('',*,*,#456,.T.);
#456 = EDGE_CURVE('',#449,#457,#459,.T.);
#457 = VERTEX_POINT('',#458);
#458 = CARTESIAN_POINT('',(-2.2,0.33,-1.5));
#459 = LINE('',#460,#461);
#460 = CARTESIAN_POINT('',(4.02,0.33,-1.5));
#461 = VECTOR('',#462,1.);
#462 = DIRECTION('',(1.,1.213659148305E-16,0.));
#463 = ORIENTED_EDGE('',*,*,#464,.T.);
#464 = EDGE_CURVE('',#457,#465,#467,.T.);
#465 = VERTEX_POINT('',#466);
#466 = CARTESIAN_POINT('',(-2.2,0.33,-1.8));
#467 = LINE('',#468,#469);
#468 = CARTESIAN_POINT('',(-2.2,0.33,-1.8));
#469 = VECTOR('',#470,1.);
#470 = DIRECTION('',(0.,0.,-1.));
#471 = ORIENTED_EDGE('',*,*,#472,.T.);
#472 = EDGE_CURVE('',#465,#473,#475,.T.);
#473 = VERTEX_POINT('',#474);
#474 = CARTESIAN_POINT('',(-0.3,0.33,-1.8));
#475 = LINE('',#476,#477);
#476 = CARTESIAN_POINT('',(4.02,0.33,-1.8));
#477 = VECTOR('',#478,1.);
#478 = DIRECTION('',(1.,1.213659148305E-16,-0.));
#479 = ORIENTED_EDGE('',*,*,#480,.T.);
#480 = EDGE_CURVE('',#473,#481,#483,.T.);
#481 = VERTEX_POINT('',#482);
#482 = CARTESIAN_POINT('',(-0.3,0.33,-1.5));
#483 = LINE('',#484,#485);
#484 = CARTESIAN_POINT('',(-0.3,0.33,-1.8));
#485 = VECTOR('',#486,1.);
#486 = DIRECTION('',(0.,0.,1.));
#487 = ORIENTED_EDGE('',*,*,#488,.T.);
#488 = EDGE_CURVE('',#481,#489,#491,.T.);
#489 = VERTEX_POINT('',#490);
#490 = CARTESIAN_POINT('',(0.3,0.33,-1.5));
#491 = LINE('',#492,#493);
#492 = CARTESIAN_POINT('',(4.02,0.33,-1.5));
#493 = VECTOR('',#494,1.);
#494 = DIRECTION('',(1.,1.213659148305E-16,0.));
#495 = ORIENTED_EDGE('',*,*,#496,.T.);
#496 = EDGE_CURVE('',#489,#497,#499,.T.);
#497 = VERTEX_POINT('',#498);
#498 = CARTESIAN_POINT('',(0.3,0.33,-1.8));
#499 = LINE('',#500,#501);
#500 = CARTESIAN_POINT('',(0.3,0.33,-1.8));
#501 = VECTOR('',#502,1.);
#502 = DIRECTION('',(0.,0.,-1.));
#503 = ORIENTED_EDGE('',*,*,#504,.T.);
#504 = EDGE_CURVE('',#497,#505,#507,.T.);
#505 = VERTEX_POINT('',#506);
#506 = CARTESIAN_POINT('',(2.2,0.33,-1.8));
#507 = LINE('',#508,#509);
#508 = CARTESIAN_POINT('',(4.02,0.33,-1.8));
#509 = VECTOR('',#510,1.);
#510 = DIRECTION('',(1.,1.213659148305E-16,-0.));
#511 = ORIENTED_EDGE('',*,*,#512,.T.);
#512 = EDGE_CURVE('',#505,#295,#513,.T.);
#513 = LINE('',#514,#515);
#514 = CARTESIAN_POINT('',(2.2,0.33,-1.8));
#515 = VECTOR('',#516,1.);
#516 = DIRECTION('',(0.,0.,1.));
#517 = PLANE('',#518);
#518 = AXIS2_PLACEMENT_3D('',#519,#520,#521);
#519 = CARTESIAN_POINT('',(4.02,0.33,-1.8));
#520 = DIRECTION('',(1.213659148305E-16,-1.,0.));
#521 = DIRECTION('',(1.,1.213659148305E-16,0.));
#522 = ADVANCED_FACE('',(#523),#729,.T.);
#523 = FACE_BOUND('',#524,.T.);
#524 = EDGE_LOOP('',(#525,#535,#541,#542,#550,#558,#564,#565,#573,#581,
    #587,#588,#596,#604,#612,#620,#628,#636,#644,#652,#660,#668,#676,
    #684,#692,#700,#708,#716,#722,#723));
#525 = ORIENTED_EDGE('',*,*,#526,.T.);
#526 = EDGE_CURVE('',#527,#529,#531,.T.);
#527 = VERTEX_POINT('',#528);
#528 = CARTESIAN_POINT('',(-2.8,1.2,1.8));
#529 = VERTEX_POINT('',#530);
#530 = CARTESIAN_POINT('',(-2.2,1.2,1.8));
#531 = LINE('',#532,#533);
#532 = CARTESIAN_POINT('',(-2.8,1.2,1.8));
#533 = VECTOR('',#534,1.);
#534 = DIRECTION('',(1.,0.,0.));
#535 = ORIENTED_EDGE('',*,*,#536,.T.);
#536 = EDGE_CURVE('',#529,#393,#537,.T.);
#537 = LINE('',#538,#539);
#538 = CARTESIAN_POINT('',(-2.2,1.2,1.8));
#539 = VECTOR('',#540,1.);
#540 = DIRECTION('',(0.,-1.,0.));
#541 = ORIENTED_EDGE('',*,*,#392,.T.);
#542 = ORIENTED_EDGE('',*,*,#543,.F.);
#543 = EDGE_CURVE('',#544,#385,#546,.T.);
#544 = VERTEX_POINT('',#545);
#545 = CARTESIAN_POINT('',(-0.3,1.2,1.8));
#546 = LINE('',#547,#548);
#547 = CARTESIAN_POINT('',(-0.3,1.2,1.8));
#548 = VECTOR('',#549,1.);
#549 = DIRECTION('',(0.,-1.,0.));
#550 = ORIENTED_EDGE('',*,*,#551,.T.);
#551 = EDGE_CURVE('',#544,#552,#554,.T.);
#552 = VERTEX_POINT('',#553);
#553 = CARTESIAN_POINT('',(0.3,1.2,1.8));
#554 = LINE('',#555,#556);
#555 = CARTESIAN_POINT('',(-0.3,1.2,1.8));
#556 = VECTOR('',#557,1.);
#557 = DIRECTION('',(1.,0.,0.));
#558 = ORIENTED_EDGE('',*,*,#559,.T.);
#559 = EDGE_CURVE('',#552,#361,#560,.T.);
#560 = LINE('',#561,#562);
#561 = CARTESIAN_POINT('',(0.3,1.2,1.8));
#562 = VECTOR('',#563,1.);
#563 = DIRECTION('',(0.,-1.,0.));
#564 = ORIENTED_EDGE('',*,*,#360,.T.);
#565 = ORIENTED_EDGE('',*,*,#566,.F.);
#566 = EDGE_CURVE('',#567,#353,#569,.T.);
#567 = VERTEX_POINT('',#568);
#568 = CARTESIAN_POINT('',(2.2,1.2,1.8));
#569 = LINE('',#570,#571);
#570 = CARTESIAN_POINT('',(2.2,1.2,1.8));
#571 = VECTOR('',#572,1.);
#572 = DIRECTION('',(0.,-1.,0.));
#573 = ORIENTED_EDGE('',*,*,#574,.T.);
#574 = EDGE_CURVE('',#567,#575,#577,.T.);
#575 = VERTEX_POINT('',#576);
#576 = CARTESIAN_POINT('',(2.8,1.2,1.8));
#577 = LINE('',#578,#579);
#578 = CARTESIAN_POINT('',(2.2,1.2,1.8));
#579 = VECTOR('',#580,1.);
#580 = DIRECTION('',(1.,0.,0.));
#581 = ORIENTED_EDGE('',*,*,#582,.T.);
#582 = EDGE_CURVE('',#575,#329,#583,.T.);
#583 = LINE('',#584,#585);
#584 = CARTESIAN_POINT('',(2.8,1.2,1.8));
#585 = VECTOR('',#586,1.);
#586 = DIRECTION('',(0.,-1.,0.));
#587 = ORIENTED_EDGE('',*,*,#328,.T.);
#588 = ORIENTED_EDGE('',*,*,#589,.T.);
#589 = EDGE_CURVE('',#321,#590,#592,.T.);
#590 = VERTEX_POINT('',#591);
#591 = CARTESIAN_POINT('',(4.02,0.87,1.8));
#592 = LINE('',#593,#594);
#593 = CARTESIAN_POINT('',(4.02,0.33,1.8));
#594 = VECTOR('',#595,1.);
#595 = DIRECTION('',(0.,1.,0.));
#596 = ORIENTED_EDGE('',*,*,#597,.T.);
#597 = EDGE_CURVE('',#590,#598,#600,.T.);
#598 = VERTEX_POINT('',#599);
#599 = CARTESIAN_POINT('',(4.25,0.87,1.8));
#600 = LINE('',#601,#602);
#601 = CARTESIAN_POINT('',(4.02,0.87,1.8));
#602 = VECTOR('',#603,1.);
#603 = DIRECTION('',(1.,4.713922489067E-16,0.));
#604 = ORIENTED_EDGE('',*,*,#605,.T.);
#605 = EDGE_CURVE('',#598,#606,#608,.T.);
#606 = VERTEX_POINT('',#607);
#607 = CARTESIAN_POINT('',(4.25,2.3,1.8));
#608 = LINE('',#609,#610);
#609 = CARTESIAN_POINT('',(4.25,0.87,1.8));
#610 = VECTOR('',#611,1.);
#611 = DIRECTION('',(1.213093339844E-15,1.,0.));
#612 = ORIENTED_EDGE('',*,*,#613,.T.);
#613 = EDGE_CURVE('',#606,#614,#616,.T.);
#614 = VERTEX_POINT('',#615);
#615 = CARTESIAN_POINT('',(4.5,2.3,1.8));
#616 = LINE('',#617,#618);
#617 = CARTESIAN_POINT('',(4.25,2.3,1.8));
#618 = VECTOR('',#619,1.);
#619 = DIRECTION('',(1.,1.734723475977E-15,0.));
#620 = ORIENTED_EDGE('',*,*,#621,.T.);
#621 = EDGE_CURVE('',#614,#622,#624,.T.);
#622 = VERTEX_POINT('',#623);
#623 = CARTESIAN_POINT('',(4.5,2.6,1.8));
#624 = LINE('',#625,#626);
#625 = CARTESIAN_POINT('',(4.5,2.3,1.8));
#626 = VECTOR('',#627,1.);
#627 = DIRECTION('',(0.,1.,0.));
#628 = ORIENTED_EDGE('',*,*,#629,.F.);
#629 = EDGE_CURVE('',#630,#622,#632,.T.);
#630 = VERTEX_POINT('',#631);
#631 = CARTESIAN_POINT('',(4.24,3.5,1.8));
#632 = LINE('',#633,#634);
#633 = CARTESIAN_POINT('',(4.24,3.5,1.8));
#634 = VECTOR('',#635,1.);
#635 = DIRECTION('',(0.277539652821,-0.960714182841,0.));
#636 = ORIENTED_EDGE('',*,*,#637,.T.);
#637 = EDGE_CURVE('',#630,#638,#640,.T.);
#638 = VERTEX_POINT('',#639);
#639 = CARTESIAN_POINT('',(2.94,3.5,1.8));
#640 = LINE('',#641,#642);
#641 = CARTESIAN_POINT('',(-4.5,3.5,1.8));
#642 = VECTOR('',#643,1.);
#643 = DIRECTION('',(-1.,-0.,-0.));
#644 = ORIENTED_EDGE('',*,*,#645,.F.);
#645 = EDGE_CURVE('',#646,#638,#648,.T.);
#646 = VERTEX_POINT('',#647);
#647 = CARTESIAN_POINT('',(2.94,3.3,1.8));
#648 = LINE('',#649,#650);
#649 = CARTESIAN_POINT('',(2.94,3.3,1.8));
#650 = VECTOR('',#651,1.);
#651 = DIRECTION('',(-0.,1.,-0.));
#652 = ORIENTED_EDGE('',*,*,#653,.F.);
#653 = EDGE_CURVE('',#654,#646,#656,.T.);
#654 = VERTEX_POINT('',#655);
#655 = CARTESIAN_POINT('',(-2.94,3.3,1.8));
#656 = LINE('',#657,#658);
#657 = CARTESIAN_POINT('',(2.94,3.3,1.8));
#658 = VECTOR('',#659,1.);
#659 = DIRECTION('',(1.,-0.,-0.));
#660 = ORIENTED_EDGE('',*,*,#661,.T.);
#661 = EDGE_CURVE('',#654,#662,#664,.T.);
#662 = VERTEX_POINT('',#663);
#663 = CARTESIAN_POINT('',(-2.94,3.5,1.8));
#664 = LINE('',#665,#666);
#665 = CARTESIAN_POINT('',(-2.94,3.3,1.8));
#666 = VECTOR('',#667,1.);
#667 = DIRECTION('',(-0.,1.,-0.));
#668 = ORIENTED_EDGE('',*,*,#669,.T.);
#669 = EDGE_CURVE('',#662,#670,#672,.T.);
#670 = VERTEX_POINT('',#671);
#671 = CARTESIAN_POINT('',(-4.24,3.5,1.8));
#672 = LINE('',#673,#674);
#673 = CARTESIAN_POINT('',(-4.5,3.5,1.8));
#674 = VECTOR('',#675,1.);
#675 = DIRECTION('',(-1.,-0.,-0.));
#676 = ORIENTED_EDGE('',*,*,#677,.F.);
#677 = EDGE_CURVE('',#678,#670,#680,.T.);
#678 = VERTEX_POINT('',#679);
#679 = CARTESIAN_POINT('',(-4.5,2.6,1.8));
#680 = LINE('',#681,#682);
#681 = CARTESIAN_POINT('',(-4.24,3.5,1.8));
#682 = VECTOR('',#683,1.);
#683 = DIRECTION('',(0.277539652821,0.960714182841,-0.));
#684 = ORIENTED_EDGE('',*,*,#685,.T.);
#685 = EDGE_CURVE('',#678,#686,#688,.T.);
#686 = VERTEX_POINT('',#687);
#687 = CARTESIAN_POINT('',(-4.5,2.3,1.8));
#688 = LINE('',#689,#690);
#689 = CARTESIAN_POINT('',(-4.5,2.3,1.8));
#690 = VECTOR('',#691,1.);
#691 = DIRECTION('',(-0.,-1.,-0.));
#692 = ORIENTED_EDGE('',*,*,#693,.T.);
#693 = EDGE_CURVE('',#686,#694,#696,.T.);
#694 = VERTEX_POINT('',#695);
#695 = CARTESIAN_POINT('',(-4.25,2.3,1.8));
#696 = LINE('',#697,#698);
#697 = CARTESIAN_POINT('',(-4.25,2.3,1.8));
#698 = VECTOR('',#699,1.);
#699 = DIRECTION('',(1.,-0.,-0.));
#700 = ORIENTED_EDGE('',*,*,#701,.T.);
#701 = EDGE_CURVE('',#694,#702,#704,.T.);
#702 = VERTEX_POINT('',#703);
#703 = CARTESIAN_POINT('',(-4.25,0.87,1.8));
#704 = LINE('',#705,#706);
#705 = CARTESIAN_POINT('',(-4.25,0.87,1.8));
#706 = VECTOR('',#707,1.);
#707 = DIRECTION('',(1.213093339844E-15,-1.,-0.));
#708 = ORIENTED_EDGE('',*,*,#709,.T.);
#709 = EDGE_CURVE('',#702,#710,#712,.T.);
#710 = VERTEX_POINT('',#711);
#711 = CARTESIAN_POINT('',(-4.02,0.87,1.8));
#712 = LINE('',#713,#714);
#713 = CARTESIAN_POINT('',(-4.02,0.87,1.8));
#714 = VECTOR('',#715,1.);
#715 = DIRECTION('',(1.,-0.,-0.));
#716 = ORIENTED_EDGE('',*,*,#717,.T.);
#717 = EDGE_CURVE('',#710,#425,#718,.T.);
#718 = LINE('',#719,#720);
#719 = CARTESIAN_POINT('',(-4.02,0.33,1.8));
#720 = VECTOR('',#721,1.);
#721 = DIRECTION('',(-0.,-1.,-0.));
#722 = ORIENTED_EDGE('',*,*,#424,.T.);
#723 = ORIENTED_EDGE('',*,*,#724,.F.);
#724 = EDGE_CURVE('',#527,#417,#725,.T.);
#725 = LINE('',#726,#727);
#726 = CARTESIAN_POINT('',(-2.8,1.2,1.8));
#727 = VECTOR('',#728,1.);
#728 = DIRECTION('',(0.,-1.,0.));
#729 = PLANE('',#730);
#730 = AXIS2_PLACEMENT_3D('',#731,#732,#733);
#731 = CARTESIAN_POINT('',(0.,0.,1.8));
#732 = DIRECTION('',(0.,-0.,1.));
#733 = DIRECTION('',(1.,0.,0.));
#734 = ADVANCED_FACE('',(#735),#941,.F.);
#735 = FACE_BOUND('',#736,.T.);
#736 = EDGE_LOOP('',(#737,#745,#753,#759,#760,#768,#776,#782,#783,#791,
    #799,#805,#806,#814,#822,#830,#838,#846,#854,#862,#870,#878,#886,
    #894,#902,#910,#918,#926,#934,#940));
#737 = ORIENTED_EDGE('',*,*,#738,.F.);
#738 = EDGE_CURVE('',#739,#305,#741,.T.);
#739 = VERTEX_POINT('',#740);
#740 = CARTESIAN_POINT('',(2.8,1.2,-1.8));
#741 = LINE('',#742,#743);
#742 = CARTESIAN_POINT('',(2.8,1.2,-1.8));
#743 = VECTOR('',#744,1.);
#744 = DIRECTION('',(0.,-1.,0.));
#745 = ORIENTED_EDGE('',*,*,#746,.T.);
#746 = EDGE_CURVE('',#739,#747,#749,.T.);
#747 = VERTEX_POINT('',#748);
#748 = CARTESIAN_POINT('',(2.2,1.2,-1.8));
#749 = LINE('',#750,#751);
#750 = CARTESIAN_POINT('',(2.2,1.2,-1.8));
#751 = VECTOR('',#752,1.);
#752 = DIRECTION('',(-1.,-0.,-0.));
#753 = ORIENTED_EDGE('',*,*,#754,.T.);
#754 = EDGE_CURVE('',#747,#505,#755,.T.);
#755 = LINE('',#756,#757);
#756 = CARTESIAN_POINT('',(2.2,1.2,-1.8));
#757 = VECTOR('',#758,1.);
#758 = DIRECTION('',(0.,-1.,0.));
#759 = ORIENTED_EDGE('',*,*,#504,.F.);
#760 = ORIENTED_EDGE('',*,*,#761,.F.);
#761 = EDGE_CURVE('',#762,#497,#764,.T.);
#762 = VERTEX_POINT('',#763);
#763 = CARTESIAN_POINT('',(0.3,1.2,-1.8));
#764 = LINE('',#765,#766);
#765 = CARTESIAN_POINT('',(0.3,1.2,-1.8));
#766 = VECTOR('',#767,1.);
#767 = DIRECTION('',(0.,-1.,0.));
#768 = ORIENTED_EDGE('',*,*,#769,.T.);
#769 = EDGE_CURVE('',#762,#770,#772,.T.);
#770 = VERTEX_POINT('',#771);
#771 = CARTESIAN_POINT('',(-0.3,1.2,-1.8));
#772 = LINE('',#773,#774);
#773 = CARTESIAN_POINT('',(-0.3,1.2,-1.8));
#774 = VECTOR('',#775,1.);
#775 = DIRECTION('',(-1.,-0.,-0.));
#776 = ORIENTED_EDGE('',*,*,#777,.T.);
#777 = EDGE_CURVE('',#770,#473,#778,.T.);
#778 = LINE('',#779,#780);
#779 = CARTESIAN_POINT('',(-0.3,1.2,-1.8));
#780 = VECTOR('',#781,1.);
#781 = DIRECTION('',(0.,-1.,0.));
#782 = ORIENTED_EDGE('',*,*,#472,.F.);
#783 = ORIENTED_EDGE('',*,*,#784,.F.);
#784 = EDGE_CURVE('',#785,#465,#787,.T.);
#785 = VERTEX_POINT('',#786);
#786 = CARTESIAN_POINT('',(-2.2,1.2,-1.8));
#787 = LINE('',#788,#789);
#788 = CARTESIAN_POINT('',(-2.2,1.2,-1.8));
#789 = VECTOR('',#790,1.);
#790 = DIRECTION('',(0.,-1.,0.));
#791 = ORIENTED_EDGE('',*,*,#792,.T.);
#792 = EDGE_CURVE('',#785,#793,#795,.T.);
#793 = VERTEX_POINT('',#794);
#794 = CARTESIAN_POINT('',(-2.8,1.2,-1.8));
#795 = LINE('',#796,#797);
#796 = CARTESIAN_POINT('',(-2.8,1.2,-1.8));
#797 = VECTOR('',#798,1.);
#798 = DIRECTION('',(-1.,-0.,-0.));
#799 = ORIENTED_EDGE('',*,*,#800,.T.);
#800 = EDGE_CURVE('',#793,#441,#801,.T.);
#801 = LINE('',#802,#803);
#802 = CARTESIAN_POINT('',(-2.8,1.2,-1.8));
#803 = VECTOR('',#804,1.);
#804 = DIRECTION('',(0.,-1.,0.));
#805 = ORIENTED_EDGE('',*,*,#440,.F.);
#806 = ORIENTED_EDGE('',*,*,#807,.F.);
#807 = EDGE_CURVE('',#808,#433,#810,.T.);
#808 = VERTEX_POINT('',#809);
#809 = CARTESIAN_POINT('',(-4.02,0.87,-1.8));
#810 = LINE('',#811,#812);
#811 = CARTESIAN_POINT('',(-4.02,0.33,-1.8));
#812 = VECTOR('',#813,1.);
#813 = DIRECTION('',(-0.,-1.,-0.));
#814 = ORIENTED_EDGE('',*,*,#815,.F.);
#815 = EDGE_CURVE('',#816,#808,#818,.T.);
#816 = VERTEX_POINT('',#817);
#817 = CARTESIAN_POINT('',(-4.25,0.87,-1.8));
#818 = LINE('',#819,#820);
#819 = CARTESIAN_POINT('',(-4.02,0.87,-1.8));
#820 = VECTOR('',#821,1.);
#821 = DIRECTION('',(1.,-0.,-0.));
#822 = ORIENTED_EDGE('',*,*,#823,.F.);
#823 = EDGE_CURVE('',#824,#816,#826,.T.);
#824 = VERTEX_POINT('',#825);
#825 = CARTESIAN_POINT('',(-4.25,2.3,-1.8));
#826 = LINE('',#827,#828);
#827 = CARTESIAN_POINT('',(-4.25,0.87,-1.8));
#828 = VECTOR('',#829,1.);
#829 = DIRECTION('',(1.213093339844E-15,-1.,-0.));
#830 = ORIENTED_EDGE('',*,*,#831,.F.);
#831 = EDGE_CURVE('',#832,#824,#834,.T.);
#832 = VERTEX_POINT('',#833);
#833 = CARTESIAN_POINT('',(-4.5,2.3,-1.8));
#834 = LINE('',#835,#836);
#835 = CARTESIAN_POINT('',(-4.25,2.3,-1.8));
#836 = VECTOR('',#837,1.);
#837 = DIRECTION('',(1.,-0.,-0.));
#838 = ORIENTED_EDGE('',*,*,#839,.F.);
#839 = EDGE_CURVE('',#840,#832,#842,.T.);
#840 = VERTEX_POINT('',#841);
#841 = CARTESIAN_POINT('',(-4.5,2.6,-1.8));
#842 = LINE('',#843,#844);
#843 = CARTESIAN_POINT('',(-4.5,2.3,-1.8));
#844 = VECTOR('',#845,1.);
#845 = DIRECTION('',(-0.,-1.,-0.));
#846 = ORIENTED_EDGE('',*,*,#847,.F.);
#847 = EDGE_CURVE('',#848,#840,#850,.T.);
#848 = VERTEX_POINT('',#849);
#849 = CARTESIAN_POINT('',(-4.24,3.5,-1.8));
#850 = LINE('',#851,#852);
#851 = CARTESIAN_POINT('',(-4.24,3.5,-1.8));
#852 = VECTOR('',#853,1.);
#853 = DIRECTION('',(-0.277539652821,-0.960714182841,0.));
#854 = ORIENTED_EDGE('',*,*,#855,.F.);
#855 = EDGE_CURVE('',#856,#848,#858,.T.);
#856 = VERTEX_POINT('',#857);
#857 = CARTESIAN_POINT('',(-2.94,3.5,-1.8));
#858 = LINE('',#859,#860);
#859 = CARTESIAN_POINT('',(-4.5,3.5,-1.8));
#860 = VECTOR('',#861,1.);
#861 = DIRECTION('',(-1.,-0.,-0.));
#862 = ORIENTED_EDGE('',*,*,#863,.F.);
#863 = EDGE_CURVE('',#864,#856,#866,.T.);
#864 = VERTEX_POINT('',#865);
#865 = CARTESIAN_POINT('',(-2.94,3.3,-1.8));
#866 = LINE('',#867,#868);
#867 = CARTESIAN_POINT('',(-2.94,3.3,-1.8));
#868 = VECTOR('',#869,1.);
#869 = DIRECTION('',(-0.,1.,-0.));
#870 = ORIENTED_EDGE('',*,*,#871,.F.);
#871 = EDGE_CURVE('',#872,#864,#874,.T.);
#872 = VERTEX_POINT('',#873);
#873 = CARTESIAN_POINT('',(2.94,3.3,-1.8));
#874 = LINE('',#875,#876);
#875 = CARTESIAN_POINT('',(2.94,3.3,-1.8));
#876 = VECTOR('',#877,1.);
#877 = DIRECTION('',(-1.,0.,0.));
#878 = ORIENTED_EDGE('',*,*,#879,.T.);
#879 = EDGE_CURVE('',#872,#880,#882,.T.);
#880 = VERTEX_POINT('',#881);
#881 = CARTESIAN_POINT('',(2.94,3.5,-1.8));
#882 = LINE('',#883,#884);
#883 = CARTESIAN_POINT('',(2.94,3.3,-1.8));
#884 = VECTOR('',#885,1.);
#885 = DIRECTION('',(-0.,1.,-0.));
#886 = ORIENTED_EDGE('',*,*,#887,.F.);
#887 = EDGE_CURVE('',#888,#880,#890,.T.);
#888 = VERTEX_POINT('',#889);
#889 = CARTESIAN_POINT('',(4.24,3.5,-1.8));
#890 = LINE('',#891,#892);
#891 = CARTESIAN_POINT('',(-4.5,3.5,-1.8));
#892 = VECTOR('',#893,1.);
#893 = DIRECTION('',(-1.,-0.,-0.));
#894 = ORIENTED_EDGE('',*,*,#895,.F.);
#895 = EDGE_CURVE('',#896,#888,#898,.T.);
#896 = VERTEX_POINT('',#897);
#897 = CARTESIAN_POINT('',(4.5,2.6,-1.8));
#898 = LINE('',#899,#900);
#899 = CARTESIAN_POINT('',(4.5,2.6,-1.8));
#900 = VECTOR('',#901,1.);
#901 = DIRECTION('',(-0.277539652821,0.960714182841,0.));
#902 = ORIENTED_EDGE('',*,*,#903,.F.);
#903 = EDGE_CURVE('',#904,#896,#906,.T.);
#904 = VERTEX_POINT('',#905);
#905 = CARTESIAN_POINT('',(4.5,2.3,-1.8));
#906 = LINE('',#907,#908);
#907 = CARTESIAN_POINT('',(4.5,2.3,-1.8));
#908 = VECTOR('',#909,1.);
#909 = DIRECTION('',(0.,1.,0.));
#910 = ORIENTED_EDGE('',*,*,#911,.F.);
#911 = EDGE_CURVE('',#912,#904,#914,.T.);
#912 = VERTEX_POINT('',#913);
#913 = CARTESIAN_POINT('',(4.25,2.3,-1.8));
#914 = LINE('',#915,#916);
#915 = CARTESIAN_POINT('',(4.25,2.3,-1.8));
#916 = VECTOR('',#917,1.);
#917 = DIRECTION('',(1.,1.734723475977E-15,0.));
#918 = ORIENTED_EDGE('',*,*,#919,.F.);
#919 = EDGE_CURVE('',#920,#912,#922,.T.);
#920 = VERTEX_POINT('',#921);
#921 = CARTESIAN_POINT('',(4.25,0.87,-1.8));
#922 = LINE('',#923,#924);
#923 = CARTESIAN_POINT('',(4.25,0.87,-1.8));
#924 = VECTOR('',#925,1.);
#925 = DIRECTION('',(1.213093339844E-15,1.,0.));
#926 = ORIENTED_EDGE('',*,*,#927,.F.);
#927 = EDGE_CURVE('',#928,#920,#930,.T.);
#928 = VERTEX_POINT('',#929);
#929 = CARTESIAN_POINT('',(4.02,0.87,-1.8));
#930 = LINE('',#931,#932);
#931 = CARTESIAN_POINT('',(4.02,0.87,-1.8));
#932 = VECTOR('',#933,1.);
#933 = DIRECTION('',(1.,4.713922489067E-16,0.));
#934 = ORIENTED_EDGE('',*,*,#935,.F.);
#935 = EDGE_CURVE('',#313,#928,#936,.T.);
#936 = LINE('',#937,#938);
#937 = CARTESIAN_POINT('',(4.02,0.33,-1.8));
#938 = VECTOR('',#939,1.);
#939 = DIRECTION('',(0.,1.,0.));
#940 = ORIENTED_EDGE('',*,*,#312,.F.);
#941 = PLANE('',#942);
#942 = AXIS2_PLACEMENT_3D('',#943,#944,#945);
#943 = CARTESIAN_POINT('',(0.,0.,-1.8));
#944 = DIRECTION('',(0.,-0.,1.));
#945 = DIRECTION('',(1.,0.,0.));
#946 = ADVANCED_FACE('',(#947),#972,.T.);
#947 = FACE_BOUND('',#948,.T.);
#948 = EDGE_LOOP('',(#949,#957,#965,#971));
#949 = ORIENTED_EDGE('',*,*,#950,.F.);
#950 = EDGE_CURVE('',#951,#630,#953,.T.);
#951 = VERTEX_POINT('',#952);
#952 = CARTESIAN_POINT('',(4.24,3.5,1.55));
#953 = LINE('',#954,#955);
#954 = CARTESIAN_POINT('',(4.24,3.5,1.));
#955 = VECTOR('',#956,1.);
#956 = DIRECTION('',(-0.,-0.,1.));
#957 = ORIENTED_EDGE('',*,*,#958,.F.);
#958 = EDGE_CURVE('',#959,#951,#961,.T.);
#959 = VERTEX_POINT('',#960);
#960 = CARTESIAN_POINT('',(2.94,3.5,1.55));
#961 = LINE('',#962,#963);
#962 = CARTESIAN_POINT('',(2.94,3.5,1.55));
#963 = VECTOR('',#964,1.);
#964 = DIRECTION('',(1.,0.,1.655270492344E-16));
#965 = ORIENTED_EDGE('',*,*,#966,.F.);
#966 = EDGE_CURVE('',#638,#959,#967,.T.);
#967 = LINE('',#968,#969);
#968 = CARTESIAN_POINT('',(2.94,3.5,1.8));
#969 = VECTOR('',#970,1.);
#970 = DIRECTION('',(0.,0.,-1.));
#971 = ORIENTED_EDGE('',*,*,#637,.F.);
#972 = PLANE('',#973);
#973 = AXIS2_PLACEMENT_3D('',#974,#975,#976);
#974 = CARTESIAN_POINT('',(-4.5,3.5,-1.8));
#975 = DIRECTION('',(0.,1.,0.));
#976 = DIRECTION('',(0.,-0.,1.));
#977 = ADVANCED_FACE('',(#978),#1003,.F.);
#978 = FACE_BOUND('',#979,.T.);
#979 = EDGE_LOOP('',(#980,#990,#996,#997));
#980 = ORIENTED_EDGE('',*,*,#981,.F.);
#981 = EDGE_CURVE('',#982,#984,#986,.T.);
#982 = VERTEX_POINT('',#983);
#983 = CARTESIAN_POINT('',(2.94,3.3,1.55));
#984 = VERTEX_POINT('',#985);
#985 = CARTESIAN_POINT('',(4.297777777778,3.3,1.55));
#986 = LINE('',#987,#988);
#987 = CARTESIAN_POINT('',(2.94,3.3,1.55));
#988 = VECTOR('',#989,1.);
#989 = DIRECTION('',(1.,0.,1.655270492344E-16));
#990 = ORIENTED_EDGE('',*,*,#991,.T.);
#991 = EDGE_CURVE('',#982,#959,#992,.T.);
#992 = LINE('',#993,#994);
#993 = CARTESIAN_POINT('',(2.94,3.3,1.55));
#994 = VECTOR('',#995,1.);
#995 = DIRECTION('',(-0.,1.,-0.));
#996 = ORIENTED_EDGE('',*,*,#958,.T.);
#997 = ORIENTED_EDGE('',*,*,#998,.T.);
#998 = EDGE_CURVE('',#951,#984,#999,.T.);
#999 = LINE('',#1000,#1001);
#1000 = CARTESIAN_POINT('',(4.193190519599,3.662032816773,1.55));
#1001 = VECTOR('',#1002,1.);
#1002 = DIRECTION('',(0.277539652821,-0.960714182841,4.594031977697E-17)
  );
#1003 = PLANE('',#1004);
#1004 = AXIS2_PLACEMENT_3D('',#1005,#1006,#1007);
#1005 = CARTESIAN_POINT('',(2.94,3.3,1.55));
#1006 = DIRECTION('',(-1.655270492344E-16,0.,1.));
#1007 = DIRECTION('',(1.,0.,1.655270492344E-16));
#1008 = ADVANCED_FACE('',(#1009),#1020,.F.);
#1009 = FACE_BOUND('',#1010,.T.);
#1010 = EDGE_LOOP('',(#1011,#1012,#1013,#1019));
#1011 = ORIENTED_EDGE('',*,*,#966,.T.);
#1012 = ORIENTED_EDGE('',*,*,#991,.F.);
#1013 = ORIENTED_EDGE('',*,*,#1014,.F.);
#1014 = EDGE_CURVE('',#646,#982,#1015,.T.);
#1015 = LINE('',#1016,#1017);
#1016 = CARTESIAN_POINT('',(2.94,3.3,1.8));
#1017 = VECTOR('',#1018,1.);
#1018 = DIRECTION('',(0.,0.,-1.));
#1019 = ORIENTED_EDGE('',*,*,#645,.T.);
#1020 = PLANE('',#1021);
#1021 = AXIS2_PLACEMENT_3D('',#1022,#1023,#1024);
#1022 = CARTESIAN_POINT('',(2.94,3.3,1.8));
#1023 = DIRECTION('',(1.,0.,0.));
#1024 = DIRECTION('',(0.,0.,-1.));
#1025 = ADVANCED_FACE('',(#1026),#1053,.F.);
#1026 = FACE_BOUND('',#1027,.T.);
#1027 = EDGE_LOOP('',(#1028,#1029,#1037,#1045,#1051,#1052));
#1028 = ORIENTED_EDGE('',*,*,#629,.T.);
#1029 = ORIENTED_EDGE('',*,*,#1030,.F.);
#1030 = EDGE_CURVE('',#1031,#622,#1033,.T.);
#1031 = VERTEX_POINT('',#1032);
#1032 = CARTESIAN_POINT('',(4.5,2.6,1.));
#1033 = LINE('',#1034,#1035);
#1034 = CARTESIAN_POINT('',(4.5,2.6,1.));
#1035 = VECTOR('',#1036,1.);
#1036 = DIRECTION('',(-0.,-0.,1.));
#1037 = ORIENTED_EDGE('',*,*,#1038,.F.);
#1038 = EDGE_CURVE('',#1039,#1031,#1041,.T.);
#1039 = VERTEX_POINT('',#1040);
#1040 = CARTESIAN_POINT('',(4.297777777778,3.3,1.));
#1041 = LINE('',#1042,#1043);
#1042 = CARTESIAN_POINT('',(4.240770282589,3.497333637192,1.));
#1043 = VECTOR('',#1044,1.);
#1044 = DIRECTION('',(0.277539652821,-0.960714182841,-1.811492876824E-16
    ));
#1045 = ORIENTED_EDGE('',*,*,#1046,.T.);
#1046 = EDGE_CURVE('',#1039,#984,#1047,.T.);
#1047 = LINE('',#1048,#1049);
#1048 = CARTESIAN_POINT('',(4.297777777778,3.3,1.));
#1049 = VECTOR('',#1050,1.);
#1050 = DIRECTION('',(0.,0.,1.));
#1051 = ORIENTED_EDGE('',*,*,#998,.F.);
#1052 = ORIENTED_EDGE('',*,*,#950,.T.);
#1053 = PLANE('',#1054);
#1054 = AXIS2_PLACEMENT_3D('',#1055,#1056,#1057);
#1055 = CARTESIAN_POINT('',(4.24,3.5,1.));
#1056 = DIRECTION('',(-0.960714182841,-0.277539652821,0.));
#1057 = DIRECTION('',(0.277539652821,-0.960714182841,0.));
#1058 = ADVANCED_FACE('',(#1059),#1084,.T.);
#1059 = FACE_BOUND('',#1060,.T.);
#1060 = EDGE_LOOP('',(#1061,#1069,#1070,#1078));
#1061 = ORIENTED_EDGE('',*,*,#1062,.T.);
#1062 = EDGE_CURVE('',#1063,#888,#1065,.T.);
#1063 = VERTEX_POINT('',#1064);
#1064 = CARTESIAN_POINT('',(4.24,3.5,-1.55));
#1065 = LINE('',#1066,#1067);
#1066 = CARTESIAN_POINT('',(4.24,3.5,-1.));
#1067 = VECTOR('',#1068,1.);
#1068 = DIRECTION('',(-0.,-0.,-1.));
#1069 = ORIENTED_EDGE('',*,*,#887,.T.);
#1070 = ORIENTED_EDGE('',*,*,#1071,.F.);
#1071 = EDGE_CURVE('',#1072,#880,#1074,.T.);
#1072 = VERTEX_POINT('',#1073);
#1073 = CARTESIAN_POINT('',(2.94,3.5,-1.55));
#1074 = LINE('',#1075,#1076);
#1075 = CARTESIAN_POINT('',(2.94,3.5,-1.8));
#1076 = VECTOR('',#1077,1.);
#1077 = DIRECTION('',(-0.,-0.,-1.));
#1078 = ORIENTED_EDGE('',*,*,#1079,.F.);
#1079 = EDGE_CURVE('',#1063,#1072,#1080,.T.);
#1080 = LINE('',#1081,#1082);
#1081 = CARTESIAN_POINT('',(2.94,3.5,-1.55));
#1082 = VECTOR('',#1083,1.);
#1083 = DIRECTION('',(-1.,-0.,1.655270492344E-16));
#1084 = PLANE('',#1085);
#1085 = AXIS2_PLACEMENT_3D('',#1086,#1087,#1088);
#1086 = CARTESIAN_POINT('',(-4.5,3.5,-1.8));
#1087 = DIRECTION('',(0.,1.,0.));
#1088 = DIRECTION('',(0.,-0.,1.));
#1089 = ADVANCED_FACE('',(#1090),#1124,.F.);
#1090 = FACE_BOUND('',#1091,.T.);
#1091 = EDGE_LOOP('',(#1092,#1100,#1108,#1116,#1122,#1123));
#1092 = ORIENTED_EDGE('',*,*,#1093,.F.);
#1093 = EDGE_CURVE('',#1094,#1063,#1096,.T.);
#1094 = VERTEX_POINT('',#1095);
#1095 = CARTESIAN_POINT('',(4.297777777778,3.3,-1.55));
#1096 = LINE('',#1097,#1098);
#1097 = CARTESIAN_POINT('',(4.193190519599,3.662032816773,-1.55));
#1098 = VECTOR('',#1099,1.);
#1099 = DIRECTION('',(-0.277539652821,0.960714182841,4.594031977697E-17)
  );
#1100 = ORIENTED_EDGE('',*,*,#1101,.T.);
#1101 = EDGE_CURVE('',#1094,#1102,#1104,.T.);
#1102 = VERTEX_POINT('',#1103);
#1103 = CARTESIAN_POINT('',(4.297777777778,3.3,-1.));
#1104 = LINE('',#1105,#1106);
#1105 = CARTESIAN_POINT('',(4.297777777778,3.3,-1.));
#1106 = VECTOR('',#1107,1.);
#1107 = DIRECTION('',(0.,0.,1.));
#1108 = ORIENTED_EDGE('',*,*,#1109,.F.);
#1109 = EDGE_CURVE('',#1110,#1102,#1112,.T.);
#1110 = VERTEX_POINT('',#1111);
#1111 = CARTESIAN_POINT('',(4.5,2.6,-1.));
#1112 = LINE('',#1113,#1114);
#1113 = CARTESIAN_POINT('',(4.5,2.6,-1.));
#1114 = VECTOR('',#1115,1.);
#1115 = DIRECTION('',(-0.277539652821,0.960714182841,0.));
#1116 = ORIENTED_EDGE('',*,*,#1117,.T.);
#1117 = EDGE_CURVE('',#1110,#896,#1118,.T.);
#1118 = LINE('',#1119,#1120);
#1119 = CARTESIAN_POINT('',(4.5,2.6,-1.));
#1120 = VECTOR('',#1121,1.);
#1121 = DIRECTION('',(-0.,-0.,-1.));
#1122 = ORIENTED_EDGE('',*,*,#895,.T.);
#1123 = ORIENTED_EDGE('',*,*,#1062,.F.);
#1124 = PLANE('',#1125);
#1125 = AXIS2_PLACEMENT_3D('',#1126,#1127,#1128);
#1126 = CARTESIAN_POINT('',(4.5,2.6,-1.));
#1127 = DIRECTION('',(-0.960714182841,-0.277539652821,0.));
#1128 = DIRECTION('',(0.277539652821,-0.960714182841,0.));
#1129 = ADVANCED_FACE('',(#1130),#1148,.F.);
#1130 = FACE_BOUND('',#1131,.T.);
#1131 = EDGE_LOOP('',(#1132,#1133,#1134,#1142));
#1132 = ORIENTED_EDGE('',*,*,#1071,.T.);
#1133 = ORIENTED_EDGE('',*,*,#879,.F.);
#1134 = ORIENTED_EDGE('',*,*,#1135,.F.);
#1135 = EDGE_CURVE('',#1136,#872,#1138,.T.);
#1136 = VERTEX_POINT('',#1137);
#1137 = CARTESIAN_POINT('',(2.94,3.3,-1.55));
#1138 = LINE('',#1139,#1140);
#1139 = CARTESIAN_POINT('',(2.94,3.3,-1.8));
#1140 = VECTOR('',#1141,1.);
#1141 = DIRECTION('',(-0.,-0.,-1.));
#1142 = ORIENTED_EDGE('',*,*,#1143,.T.);
#1143 = EDGE_CURVE('',#1136,#1072,#1144,.T.);
#1144 = LINE('',#1145,#1146);
#1145 = CARTESIAN_POINT('',(2.94,3.3,-1.55));
#1146 = VECTOR('',#1147,1.);
#1147 = DIRECTION('',(-0.,1.,-0.));
#1148 = PLANE('',#1149);
#1149 = AXIS2_PLACEMENT_3D('',#1150,#1151,#1152);
#1150 = CARTESIAN_POINT('',(2.94,3.3,-1.8));
#1151 = DIRECTION('',(1.,0.,-0.));
#1152 = DIRECTION('',(-0.,0.,-1.));
#1153 = ADVANCED_FACE('',(#1154),#1165,.F.);
#1154 = FACE_BOUND('',#1155,.T.);
#1155 = EDGE_LOOP('',(#1156,#1162,#1163,#1164));
#1156 = ORIENTED_EDGE('',*,*,#1157,.F.);
#1157 = EDGE_CURVE('',#1094,#1136,#1158,.T.);
#1158 = LINE('',#1159,#1160);
#1159 = CARTESIAN_POINT('',(2.94,3.3,-1.55));
#1160 = VECTOR('',#1161,1.);
#1161 = DIRECTION('',(-1.,-0.,1.655270492344E-16));
#1162 = ORIENTED_EDGE('',*,*,#1093,.T.);
#1163 = ORIENTED_EDGE('',*,*,#1079,.T.);
#1164 = ORIENTED_EDGE('',*,*,#1143,.F.);
#1165 = PLANE('',#1166);
#1166 = AXIS2_PLACEMENT_3D('',#1167,#1168,#1169);
#1167 = CARTESIAN_POINT('',(2.94,3.3,-1.55));
#1168 = DIRECTION('',(-1.655270492344E-16,0.,-1.));
#1169 = DIRECTION('',(-1.,0.,1.655270492344E-16));
#1170 = ADVANCED_FACE('',(#1171,#1205),#1307,.F.);
#1171 = FACE_BOUND('',#1172,.T.);
#1172 = EDGE_LOOP('',(#1173,#1183,#1191,#1199));
#1173 = ORIENTED_EDGE('',*,*,#1174,.F.);
#1174 = EDGE_CURVE('',#1175,#1177,#1179,.T.);
#1175 = VERTEX_POINT('',#1176);
#1176 = CARTESIAN_POINT('',(-1.75,3.3,-0.75));
#1177 = VERTEX_POINT('',#1178);
#1178 = CARTESIAN_POINT('',(-1.75,3.3,0.75));
#1179 = LINE('',#1180,#1181);
#1180 = CARTESIAN_POINT('',(-1.75,3.3,-0.75));
#1181 = VECTOR('',#1182,1.);
#1182 = DIRECTION('',(0.,0.,1.));
#1183 = ORIENTED_EDGE('',*,*,#1184,.F.);
#1184 = EDGE_CURVE('',#1185,#1175,#1187,.T.);
#1185 = VERTEX_POINT('',#1186);
#1186 = CARTESIAN_POINT('',(-0.25,3.3,-0.75));
#1187 = LINE('',#1188,#1189);
#1188 = CARTESIAN_POINT('',(-1.75,3.3,-0.75));
#1189 = VECTOR('',#1190,1.);
#1190 = DIRECTION('',(-1.,-0.,-0.));
#1191 = ORIENTED_EDGE('',*,*,#1192,.F.);
#1192 = EDGE_CURVE('',#1193,#1185,#1195,.T.);
#1193 = VERTEX_POINT('',#1194);
#1194 = CARTESIAN_POINT('',(-0.25,3.3,0.75));
#1195 = LINE('',#1196,#1197);
#1196 = CARTESIAN_POINT('',(-0.25,3.3,-0.75));
#1197 = VECTOR('',#1198,1.);
#1198 = DIRECTION('',(-0.,-0.,-1.));
#1199 = ORIENTED_EDGE('',*,*,#1200,.F.);
#1200 = EDGE_CURVE('',#1177,#1193,#1201,.T.);
#1201 = LINE('',#1202,#1203);
#1202 = CARTESIAN_POINT('',(-1.75,3.3,0.75));
#1203 = VECTOR('',#1204,1.);
#1204 = DIRECTION('',(1.,0.,0.));
#1205 = FACE_BOUND('',#1206,.T.);
#1206 = EDGE_LOOP('',(#1207,#1208,#1209,#1210,#1211,#1219,#1227,#1235,
    #1243,#1251,#1259,#1267,#1275,#1281,#1282,#1283,#1284,#1285,#1293,
    #1301));
#1207 = ORIENTED_EDGE('',*,*,#1101,.F.);
#1208 = ORIENTED_EDGE('',*,*,#1157,.T.);
#1209 = ORIENTED_EDGE('',*,*,#1135,.T.);
#1210 = ORIENTED_EDGE('',*,*,#871,.T.);
#1211 = ORIENTED_EDGE('',*,*,#1212,.T.);
#1212 = EDGE_CURVE('',#864,#1213,#1215,.T.);
#1213 = VERTEX_POINT('',#1214);
#1214 = CARTESIAN_POINT('',(-2.94,3.3,-1.55));
#1215 = LINE('',#1216,#1217);
#1216 = CARTESIAN_POINT('',(-2.94,3.3,-1.8));
#1217 = VECTOR('',#1218,1.);
#1218 = DIRECTION('',(0.,0.,1.));
#1219 = ORIENTED_EDGE('',*,*,#1220,.T.);
#1220 = EDGE_CURVE('',#1213,#1221,#1223,.T.);
#1221 = VERTEX_POINT('',#1222);
#1222 = CARTESIAN_POINT('',(-4.297777777778,3.3,-1.55));
#1223 = LINE('',#1224,#1225);
#1224 = CARTESIAN_POINT('',(-2.94,3.3,-1.55));
#1225 = VECTOR('',#1226,1.);
#1226 = DIRECTION('',(-1.,0.,-1.655270492344E-16));
#1227 = ORIENTED_EDGE('',*,*,#1228,.T.);
#1228 = EDGE_CURVE('',#1221,#1229,#1231,.T.);
#1229 = VERTEX_POINT('',#1230);
#1230 = CARTESIAN_POINT('',(-4.297777777778,3.3,-1.));
#1231 = LINE('',#1232,#1233);
#1232 = CARTESIAN_POINT('',(-4.297777777778,3.3,-1.));
#1233 = VECTOR('',#1234,1.);
#1234 = DIRECTION('',(0.,0.,1.));
#1235 = ORIENTED_EDGE('',*,*,#1236,.T.);
#1236 = EDGE_CURVE('',#1229,#1237,#1239,.T.);
#1237 = VERTEX_POINT('',#1238);
#1238 = CARTESIAN_POINT('',(-4.25,3.3,-1.));
#1239 = LINE('',#1240,#1241);
#1240 = CARTESIAN_POINT('',(4.5,3.3,-1.));
#1241 = VECTOR('',#1242,1.);
#1242 = DIRECTION('',(1.,0.,0.));
#1243 = ORIENTED_EDGE('',*,*,#1244,.F.);
#1244 = EDGE_CURVE('',#1245,#1237,#1247,.T.);
#1245 = VERTEX_POINT('',#1246);
#1246 = CARTESIAN_POINT('',(-4.25,3.3,1.));
#1247 = LINE('',#1248,#1249);
#1248 = CARTESIAN_POINT('',(-4.25,3.3,-1.));
#1249 = VECTOR('',#1250,1.);
#1250 = DIRECTION('',(0.,0.,-1.));
#1251 = ORIENTED_EDGE('',*,*,#1252,.T.);
#1252 = EDGE_CURVE('',#1245,#1253,#1255,.T.);
#1253 = VERTEX_POINT('',#1254);
#1254 = CARTESIAN_POINT('',(-4.297777777778,3.3,1.));
#1255 = LINE('',#1256,#1257);
#1256 = CARTESIAN_POINT('',(4.5,3.3,1.));
#1257 = VECTOR('',#1258,1.);
#1258 = DIRECTION('',(-1.,0.,0.));
#1259 = ORIENTED_EDGE('',*,*,#1260,.F.);
#1260 = EDGE_CURVE('',#1261,#1253,#1263,.T.);
#1261 = VERTEX_POINT('',#1262);
#1262 = CARTESIAN_POINT('',(-4.297777777778,3.3,1.550000000066));
#1263 = LINE('',#1264,#1265);
#1264 = CARTESIAN_POINT('',(-4.297777777778,3.3,1.55));
#1265 = VECTOR('',#1266,1.);
#1266 = DIRECTION('',(0.,0.,-1.));
#1267 = ORIENTED_EDGE('',*,*,#1268,.T.);
#1268 = EDGE_CURVE('',#1261,#1269,#1271,.T.);
#1269 = VERTEX_POINT('',#1270);
#1270 = CARTESIAN_POINT('',(-2.94,3.3,1.55));
#1271 = LINE('',#1272,#1273);
#1272 = CARTESIAN_POINT('',(-2.94,3.3,1.55));
#1273 = VECTOR('',#1274,1.);
#1274 = DIRECTION('',(1.,-0.,-1.655270492344E-16));
#1275 = ORIENTED_EDGE('',*,*,#1276,.T.);
#1276 = EDGE_CURVE('',#1269,#654,#1277,.T.);
#1277 = LINE('',#1278,#1279);
#1278 = CARTESIAN_POINT('',(-2.94,3.3,1.8));
#1279 = VECTOR('',#1280,1.);
#1280 = DIRECTION('',(-0.,-0.,1.));
#1281 = ORIENTED_EDGE('',*,*,#653,.T.);
#1282 = ORIENTED_EDGE('',*,*,#1014,.T.);
#1283 = ORIENTED_EDGE('',*,*,#981,.T.);
#1284 = ORIENTED_EDGE('',*,*,#1046,.F.);
#1285 = ORIENTED_EDGE('',*,*,#1286,.F.);
#1286 = EDGE_CURVE('',#1287,#1039,#1289,.T.);
#1287 = VERTEX_POINT('',#1288);
#1288 = CARTESIAN_POINT('',(4.25,3.3,1.));
#1289 = LINE('',#1290,#1291);
#1290 = CARTESIAN_POINT('',(-2.94,3.3,1.));
#1291 = VECTOR('',#1292,1.);
#1292 = DIRECTION('',(1.,0.,-0.));
#1293 = ORIENTED_EDGE('',*,*,#1294,.F.);
#1294 = EDGE_CURVE('',#1295,#1287,#1297,.T.);
#1295 = VERTEX_POINT('',#1296);
#1296 = CARTESIAN_POINT('',(4.25,3.3,-1.));
#1297 = LINE('',#1298,#1299);
#1298 = CARTESIAN_POINT('',(4.25,3.3,1.55));
#1299 = VECTOR('',#1300,1.);
#1300 = DIRECTION('',(0.,0.,1.));
#1301 = ORIENTED_EDGE('',*,*,#1302,.F.);
#1302 = EDGE_CURVE('',#1102,#1295,#1303,.T.);
#1303 = LINE('',#1304,#1305);
#1304 = CARTESIAN_POINT('',(-2.94,3.3,-1.));
#1305 = VECTOR('',#1306,1.);
#1306 = DIRECTION('',(-1.,0.,0.));
#1307 = PLANE('',#1308);
#1308 = AXIS2_PLACEMENT_3D('',#1309,#1310,#1311);
#1309 = CARTESIAN_POINT('',(-4.25,3.3,-1.));
#1310 = DIRECTION('',(0.,-1.,-0.));
#1311 = DIRECTION('',(0.,0.,-1.));
#1312 = ADVANCED_FACE('',(#1313),#1338,.T.);
#1313 = FACE_BOUND('',#1314,.T.);
#1314 = EDGE_LOOP('',(#1315,#1323,#1324,#1332));
#1315 = ORIENTED_EDGE('',*,*,#1316,.T.);
#1316 = EDGE_CURVE('',#1317,#670,#1319,.T.);
#1317 = VERTEX_POINT('',#1318);
#1318 = CARTESIAN_POINT('',(-4.24,3.5,1.55));
#1319 = LINE('',#1320,#1321);
#1320 = CARTESIAN_POINT('',(-4.24,3.5,1.));
#1321 = VECTOR('',#1322,1.);
#1322 = DIRECTION('',(-0.,-0.,1.));
#1323 = ORIENTED_EDGE('',*,*,#669,.F.);
#1324 = ORIENTED_EDGE('',*,*,#1325,.F.);
#1325 = EDGE_CURVE('',#1326,#662,#1328,.T.);
#1326 = VERTEX_POINT('',#1327);
#1327 = CARTESIAN_POINT('',(-2.94,3.5,1.55));
#1328 = LINE('',#1329,#1330);
#1329 = CARTESIAN_POINT('',(-2.94,3.5,1.8));
#1330 = VECTOR('',#1331,1.);
#1331 = DIRECTION('',(-0.,-0.,1.));
#1332 = ORIENTED_EDGE('',*,*,#1333,.F.);
#1333 = EDGE_CURVE('',#1317,#1326,#1334,.T.);
#1334 = LINE('',#1335,#1336);
#1335 = CARTESIAN_POINT('',(-2.94,3.5,1.55));
#1336 = VECTOR('',#1337,1.);
#1337 = DIRECTION('',(1.,-0.,-1.655270492344E-16));
#1338 = PLANE('',#1339);
#1339 = AXIS2_PLACEMENT_3D('',#1340,#1341,#1342);
#1340 = CARTESIAN_POINT('',(-4.5,3.5,-1.8));
#1341 = DIRECTION('',(0.,1.,0.));
#1342 = DIRECTION('',(0.,-0.,1.));
#1343 = ADVANCED_FACE('',(#1344),#1355,.F.);
#1344 = FACE_BOUND('',#1345,.T.);
#1345 = EDGE_LOOP('',(#1346,#1347,#1348,#1349));
#1346 = ORIENTED_EDGE('',*,*,#1325,.T.);
#1347 = ORIENTED_EDGE('',*,*,#661,.F.);
#1348 = ORIENTED_EDGE('',*,*,#1276,.F.);
#1349 = ORIENTED_EDGE('',*,*,#1350,.T.);
#1350 = EDGE_CURVE('',#1269,#1326,#1351,.T.);
#1351 = LINE('',#1352,#1353);
#1352 = CARTESIAN_POINT('',(-2.94,3.3,1.55));
#1353 = VECTOR('',#1354,1.);
#1354 = DIRECTION('',(-0.,1.,-0.));
#1355 = PLANE('',#1356);
#1356 = AXIS2_PLACEMENT_3D('',#1357,#1358,#1359);
#1357 = CARTESIAN_POINT('',(-2.94,3.3,1.8));
#1358 = DIRECTION('',(-1.,0.,-0.));
#1359 = DIRECTION('',(0.,0.,1.));
#1360 = ADVANCED_FACE('',(#1361),#1372,.F.);
#1361 = FACE_BOUND('',#1362,.T.);
#1362 = EDGE_LOOP('',(#1363,#1364,#1370,#1371));
#1363 = ORIENTED_EDGE('',*,*,#1268,.F.);
#1364 = ORIENTED_EDGE('',*,*,#1365,.F.);
#1365 = EDGE_CURVE('',#1317,#1261,#1366,.T.);
#1366 = LINE('',#1367,#1368);
#1367 = CARTESIAN_POINT('',(-4.24,3.5,1.55));
#1368 = VECTOR('',#1369,1.);
#1369 = DIRECTION('',(-0.277539652821,-0.960714182841,4.594031977697E-17
    ));
#1370 = ORIENTED_EDGE('',*,*,#1333,.T.);
#1371 = ORIENTED_EDGE('',*,*,#1350,.F.);
#1372 = PLANE('',#1373);
#1373 = AXIS2_PLACEMENT_3D('',#1374,#1375,#1376);
#1374 = CARTESIAN_POINT('',(-2.94,3.3,1.55));
#1375 = DIRECTION('',(1.655270492344E-16,-0.,1.));
#1376 = DIRECTION('',(1.,0.,-1.655270492344E-16));
#1377 = ADVANCED_FACE('',(#1378),#1398,.F.);
#1378 = FACE_BOUND('',#1379,.T.);
#1379 = EDGE_LOOP('',(#1380,#1381,#1382,#1390,#1396,#1397));
#1380 = ORIENTED_EDGE('',*,*,#1365,.T.);
#1381 = ORIENTED_EDGE('',*,*,#1260,.T.);
#1382 = ORIENTED_EDGE('',*,*,#1383,.F.);
#1383 = EDGE_CURVE('',#1384,#1253,#1386,.T.);
#1384 = VERTEX_POINT('',#1385);
#1385 = CARTESIAN_POINT('',(-4.5,2.6,1.));
#1386 = LINE('',#1387,#1388);
#1387 = CARTESIAN_POINT('',(-4.24,3.5,1.));
#1388 = VECTOR('',#1389,1.);
#1389 = DIRECTION('',(0.277539652821,0.960714182841,-0.));
#1390 = ORIENTED_EDGE('',*,*,#1391,.T.);
#1391 = EDGE_CURVE('',#1384,#678,#1392,.T.);
#1392 = LINE('',#1393,#1394);
#1393 = CARTESIAN_POINT('',(-4.5,2.6,1.));
#1394 = VECTOR('',#1395,1.);
#1395 = DIRECTION('',(-0.,-0.,1.));
#1396 = ORIENTED_EDGE('',*,*,#677,.T.);
#1397 = ORIENTED_EDGE('',*,*,#1316,.F.);
#1398 = PLANE('',#1399);
#1399 = AXIS2_PLACEMENT_3D('',#1400,#1401,#1402);
#1400 = CARTESIAN_POINT('',(-4.24,3.5,1.));
#1401 = DIRECTION('',(0.960714182841,-0.277539652821,0.));
#1402 = DIRECTION('',(0.277539652821,0.960714182841,0.));
#1403 = ADVANCED_FACE('',(#1404),#1429,.T.);
#1404 = FACE_BOUND('',#1405,.T.);
#1405 = EDGE_LOOP('',(#1406,#1414,#1422,#1428));
#1406 = ORIENTED_EDGE('',*,*,#1407,.F.);
#1407 = EDGE_CURVE('',#1408,#848,#1410,.T.);
#1408 = VERTEX_POINT('',#1409);
#1409 = CARTESIAN_POINT('',(-4.24,3.5,-1.55));
#1410 = LINE('',#1411,#1412);
#1411 = CARTESIAN_POINT('',(-4.24,3.5,-1.));
#1412 = VECTOR('',#1413,1.);
#1413 = DIRECTION('',(-0.,-0.,-1.));
#1414 = ORIENTED_EDGE('',*,*,#1415,.F.);
#1415 = EDGE_CURVE('',#1416,#1408,#1418,.T.);
#1416 = VERTEX_POINT('',#1417);
#1417 = CARTESIAN_POINT('',(-2.94,3.5,-1.55));
#1418 = LINE('',#1419,#1420);
#1419 = CARTESIAN_POINT('',(-2.94,3.5,-1.55));
#1420 = VECTOR('',#1421,1.);
#1421 = DIRECTION('',(-1.,0.,-1.655270492344E-16));
#1422 = ORIENTED_EDGE('',*,*,#1423,.F.);
#1423 = EDGE_CURVE('',#856,#1416,#1424,.T.);
#1424 = LINE('',#1425,#1426);
#1425 = CARTESIAN_POINT('',(-2.94,3.5,-1.8));
#1426 = VECTOR('',#1427,1.);
#1427 = DIRECTION('',(0.,0.,1.));
#1428 = ORIENTED_EDGE('',*,*,#855,.T.);
#1429 = PLANE('',#1430);
#1430 = AXIS2_PLACEMENT_3D('',#1431,#1432,#1433);
#1431 = CARTESIAN_POINT('',(-4.5,3.5,-1.8));
#1432 = DIRECTION('',(0.,1.,0.));
#1433 = DIRECTION('',(0.,-0.,1.));
#1434 = ADVANCED_FACE('',(#1435),#1460,.F.);
#1435 = FACE_BOUND('',#1436,.T.);
#1436 = EDGE_LOOP('',(#1437,#1438,#1446,#1452,#1453,#1459));
#1437 = ORIENTED_EDGE('',*,*,#847,.T.);
#1438 = ORIENTED_EDGE('',*,*,#1439,.F.);
#1439 = EDGE_CURVE('',#1440,#840,#1442,.T.);
#1440 = VERTEX_POINT('',#1441);
#1441 = CARTESIAN_POINT('',(-4.5,2.6,-1.));
#1442 = LINE('',#1443,#1444);
#1443 = CARTESIAN_POINT('',(-4.5,2.6,-1.));
#1444 = VECTOR('',#1445,1.);
#1445 = DIRECTION('',(-0.,-0.,-1.));
#1446 = ORIENTED_EDGE('',*,*,#1447,.F.);
#1447 = EDGE_CURVE('',#1229,#1440,#1448,.T.);
#1448 = LINE('',#1449,#1450);
#1449 = CARTESIAN_POINT('',(-4.240770282589,3.497333637192,-1.));
#1450 = VECTOR('',#1451,1.);
#1451 = DIRECTION('',(-0.277539652821,-0.960714182841,
    -1.811492876824E-16));
#1452 = ORIENTED_EDGE('',*,*,#1228,.F.);
#1453 = ORIENTED_EDGE('',*,*,#1454,.F.);
#1454 = EDGE_CURVE('',#1408,#1221,#1455,.T.);
#1455 = LINE('',#1456,#1457);
#1456 = CARTESIAN_POINT('',(-4.193190519599,3.662032816773,-1.55));
#1457 = VECTOR('',#1458,1.);
#1458 = DIRECTION('',(-0.277539652821,-0.960714182841,
    -4.594031977697E-17));
#1459 = ORIENTED_EDGE('',*,*,#1407,.T.);
#1460 = PLANE('',#1461);
#1461 = AXIS2_PLACEMENT_3D('',#1462,#1463,#1464);
#1462 = CARTESIAN_POINT('',(-4.24,3.5,-1.));
#1463 = DIRECTION('',(0.960714182841,-0.277539652821,0.));
#1464 = DIRECTION('',(0.277539652821,0.960714182841,0.));
#1465 = ADVANCED_FACE('',(#1466),#1477,.F.);
#1466 = FACE_BOUND('',#1467,.T.);
#1467 = EDGE_LOOP('',(#1468,#1469,#1475,#1476));
#1468 = ORIENTED_EDGE('',*,*,#1423,.T.);
#1469 = ORIENTED_EDGE('',*,*,#1470,.F.);
#1470 = EDGE_CURVE('',#1213,#1416,#1471,.T.);
#1471 = LINE('',#1472,#1473);
#1472 = CARTESIAN_POINT('',(-2.94,3.3,-1.55));
#1473 = VECTOR('',#1474,1.);
#1474 = DIRECTION('',(-0.,1.,-0.));
#1475 = ORIENTED_EDGE('',*,*,#1212,.F.);
#1476 = ORIENTED_EDGE('',*,*,#863,.T.);
#1477 = PLANE('',#1478);
#1478 = AXIS2_PLACEMENT_3D('',#1479,#1480,#1481);
#1479 = CARTESIAN_POINT('',(-2.94,3.3,-1.8));
#1480 = DIRECTION('',(-1.,0.,0.));
#1481 = DIRECTION('',(0.,0.,1.));
#1482 = ADVANCED_FACE('',(#1483),#1489,.F.);
#1483 = FACE_BOUND('',#1484,.T.);
#1484 = EDGE_LOOP('',(#1485,#1486,#1487,#1488));
#1485 = ORIENTED_EDGE('',*,*,#1415,.T.);
#1486 = ORIENTED_EDGE('',*,*,#1454,.T.);
#1487 = ORIENTED_EDGE('',*,*,#1220,.F.);
#1488 = ORIENTED_EDGE('',*,*,#1470,.T.);
#1489 = PLANE('',#1490);
#1490 = AXIS2_PLACEMENT_3D('',#1491,#1492,#1493);
#1491 = CARTESIAN_POINT('',(-2.94,3.3,-1.55));
#1492 = DIRECTION('',(1.655270492344E-16,0.,-1.));
#1493 = DIRECTION('',(-1.,0.,-1.655270492344E-16));
#1494 = ADVANCED_FACE('',(#1495),#1529,.F.);
#1495 = FACE_BOUND('',#1496,.T.);
#1496 = EDGE_LOOP('',(#1497,#1507,#1515,#1523));
#1497 = ORIENTED_EDGE('',*,*,#1498,.T.);
#1498 = EDGE_CURVE('',#1499,#1501,#1503,.T.);
#1499 = VERTEX_POINT('',#1500);
#1500 = CARTESIAN_POINT('',(-4.5,2.35,-1.));
#1501 = VERTEX_POINT('',#1502);
#1502 = CARTESIAN_POINT('',(-4.5,2.35,-1.68));
#1503 = LINE('',#1504,#1505);
#1504 = CARTESIAN_POINT('',(-4.5,2.35,-1.));
#1505 = VECTOR('',#1506,1.);
#1506 = DIRECTION('',(0.,0.,-1.));
#1507 = ORIENTED_EDGE('',*,*,#1508,.F.);
#1508 = EDGE_CURVE('',#1509,#1501,#1511,.T.);
#1509 = VERTEX_POINT('',#1510);
#1510 = CARTESIAN_POINT('',(-4.25,2.35,-1.68));
#1511 = LINE('',#1512,#1513);
#1512 = CARTESIAN_POINT('',(-4.25,2.35,-1.68));
#1513 = VECTOR('',#1514,1.);
#1514 = DIRECTION('',(-1.,-0.,-0.));
#1515 = ORIENTED_EDGE('',*,*,#1516,.F.);
#1516 = EDGE_CURVE('',#1517,#1509,#1519,.T.);
#1517 = VERTEX_POINT('',#1518);
#1518 = CARTESIAN_POINT('',(-4.25,2.35,-1.));
#1519 = LINE('',#1520,#1521);
#1520 = CARTESIAN_POINT('',(-4.25,2.35,-1.));
#1521 = VECTOR('',#1522,1.);
#1522 = DIRECTION('',(0.,0.,-1.));
#1523 = ORIENTED_EDGE('',*,*,#1524,.T.);
#1524 = EDGE_CURVE('',#1517,#1499,#1525,.T.);
#1525 = LINE('',#1526,#1527);
#1526 = CARTESIAN_POINT('',(-4.25,2.35,-1.));
#1527 = VECTOR('',#1528,1.);
#1528 = DIRECTION('',(-1.,-0.,-0.));
#1529 = PLANE('',#1530);
#1530 = AXIS2_PLACEMENT_3D('',#1531,#1532,#1533);
#1531 = CARTESIAN_POINT('',(-4.25,2.35,-1.));
#1532 = DIRECTION('',(-0.,1.,0.));
#1533 = DIRECTION('',(0.,0.,1.));
#1534 = ADVANCED_FACE('',(#1535),#1552,.F.);
#1535 = FACE_BOUND('',#1536,.T.);
#1536 = EDGE_LOOP('',(#1537,#1538,#1539,#1545,#1546));
#1537 = ORIENTED_EDGE('',*,*,#1236,.F.);
#1538 = ORIENTED_EDGE('',*,*,#1447,.T.);
#1539 = ORIENTED_EDGE('',*,*,#1540,.T.);
#1540 = EDGE_CURVE('',#1440,#1499,#1541,.T.);
#1541 = LINE('',#1542,#1543);
#1542 = CARTESIAN_POINT('',(-4.5,3.5,-1.));
#1543 = VECTOR('',#1544,1.);
#1544 = DIRECTION('',(0.,-1.,-1.885568995627E-16));
#1545 = ORIENTED_EDGE('',*,*,#1524,.F.);
#1546 = ORIENTED_EDGE('',*,*,#1547,.F.);
#1547 = EDGE_CURVE('',#1237,#1517,#1548,.T.);
#1548 = LINE('',#1549,#1550);
#1549 = CARTESIAN_POINT('',(-4.25,3.5,-1.));
#1550 = VECTOR('',#1551,1.);
#1551 = DIRECTION('',(0.,-1.,-1.885568995627E-16));
#1552 = PLANE('',#1553);
#1553 = AXIS2_PLACEMENT_3D('',#1554,#1555,#1556);
#1554 = CARTESIAN_POINT('',(-4.25,3.5,-1.));
#1555 = DIRECTION('',(0.,1.885568995627E-16,-1.));
#1556 = DIRECTION('',(0.,1.,1.885568995627E-16));
#1557 = ADVANCED_FACE('',(#1558),#1578,.T.);
#1558 = FACE_BOUND('',#1559,.T.);
#1559 = EDGE_LOOP('',(#1560,#1561,#1562,#1570,#1576,#1577));
#1560 = ORIENTED_EDGE('',*,*,#1439,.T.);
#1561 = ORIENTED_EDGE('',*,*,#839,.T.);
#1562 = ORIENTED_EDGE('',*,*,#1563,.T.);
#1563 = EDGE_CURVE('',#832,#1564,#1566,.T.);
#1564 = VERTEX_POINT('',#1565);
#1565 = CARTESIAN_POINT('',(-4.5,2.3,-1.68));
#1566 = LINE('',#1567,#1568);
#1567 = CARTESIAN_POINT('',(-4.5,2.3,-1.8));
#1568 = VECTOR('',#1569,1.);
#1569 = DIRECTION('',(0.,0.,1.));
#1570 = ORIENTED_EDGE('',*,*,#1571,.F.);
#1571 = EDGE_CURVE('',#1501,#1564,#1572,.T.);
#1572 = LINE('',#1573,#1574);
#1573 = CARTESIAN_POINT('',(-4.5,2.35,-1.68));
#1574 = VECTOR('',#1575,1.);
#1575 = DIRECTION('',(0.,-1.,0.));
#1576 = ORIENTED_EDGE('',*,*,#1498,.F.);
#1577 = ORIENTED_EDGE('',*,*,#1540,.F.);
#1578 = PLANE('',#1579);
#1579 = AXIS2_PLACEMENT_3D('',#1580,#1581,#1582);
#1580 = CARTESIAN_POINT('',(-4.5,2.3,-1.8));
#1581 = DIRECTION('',(-1.,0.,0.));
#1582 = DIRECTION('',(0.,0.,1.));
#1583 = ADVANCED_FACE('',(#1584),#1610,.F.);
#1584 = FACE_BOUND('',#1585,.T.);
#1585 = EDGE_LOOP('',(#1586,#1594,#1602,#1608,#1609));
#1586 = ORIENTED_EDGE('',*,*,#1587,.F.);
#1587 = EDGE_CURVE('',#1588,#1245,#1590,.T.);
#1588 = VERTEX_POINT('',#1589);
#1589 = CARTESIAN_POINT('',(-4.25,2.35,1.));
#1590 = LINE('',#1591,#1592);
#1591 = CARTESIAN_POINT('',(-4.25,2.35,1.));
#1592 = VECTOR('',#1593,1.);
#1593 = DIRECTION('',(0.,1.,1.885568995627E-16));
#1594 = ORIENTED_EDGE('',*,*,#1595,.T.);
#1595 = EDGE_CURVE('',#1588,#1596,#1598,.T.);
#1596 = VERTEX_POINT('',#1597);
#1597 = CARTESIAN_POINT('',(-4.5,2.35,1.));
#1598 = LINE('',#1599,#1600);
#1599 = CARTESIAN_POINT('',(-4.25,2.35,1.));
#1600 = VECTOR('',#1601,1.);
#1601 = DIRECTION('',(-1.,-0.,-0.));
#1602 = ORIENTED_EDGE('',*,*,#1603,.T.);
#1603 = EDGE_CURVE('',#1596,#1384,#1604,.T.);
#1604 = LINE('',#1605,#1606);
#1605 = CARTESIAN_POINT('',(-4.5,2.35,1.));
#1606 = VECTOR('',#1607,1.);
#1607 = DIRECTION('',(0.,1.,1.885568995627E-16));
#1608 = ORIENTED_EDGE('',*,*,#1383,.T.);
#1609 = ORIENTED_EDGE('',*,*,#1252,.F.);
#1610 = PLANE('',#1611);
#1611 = AXIS2_PLACEMENT_3D('',#1612,#1613,#1614);
#1612 = CARTESIAN_POINT('',(-4.25,2.35,1.));
#1613 = DIRECTION('',(0.,-1.885568995627E-16,1.));
#1614 = DIRECTION('',(0.,-1.,-1.885568995627E-16));
#1615 = ADVANCED_FACE('',(#1616),#1650,.F.);
#1616 = FACE_BOUND('',#1617,.T.);
#1617 = EDGE_LOOP('',(#1618,#1628,#1636,#1644));
#1618 = ORIENTED_EDGE('',*,*,#1619,.T.);
#1619 = EDGE_CURVE('',#1620,#1622,#1624,.T.);
#1620 = VERTEX_POINT('',#1621);
#1621 = CARTESIAN_POINT('',(-4.25,2.3,1.68));
#1622 = VERTEX_POINT('',#1623);
#1623 = CARTESIAN_POINT('',(-4.5,2.3,1.68));
#1624 = LINE('',#1625,#1626);
#1625 = CARTESIAN_POINT('',(-4.25,2.3,1.68));
#1626 = VECTOR('',#1627,1.);
#1627 = DIRECTION('',(-1.,0.,0.));
#1628 = ORIENTED_EDGE('',*,*,#1629,.T.);
#1629 = EDGE_CURVE('',#1622,#1630,#1632,.T.);
#1630 = VERTEX_POINT('',#1631);
#1631 = CARTESIAN_POINT('',(-4.5,2.35,1.68));
#1632 = LINE('',#1633,#1634);
#1633 = CARTESIAN_POINT('',(-4.5,1.6,1.68));
#1634 = VECTOR('',#1635,1.);
#1635 = DIRECTION('',(0.,1.,0.));
#1636 = ORIENTED_EDGE('',*,*,#1637,.F.);
#1637 = EDGE_CURVE('',#1638,#1630,#1640,.T.);
#1638 = VERTEX_POINT('',#1639);
#1639 = CARTESIAN_POINT('',(-4.25,2.35,1.68));
#1640 = LINE('',#1641,#1642);
#1641 = CARTESIAN_POINT('',(-4.25,2.35,1.68));
#1642 = VECTOR('',#1643,1.);
#1643 = DIRECTION('',(-1.,-0.,-0.));
#1644 = ORIENTED_EDGE('',*,*,#1645,.F.);
#1645 = EDGE_CURVE('',#1620,#1638,#1646,.T.);
#1646 = LINE('',#1647,#1648);
#1647 = CARTESIAN_POINT('',(-4.25,1.6,1.68));
#1648 = VECTOR('',#1649,1.);
#1649 = DIRECTION('',(0.,1.,0.));
#1650 = PLANE('',#1651);
#1651 = AXIS2_PLACEMENT_3D('',#1652,#1653,#1654);
#1652 = CARTESIAN_POINT('',(-4.25,1.6,1.68));
#1653 = DIRECTION('',(0.,0.,1.));
#1654 = DIRECTION('',(1.,0.,-0.));
#1655 = ADVANCED_FACE('',(#1656),#1672,.T.);
#1656 = FACE_BOUND('',#1657,.T.);
#1657 = EDGE_LOOP('',(#1658,#1659,#1665,#1666));
#1658 = ORIENTED_EDGE('',*,*,#1619,.F.);
#1659 = ORIENTED_EDGE('',*,*,#1660,.T.);
#1660 = EDGE_CURVE('',#1620,#694,#1661,.T.);
#1661 = LINE('',#1662,#1663);
#1662 = CARTESIAN_POINT('',(-4.25,2.3,-1.8));
#1663 = VECTOR('',#1664,1.);
#1664 = DIRECTION('',(0.,0.,1.));
#1665 = ORIENTED_EDGE('',*,*,#693,.F.);
#1666 = ORIENTED_EDGE('',*,*,#1667,.F.);
#1667 = EDGE_CURVE('',#1622,#686,#1668,.T.);
#1668 = LINE('',#1669,#1670);
#1669 = CARTESIAN_POINT('',(-4.5,2.3,-1.8));
#1670 = VECTOR('',#1671,1.);
#1671 = DIRECTION('',(0.,0.,1.));
#1672 = PLANE('',#1673);
#1673 = AXIS2_PLACEMENT_3D('',#1674,#1675,#1676);
#1674 = CARTESIAN_POINT('',(-4.25,2.3,-1.8));
#1675 = DIRECTION('',(0.,-1.,0.));
#1676 = DIRECTION('',(0.,-0.,-1.));
#1677 = ADVANCED_FACE('',(#1678),#1691,.T.);
#1678 = FACE_BOUND('',#1679,.T.);
#1679 = EDGE_LOOP('',(#1680,#1686,#1687,#1688,#1689,#1690));
#1680 = ORIENTED_EDGE('',*,*,#1681,.F.);
#1681 = EDGE_CURVE('',#1630,#1596,#1682,.T.);
#1682 = LINE('',#1683,#1684);
#1683 = CARTESIAN_POINT('',(-4.5,2.35,1.68));
#1684 = VECTOR('',#1685,1.);
#1685 = DIRECTION('',(0.,0.,-1.));
#1686 = ORIENTED_EDGE('',*,*,#1629,.F.);
#1687 = ORIENTED_EDGE('',*,*,#1667,.T.);
#1688 = ORIENTED_EDGE('',*,*,#685,.F.);
#1689 = ORIENTED_EDGE('',*,*,#1391,.F.);
#1690 = ORIENTED_EDGE('',*,*,#1603,.F.);
#1691 = PLANE('',#1692);
#1692 = AXIS2_PLACEMENT_3D('',#1693,#1694,#1695);
#1693 = CARTESIAN_POINT('',(-4.5,2.3,-1.8));
#1694 = DIRECTION('',(-1.,0.,0.));
#1695 = DIRECTION('',(0.,0.,1.));
#1696 = ADVANCED_FACE('',(#1697),#1708,.F.);
#1697 = FACE_BOUND('',#1698,.T.);
#1698 = EDGE_LOOP('',(#1699,#1705,#1706,#1707));
#1699 = ORIENTED_EDGE('',*,*,#1700,.F.);
#1700 = EDGE_CURVE('',#1638,#1588,#1701,.T.);
#1701 = LINE('',#1702,#1703);
#1702 = CARTESIAN_POINT('',(-4.25,2.35,1.68));
#1703 = VECTOR('',#1704,1.);
#1704 = DIRECTION('',(0.,0.,-1.));
#1705 = ORIENTED_EDGE('',*,*,#1637,.T.);
#1706 = ORIENTED_EDGE('',*,*,#1681,.T.);
#1707 = ORIENTED_EDGE('',*,*,#1595,.F.);
#1708 = PLANE('',#1709);
#1709 = AXIS2_PLACEMENT_3D('',#1710,#1711,#1712);
#1710 = CARTESIAN_POINT('',(-4.25,2.35,1.68));
#1711 = DIRECTION('',(-0.,1.,0.));
#1712 = DIRECTION('',(0.,0.,1.));
#1713 = ADVANCED_FACE('',(#1714),#1740,.F.);
#1714 = FACE_BOUND('',#1715,.T.);
#1715 = EDGE_LOOP('',(#1716,#1717,#1718,#1726,#1734));
#1716 = ORIENTED_EDGE('',*,*,#1286,.T.);
#1717 = ORIENTED_EDGE('',*,*,#1038,.T.);
#1718 = ORIENTED_EDGE('',*,*,#1719,.T.);
#1719 = EDGE_CURVE('',#1031,#1720,#1722,.T.);
#1720 = VERTEX_POINT('',#1721);
#1721 = CARTESIAN_POINT('',(4.5,2.35,1.));
#1722 = LINE('',#1723,#1724);
#1723 = CARTESIAN_POINT('',(4.5,3.5,1.));
#1724 = VECTOR('',#1725,1.);
#1725 = DIRECTION('',(0.,-1.,-1.885568995627E-16));
#1726 = ORIENTED_EDGE('',*,*,#1727,.F.);
#1727 = EDGE_CURVE('',#1728,#1720,#1730,.T.);
#1728 = VERTEX_POINT('',#1729);
#1729 = CARTESIAN_POINT('',(4.25,2.35,1.));
#1730 = LINE('',#1731,#1732);
#1731 = CARTESIAN_POINT('',(4.25,2.35,1.));
#1732 = VECTOR('',#1733,1.);
#1733 = DIRECTION('',(1.,-0.,-0.));
#1734 = ORIENTED_EDGE('',*,*,#1735,.F.);
#1735 = EDGE_CURVE('',#1287,#1728,#1736,.T.);
#1736 = LINE('',#1737,#1738);
#1737 = CARTESIAN_POINT('',(4.25,3.5,1.));
#1738 = VECTOR('',#1739,1.);
#1739 = DIRECTION('',(0.,-1.,-1.885568995627E-16));
#1740 = PLANE('',#1741);
#1741 = AXIS2_PLACEMENT_3D('',#1742,#1743,#1744);
#1742 = CARTESIAN_POINT('',(4.25,3.5,1.));
#1743 = DIRECTION('',(0.,-1.885568995627E-16,1.));
#1744 = DIRECTION('',(0.,-1.,-1.885568995627E-16));
#1745 = ADVANCED_FACE('',(#1746),#1762,.T.);
#1746 = FACE_BOUND('',#1747,.T.);
#1747 = EDGE_LOOP('',(#1748,#1754,#1755,#1761));
#1748 = ORIENTED_EDGE('',*,*,#1749,.F.);
#1749 = EDGE_CURVE('',#816,#702,#1750,.T.);
#1750 = LINE('',#1751,#1752);
#1751 = CARTESIAN_POINT('',(-4.25,0.87,-1.8));
#1752 = VECTOR('',#1753,1.);
#1753 = DIRECTION('',(0.,0.,1.));
#1754 = ORIENTED_EDGE('',*,*,#815,.T.);
#1755 = ORIENTED_EDGE('',*,*,#1756,.T.);
#1756 = EDGE_CURVE('',#808,#710,#1757,.T.);
#1757 = LINE('',#1758,#1759);
#1758 = CARTESIAN_POINT('',(-4.02,0.87,-1.8));
#1759 = VECTOR('',#1760,1.);
#1760 = DIRECTION('',(0.,0.,1.));
#1761 = ORIENTED_EDGE('',*,*,#709,.F.);
#1762 = PLANE('',#1763);
#1763 = AXIS2_PLACEMENT_3D('',#1764,#1765,#1766);
#1764 = CARTESIAN_POINT('',(-4.02,0.87,-1.8));
#1765 = DIRECTION('',(0.,-1.,0.));
#1766 = DIRECTION('',(0.,-0.,-1.));
#1767 = ADVANCED_FACE('',(#1768),#1774,.T.);
#1768 = FACE_BOUND('',#1769,.T.);
#1769 = EDGE_LOOP('',(#1770,#1771,#1772,#1773));
#1770 = ORIENTED_EDGE('',*,*,#1756,.F.);
#1771 = ORIENTED_EDGE('',*,*,#807,.T.);
#1772 = ORIENTED_EDGE('',*,*,#432,.T.);
#1773 = ORIENTED_EDGE('',*,*,#717,.F.);
#1774 = PLANE('',#1775);
#1775 = AXIS2_PLACEMENT_3D('',#1776,#1777,#1778);
#1776 = CARTESIAN_POINT('',(-4.02,0.33,-1.8));
#1777 = DIRECTION('',(-1.,0.,0.));
#1778 = DIRECTION('',(0.,0.,1.));
#1779 = ADVANCED_FACE('',(#1780),#1791,.T.);
#1780 = FACE_BOUND('',#1781,.T.);
#1781 = EDGE_LOOP('',(#1782,#1783,#1784,#1790));
#1782 = ORIENTED_EDGE('',*,*,#320,.F.);
#1783 = ORIENTED_EDGE('',*,*,#935,.T.);
#1784 = ORIENTED_EDGE('',*,*,#1785,.T.);
#1785 = EDGE_CURVE('',#928,#590,#1786,.T.);
#1786 = LINE('',#1787,#1788);
#1787 = CARTESIAN_POINT('',(4.02,0.87,-1.8));
#1788 = VECTOR('',#1789,1.);
#1789 = DIRECTION('',(0.,0.,1.));
#1790 = ORIENTED_EDGE('',*,*,#589,.F.);
#1791 = PLANE('',#1792);
#1792 = AXIS2_PLACEMENT_3D('',#1793,#1794,#1795);
#1793 = CARTESIAN_POINT('',(4.02,0.33,-1.8));
#1794 = DIRECTION('',(1.,0.,0.));
#1795 = DIRECTION('',(0.,0.,-1.));
#1796 = ADVANCED_FACE('',(#1797),#1808,.T.);
#1797 = FACE_BOUND('',#1798,.T.);
#1798 = EDGE_LOOP('',(#1799,#1800,#1801,#1807));
#1799 = ORIENTED_EDGE('',*,*,#1785,.F.);
#1800 = ORIENTED_EDGE('',*,*,#927,.T.);
#1801 = ORIENTED_EDGE('',*,*,#1802,.T.);
#1802 = EDGE_CURVE('',#920,#598,#1803,.T.);
#1803 = LINE('',#1804,#1805);
#1804 = CARTESIAN_POINT('',(4.25,0.87,-1.8));
#1805 = VECTOR('',#1806,1.);
#1806 = DIRECTION('',(0.,0.,1.));
#1807 = ORIENTED_EDGE('',*,*,#597,.F.);
#1808 = PLANE('',#1809);
#1809 = AXIS2_PLACEMENT_3D('',#1810,#1811,#1812);
#1810 = CARTESIAN_POINT('',(4.02,0.87,-1.8));
#1811 = DIRECTION('',(4.713922489067E-16,-1.,0.));
#1812 = DIRECTION('',(1.,4.713922489067E-16,0.));
#1813 = ADVANCED_FACE('',(#1814),#1873,.T.);
#1814 = FACE_BOUND('',#1815,.T.);
#1815 = EDGE_LOOP('',(#1816,#1817,#1818,#1826,#1834,#1842,#1848,#1849,
    #1850,#1858,#1866,#1872));
#1816 = ORIENTED_EDGE('',*,*,#1802,.F.);
#1817 = ORIENTED_EDGE('',*,*,#919,.T.);
#1818 = ORIENTED_EDGE('',*,*,#1819,.T.);
#1819 = EDGE_CURVE('',#912,#1820,#1822,.T.);
#1820 = VERTEX_POINT('',#1821);
#1821 = CARTESIAN_POINT('',(4.25,2.3,-1.68));
#1822 = LINE('',#1823,#1824);
#1823 = CARTESIAN_POINT('',(4.25,2.3,-1.8));
#1824 = VECTOR('',#1825,1.);
#1825 = DIRECTION('',(0.,0.,1.));
#1826 = ORIENTED_EDGE('',*,*,#1827,.T.);
#1827 = EDGE_CURVE('',#1820,#1828,#1830,.T.);
#1828 = VERTEX_POINT('',#1829);
#1829 = CARTESIAN_POINT('',(4.25,2.35,-1.68));
#1830 = LINE('',#1831,#1832);
#1831 = CARTESIAN_POINT('',(4.25,2.35,-1.68));
#1832 = VECTOR('',#1833,1.);
#1833 = DIRECTION('',(-0.,1.,-0.));
#1834 = ORIENTED_EDGE('',*,*,#1835,.T.);
#1835 = EDGE_CURVE('',#1828,#1836,#1838,.T.);
#1836 = VERTEX_POINT('',#1837);
#1837 = CARTESIAN_POINT('',(4.25,2.35,-1.));
#1838 = LINE('',#1839,#1840);
#1839 = CARTESIAN_POINT('',(4.25,2.35,-1.));
#1840 = VECTOR('',#1841,1.);
#1841 = DIRECTION('',(-0.,-0.,1.));
#1842 = ORIENTED_EDGE('',*,*,#1843,.T.);
#1843 = EDGE_CURVE('',#1836,#1295,#1844,.T.);
#1844 = LINE('',#1845,#1846);
#1845 = CARTESIAN_POINT('',(4.25,3.5,-1.));
#1846 = VECTOR('',#1847,1.);
#1847 = DIRECTION('',(-0.,1.,1.885568995627E-16));
#1848 = ORIENTED_EDGE('',*,*,#1294,.T.);
#1849 = ORIENTED_EDGE('',*,*,#1735,.T.);
#1850 = ORIENTED_EDGE('',*,*,#1851,.T.);
#1851 = EDGE_CURVE('',#1728,#1852,#1854,.T.);
#1852 = VERTEX_POINT('',#1853);
#1853 = CARTESIAN_POINT('',(4.25,2.35,1.68));
#1854 = LINE('',#1855,#1856);
#1855 = CARTESIAN_POINT('',(4.25,2.35,1.));
#1856 = VECTOR('',#1857,1.);
#1857 = DIRECTION('',(0.,0.,1.));
#1858 = ORIENTED_EDGE('',*,*,#1859,.T.);
#1859 = EDGE_CURVE('',#1852,#1860,#1862,.T.);
#1860 = VERTEX_POINT('',#1861);
#1861 = CARTESIAN_POINT('',(4.25,2.3,1.68));
#1862 = LINE('',#1863,#1864);
#1863 = CARTESIAN_POINT('',(4.25,2.35,1.68));
#1864 = VECTOR('',#1865,1.);
#1865 = DIRECTION('',(0.,-1.,0.));
#1866 = ORIENTED_EDGE('',*,*,#1867,.T.);
#1867 = EDGE_CURVE('',#1860,#606,#1868,.T.);
#1868 = LINE('',#1869,#1870);
#1869 = CARTESIAN_POINT('',(4.25,2.3,-1.8));
#1870 = VECTOR('',#1871,1.);
#1871 = DIRECTION('',(0.,0.,1.));
#1872 = ORIENTED_EDGE('',*,*,#605,.F.);
#1873 = PLANE('',#1874);
#1874 = AXIS2_PLACEMENT_3D('',#1875,#1876,#1877);
#1875 = CARTESIAN_POINT('',(4.25,0.87,-1.8));
#1876 = DIRECTION('',(1.,-1.213093339844E-15,0.));
#1877 = DIRECTION('',(1.213093339844E-15,1.,0.));
#1878 = ADVANCED_FACE('',(#1879),#1897,.T.);
#1879 = FACE_BOUND('',#1880,.T.);
#1880 = EDGE_LOOP('',(#1881,#1889,#1895,#1896));
#1881 = ORIENTED_EDGE('',*,*,#1882,.F.);
#1882 = EDGE_CURVE('',#1883,#1860,#1885,.T.);
#1883 = VERTEX_POINT('',#1884);
#1884 = CARTESIAN_POINT('',(4.5,2.3,1.68));
#1885 = LINE('',#1886,#1887);
#1886 = CARTESIAN_POINT('',(4.25,2.3,1.68));
#1887 = VECTOR('',#1888,1.);
#1888 = DIRECTION('',(-1.,-1.734723475977E-15,0.));
#1889 = ORIENTED_EDGE('',*,*,#1890,.T.);
#1890 = EDGE_CURVE('',#1883,#614,#1891,.T.);
#1891 = LINE('',#1892,#1893);
#1892 = CARTESIAN_POINT('',(4.5,2.3,-1.8));
#1893 = VECTOR('',#1894,1.);
#1894 = DIRECTION('',(0.,0.,1.));
#1895 = ORIENTED_EDGE('',*,*,#613,.F.);
#1896 = ORIENTED_EDGE('',*,*,#1867,.F.);
#1897 = PLANE('',#1898);
#1898 = AXIS2_PLACEMENT_3D('',#1899,#1900,#1901);
#1899 = CARTESIAN_POINT('',(4.25,2.3,-1.8));
#1900 = DIRECTION('',(1.734723475977E-15,-1.,0.));
#1901 = DIRECTION('',(1.,1.734723475977E-15,0.));
#1902 = ADVANCED_FACE('',(#1903),#1923,.T.);
#1903 = FACE_BOUND('',#1904,.T.);
#1904 = EDGE_LOOP('',(#1905,#1906,#1907,#1908,#1916,#1922));
#1905 = ORIENTED_EDGE('',*,*,#1030,.T.);
#1906 = ORIENTED_EDGE('',*,*,#621,.F.);
#1907 = ORIENTED_EDGE('',*,*,#1890,.F.);
#1908 = ORIENTED_EDGE('',*,*,#1909,.F.);
#1909 = EDGE_CURVE('',#1910,#1883,#1912,.T.);
#1910 = VERTEX_POINT('',#1911);
#1911 = CARTESIAN_POINT('',(4.5,2.35,1.68));
#1912 = LINE('',#1913,#1914);
#1913 = CARTESIAN_POINT('',(4.5,2.35,1.68));
#1914 = VECTOR('',#1915,1.);
#1915 = DIRECTION('',(0.,-1.,0.));
#1916 = ORIENTED_EDGE('',*,*,#1917,.F.);
#1917 = EDGE_CURVE('',#1720,#1910,#1918,.T.);
#1918 = LINE('',#1919,#1920);
#1919 = CARTESIAN_POINT('',(4.5,2.35,1.));
#1920 = VECTOR('',#1921,1.);
#1921 = DIRECTION('',(0.,0.,1.));
#1922 = ORIENTED_EDGE('',*,*,#1719,.F.);
#1923 = PLANE('',#1924);
#1924 = AXIS2_PLACEMENT_3D('',#1925,#1926,#1927);
#1925 = CARTESIAN_POINT('',(4.5,2.3,-1.8));
#1926 = DIRECTION('',(1.,0.,0.));
#1927 = DIRECTION('',(0.,0.,-1.));
#1928 = ADVANCED_FACE('',(#1929),#1940,.F.);
#1929 = FACE_BOUND('',#1930,.T.);
#1930 = EDGE_LOOP('',(#1931,#1932,#1938,#1939));
#1931 = ORIENTED_EDGE('',*,*,#1917,.T.);
#1932 = ORIENTED_EDGE('',*,*,#1933,.F.);
#1933 = EDGE_CURVE('',#1852,#1910,#1934,.T.);
#1934 = LINE('',#1935,#1936);
#1935 = CARTESIAN_POINT('',(4.25,2.35,1.68));
#1936 = VECTOR('',#1937,1.);
#1937 = DIRECTION('',(1.,-0.,-0.));
#1938 = ORIENTED_EDGE('',*,*,#1851,.F.);
#1939 = ORIENTED_EDGE('',*,*,#1727,.T.);
#1940 = PLANE('',#1941);
#1941 = AXIS2_PLACEMENT_3D('',#1942,#1943,#1944);
#1942 = CARTESIAN_POINT('',(4.25,2.35,1.));
#1943 = DIRECTION('',(0.,1.,-0.));
#1944 = DIRECTION('',(0.,0.,1.));
#1945 = ADVANCED_FACE('',(#1946),#1971,.F.);
#1946 = FACE_BOUND('',#1947,.T.);
#1947 = EDGE_LOOP('',(#1948,#1949,#1957,#1965));
#1948 = ORIENTED_EDGE('',*,*,#1835,.F.);
#1949 = ORIENTED_EDGE('',*,*,#1950,.T.);
#1950 = EDGE_CURVE('',#1828,#1951,#1953,.T.);
#1951 = VERTEX_POINT('',#1952);
#1952 = CARTESIAN_POINT('',(4.5,2.35,-1.68));
#1953 = LINE('',#1954,#1955);
#1954 = CARTESIAN_POINT('',(4.25,2.35,-1.68));
#1955 = VECTOR('',#1956,1.);
#1956 = DIRECTION('',(1.,-0.,-0.));
#1957 = ORIENTED_EDGE('',*,*,#1958,.T.);
#1958 = EDGE_CURVE('',#1951,#1959,#1961,.T.);
#1959 = VERTEX_POINT('',#1960);
#1960 = CARTESIAN_POINT('',(4.5,2.35,-1.));
#1961 = LINE('',#1962,#1963);
#1962 = CARTESIAN_POINT('',(4.5,2.35,-1.));
#1963 = VECTOR('',#1964,1.);
#1964 = DIRECTION('',(-0.,-0.,1.));
#1965 = ORIENTED_EDGE('',*,*,#1966,.F.);
#1966 = EDGE_CURVE('',#1836,#1959,#1967,.T.);
#1967 = LINE('',#1968,#1969);
#1968 = CARTESIAN_POINT('',(4.25,2.35,-1.));
#1969 = VECTOR('',#1970,1.);
#1970 = DIRECTION('',(1.,-0.,-0.));
#1971 = PLANE('',#1972);
#1972 = AXIS2_PLACEMENT_3D('',#1973,#1974,#1975);
#1973 = CARTESIAN_POINT('',(4.25,2.35,-1.));
#1974 = DIRECTION('',(0.,1.,0.));
#1975 = DIRECTION('',(0.,-0.,1.));
#1976 = ADVANCED_FACE('',(#1977),#1989,.F.);
#1977 = FACE_BOUND('',#1978,.T.);
#1978 = EDGE_LOOP('',(#1979,#1985,#1986,#1987,#1988));
#1979 = ORIENTED_EDGE('',*,*,#1980,.T.);
#1980 = EDGE_CURVE('',#1959,#1110,#1981,.T.);
#1981 = LINE('',#1982,#1983);
#1982 = CARTESIAN_POINT('',(4.5,3.5,-1.));
#1983 = VECTOR('',#1984,1.);
#1984 = DIRECTION('',(-0.,1.,1.885568995627E-16));
#1985 = ORIENTED_EDGE('',*,*,#1109,.T.);
#1986 = ORIENTED_EDGE('',*,*,#1302,.T.);
#1987 = ORIENTED_EDGE('',*,*,#1843,.F.);
#1988 = ORIENTED_EDGE('',*,*,#1966,.T.);
#1989 = PLANE('',#1990);
#1990 = AXIS2_PLACEMENT_3D('',#1991,#1992,#1993);
#1991 = CARTESIAN_POINT('',(4.25,3.5,-1.));
#1992 = DIRECTION('',(0.,1.885568995627E-16,-1.));
#1993 = DIRECTION('',(0.,1.,1.885568995627E-16));
#1994 = ADVANCED_FACE('',(#1995),#2001,.F.);
#1995 = FACE_BOUND('',#1996,.T.);
#1996 = EDGE_LOOP('',(#1997,#1998,#1999,#2000));
#1997 = ORIENTED_EDGE('',*,*,#1882,.T.);
#1998 = ORIENTED_EDGE('',*,*,#1859,.F.);
#1999 = ORIENTED_EDGE('',*,*,#1933,.T.);
#2000 = ORIENTED_EDGE('',*,*,#1909,.T.);
#2001 = PLANE('',#2002);
#2002 = AXIS2_PLACEMENT_3D('',#2003,#2004,#2005);
#2003 = CARTESIAN_POINT('',(4.25,2.35,1.68));
#2004 = DIRECTION('',(0.,0.,1.));
#2005 = DIRECTION('',(1.,0.,-0.));
#2006 = ADVANCED_FACE('',(#2007),#2027,.T.);
#2007 = FACE_BOUND('',#2008,.T.);
#2008 = EDGE_LOOP('',(#2009,#2010,#2018,#2024,#2025,#2026));
#2009 = ORIENTED_EDGE('',*,*,#1958,.F.);
#2010 = ORIENTED_EDGE('',*,*,#2011,.F.);
#2011 = EDGE_CURVE('',#2012,#1951,#2014,.T.);
#2012 = VERTEX_POINT('',#2013);
#2013 = CARTESIAN_POINT('',(4.5,2.3,-1.68));
#2014 = LINE('',#2015,#2016);
#2015 = CARTESIAN_POINT('',(4.5,2.35,-1.68));
#2016 = VECTOR('',#2017,1.);
#2017 = DIRECTION('',(-0.,1.,-0.));
#2018 = ORIENTED_EDGE('',*,*,#2019,.F.);
#2019 = EDGE_CURVE('',#904,#2012,#2020,.T.);
#2020 = LINE('',#2021,#2022);
#2021 = CARTESIAN_POINT('',(4.5,2.3,-1.8));
#2022 = VECTOR('',#2023,1.);
#2023 = DIRECTION('',(0.,0.,1.));
#2024 = ORIENTED_EDGE('',*,*,#903,.T.);
#2025 = ORIENTED_EDGE('',*,*,#1117,.F.);
#2026 = ORIENTED_EDGE('',*,*,#1980,.F.);
#2027 = PLANE('',#2028);
#2028 = AXIS2_PLACEMENT_3D('',#2029,#2030,#2031);
#2029 = CARTESIAN_POINT('',(4.5,2.3,-1.8));
#2030 = DIRECTION('',(1.,0.,0.));
#2031 = DIRECTION('',(0.,0.,-1.));
#2032 = ADVANCED_FACE('',(#2033),#2059,.T.);
#2033 = FACE_BOUND('',#2034,.T.);
#2034 = EDGE_LOOP('',(#2035,#2036,#2044,#2050,#2051,#2052,#2053,#2054,
    #2055,#2056,#2057,#2058));
#2035 = ORIENTED_EDGE('',*,*,#1516,.T.);
#2036 = ORIENTED_EDGE('',*,*,#2037,.T.);
#2037 = EDGE_CURVE('',#1509,#2038,#2040,.T.);
#2038 = VERTEX_POINT('',#2039);
#2039 = CARTESIAN_POINT('',(-4.25,2.3,-1.68));
#2040 = LINE('',#2041,#2042);
#2041 = CARTESIAN_POINT('',(-4.25,2.35,-1.68));
#2042 = VECTOR('',#2043,1.);
#2043 = DIRECTION('',(0.,-1.,0.));
#2044 = ORIENTED_EDGE('',*,*,#2045,.F.);
#2045 = EDGE_CURVE('',#824,#2038,#2046,.T.);
#2046 = LINE('',#2047,#2048);
#2047 = CARTESIAN_POINT('',(-4.25,2.3,-1.8));
#2048 = VECTOR('',#2049,1.);
#2049 = DIRECTION('',(0.,0.,1.));
#2050 = ORIENTED_EDGE('',*,*,#823,.T.);
#2051 = ORIENTED_EDGE('',*,*,#1749,.T.);
#2052 = ORIENTED_EDGE('',*,*,#701,.F.);
#2053 = ORIENTED_EDGE('',*,*,#1660,.F.);
#2054 = ORIENTED_EDGE('',*,*,#1645,.T.);
#2055 = ORIENTED_EDGE('',*,*,#1700,.T.);
#2056 = ORIENTED_EDGE('',*,*,#1587,.T.);
#2057 = ORIENTED_EDGE('',*,*,#1244,.T.);
#2058 = ORIENTED_EDGE('',*,*,#1547,.T.);
#2059 = PLANE('',#2060);
#2060 = AXIS2_PLACEMENT_3D('',#2061,#2062,#2063);
#2061 = CARTESIAN_POINT('',(-4.25,0.87,-1.8));
#2062 = DIRECTION('',(-1.,-1.213093339844E-15,0.));
#2063 = DIRECTION('',(1.213093339844E-15,-1.,0.));
#2064 = ADVANCED_FACE('',(#2065),#2076,.T.);
#2065 = FACE_BOUND('',#2066,.T.);
#2066 = EDGE_LOOP('',(#2067,#2073,#2074,#2075));
#2067 = ORIENTED_EDGE('',*,*,#2068,.F.);
#2068 = EDGE_CURVE('',#1820,#2012,#2069,.T.);
#2069 = LINE('',#2070,#2071);
#2070 = CARTESIAN_POINT('',(4.25,2.3,-1.68));
#2071 = VECTOR('',#2072,1.);
#2072 = DIRECTION('',(1.,1.734723475977E-15,0.));
#2073 = ORIENTED_EDGE('',*,*,#1819,.F.);
#2074 = ORIENTED_EDGE('',*,*,#911,.T.);
#2075 = ORIENTED_EDGE('',*,*,#2019,.T.);
#2076 = PLANE('',#2077);
#2077 = AXIS2_PLACEMENT_3D('',#2078,#2079,#2080);
#2078 = CARTESIAN_POINT('',(4.25,2.3,-1.8));
#2079 = DIRECTION('',(1.734723475977E-15,-1.,0.));
#2080 = DIRECTION('',(1.,1.734723475977E-15,0.));
#2081 = ADVANCED_FACE('',(#2082),#2088,.F.);
#2082 = FACE_BOUND('',#2083,.T.);
#2083 = EDGE_LOOP('',(#2084,#2085,#2086,#2087));
#2084 = ORIENTED_EDGE('',*,*,#2068,.T.);
#2085 = ORIENTED_EDGE('',*,*,#2011,.T.);
#2086 = ORIENTED_EDGE('',*,*,#1950,.F.);
#2087 = ORIENTED_EDGE('',*,*,#1827,.F.);
#2088 = PLANE('',#2089);
#2089 = AXIS2_PLACEMENT_3D('',#2090,#2091,#2092);
#2090 = CARTESIAN_POINT('',(4.25,2.35,-1.68));
#2091 = DIRECTION('',(-0.,0.,-1.));
#2092 = DIRECTION('',(-1.,0.,0.));
#2093 = ADVANCED_FACE('',(#2094),#2105,.F.);
#2094 = FACE_BOUND('',#2095,.T.);
#2095 = EDGE_LOOP('',(#2096,#2102,#2103,#2104));
#2096 = ORIENTED_EDGE('',*,*,#2097,.T.);
#2097 = EDGE_CURVE('',#1564,#2038,#2098,.T.);
#2098 = LINE('',#2099,#2100);
#2099 = CARTESIAN_POINT('',(-4.25,2.3,-1.68));
#2100 = VECTOR('',#2101,1.);
#2101 = DIRECTION('',(1.,0.,0.));
#2102 = ORIENTED_EDGE('',*,*,#2037,.F.);
#2103 = ORIENTED_EDGE('',*,*,#1508,.T.);
#2104 = ORIENTED_EDGE('',*,*,#1571,.T.);
#2105 = PLANE('',#2106);
#2106 = AXIS2_PLACEMENT_3D('',#2107,#2108,#2109);
#2107 = CARTESIAN_POINT('',(-4.25,2.35,-1.68));
#2108 = DIRECTION('',(0.,0.,-1.));
#2109 = DIRECTION('',(-1.,0.,-0.));
#2110 = ADVANCED_FACE('',(#2111),#2117,.T.);
#2111 = FACE_BOUND('',#2112,.T.);
#2112 = EDGE_LOOP('',(#2113,#2114,#2115,#2116));
#2113 = ORIENTED_EDGE('',*,*,#2097,.F.);
#2114 = ORIENTED_EDGE('',*,*,#1563,.F.);
#2115 = ORIENTED_EDGE('',*,*,#831,.T.);
#2116 = ORIENTED_EDGE('',*,*,#2045,.T.);
#2117 = PLANE('',#2118);
#2118 = AXIS2_PLACEMENT_3D('',#2119,#2120,#2121);
#2119 = CARTESIAN_POINT('',(-4.25,2.3,-1.8));
#2120 = DIRECTION('',(0.,-1.,0.));
#2121 = DIRECTION('',(0.,-0.,-1.));
#2122 = ADVANCED_FACE('',(#2123),#2148,.F.);
#2123 = FACE_BOUND('',#2124,.T.);
#2124 = EDGE_LOOP('',(#2125,#2133,#2134,#2142));
#2125 = ORIENTED_EDGE('',*,*,#2126,.T.);
#2126 = EDGE_CURVE('',#2127,#1185,#2129,.T.);
#2127 = VERTEX_POINT('',#2128);
#2128 = CARTESIAN_POINT('',(-0.25,5.5,-0.75));
#2129 = LINE('',#2130,#2131);
#2130 = CARTESIAN_POINT('',(-0.25,9.62132034356,-0.75));
#2131 = VECTOR('',#2132,1.);
#2132 = DIRECTION('',(-0.,-1.,-0.));
#2133 = ORIENTED_EDGE('',*,*,#1184,.T.);
#2134 = ORIENTED_EDGE('',*,*,#2135,.F.);
#2135 = EDGE_CURVE('',#2136,#1175,#2138,.T.);
#2136 = VERTEX_POINT('',#2137);
#2137 = CARTESIAN_POINT('',(-1.75,5.5,-0.75));
#2138 = LINE('',#2139,#2140);
#2139 = CARTESIAN_POINT('',(-1.75,9.62132034356,-0.75));
#2140 = VECTOR('',#2141,1.);
#2141 = DIRECTION('',(-0.,-1.,-0.));
#2142 = ORIENTED_EDGE('',*,*,#2143,.T.);
#2143 = EDGE_CURVE('',#2136,#2127,#2144,.T.);
#2144 = LINE('',#2145,#2146);
#2145 = CARTESIAN_POINT('',(-1.75,5.5,-0.75));
#2146 = VECTOR('',#2147,1.);
#2147 = DIRECTION('',(1.,0.,0.));
#2148 = PLANE('',#2149);
#2149 = AXIS2_PLACEMENT_3D('',#2150,#2151,#2152);
#2150 = CARTESIAN_POINT('',(-1.75,9.62132034356,-0.75));
#2151 = DIRECTION('',(0.,0.,1.));
#2152 = DIRECTION('',(1.,0.,-0.));
#2153 = ADVANCED_FACE('',(#2154),#2172,.F.);
#2154 = FACE_BOUND('',#2155,.T.);
#2155 = EDGE_LOOP('',(#2156,#2157,#2158,#2166));
#2156 = ORIENTED_EDGE('',*,*,#2135,.T.);
#2157 = ORIENTED_EDGE('',*,*,#1174,.T.);
#2158 = ORIENTED_EDGE('',*,*,#2159,.F.);
#2159 = EDGE_CURVE('',#2160,#1177,#2162,.T.);
#2160 = VERTEX_POINT('',#2161);
#2161 = CARTESIAN_POINT('',(-1.75,5.5,0.75));
#2162 = LINE('',#2163,#2164);
#2163 = CARTESIAN_POINT('',(-1.75,9.62132034356,0.75));
#2164 = VECTOR('',#2165,1.);
#2165 = DIRECTION('',(-0.,-1.,-0.));
#2166 = ORIENTED_EDGE('',*,*,#2167,.T.);
#2167 = EDGE_CURVE('',#2160,#2136,#2168,.T.);
#2168 = LINE('',#2169,#2170);
#2169 = CARTESIAN_POINT('',(-1.75,5.5,-0.75));
#2170 = VECTOR('',#2171,1.);
#2171 = DIRECTION('',(0.,0.,-1.));
#2172 = PLANE('',#2173);
#2173 = AXIS2_PLACEMENT_3D('',#2174,#2175,#2176);
#2174 = CARTESIAN_POINT('',(-1.75,9.62132034356,-0.75));
#2175 = DIRECTION('',(1.,0.,0.));
#2176 = DIRECTION('',(0.,0.,-1.));
#2177 = ADVANCED_FACE('',(#2178),#2196,.F.);
#2178 = FACE_BOUND('',#2179,.T.);
#2179 = EDGE_LOOP('',(#2180,#2188,#2194,#2195));
#2180 = ORIENTED_EDGE('',*,*,#2181,.F.);
#2181 = EDGE_CURVE('',#2182,#2160,#2184,.T.);
#2182 = VERTEX_POINT('',#2183);
#2183 = CARTESIAN_POINT('',(-0.25,5.5,0.75));
#2184 = LINE('',#2185,#2186);
#2185 = CARTESIAN_POINT('',(-1.75,5.5,0.75));
#2186 = VECTOR('',#2187,1.);
#2187 = DIRECTION('',(-1.,0.,0.));
#2188 = ORIENTED_EDGE('',*,*,#2189,.F.);
#2189 = EDGE_CURVE('',#2127,#2182,#2190,.T.);
#2190 = LINE('',#2191,#2192);
#2191 = CARTESIAN_POINT('',(-0.25,5.5,-0.75));
#2192 = VECTOR('',#2193,1.);
#2193 = DIRECTION('',(0.,0.,1.));
#2194 = ORIENTED_EDGE('',*,*,#2143,.F.);
#2195 = ORIENTED_EDGE('',*,*,#2167,.F.);
#2196 = PLANE('',#2197);
#2197 = AXIS2_PLACEMENT_3D('',#2198,#2199,#2200);
#2198 = CARTESIAN_POINT('',(0.,5.5,0.));
#2199 = DIRECTION('',(0.,-1.,-0.));
#2200 = DIRECTION('',(0.,0.,-1.));
#2201 = ADVANCED_FACE('',(#2202),#2213,.F.);
#2202 = FACE_BOUND('',#2203,.T.);
#2203 = EDGE_LOOP('',(#2204,#2210,#2211,#2212));
#2204 = ORIENTED_EDGE('',*,*,#2205,.T.);
#2205 = EDGE_CURVE('',#2182,#1193,#2206,.T.);
#2206 = LINE('',#2207,#2208);
#2207 = CARTESIAN_POINT('',(-0.25,9.62132034356,0.75));
#2208 = VECTOR('',#2209,1.);
#2209 = DIRECTION('',(-0.,-1.,-0.));
#2210 = ORIENTED_EDGE('',*,*,#1192,.T.);
#2211 = ORIENTED_EDGE('',*,*,#2126,.F.);
#2212 = ORIENTED_EDGE('',*,*,#2189,.T.);
#2213 = PLANE('',#2214);
#2214 = AXIS2_PLACEMENT_3D('',#2215,#2216,#2217);
#2215 = CARTESIAN_POINT('',(-0.25,9.62132034356,-0.75));
#2216 = DIRECTION('',(-1.,0.,0.));
#2217 = DIRECTION('',(0.,0.,1.));
#2218 = ADVANCED_FACE('',(#2219),#2225,.F.);
#2219 = FACE_BOUND('',#2220,.T.);
#2220 = EDGE_LOOP('',(#2221,#2222,#2223,#2224));
#2221 = ORIENTED_EDGE('',*,*,#2159,.T.);
#2222 = ORIENTED_EDGE('',*,*,#1200,.T.);
#2223 = ORIENTED_EDGE('',*,*,#2205,.F.);
#2224 = ORIENTED_EDGE('',*,*,#2181,.T.);
#2225 = PLANE('',#2226);
#2226 = AXIS2_PLACEMENT_3D('',#2227,#2228,#2229);
#2227 = CARTESIAN_POINT('',(-1.75,9.62132034356,0.75));
#2228 = DIRECTION('',(0.,0.,-1.));
#2229 = DIRECTION('',(-1.,0.,-0.));
#2230 = ADVANCED_FACE('',(#2231),#2256,.T.);
#2231 = FACE_BOUND('',#2232,.T.);
#2232 = EDGE_LOOP('',(#2233,#2241,#2242,#2250));
#2233 = ORIENTED_EDGE('',*,*,#2234,.F.);
#2234 = EDGE_CURVE('',#203,#2235,#2237,.T.);
#2235 = VERTEX_POINT('',#2236);
#2236 = CARTESIAN_POINT('',(3.75,0.,1.35));
#2237 = LINE('',#2238,#2239);
#2238 = CARTESIAN_POINT('',(3.75,0.,1.35));
#2239 = VECTOR('',#2240,1.);
#2240 = DIRECTION('',(-0.,-1.,-0.));
#2241 = ORIENTED_EDGE('',*,*,#202,.F.);
#2242 = ORIENTED_EDGE('',*,*,#2243,.T.);
#2243 = EDGE_CURVE('',#195,#2244,#2246,.T.);
#2244 = VERTEX_POINT('',#2245);
#2245 = CARTESIAN_POINT('',(3.45,0.,1.35));
#2246 = LINE('',#2247,#2248);
#2247 = CARTESIAN_POINT('',(3.45,0.,1.35));
#2248 = VECTOR('',#2249,1.);
#2249 = DIRECTION('',(-0.,-1.,-0.));
#2250 = ORIENTED_EDGE('',*,*,#2251,.T.);
#2251 = EDGE_CURVE('',#2244,#2235,#2252,.T.);
#2252 = LINE('',#2253,#2254);
#2253 = CARTESIAN_POINT('',(3.45,0.,1.35));
#2254 = VECTOR('',#2255,1.);
#2255 = DIRECTION('',(1.,0.,0.));
#2256 = PLANE('',#2257);
#2257 = AXIS2_PLACEMENT_3D('',#2258,#2259,#2260);
#2258 = CARTESIAN_POINT('',(3.45,0.,1.35));
#2259 = DIRECTION('',(0.,0.,1.));
#2260 = DIRECTION('',(1.,0.,-0.));
#2261 = ADVANCED_FACE('',(#2262),#2287,.T.);
#2262 = FACE_BOUND('',#2263,.T.);
#2263 = EDGE_LOOP('',(#2264,#2272,#2280,#2286));
#2264 = ORIENTED_EDGE('',*,*,#2265,.F.);
#2265 = EDGE_CURVE('',#2266,#211,#2268,.T.);
#2266 = VERTEX_POINT('',#2267);
#2267 = CARTESIAN_POINT('',(3.75,0.,0.85));
#2268 = LINE('',#2269,#2270);
#2269 = CARTESIAN_POINT('',(3.75,0.,0.85));
#2270 = VECTOR('',#2271,1.);
#2271 = DIRECTION('',(0.,1.,0.));
#2272 = ORIENTED_EDGE('',*,*,#2273,.F.);
#2273 = EDGE_CURVE('',#2274,#2266,#2276,.T.);
#2274 = VERTEX_POINT('',#2275);
#2275 = CARTESIAN_POINT('',(3.45,0.,0.85));
#2276 = LINE('',#2277,#2278);
#2277 = CARTESIAN_POINT('',(3.45,0.,0.85));
#2278 = VECTOR('',#2279,1.);
#2279 = DIRECTION('',(1.,0.,0.));
#2280 = ORIENTED_EDGE('',*,*,#2281,.T.);
#2281 = EDGE_CURVE('',#2274,#193,#2282,.T.);
#2282 = LINE('',#2283,#2284);
#2283 = CARTESIAN_POINT('',(3.45,0.,0.85));
#2284 = VECTOR('',#2285,1.);
#2285 = DIRECTION('',(0.,1.,0.));
#2286 = ORIENTED_EDGE('',*,*,#218,.T.);
#2287 = PLANE('',#2288);
#2288 = AXIS2_PLACEMENT_3D('',#2289,#2290,#2291);
#2289 = CARTESIAN_POINT('',(3.45,0.,0.85));
#2290 = DIRECTION('',(0.,0.,-1.));
#2291 = DIRECTION('',(-1.,0.,-0.));
#2292 = ADVANCED_FACE('',(#2293),#2309,.T.);
#2293 = FACE_BOUND('',#2294,.T.);
#2294 = EDGE_LOOP('',(#2295,#2301,#2302,#2308));
#2295 = ORIENTED_EDGE('',*,*,#2296,.F.);
#2296 = EDGE_CURVE('',#2235,#2266,#2297,.T.);
#2297 = LINE('',#2298,#2299);
#2298 = CARTESIAN_POINT('',(3.75,0.,1.35));
#2299 = VECTOR('',#2300,1.);
#2300 = DIRECTION('',(0.,0.,-1.));
#2301 = ORIENTED_EDGE('',*,*,#2251,.F.);
#2302 = ORIENTED_EDGE('',*,*,#2303,.T.);
#2303 = EDGE_CURVE('',#2244,#2274,#2304,.T.);
#2304 = LINE('',#2305,#2306);
#2305 = CARTESIAN_POINT('',(3.45,0.,1.35));
#2306 = VECTOR('',#2307,1.);
#2307 = DIRECTION('',(0.,0.,-1.));
#2308 = ORIENTED_EDGE('',*,*,#2273,.T.);
#2309 = PLANE('',#2310);
#2310 = AXIS2_PLACEMENT_3D('',#2311,#2312,#2313);
#2311 = CARTESIAN_POINT('',(3.45,0.,1.35));
#2312 = DIRECTION('',(0.,-1.,0.));
#2313 = DIRECTION('',(0.,-0.,-1.));
#2314 = ADVANCED_FACE('',(#2315),#2321,.T.);
#2315 = FACE_BOUND('',#2316,.T.);
#2316 = EDGE_LOOP('',(#2317,#2318,#2319,#2320));
#2317 = ORIENTED_EDGE('',*,*,#2243,.F.);
#2318 = ORIENTED_EDGE('',*,*,#192,.F.);
#2319 = ORIENTED_EDGE('',*,*,#2281,.F.);
#2320 = ORIENTED_EDGE('',*,*,#2303,.F.);
#2321 = PLANE('',#2322);
#2322 = AXIS2_PLACEMENT_3D('',#2323,#2324,#2325);
#2323 = CARTESIAN_POINT('',(3.45,0.,0.));
#2324 = DIRECTION('',(-1.,0.,0.));
#2325 = DIRECTION('',(0.,0.,1.));
#2326 = ADVANCED_FACE('',(#2327),#2333,.F.);
#2327 = FACE_BOUND('',#2328,.T.);
#2328 = EDGE_LOOP('',(#2329,#2330,#2331,#2332));
#2329 = ORIENTED_EDGE('',*,*,#2234,.T.);
#2330 = ORIENTED_EDGE('',*,*,#2296,.T.);
#2331 = ORIENTED_EDGE('',*,*,#2265,.T.);
#2332 = ORIENTED_EDGE('',*,*,#210,.T.);
#2333 = PLANE('',#2334);
#2334 = AXIS2_PLACEMENT_3D('',#2335,#2336,#2337);
#2335 = CARTESIAN_POINT('',(3.75,0.,0.));
#2336 = DIRECTION('',(-1.,0.,0.));
#2337 = DIRECTION('',(0.,0.,1.));
#2338 = ADVANCED_FACE('',(#2339),#2373,.T.);
#2339 = FACE_BOUND('',#2340,.T.);
#2340 = EDGE_LOOP('',(#2341,#2351,#2359,#2367));
#2341 = ORIENTED_EDGE('',*,*,#2342,.F.);
#2342 = EDGE_CURVE('',#2343,#2345,#2347,.T.);
#2343 = VERTEX_POINT('',#2344);
#2344 = CARTESIAN_POINT('',(3.75,2.08189955855E-16,-0.85));
#2345 = VERTEX_POINT('',#2346);
#2346 = CARTESIAN_POINT('',(3.75,3.306546357698E-16,-1.35));
#2347 = LINE('',#2348,#2349);
#2348 = CARTESIAN_POINT('',(3.75,3.306546357698E-16,-1.35));
#2349 = VECTOR('',#2350,1.);
#2350 = DIRECTION('',(-0.,2.449293598295E-16,-1.));
#2351 = ORIENTED_EDGE('',*,*,#2352,.F.);
#2352 = EDGE_CURVE('',#2353,#2343,#2355,.T.);
#2353 = VERTEX_POINT('',#2354);
#2354 = CARTESIAN_POINT('',(3.45,2.08189955855E-16,-0.85));
#2355 = LINE('',#2356,#2357);
#2356 = CARTESIAN_POINT('',(3.45,2.08189955855E-16,-0.85));
#2357 = VECTOR('',#2358,1.);
#2358 = DIRECTION('',(1.,0.,0.));
#2359 = ORIENTED_EDGE('',*,*,#2360,.T.);
#2360 = EDGE_CURVE('',#2353,#2361,#2363,.T.);
#2361 = VERTEX_POINT('',#2362);
#2362 = CARTESIAN_POINT('',(3.45,3.306546357698E-16,-1.35));
#2363 = LINE('',#2364,#2365);
#2364 = CARTESIAN_POINT('',(3.45,3.306546357698E-16,-1.35));
#2365 = VECTOR('',#2366,1.);
#2366 = DIRECTION('',(-0.,2.449293598295E-16,-1.));
#2367 = ORIENTED_EDGE('',*,*,#2368,.T.);
#2368 = EDGE_CURVE('',#2361,#2345,#2369,.T.);
#2369 = LINE('',#2370,#2371);
#2370 = CARTESIAN_POINT('',(3.45,3.306546357698E-16,-1.35));
#2371 = VECTOR('',#2372,1.);
#2372 = DIRECTION('',(1.,0.,0.));
#2373 = PLANE('',#2374);
#2374 = AXIS2_PLACEMENT_3D('',#2375,#2376,#2377);
#2375 = CARTESIAN_POINT('',(3.45,3.306546357698E-16,-1.35));
#2376 = DIRECTION('',(0.,-1.,-2.449293598295E-16));
#2377 = DIRECTION('',(0.,2.449293598295E-16,-1.));
#2378 = ADVANCED_FACE('',(#2379),#2395,.T.);
#2379 = FACE_BOUND('',#2380,.T.);
#2380 = EDGE_LOOP('',(#2381,#2387,#2388,#2394));
#2381 = ORIENTED_EDGE('',*,*,#2382,.F.);
#2382 = EDGE_CURVE('',#169,#2343,#2383,.T.);
#2383 = LINE('',#2384,#2385);
#2384 = CARTESIAN_POINT('',(3.75,2.08189955855E-16,-0.85));
#2385 = VECTOR('',#2386,1.);
#2386 = DIRECTION('',(-0.,-1.,-0.));
#2387 = ORIENTED_EDGE('',*,*,#168,.F.);
#2388 = ORIENTED_EDGE('',*,*,#2389,.T.);
#2389 = EDGE_CURVE('',#161,#2353,#2390,.T.);
#2390 = LINE('',#2391,#2392);
#2391 = CARTESIAN_POINT('',(3.45,2.08189955855E-16,-0.85));
#2392 = VECTOR('',#2393,1.);
#2393 = DIRECTION('',(-0.,-1.,-0.));
#2394 = ORIENTED_EDGE('',*,*,#2352,.T.);
#2395 = PLANE('',#2396);
#2396 = AXIS2_PLACEMENT_3D('',#2397,#2398,#2399);
#2397 = CARTESIAN_POINT('',(3.45,2.08189955855E-16,-0.85));
#2398 = DIRECTION('',(0.,0.,1.));
#2399 = DIRECTION('',(1.,0.,-0.));
#2400 = ADVANCED_FACE('',(#2401),#2417,.T.);
#2401 = FACE_BOUND('',#2402,.T.);
#2402 = EDGE_LOOP('',(#2403,#2409,#2410,#2416));
#2403 = ORIENTED_EDGE('',*,*,#2404,.F.);
#2404 = EDGE_CURVE('',#2345,#177,#2405,.T.);
#2405 = LINE('',#2406,#2407);
#2406 = CARTESIAN_POINT('',(3.75,3.306546357698E-16,-1.35));
#2407 = VECTOR('',#2408,1.);
#2408 = DIRECTION('',(0.,1.,0.));
#2409 = ORIENTED_EDGE('',*,*,#2368,.F.);
#2410 = ORIENTED_EDGE('',*,*,#2411,.T.);
#2411 = EDGE_CURVE('',#2361,#159,#2412,.T.);
#2412 = LINE('',#2413,#2414);
#2413 = CARTESIAN_POINT('',(3.45,3.306546357698E-16,-1.35));
#2414 = VECTOR('',#2415,1.);
#2415 = DIRECTION('',(0.,1.,0.));
#2416 = ORIENTED_EDGE('',*,*,#184,.T.);
#2417 = PLANE('',#2418);
#2418 = AXIS2_PLACEMENT_3D('',#2419,#2420,#2421);
#2419 = CARTESIAN_POINT('',(3.45,3.306546357698E-16,-1.35));
#2420 = DIRECTION('',(0.,0.,-1.));
#2421 = DIRECTION('',(-1.,0.,-0.));
#2422 = ADVANCED_FACE('',(#2423),#2429,.T.);
#2423 = FACE_BOUND('',#2424,.T.);
#2424 = EDGE_LOOP('',(#2425,#2426,#2427,#2428));
#2425 = ORIENTED_EDGE('',*,*,#2360,.F.);
#2426 = ORIENTED_EDGE('',*,*,#2389,.F.);
#2427 = ORIENTED_EDGE('',*,*,#158,.F.);
#2428 = ORIENTED_EDGE('',*,*,#2411,.F.);
#2429 = PLANE('',#2430);
#2430 = AXIS2_PLACEMENT_3D('',#2431,#2432,#2433);
#2431 = CARTESIAN_POINT('',(3.45,0.,0.));
#2432 = DIRECTION('',(-1.,0.,0.));
#2433 = DIRECTION('',(0.,0.,1.));
#2434 = ADVANCED_FACE('',(#2435),#2441,.F.);
#2435 = FACE_BOUND('',#2436,.T.);
#2436 = EDGE_LOOP('',(#2437,#2438,#2439,#2440));
#2437 = ORIENTED_EDGE('',*,*,#2342,.T.);
#2438 = ORIENTED_EDGE('',*,*,#2404,.T.);
#2439 = ORIENTED_EDGE('',*,*,#176,.T.);
#2440 = ORIENTED_EDGE('',*,*,#2382,.T.);
#2441 = PLANE('',#2442);
#2442 = AXIS2_PLACEMENT_3D('',#2443,#2444,#2445);
#2443 = CARTESIAN_POINT('',(3.75,0.,0.));
#2444 = DIRECTION('',(-1.,0.,0.));
#2445 = DIRECTION('',(0.,0.,1.));
#2446 = ADVANCED_FACE('',(#2447),#2481,.T.);
#2447 = FACE_BOUND('',#2448,.T.);
#2448 = EDGE_LOOP('',(#2449,#2459,#2467,#2475));
#2449 = ORIENTED_EDGE('',*,*,#2450,.T.);
#2450 = EDGE_CURVE('',#2451,#2453,#2455,.T.);
#2451 = VERTEX_POINT('',#2452);
#2452 = CARTESIAN_POINT('',(-3.75,2.08189955855E-16,-0.85));
#2453 = VERTEX_POINT('',#2454);
#2454 = CARTESIAN_POINT('',(-3.75,3.306546357698E-16,-1.35));
#2455 = LINE('',#2456,#2457);
#2456 = CARTESIAN_POINT('',(-3.75,3.306546357698E-16,-1.35));
#2457 = VECTOR('',#2458,1.);
#2458 = DIRECTION('',(0.,2.449293598295E-16,-1.));
#2459 = ORIENTED_EDGE('',*,*,#2460,.F.);
#2460 = EDGE_CURVE('',#2461,#2453,#2463,.T.);
#2461 = VERTEX_POINT('',#2462);
#2462 = CARTESIAN_POINT('',(-3.45,3.306546357698E-16,-1.35));
#2463 = LINE('',#2464,#2465);
#2464 = CARTESIAN_POINT('',(-3.45,3.306546357698E-16,-1.35));
#2465 = VECTOR('',#2466,1.);
#2466 = DIRECTION('',(-1.,0.,0.));
#2467 = ORIENTED_EDGE('',*,*,#2468,.F.);
#2468 = EDGE_CURVE('',#2469,#2461,#2471,.T.);
#2469 = VERTEX_POINT('',#2470);
#2470 = CARTESIAN_POINT('',(-3.45,2.08189955855E-16,-0.85));
#2471 = LINE('',#2472,#2473);
#2472 = CARTESIAN_POINT('',(-3.45,3.306546357698E-16,-1.35));
#2473 = VECTOR('',#2474,1.);
#2474 = DIRECTION('',(0.,2.449293598295E-16,-1.));
#2475 = ORIENTED_EDGE('',*,*,#2476,.T.);
#2476 = EDGE_CURVE('',#2469,#2451,#2477,.T.);
#2477 = LINE('',#2478,#2479);
#2478 = CARTESIAN_POINT('',(-3.45,2.08189955855E-16,-0.85));
#2479 = VECTOR('',#2480,1.);
#2480 = DIRECTION('',(-1.,0.,0.));
#2481 = PLANE('',#2482);
#2482 = AXIS2_PLACEMENT_3D('',#2483,#2484,#2485);
#2483 = CARTESIAN_POINT('',(-3.45,3.306546357698E-16,-1.35));
#2484 = DIRECTION('',(0.,-1.,-2.449293598295E-16));
#2485 = DIRECTION('',(0.,2.449293598295E-16,-1.));
#2486 = ADVANCED_FACE('',(#2487),#2503,.T.);
#2487 = FACE_BOUND('',#2488,.T.);
#2488 = EDGE_LOOP('',(#2489,#2495,#2496,#2502));
#2489 = ORIENTED_EDGE('',*,*,#2490,.T.);
#2490 = EDGE_CURVE('',#127,#2451,#2491,.T.);
#2491 = LINE('',#2492,#2493);
#2492 = CARTESIAN_POINT('',(-3.75,2.08189955855E-16,-0.85));
#2493 = VECTOR('',#2494,1.);
#2494 = DIRECTION('',(0.,-1.,-0.));
#2495 = ORIENTED_EDGE('',*,*,#2476,.F.);
#2496 = ORIENTED_EDGE('',*,*,#2497,.F.);
#2497 = EDGE_CURVE('',#125,#2469,#2498,.T.);
#2498 = LINE('',#2499,#2500);
#2499 = CARTESIAN_POINT('',(-3.45,2.08189955855E-16,-0.85));
#2500 = VECTOR('',#2501,1.);
#2501 = DIRECTION('',(0.,-1.,-0.));
#2502 = ORIENTED_EDGE('',*,*,#124,.T.);
#2503 = PLANE('',#2504);
#2504 = AXIS2_PLACEMENT_3D('',#2505,#2506,#2507);
#2505 = CARTESIAN_POINT('',(-3.45,2.08189955855E-16,-0.85));
#2506 = DIRECTION('',(0.,0.,1.));
#2507 = DIRECTION('',(-1.,0.,0.));
#2508 = ADVANCED_FACE('',(#2509),#2520,.T.);
#2509 = FACE_BOUND('',#2510,.T.);
#2510 = EDGE_LOOP('',(#2511,#2512,#2518,#2519));
#2511 = ORIENTED_EDGE('',*,*,#2468,.T.);
#2512 = ORIENTED_EDGE('',*,*,#2513,.T.);
#2513 = EDGE_CURVE('',#2461,#135,#2514,.T.);
#2514 = LINE('',#2515,#2516);
#2515 = CARTESIAN_POINT('',(-3.45,3.306546357698E-16,-1.35));
#2516 = VECTOR('',#2517,1.);
#2517 = DIRECTION('',(0.,1.,0.));
#2518 = ORIENTED_EDGE('',*,*,#134,.T.);
#2519 = ORIENTED_EDGE('',*,*,#2497,.T.);
#2520 = PLANE('',#2521);
#2521 = AXIS2_PLACEMENT_3D('',#2522,#2523,#2524);
#2522 = CARTESIAN_POINT('',(-3.45,0.,0.));
#2523 = DIRECTION('',(1.,0.,-0.));
#2524 = DIRECTION('',(0.,0.,1.));
#2525 = ADVANCED_FACE('',(#2526),#2537,.T.);
#2526 = FACE_BOUND('',#2527,.T.);
#2527 = EDGE_LOOP('',(#2528,#2534,#2535,#2536));
#2528 = ORIENTED_EDGE('',*,*,#2529,.T.);
#2529 = EDGE_CURVE('',#2453,#143,#2530,.T.);
#2530 = LINE('',#2531,#2532);
#2531 = CARTESIAN_POINT('',(-3.75,3.306546357698E-16,-1.35));
#2532 = VECTOR('',#2533,1.);
#2533 = DIRECTION('',(0.,1.,0.));
#2534 = ORIENTED_EDGE('',*,*,#142,.F.);
#2535 = ORIENTED_EDGE('',*,*,#2513,.F.);
#2536 = ORIENTED_EDGE('',*,*,#2460,.T.);
#2537 = PLANE('',#2538);
#2538 = AXIS2_PLACEMENT_3D('',#2539,#2540,#2541);
#2539 = CARTESIAN_POINT('',(-3.45,3.306546357698E-16,-1.35));
#2540 = DIRECTION('',(0.,0.,-1.));
#2541 = DIRECTION('',(1.,0.,0.));
#2542 = ADVANCED_FACE('',(#2543),#2549,.F.);
#2543 = FACE_BOUND('',#2544,.T.);
#2544 = EDGE_LOOP('',(#2545,#2546,#2547,#2548));
#2545 = ORIENTED_EDGE('',*,*,#2450,.F.);
#2546 = ORIENTED_EDGE('',*,*,#2490,.F.);
#2547 = ORIENTED_EDGE('',*,*,#150,.F.);
#2548 = ORIENTED_EDGE('',*,*,#2529,.F.);
#2549 = PLANE('',#2550);
#2550 = AXIS2_PLACEMENT_3D('',#2551,#2552,#2553);
#2551 = CARTESIAN_POINT('',(-3.75,0.,0.));
#2552 = DIRECTION('',(1.,0.,-0.));
#2553 = DIRECTION('',(0.,0.,1.));
#2554 = ADVANCED_FACE('',(#2555),#2580,.T.);
#2555 = FACE_BOUND('',#2556,.T.);
#2556 = EDGE_LOOP('',(#2557,#2565,#2573,#2579));
#2557 = ORIENTED_EDGE('',*,*,#2558,.T.);
#2558 = EDGE_CURVE('',#109,#2559,#2561,.T.);
#2559 = VERTEX_POINT('',#2560);
#2560 = CARTESIAN_POINT('',(-3.75,0.,1.35));
#2561 = LINE('',#2562,#2563);
#2562 = CARTESIAN_POINT('',(-3.75,0.,1.35));
#2563 = VECTOR('',#2564,1.);
#2564 = DIRECTION('',(0.,-1.,-0.));
#2565 = ORIENTED_EDGE('',*,*,#2566,.F.);
#2566 = EDGE_CURVE('',#2567,#2559,#2569,.T.);
#2567 = VERTEX_POINT('',#2568);
#2568 = CARTESIAN_POINT('',(-3.45,0.,1.35));
#2569 = LINE('',#2570,#2571);
#2570 = CARTESIAN_POINT('',(-3.45,0.,1.35));
#2571 = VECTOR('',#2572,1.);
#2572 = DIRECTION('',(-1.,0.,0.));
#2573 = ORIENTED_EDGE('',*,*,#2574,.F.);
#2574 = EDGE_CURVE('',#93,#2567,#2575,.T.);
#2575 = LINE('',#2576,#2577);
#2576 = CARTESIAN_POINT('',(-3.45,0.,1.35));
#2577 = VECTOR('',#2578,1.);
#2578 = DIRECTION('',(0.,-1.,-0.));
#2579 = ORIENTED_EDGE('',*,*,#116,.T.);
#2580 = PLANE('',#2581);
#2581 = AXIS2_PLACEMENT_3D('',#2582,#2583,#2584);
#2582 = CARTESIAN_POINT('',(-3.45,0.,1.35));
#2583 = DIRECTION('',(0.,0.,1.));
#2584 = DIRECTION('',(-1.,0.,0.));
#2585 = ADVANCED_FACE('',(#2586),#2611,.T.);
#2586 = FACE_BOUND('',#2587,.T.);
#2587 = EDGE_LOOP('',(#2588,#2596,#2597,#2605));
#2588 = ORIENTED_EDGE('',*,*,#2589,.T.);
#2589 = EDGE_CURVE('',#2590,#101,#2592,.T.);
#2590 = VERTEX_POINT('',#2591);
#2591 = CARTESIAN_POINT('',(-3.75,0.,0.85));
#2592 = LINE('',#2593,#2594);
#2593 = CARTESIAN_POINT('',(-3.75,0.,0.85));
#2594 = VECTOR('',#2595,1.);
#2595 = DIRECTION('',(0.,1.,0.));
#2596 = ORIENTED_EDGE('',*,*,#100,.F.);
#2597 = ORIENTED_EDGE('',*,*,#2598,.F.);
#2598 = EDGE_CURVE('',#2599,#91,#2601,.T.);
#2599 = VERTEX_POINT('',#2600);
#2600 = CARTESIAN_POINT('',(-3.45,0.,0.85));
#2601 = LINE('',#2602,#2603);
#2602 = CARTESIAN_POINT('',(-3.45,0.,0.85));
#2603 = VECTOR('',#2604,1.);
#2604 = DIRECTION('',(0.,1.,0.));
#2605 = ORIENTED_EDGE('',*,*,#2606,.T.);
#2606 = EDGE_CURVE('',#2599,#2590,#2607,.T.);
#2607 = LINE('',#2608,#2609);
#2608 = CARTESIAN_POINT('',(-3.45,0.,0.85));
#2609 = VECTOR('',#2610,1.);
#2610 = DIRECTION('',(-1.,0.,0.));
#2611 = PLANE('',#2612);
#2612 = AXIS2_PLACEMENT_3D('',#2613,#2614,#2615);
#2613 = CARTESIAN_POINT('',(-3.45,0.,0.85));
#2614 = DIRECTION('',(0.,0.,-1.));
#2615 = DIRECTION('',(1.,0.,0.));
#2616 = ADVANCED_FACE('',(#2617),#2628,.T.);
#2617 = FACE_BOUND('',#2618,.T.);
#2618 = EDGE_LOOP('',(#2619,#2620,#2626,#2627));
#2619 = ORIENTED_EDGE('',*,*,#2574,.T.);
#2620 = ORIENTED_EDGE('',*,*,#2621,.T.);
#2621 = EDGE_CURVE('',#2567,#2599,#2622,.T.);
#2622 = LINE('',#2623,#2624);
#2623 = CARTESIAN_POINT('',(-3.45,0.,1.35));
#2624 = VECTOR('',#2625,1.);
#2625 = DIRECTION('',(0.,0.,-1.));
#2626 = ORIENTED_EDGE('',*,*,#2598,.T.);
#2627 = ORIENTED_EDGE('',*,*,#90,.T.);
#2628 = PLANE('',#2629);
#2629 = AXIS2_PLACEMENT_3D('',#2630,#2631,#2632);
#2630 = CARTESIAN_POINT('',(-3.45,0.,0.));
#2631 = DIRECTION('',(1.,0.,-0.));
#2632 = DIRECTION('',(0.,0.,1.));
#2633 = ADVANCED_FACE('',(#2634),#2645,.T.);
#2634 = FACE_BOUND('',#2635,.T.);
#2635 = EDGE_LOOP('',(#2636,#2642,#2643,#2644));
#2636 = ORIENTED_EDGE('',*,*,#2637,.T.);
#2637 = EDGE_CURVE('',#2559,#2590,#2638,.T.);
#2638 = LINE('',#2639,#2640);
#2639 = CARTESIAN_POINT('',(-3.75,0.,1.35));
#2640 = VECTOR('',#2641,1.);
#2641 = DIRECTION('',(0.,0.,-1.));
#2642 = ORIENTED_EDGE('',*,*,#2606,.F.);
#2643 = ORIENTED_EDGE('',*,*,#2621,.F.);
#2644 = ORIENTED_EDGE('',*,*,#2566,.T.);
#2645 = PLANE('',#2646);
#2646 = AXIS2_PLACEMENT_3D('',#2647,#2648,#2649);
#2647 = CARTESIAN_POINT('',(-3.45,0.,1.35));
#2648 = DIRECTION('',(0.,-1.,-0.));
#2649 = DIRECTION('',(-0.,0.,-1.));
#2650 = ADVANCED_FACE('',(#2651),#2657,.F.);
#2651 = FACE_BOUND('',#2652,.T.);
#2652 = EDGE_LOOP('',(#2653,#2654,#2655,#2656));
#2653 = ORIENTED_EDGE('',*,*,#2558,.F.);
#2654 = ORIENTED_EDGE('',*,*,#108,.F.);
#2655 = ORIENTED_EDGE('',*,*,#2589,.F.);
#2656 = ORIENTED_EDGE('',*,*,#2637,.F.);
#2657 = PLANE('',#2658);
#2658 = AXIS2_PLACEMENT_3D('',#2659,#2660,#2661);
#2659 = CARTESIAN_POINT('',(-3.75,0.,0.));
#2660 = DIRECTION('',(1.,0.,-0.));
#2661 = DIRECTION('',(0.,0.,1.));
#2662 = ADVANCED_FACE('',(#2663),#2688,.T.);
#2663 = FACE_BOUND('',#2664,.T.);
#2664 = EDGE_LOOP('',(#2665,#2673,#2674,#2682));
#2665 = ORIENTED_EDGE('',*,*,#2666,.F.);
#2666 = EDGE_CURVE('',#245,#2667,#2669,.T.);
#2667 = VERTEX_POINT('',#2668);
#2668 = CARTESIAN_POINT('',(3.3,0.13,-0.25));
#2669 = LINE('',#2670,#2671);
#2670 = CARTESIAN_POINT('',(3.3,0.13,-0.25));
#2671 = VECTOR('',#2672,1.);
#2672 = DIRECTION('',(-0.,-1.,-0.));
#2673 = ORIENTED_EDGE('',*,*,#244,.F.);
#2674 = ORIENTED_EDGE('',*,*,#2675,.T.);
#2675 = EDGE_CURVE('',#237,#2676,#2678,.T.);
#2676 = VERTEX_POINT('',#2677);
#2677 = CARTESIAN_POINT('',(3.6,0.13,-0.25));
#2678 = LINE('',#2679,#2680);
#2679 = CARTESIAN_POINT('',(3.6,0.13,-0.25));
#2680 = VECTOR('',#2681,1.);
#2681 = DIRECTION('',(-0.,-1.,-0.));
#2682 = ORIENTED_EDGE('',*,*,#2683,.T.);
#2683 = EDGE_CURVE('',#2676,#2667,#2684,.T.);
#2684 = LINE('',#2685,#2686);
#2685 = CARTESIAN_POINT('',(3.6,0.13,-0.25));
#2686 = VECTOR('',#2687,1.);
#2687 = DIRECTION('',(-1.,0.,0.));
#2688 = PLANE('',#2689);
#2689 = AXIS2_PLACEMENT_3D('',#2690,#2691,#2692);
#2690 = CARTESIAN_POINT('',(3.6,0.13,-0.25));
#2691 = DIRECTION('',(0.,0.,-1.));
#2692 = DIRECTION('',(-1.,0.,-0.));
#2693 = ADVANCED_FACE('',(#2694),#2719,.T.);
#2694 = FACE_BOUND('',#2695,.T.);
#2695 = EDGE_LOOP('',(#2696,#2704,#2712,#2718));
#2696 = ORIENTED_EDGE('',*,*,#2697,.F.);
#2697 = EDGE_CURVE('',#2698,#229,#2700,.T.);
#2698 = VERTEX_POINT('',#2699);
#2699 = CARTESIAN_POINT('',(3.3,0.13,0.25));
#2700 = LINE('',#2701,#2702);
#2701 = CARTESIAN_POINT('',(3.3,0.13,0.25));
#2702 = VECTOR('',#2703,1.);
#2703 = DIRECTION('',(0.,1.,0.));
#2704 = ORIENTED_EDGE('',*,*,#2705,.F.);
#2705 = EDGE_CURVE('',#2706,#2698,#2708,.T.);
#2706 = VERTEX_POINT('',#2707);
#2707 = CARTESIAN_POINT('',(3.6,0.13,0.25));
#2708 = LINE('',#2709,#2710);
#2709 = CARTESIAN_POINT('',(3.6,0.13,0.25));
#2710 = VECTOR('',#2711,1.);
#2711 = DIRECTION('',(-1.,0.,0.));
#2712 = ORIENTED_EDGE('',*,*,#2713,.T.);
#2713 = EDGE_CURVE('',#2706,#227,#2714,.T.);
#2714 = LINE('',#2715,#2716);
#2715 = CARTESIAN_POINT('',(3.6,0.13,0.25));
#2716 = VECTOR('',#2717,1.);
#2717 = DIRECTION('',(0.,1.,0.));
#2718 = ORIENTED_EDGE('',*,*,#226,.T.);
#2719 = PLANE('',#2720);
#2720 = AXIS2_PLACEMENT_3D('',#2721,#2722,#2723);
#2721 = CARTESIAN_POINT('',(3.6,0.13,0.25));
#2722 = DIRECTION('',(0.,-0.,1.));
#2723 = DIRECTION('',(1.,0.,0.));
#2724 = ADVANCED_FACE('',(#2725),#2741,.T.);
#2725 = FACE_BOUND('',#2726,.T.);
#2726 = EDGE_LOOP('',(#2727,#2733,#2734,#2740));
#2727 = ORIENTED_EDGE('',*,*,#2728,.F.);
#2728 = EDGE_CURVE('',#2667,#2698,#2729,.T.);
#2729 = LINE('',#2730,#2731);
#2730 = CARTESIAN_POINT('',(3.3,0.13,0.25));
#2731 = VECTOR('',#2732,1.);
#2732 = DIRECTION('',(-0.,1.084202172486E-16,1.));
#2733 = ORIENTED_EDGE('',*,*,#2683,.F.);
#2734 = ORIENTED_EDGE('',*,*,#2735,.T.);
#2735 = EDGE_CURVE('',#2676,#2706,#2736,.T.);
#2736 = LINE('',#2737,#2738);
#2737 = CARTESIAN_POINT('',(3.6,0.13,0.25));
#2738 = VECTOR('',#2739,1.);
#2739 = DIRECTION('',(-0.,1.084202172486E-16,1.));
#2740 = ORIENTED_EDGE('',*,*,#2705,.T.);
#2741 = PLANE('',#2742);
#2742 = AXIS2_PLACEMENT_3D('',#2743,#2744,#2745);
#2743 = CARTESIAN_POINT('',(3.6,0.13,0.25));
#2744 = DIRECTION('',(0.,-1.,1.084202172486E-16));
#2745 = DIRECTION('',(0.,-1.084202172486E-16,-1.));
#2746 = ADVANCED_FACE('',(#2747),#2753,.F.);
#2747 = FACE_BOUND('',#2748,.T.);
#2748 = EDGE_LOOP('',(#2749,#2750,#2751,#2752));
#2749 = ORIENTED_EDGE('',*,*,#2675,.F.);
#2750 = ORIENTED_EDGE('',*,*,#236,.F.);
#2751 = ORIENTED_EDGE('',*,*,#2713,.F.);
#2752 = ORIENTED_EDGE('',*,*,#2735,.F.);
#2753 = PLANE('',#2754);
#2754 = AXIS2_PLACEMENT_3D('',#2755,#2756,#2757);
#2755 = CARTESIAN_POINT('',(3.6,0.,0.));
#2756 = DIRECTION('',(-1.,0.,-0.));
#2757 = DIRECTION('',(0.,0.,1.));
#2758 = ADVANCED_FACE('',(#2759),#2765,.T.);
#2759 = FACE_BOUND('',#2760,.T.);
#2760 = EDGE_LOOP('',(#2761,#2762,#2763,#2764));
#2761 = ORIENTED_EDGE('',*,*,#2666,.T.);
#2762 = ORIENTED_EDGE('',*,*,#2728,.T.);
#2763 = ORIENTED_EDGE('',*,*,#2697,.T.);
#2764 = ORIENTED_EDGE('',*,*,#252,.T.);
#2765 = PLANE('',#2766);
#2766 = AXIS2_PLACEMENT_3D('',#2767,#2768,#2769);
#2767 = CARTESIAN_POINT('',(3.3,0.,0.));
#2768 = DIRECTION('',(-1.,0.,-0.));
#2769 = DIRECTION('',(0.,0.,1.));
#2770 = ADVANCED_FACE('',(#2771),#2796,.T.);
#2771 = FACE_BOUND('',#2772,.T.);
#2772 = EDGE_LOOP('',(#2773,#2781,#2789,#2795));
#2773 = ORIENTED_EDGE('',*,*,#2774,.T.);
#2774 = EDGE_CURVE('',#263,#2775,#2777,.T.);
#2775 = VERTEX_POINT('',#2776);
#2776 = CARTESIAN_POINT('',(-3.3,0.13,-0.25));
#2777 = LINE('',#2778,#2779);
#2778 = CARTESIAN_POINT('',(-3.3,0.13,-0.25));
#2779 = VECTOR('',#2780,1.);
#2780 = DIRECTION('',(0.,-1.,-0.));
#2781 = ORIENTED_EDGE('',*,*,#2782,.F.);
#2782 = EDGE_CURVE('',#2783,#2775,#2785,.T.);
#2783 = VERTEX_POINT('',#2784);
#2784 = CARTESIAN_POINT('',(-3.6,0.13,-0.25));
#2785 = LINE('',#2786,#2787);
#2786 = CARTESIAN_POINT('',(-3.6,0.13,-0.25));
#2787 = VECTOR('',#2788,1.);
#2788 = DIRECTION('',(1.,0.,0.));
#2789 = ORIENTED_EDGE('',*,*,#2790,.F.);
#2790 = EDGE_CURVE('',#261,#2783,#2791,.T.);
#2791 = LINE('',#2792,#2793);
#2792 = CARTESIAN_POINT('',(-3.6,0.13,-0.25));
#2793 = VECTOR('',#2794,1.);
#2794 = DIRECTION('',(0.,-1.,-0.));
#2795 = ORIENTED_EDGE('',*,*,#260,.T.);
#2796 = PLANE('',#2797);
#2797 = AXIS2_PLACEMENT_3D('',#2798,#2799,#2800);
#2798 = CARTESIAN_POINT('',(-3.6,0.13,-0.25));
#2799 = DIRECTION('',(0.,0.,-1.));
#2800 = DIRECTION('',(1.,0.,0.));
#2801 = ADVANCED_FACE('',(#2802),#2827,.T.);
#2802 = FACE_BOUND('',#2803,.T.);
#2803 = EDGE_LOOP('',(#2804,#2812,#2813,#2821));
#2804 = ORIENTED_EDGE('',*,*,#2805,.T.);
#2805 = EDGE_CURVE('',#2806,#279,#2808,.T.);
#2806 = VERTEX_POINT('',#2807);
#2807 = CARTESIAN_POINT('',(-3.3,0.13,0.25));
#2808 = LINE('',#2809,#2810);
#2809 = CARTESIAN_POINT('',(-3.3,0.13,0.25));
#2810 = VECTOR('',#2811,1.);
#2811 = DIRECTION('',(0.,1.,0.));
#2812 = ORIENTED_EDGE('',*,*,#278,.F.);
#2813 = ORIENTED_EDGE('',*,*,#2814,.F.);
#2814 = EDGE_CURVE('',#2815,#271,#2817,.T.);
#2815 = VERTEX_POINT('',#2816);
#2816 = CARTESIAN_POINT('',(-3.6,0.13,0.25));
#2817 = LINE('',#2818,#2819);
#2818 = CARTESIAN_POINT('',(-3.6,0.13,0.25));
#2819 = VECTOR('',#2820,1.);
#2820 = DIRECTION('',(0.,1.,0.));
#2821 = ORIENTED_EDGE('',*,*,#2822,.T.);
#2822 = EDGE_CURVE('',#2815,#2806,#2823,.T.);
#2823 = LINE('',#2824,#2825);
#2824 = CARTESIAN_POINT('',(-3.6,0.13,0.25));
#2825 = VECTOR('',#2826,1.);
#2826 = DIRECTION('',(1.,0.,0.));
#2827 = PLANE('',#2828);
#2828 = AXIS2_PLACEMENT_3D('',#2829,#2830,#2831);
#2829 = CARTESIAN_POINT('',(-3.6,0.13,0.25));
#2830 = DIRECTION('',(0.,0.,1.));
#2831 = DIRECTION('',(-1.,0.,0.));
#2832 = ADVANCED_FACE('',(#2833),#2844,.F.);
#2833 = FACE_BOUND('',#2834,.T.);
#2834 = EDGE_LOOP('',(#2835,#2836,#2842,#2843));
#2835 = ORIENTED_EDGE('',*,*,#2790,.T.);
#2836 = ORIENTED_EDGE('',*,*,#2837,.T.);
#2837 = EDGE_CURVE('',#2783,#2815,#2838,.T.);
#2838 = LINE('',#2839,#2840);
#2839 = CARTESIAN_POINT('',(-3.6,0.13,0.25));
#2840 = VECTOR('',#2841,1.);
#2841 = DIRECTION('',(0.,1.084202172486E-16,1.));
#2842 = ORIENTED_EDGE('',*,*,#2814,.T.);
#2843 = ORIENTED_EDGE('',*,*,#270,.T.);
#2844 = PLANE('',#2845);
#2845 = AXIS2_PLACEMENT_3D('',#2846,#2847,#2848);
#2846 = CARTESIAN_POINT('',(-3.6,0.,0.));
#2847 = DIRECTION('',(1.,0.,-0.));
#2848 = DIRECTION('',(0.,0.,1.));
#2849 = ADVANCED_FACE('',(#2850),#2861,.T.);
#2850 = FACE_BOUND('',#2851,.T.);
#2851 = EDGE_LOOP('',(#2852,#2858,#2859,#2860));
#2852 = ORIENTED_EDGE('',*,*,#2853,.T.);
#2853 = EDGE_CURVE('',#2775,#2806,#2854,.T.);
#2854 = LINE('',#2855,#2856);
#2855 = CARTESIAN_POINT('',(-3.3,0.13,0.25));
#2856 = VECTOR('',#2857,1.);
#2857 = DIRECTION('',(0.,1.084202172486E-16,1.));
#2858 = ORIENTED_EDGE('',*,*,#2822,.F.);
#2859 = ORIENTED_EDGE('',*,*,#2837,.F.);
#2860 = ORIENTED_EDGE('',*,*,#2782,.T.);
#2861 = PLANE('',#2862);
#2862 = AXIS2_PLACEMENT_3D('',#2863,#2864,#2865);
#2863 = CARTESIAN_POINT('',(-3.6,0.13,0.25));
#2864 = DIRECTION('',(0.,-1.,1.084202172486E-16));
#2865 = DIRECTION('',(-0.,-1.084202172486E-16,-1.));
#2866 = ADVANCED_FACE('',(#2867),#2873,.T.);
#2867 = FACE_BOUND('',#2868,.T.);
#2868 = EDGE_LOOP('',(#2869,#2870,#2871,#2872));
#2869 = ORIENTED_EDGE('',*,*,#2774,.F.);
#2870 = ORIENTED_EDGE('',*,*,#286,.F.);
#2871 = ORIENTED_EDGE('',*,*,#2805,.F.);
#2872 = ORIENTED_EDGE('',*,*,#2853,.F.);
#2873 = PLANE('',#2874);
#2874 = AXIS2_PLACEMENT_3D('',#2875,#2876,#2877);
#2875 = CARTESIAN_POINT('',(-3.3,0.,0.));
#2876 = DIRECTION('',(1.,0.,-0.));
#2877 = DIRECTION('',(0.,0.,1.));
#2878 = ADVANCED_FACE('',(#2879),#2904,.T.);
#2879 = FACE_BOUND('',#2880,.T.);
#2880 = EDGE_LOOP('',(#2881,#2889,#2897,#2903));
#2881 = ORIENTED_EDGE('',*,*,#2882,.F.);
#2882 = EDGE_CURVE('',#2883,#481,#2885,.T.);
#2883 = VERTEX_POINT('',#2884);
#2884 = CARTESIAN_POINT('',(-0.3,1.2,-1.5));
#2885 = LINE('',#2886,#2887);
#2886 = CARTESIAN_POINT('',(-0.3,1.2,-1.5));
#2887 = VECTOR('',#2888,1.);
#2888 = DIRECTION('',(0.,-1.,0.));
#2889 = ORIENTED_EDGE('',*,*,#2890,.T.);
#2890 = EDGE_CURVE('',#2883,#2891,#2893,.T.);
#2891 = VERTEX_POINT('',#2892);
#2892 = CARTESIAN_POINT('',(0.3,1.2,-1.5));
#2893 = LINE('',#2894,#2895);
#2894 = CARTESIAN_POINT('',(-0.3,1.2,-1.5));
#2895 = VECTOR('',#2896,1.);
#2896 = DIRECTION('',(1.,0.,0.));
#2897 = ORIENTED_EDGE('',*,*,#2898,.T.);
#2898 = EDGE_CURVE('',#2891,#489,#2899,.T.);
#2899 = LINE('',#2900,#2901);
#2900 = CARTESIAN_POINT('',(0.3,1.2,-1.5));
#2901 = VECTOR('',#2902,1.);
#2902 = DIRECTION('',(0.,-1.,0.));
#2903 = ORIENTED_EDGE('',*,*,#488,.F.);
#2904 = PLANE('',#2905);
#2905 = AXIS2_PLACEMENT_3D('',#2906,#2907,#2908);
#2906 = CARTESIAN_POINT('',(-0.3,1.2,-1.5));
#2907 = DIRECTION('',(0.,0.,-1.));
#2908 = DIRECTION('',(-1.,0.,-0.));
#2909 = ADVANCED_FACE('',(#2910),#2921,.T.);
#2910 = FACE_BOUND('',#2911,.T.);
#2911 = EDGE_LOOP('',(#2912,#2913,#2919,#2920));
#2912 = ORIENTED_EDGE('',*,*,#2898,.F.);
#2913 = ORIENTED_EDGE('',*,*,#2914,.T.);
#2914 = EDGE_CURVE('',#2891,#762,#2915,.T.);
#2915 = LINE('',#2916,#2917);
#2916 = CARTESIAN_POINT('',(0.3,1.2,-1.8));
#2917 = VECTOR('',#2918,1.);
#2918 = DIRECTION('',(-0.,-0.,-1.));
#2919 = ORIENTED_EDGE('',*,*,#761,.T.);
#2920 = ORIENTED_EDGE('',*,*,#496,.F.);
#2921 = PLANE('',#2922);
#2922 = AXIS2_PLACEMENT_3D('',#2923,#2924,#2925);
#2923 = CARTESIAN_POINT('',(0.3,1.2,-1.8));
#2924 = DIRECTION('',(-1.,0.,0.));
#2925 = DIRECTION('',(0.,0.,1.));
#2926 = ADVANCED_FACE('',(#2927),#2938,.T.);
#2927 = FACE_BOUND('',#2928,.T.);
#2928 = EDGE_LOOP('',(#2929,#2930,#2936,#2937));
#2929 = ORIENTED_EDGE('',*,*,#777,.F.);
#2930 = ORIENTED_EDGE('',*,*,#2931,.T.);
#2931 = EDGE_CURVE('',#770,#2883,#2932,.T.);
#2932 = LINE('',#2933,#2934);
#2933 = CARTESIAN_POINT('',(-0.3,1.2,-1.8));
#2934 = VECTOR('',#2935,1.);
#2935 = DIRECTION('',(0.,0.,1.));
#2936 = ORIENTED_EDGE('',*,*,#2882,.T.);
#2937 = ORIENTED_EDGE('',*,*,#480,.F.);
#2938 = PLANE('',#2939);
#2939 = AXIS2_PLACEMENT_3D('',#2940,#2941,#2942);
#2940 = CARTESIAN_POINT('',(-0.3,1.2,-1.8));
#2941 = DIRECTION('',(1.,0.,-0.));
#2942 = DIRECTION('',(-0.,0.,-1.));
#2943 = ADVANCED_FACE('',(#2944),#2950,.T.);
#2944 = FACE_BOUND('',#2945,.T.);
#2945 = EDGE_LOOP('',(#2946,#2947,#2948,#2949));
#2946 = ORIENTED_EDGE('',*,*,#2890,.F.);
#2947 = ORIENTED_EDGE('',*,*,#2931,.F.);
#2948 = ORIENTED_EDGE('',*,*,#769,.F.);
#2949 = ORIENTED_EDGE('',*,*,#2914,.F.);
#2950 = PLANE('',#2951);
#2951 = AXIS2_PLACEMENT_3D('',#2952,#2953,#2954);
#2952 = CARTESIAN_POINT('',(0.,1.2,0.));
#2953 = DIRECTION('',(0.,-1.,0.));
#2954 = DIRECTION('',(0.,-0.,-1.));
#2955 = ADVANCED_FACE('',(#2956),#2981,.T.);
#2956 = FACE_BOUND('',#2957,.T.);
#2957 = EDGE_LOOP('',(#2958,#2966,#2974,#2980));
#2958 = ORIENTED_EDGE('',*,*,#2959,.F.);
#2959 = EDGE_CURVE('',#2960,#449,#2962,.T.);
#2960 = VERTEX_POINT('',#2961);
#2961 = CARTESIAN_POINT('',(-2.8,1.2,-1.5));
#2962 = LINE('',#2963,#2964);
#2963 = CARTESIAN_POINT('',(-2.8,1.2,-1.5));
#2964 = VECTOR('',#2965,1.);
#2965 = DIRECTION('',(0.,-1.,0.));
#2966 = ORIENTED_EDGE('',*,*,#2967,.T.);
#2967 = EDGE_CURVE('',#2960,#2968,#2970,.T.);
#2968 = VERTEX_POINT('',#2969);
#2969 = CARTESIAN_POINT('',(-2.2,1.2,-1.5));
#2970 = LINE('',#2971,#2972);
#2971 = CARTESIAN_POINT('',(-2.8,1.2,-1.5));
#2972 = VECTOR('',#2973,1.);
#2973 = DIRECTION('',(1.,0.,0.));
#2974 = ORIENTED_EDGE('',*,*,#2975,.T.);
#2975 = EDGE_CURVE('',#2968,#457,#2976,.T.);
#2976 = LINE('',#2977,#2978);
#2977 = CARTESIAN_POINT('',(-2.2,1.2,-1.5));
#2978 = VECTOR('',#2979,1.);
#2979 = DIRECTION('',(0.,-1.,0.));
#2980 = ORIENTED_EDGE('',*,*,#456,.F.);
#2981 = PLANE('',#2982);
#2982 = AXIS2_PLACEMENT_3D('',#2983,#2984,#2985);
#2983 = CARTESIAN_POINT('',(-2.8,1.2,-1.5));
#2984 = DIRECTION('',(0.,0.,-1.));
#2985 = DIRECTION('',(-1.,0.,-0.));
#2986 = ADVANCED_FACE('',(#2987),#2998,.T.);
#2987 = FACE_BOUND('',#2988,.T.);
#2988 = EDGE_LOOP('',(#2989,#2990,#2996,#2997));
#2989 = ORIENTED_EDGE('',*,*,#2975,.F.);
#2990 = ORIENTED_EDGE('',*,*,#2991,.T.);
#2991 = EDGE_CURVE('',#2968,#785,#2992,.T.);
#2992 = LINE('',#2993,#2994);
#2993 = CARTESIAN_POINT('',(-2.2,1.2,-1.8));
#2994 = VECTOR('',#2995,1.);
#2995 = DIRECTION('',(-0.,-0.,-1.));
#2996 = ORIENTED_EDGE('',*,*,#784,.T.);
#2997 = ORIENTED_EDGE('',*,*,#464,.F.);
#2998 = PLANE('',#2999);
#2999 = AXIS2_PLACEMENT_3D('',#3000,#3001,#3002);
#3000 = CARTESIAN_POINT('',(-2.2,1.2,-1.8));
#3001 = DIRECTION('',(-1.,0.,0.));
#3002 = DIRECTION('',(0.,0.,1.));
#3003 = ADVANCED_FACE('',(#3004),#3015,.T.);
#3004 = FACE_BOUND('',#3005,.T.);
#3005 = EDGE_LOOP('',(#3006,#3007,#3013,#3014));
#3006 = ORIENTED_EDGE('',*,*,#800,.F.);
#3007 = ORIENTED_EDGE('',*,*,#3008,.T.);
#3008 = EDGE_CURVE('',#793,#2960,#3009,.T.);
#3009 = LINE('',#3010,#3011);
#3010 = CARTESIAN_POINT('',(-2.8,1.2,-1.8));
#3011 = VECTOR('',#3012,1.);
#3012 = DIRECTION('',(0.,0.,1.));
#3013 = ORIENTED_EDGE('',*,*,#2959,.T.);
#3014 = ORIENTED_EDGE('',*,*,#448,.F.);
#3015 = PLANE('',#3016);
#3016 = AXIS2_PLACEMENT_3D('',#3017,#3018,#3019);
#3017 = CARTESIAN_POINT('',(-2.8,1.2,-1.8));
#3018 = DIRECTION('',(1.,0.,-0.));
#3019 = DIRECTION('',(-0.,0.,-1.));
#3020 = ADVANCED_FACE('',(#3021),#3027,.T.);
#3021 = FACE_BOUND('',#3022,.T.);
#3022 = EDGE_LOOP('',(#3023,#3024,#3025,#3026));
#3023 = ORIENTED_EDGE('',*,*,#2967,.F.);
#3024 = ORIENTED_EDGE('',*,*,#3008,.F.);
#3025 = ORIENTED_EDGE('',*,*,#792,.F.);
#3026 = ORIENTED_EDGE('',*,*,#2991,.F.);
#3027 = PLANE('',#3028);
#3028 = AXIS2_PLACEMENT_3D('',#3029,#3030,#3031);
#3029 = CARTESIAN_POINT('',(0.,1.2,0.));
#3030 = DIRECTION('',(0.,-1.,0.));
#3031 = DIRECTION('',(0.,-0.,-1.));
#3032 = ADVANCED_FACE('',(#3033),#3058,.T.);
#3033 = FACE_BOUND('',#3034,.T.);
#3034 = EDGE_LOOP('',(#3035,#3043,#3051,#3057));
#3035 = ORIENTED_EDGE('',*,*,#3036,.F.);
#3036 = EDGE_CURVE('',#3037,#295,#3039,.T.);
#3037 = VERTEX_POINT('',#3038);
#3038 = CARTESIAN_POINT('',(2.2,1.2,-1.5));
#3039 = LINE('',#3040,#3041);
#3040 = CARTESIAN_POINT('',(2.2,1.2,-1.5));
#3041 = VECTOR('',#3042,1.);
#3042 = DIRECTION('',(0.,-1.,0.));
#3043 = ORIENTED_EDGE('',*,*,#3044,.T.);
#3044 = EDGE_CURVE('',#3037,#3045,#3047,.T.);
#3045 = VERTEX_POINT('',#3046);
#3046 = CARTESIAN_POINT('',(2.8,1.2,-1.5));
#3047 = LINE('',#3048,#3049);
#3048 = CARTESIAN_POINT('',(2.2,1.2,-1.5));
#3049 = VECTOR('',#3050,1.);
#3050 = DIRECTION('',(1.,0.,0.));
#3051 = ORIENTED_EDGE('',*,*,#3052,.T.);
#3052 = EDGE_CURVE('',#3045,#297,#3053,.T.);
#3053 = LINE('',#3054,#3055);
#3054 = CARTESIAN_POINT('',(2.8,1.2,-1.5));
#3055 = VECTOR('',#3056,1.);
#3056 = DIRECTION('',(0.,-1.,0.));
#3057 = ORIENTED_EDGE('',*,*,#294,.F.);
#3058 = PLANE('',#3059);
#3059 = AXIS2_PLACEMENT_3D('',#3060,#3061,#3062);
#3060 = CARTESIAN_POINT('',(2.2,1.2,-1.5));
#3061 = DIRECTION('',(0.,0.,-1.));
#3062 = DIRECTION('',(-1.,0.,-0.));
#3063 = ADVANCED_FACE('',(#3064),#3075,.T.);
#3064 = FACE_BOUND('',#3065,.T.);
#3065 = EDGE_LOOP('',(#3066,#3067,#3073,#3074));
#3066 = ORIENTED_EDGE('',*,*,#3052,.F.);
#3067 = ORIENTED_EDGE('',*,*,#3068,.T.);
#3068 = EDGE_CURVE('',#3045,#739,#3069,.T.);
#3069 = LINE('',#3070,#3071);
#3070 = CARTESIAN_POINT('',(2.8,1.2,-1.8));
#3071 = VECTOR('',#3072,1.);
#3072 = DIRECTION('',(-0.,-0.,-1.));
#3073 = ORIENTED_EDGE('',*,*,#738,.T.);
#3074 = ORIENTED_EDGE('',*,*,#304,.F.);
#3075 = PLANE('',#3076);
#3076 = AXIS2_PLACEMENT_3D('',#3077,#3078,#3079);
#3077 = CARTESIAN_POINT('',(2.8,1.2,-1.8));
#3078 = DIRECTION('',(-1.,0.,0.));
#3079 = DIRECTION('',(0.,0.,1.));
#3080 = ADVANCED_FACE('',(#3081),#3092,.T.);
#3081 = FACE_BOUND('',#3082,.T.);
#3082 = EDGE_LOOP('',(#3083,#3084,#3090,#3091));
#3083 = ORIENTED_EDGE('',*,*,#754,.F.);
#3084 = ORIENTED_EDGE('',*,*,#3085,.T.);
#3085 = EDGE_CURVE('',#747,#3037,#3086,.T.);
#3086 = LINE('',#3087,#3088);
#3087 = CARTESIAN_POINT('',(2.2,1.2,-1.8));
#3088 = VECTOR('',#3089,1.);
#3089 = DIRECTION('',(0.,0.,1.));
#3090 = ORIENTED_EDGE('',*,*,#3036,.T.);
#3091 = ORIENTED_EDGE('',*,*,#512,.F.);
#3092 = PLANE('',#3093);
#3093 = AXIS2_PLACEMENT_3D('',#3094,#3095,#3096);
#3094 = CARTESIAN_POINT('',(2.2,1.2,-1.8));
#3095 = DIRECTION('',(1.,0.,-0.));
#3096 = DIRECTION('',(-0.,0.,-1.));
#3097 = ADVANCED_FACE('',(#3098),#3104,.T.);
#3098 = FACE_BOUND('',#3099,.T.);
#3099 = EDGE_LOOP('',(#3100,#3101,#3102,#3103));
#3100 = ORIENTED_EDGE('',*,*,#3044,.F.);
#3101 = ORIENTED_EDGE('',*,*,#3085,.F.);
#3102 = ORIENTED_EDGE('',*,*,#746,.F.);
#3103 = ORIENTED_EDGE('',*,*,#3068,.F.);
#3104 = PLANE('',#3105);
#3105 = AXIS2_PLACEMENT_3D('',#3106,#3107,#3108);
#3106 = CARTESIAN_POINT('',(0.,1.2,0.));
#3107 = DIRECTION('',(0.,-1.,0.));
#3108 = DIRECTION('',(0.,-0.,-1.));
#3109 = ADVANCED_FACE('',(#3110),#3128,.T.);
#3110 = FACE_BOUND('',#3111,.T.);
#3111 = EDGE_LOOP('',(#3112,#3113,#3121,#3127));
#3112 = ORIENTED_EDGE('',*,*,#582,.F.);
#3113 = ORIENTED_EDGE('',*,*,#3114,.T.);
#3114 = EDGE_CURVE('',#575,#3115,#3117,.T.);
#3115 = VERTEX_POINT('',#3116);
#3116 = CARTESIAN_POINT('',(2.8,1.2,1.5));
#3117 = LINE('',#3118,#3119);
#3118 = CARTESIAN_POINT('',(2.8,1.2,1.5));
#3119 = VECTOR('',#3120,1.);
#3120 = DIRECTION('',(-0.,-0.,-1.));
#3121 = ORIENTED_EDGE('',*,*,#3122,.T.);
#3122 = EDGE_CURVE('',#3115,#337,#3123,.T.);
#3123 = LINE('',#3124,#3125);
#3124 = CARTESIAN_POINT('',(2.8,1.2,1.5));
#3125 = VECTOR('',#3126,1.);
#3126 = DIRECTION('',(0.,-1.,0.));
#3127 = ORIENTED_EDGE('',*,*,#336,.F.);
#3128 = PLANE('',#3129);
#3129 = AXIS2_PLACEMENT_3D('',#3130,#3131,#3132);
#3130 = CARTESIAN_POINT('',(2.8,1.2,1.5));
#3131 = DIRECTION('',(-1.,0.,0.));
#3132 = DIRECTION('',(0.,0.,1.));
#3133 = ADVANCED_FACE('',(#3134),#3152,.T.);
#3134 = FACE_BOUND('',#3135,.T.);
#3135 = EDGE_LOOP('',(#3136,#3137,#3145,#3151));
#3136 = ORIENTED_EDGE('',*,*,#3122,.F.);
#3137 = ORIENTED_EDGE('',*,*,#3138,.T.);
#3138 = EDGE_CURVE('',#3115,#3139,#3141,.T.);
#3139 = VERTEX_POINT('',#3140);
#3140 = CARTESIAN_POINT('',(2.2,1.2,1.5));
#3141 = LINE('',#3142,#3143);
#3142 = CARTESIAN_POINT('',(2.2,1.2,1.5));
#3143 = VECTOR('',#3144,1.);
#3144 = DIRECTION('',(-1.,-0.,-0.));
#3145 = ORIENTED_EDGE('',*,*,#3146,.T.);
#3146 = EDGE_CURVE('',#3139,#345,#3147,.T.);
#3147 = LINE('',#3148,#3149);
#3148 = CARTESIAN_POINT('',(2.2,1.2,1.5));
#3149 = VECTOR('',#3150,1.);
#3150 = DIRECTION('',(0.,-1.,0.));
#3151 = ORIENTED_EDGE('',*,*,#344,.F.);
#3152 = PLANE('',#3153);
#3153 = AXIS2_PLACEMENT_3D('',#3154,#3155,#3156);
#3154 = CARTESIAN_POINT('',(2.2,1.2,1.5));
#3155 = DIRECTION('',(-0.,0.,1.));
#3156 = DIRECTION('',(1.,0.,0.));
#3157 = ADVANCED_FACE('',(#3158),#3169,.T.);
#3158 = FACE_BOUND('',#3159,.T.);
#3159 = EDGE_LOOP('',(#3160,#3161,#3167,#3168));
#3160 = ORIENTED_EDGE('',*,*,#3146,.F.);
#3161 = ORIENTED_EDGE('',*,*,#3162,.T.);
#3162 = EDGE_CURVE('',#3139,#567,#3163,.T.);
#3163 = LINE('',#3164,#3165);
#3164 = CARTESIAN_POINT('',(2.2,1.2,1.5));
#3165 = VECTOR('',#3166,1.);
#3166 = DIRECTION('',(0.,0.,1.));
#3167 = ORIENTED_EDGE('',*,*,#566,.T.);
#3168 = ORIENTED_EDGE('',*,*,#352,.F.);
#3169 = PLANE('',#3170);
#3170 = AXIS2_PLACEMENT_3D('',#3171,#3172,#3173);
#3171 = CARTESIAN_POINT('',(2.2,1.2,1.5));
#3172 = DIRECTION('',(1.,0.,-0.));
#3173 = DIRECTION('',(-0.,0.,-1.));
#3174 = ADVANCED_FACE('',(#3175),#3181,.F.);
#3175 = FACE_BOUND('',#3176,.T.);
#3176 = EDGE_LOOP('',(#3177,#3178,#3179,#3180));
#3177 = ORIENTED_EDGE('',*,*,#3114,.F.);
#3178 = ORIENTED_EDGE('',*,*,#574,.F.);
#3179 = ORIENTED_EDGE('',*,*,#3162,.F.);
#3180 = ORIENTED_EDGE('',*,*,#3138,.F.);
#3181 = PLANE('',#3182);
#3182 = AXIS2_PLACEMENT_3D('',#3183,#3184,#3185);
#3183 = CARTESIAN_POINT('',(0.,1.2,0.));
#3184 = DIRECTION('',(0.,1.,0.));
#3185 = DIRECTION('',(0.,-0.,1.));
#3186 = ADVANCED_FACE('',(#3187),#3205,.T.);
#3187 = FACE_BOUND('',#3188,.T.);
#3188 = EDGE_LOOP('',(#3189,#3190,#3198,#3204));
#3189 = ORIENTED_EDGE('',*,*,#559,.F.);
#3190 = ORIENTED_EDGE('',*,*,#3191,.T.);
#3191 = EDGE_CURVE('',#552,#3192,#3194,.T.);
#3192 = VERTEX_POINT('',#3193);
#3193 = CARTESIAN_POINT('',(0.3,1.2,1.5));
#3194 = LINE('',#3195,#3196);
#3195 = CARTESIAN_POINT('',(0.3,1.2,1.5));
#3196 = VECTOR('',#3197,1.);
#3197 = DIRECTION('',(-0.,-0.,-1.));
#3198 = ORIENTED_EDGE('',*,*,#3199,.T.);
#3199 = EDGE_CURVE('',#3192,#369,#3200,.T.);
#3200 = LINE('',#3201,#3202);
#3201 = CARTESIAN_POINT('',(0.3,1.2,1.5));
#3202 = VECTOR('',#3203,1.);
#3203 = DIRECTION('',(0.,-1.,0.));
#3204 = ORIENTED_EDGE('',*,*,#368,.F.);
#3205 = PLANE('',#3206);
#3206 = AXIS2_PLACEMENT_3D('',#3207,#3208,#3209);
#3207 = CARTESIAN_POINT('',(0.3,1.2,1.5));
#3208 = DIRECTION('',(-1.,0.,0.));
#3209 = DIRECTION('',(0.,0.,1.));
#3210 = ADVANCED_FACE('',(#3211),#3229,.T.);
#3211 = FACE_BOUND('',#3212,.T.);
#3212 = EDGE_LOOP('',(#3213,#3214,#3222,#3228));
#3213 = ORIENTED_EDGE('',*,*,#3199,.F.);
#3214 = ORIENTED_EDGE('',*,*,#3215,.T.);
#3215 = EDGE_CURVE('',#3192,#3216,#3218,.T.);
#3216 = VERTEX_POINT('',#3217);
#3217 = CARTESIAN_POINT('',(-0.3,1.2,1.5));
#3218 = LINE('',#3219,#3220);
#3219 = CARTESIAN_POINT('',(-0.3,1.2,1.5));
#3220 = VECTOR('',#3221,1.);
#3221 = DIRECTION('',(-1.,-0.,-0.));
#3222 = ORIENTED_EDGE('',*,*,#3223,.T.);
#3223 = EDGE_CURVE('',#3216,#377,#3224,.T.);
#3224 = LINE('',#3225,#3226);
#3225 = CARTESIAN_POINT('',(-0.3,1.2,1.5));
#3226 = VECTOR('',#3227,1.);
#3227 = DIRECTION('',(0.,-1.,0.));
#3228 = ORIENTED_EDGE('',*,*,#376,.F.);
#3229 = PLANE('',#3230);
#3230 = AXIS2_PLACEMENT_3D('',#3231,#3232,#3233);
#3231 = CARTESIAN_POINT('',(-0.3,1.2,1.5));
#3232 = DIRECTION('',(-0.,0.,1.));
#3233 = DIRECTION('',(1.,0.,0.));
#3234 = ADVANCED_FACE('',(#3235),#3246,.T.);
#3235 = FACE_BOUND('',#3236,.T.);
#3236 = EDGE_LOOP('',(#3237,#3238,#3244,#3245));
#3237 = ORIENTED_EDGE('',*,*,#3223,.F.);
#3238 = ORIENTED_EDGE('',*,*,#3239,.T.);
#3239 = EDGE_CURVE('',#3216,#544,#3240,.T.);
#3240 = LINE('',#3241,#3242);
#3241 = CARTESIAN_POINT('',(-0.3,1.2,1.5));
#3242 = VECTOR('',#3243,1.);
#3243 = DIRECTION('',(0.,0.,1.));
#3244 = ORIENTED_EDGE('',*,*,#543,.T.);
#3245 = ORIENTED_EDGE('',*,*,#384,.F.);
#3246 = PLANE('',#3247);
#3247 = AXIS2_PLACEMENT_3D('',#3248,#3249,#3250);
#3248 = CARTESIAN_POINT('',(-0.3,1.2,1.5));
#3249 = DIRECTION('',(1.,0.,-0.));
#3250 = DIRECTION('',(-0.,0.,-1.));
#3251 = ADVANCED_FACE('',(#3252),#3258,.T.);
#3252 = FACE_BOUND('',#3253,.T.);
#3253 = EDGE_LOOP('',(#3254,#3255,#3256,#3257));
#3254 = ORIENTED_EDGE('',*,*,#551,.F.);
#3255 = ORIENTED_EDGE('',*,*,#3239,.F.);
#3256 = ORIENTED_EDGE('',*,*,#3215,.F.);
#3257 = ORIENTED_EDGE('',*,*,#3191,.F.);
#3258 = PLANE('',#3259);
#3259 = AXIS2_PLACEMENT_3D('',#3260,#3261,#3262);
#3260 = CARTESIAN_POINT('',(0.,1.2,0.));
#3261 = DIRECTION('',(0.,-1.,0.));
#3262 = DIRECTION('',(0.,-0.,-1.));
#3263 = ADVANCED_FACE('',(#3264),#3282,.T.);
#3264 = FACE_BOUND('',#3265,.T.);
#3265 = EDGE_LOOP('',(#3266,#3267,#3275,#3281));
#3266 = ORIENTED_EDGE('',*,*,#536,.F.);
#3267 = ORIENTED_EDGE('',*,*,#3268,.T.);
#3268 = EDGE_CURVE('',#529,#3269,#3271,.T.);
#3269 = VERTEX_POINT('',#3270);
#3270 = CARTESIAN_POINT('',(-2.2,1.2,1.5));
#3271 = LINE('',#3272,#3273);
#3272 = CARTESIAN_POINT('',(-2.2,1.2,1.5));
#3273 = VECTOR('',#3274,1.);
#3274 = DIRECTION('',(-0.,-0.,-1.));
#3275 = ORIENTED_EDGE('',*,*,#3276,.T.);
#3276 = EDGE_CURVE('',#3269,#401,#3277,.T.);
#3277 = LINE('',#3278,#3279);
#3278 = CARTESIAN_POINT('',(-2.2,1.2,1.5));
#3279 = VECTOR('',#3280,1.);
#3280 = DIRECTION('',(0.,-1.,0.));
#3281 = ORIENTED_EDGE('',*,*,#400,.F.);
#3282 = PLANE('',#3283);
#3283 = AXIS2_PLACEMENT_3D('',#3284,#3285,#3286);
#3284 = CARTESIAN_POINT('',(-2.2,1.2,1.5));
#3285 = DIRECTION('',(-1.,0.,0.));
#3286 = DIRECTION('',(0.,0.,1.));
#3287 = ADVANCED_FACE('',(#3288),#3306,.T.);
#3288 = FACE_BOUND('',#3289,.T.);
#3289 = EDGE_LOOP('',(#3290,#3291,#3299,#3305));
#3290 = ORIENTED_EDGE('',*,*,#3276,.F.);
#3291 = ORIENTED_EDGE('',*,*,#3292,.T.);
#3292 = EDGE_CURVE('',#3269,#3293,#3295,.T.);
#3293 = VERTEX_POINT('',#3294);
#3294 = CARTESIAN_POINT('',(-2.8,1.2,1.5));
#3295 = LINE('',#3296,#3297);
#3296 = CARTESIAN_POINT('',(-2.8,1.2,1.5));
#3297 = VECTOR('',#3298,1.);
#3298 = DIRECTION('',(-1.,-0.,-0.));
#3299 = ORIENTED_EDGE('',*,*,#3300,.T.);
#3300 = EDGE_CURVE('',#3293,#409,#3301,.T.);
#3301 = LINE('',#3302,#3303);
#3302 = CARTESIAN_POINT('',(-2.8,1.2,1.5));
#3303 = VECTOR('',#3304,1.);
#3304 = DIRECTION('',(0.,-1.,0.));
#3305 = ORIENTED_EDGE('',*,*,#408,.F.);
#3306 = PLANE('',#3307);
#3307 = AXIS2_PLACEMENT_3D('',#3308,#3309,#3310);
#3308 = CARTESIAN_POINT('',(-2.8,1.2,1.5));
#3309 = DIRECTION('',(-0.,0.,1.));
#3310 = DIRECTION('',(1.,0.,0.));
#3311 = ADVANCED_FACE('',(#3312),#3323,.T.);
#3312 = FACE_BOUND('',#3313,.T.);
#3313 = EDGE_LOOP('',(#3314,#3315,#3321,#3322));
#3314 = ORIENTED_EDGE('',*,*,#3300,.F.);
#3315 = ORIENTED_EDGE('',*,*,#3316,.T.);
#3316 = EDGE_CURVE('',#3293,#527,#3317,.T.);
#3317 = LINE('',#3318,#3319);
#3318 = CARTESIAN_POINT('',(-2.8,1.2,1.5));
#3319 = VECTOR('',#3320,1.);
#3320 = DIRECTION('',(0.,0.,1.));
#3321 = ORIENTED_EDGE('',*,*,#724,.T.);
#3322 = ORIENTED_EDGE('',*,*,#416,.F.);
#3323 = PLANE('',#3324);
#3324 = AXIS2_PLACEMENT_3D('',#3325,#3326,#3327);
#3325 = CARTESIAN_POINT('',(-2.8,1.2,1.5));
#3326 = DIRECTION('',(1.,0.,-0.));
#3327 = DIRECTION('',(-0.,0.,-1.));
#3328 = ADVANCED_FACE('',(#3329),#3335,.T.);
#3329 = FACE_BOUND('',#3330,.T.);
#3330 = EDGE_LOOP('',(#3331,#3332,#3333,#3334));
#3331 = ORIENTED_EDGE('',*,*,#526,.F.);
#3332 = ORIENTED_EDGE('',*,*,#3316,.F.);
#3333 = ORIENTED_EDGE('',*,*,#3292,.F.);
#3334 = ORIENTED_EDGE('',*,*,#3268,.F.);
#3335 = PLANE('',#3336);
#3336 = AXIS2_PLACEMENT_3D('',#3337,#3338,#3339);
#3337 = CARTESIAN_POINT('',(0.,1.2,0.));
#3338 = DIRECTION('',(0.,-1.,0.));
#3339 = DIRECTION('',(0.,-0.,-1.));
#3340 = ( GEOMETRIC_REPRESENTATION_CONTEXT(3) 
GLOBAL_UNCERTAINTY_ASSIGNED_CONTEXT((#3344)) 
GLOBAL_UNIT_ASSIGNED_CONTEXT((#3341,#3342,#3343)) REPRESENTATION_CONTEXT
('Context #1','3D Context with UNIT and UNCERTAINTY') );
#3341 = ( LENGTH_UNIT() NAMED_UNIT(*) SI_UNIT(.MILLI.,.METRE.) );
#3342 = ( NAMED_UNIT(*) PLANE_ANGLE_UNIT() SI_UNIT($,.RADIAN.) );
#3343 = ( NAMED_UNIT(*) SI_UNIT($,.STERADIAN.) SOLID_ANGLE_UNIT() );
#3344 = UNCERTAINTY_MEASURE_WITH_UNIT(LENGTH_MEASURE(1.E-07),#3341,
  'distance_accuracy_value','confusion accuracy');
#3345 = CONTEXT_DEPENDENT_SHAPE_REPRESENTATION(#3346,#3348);
#3346 = ( REPRESENTATION_RELATIONSHIP('','',#83,#32) 
REPRESENTATION_RELATIONSHIP_WITH_TRANSFORMATION(#3347) 
SHAPE_REPRESENTATION_RELATIONSHIP() );
#3347 = ITEM_DEFINED_TRANSFORMATION('','',#11,#33);
#3348 = PRODUCT_DEFINITION_SHAPE('Placement','Placement of an item',
  #3349);
#3349 = NEXT_ASSEMBLY_USAGE_OCCURRENCE('1','JS202011CQN','',#27,#78,$);
#3350 = PRODUCT_RELATED_PRODUCT_CATEGORY('part',$,(#80));
#3351 = SHAPE_DEFINITION_REPRESENTATION(#3352,#3358);
#3352 = PRODUCT_DEFINITION_SHAPE('','',#3353);
#3353 = PRODUCT_DEFINITION('design','',#3354,#3357);
#3354 = PRODUCT_DEFINITION_FORMATION('','',#3355);
#3355 = PRODUCT('JS202011CQN001','JS202011CQN001','',(#3356));
#3356 = PRODUCT_CONTEXT('',#2,'mechanical');
#3357 = PRODUCT_DEFINITION_CONTEXT('part definition',#2,'design');
#3358 = ADVANCED_BREP_SHAPE_REPRESENTATION('',(#11,#3359),#3641);
#3359 = MANIFOLD_SOLID_BREP('',#3360);
#3360 = CLOSED_SHELL('',(#3361,#3433,#3464,#3527,#3549,#3571,#3583,#3600
    ,#3612,#3629));
#3361 = ADVANCED_FACE('',(#3362),#3428,.T.);
#3362 = FACE_BOUND('',#3363,.T.);
#3363 = EDGE_LOOP('',(#3364,#3374,#3382,#3390,#3398,#3406,#3414,#3422));
#3364 = ORIENTED_EDGE('',*,*,#3365,.F.);
#3365 = EDGE_CURVE('',#3366,#3368,#3370,.T.);
#3366 = VERTEX_POINT('',#3367);
#3367 = CARTESIAN_POINT('',(-2.675,-2.78,1.8));
#3368 = VERTEX_POINT('',#3369);
#3369 = CARTESIAN_POINT('',(-2.8,-2.,1.8));
#3370 = LINE('',#3371,#3372);
#3371 = CARTESIAN_POINT('',(-2.675,-2.78,1.8));
#3372 = VECTOR('',#3373,1.);
#3373 = DIRECTION('',(-0.15823735632,0.987401103435,0.));
#3374 = ORIENTED_EDGE('',*,*,#3375,.F.);
#3375 = EDGE_CURVE('',#3376,#3366,#3378,.T.);
#3376 = VERTEX_POINT('',#3377);
#3377 = CARTESIAN_POINT('',(-2.675,-3.,1.8));
#3378 = LINE('',#3379,#3380);
#3379 = CARTESIAN_POINT('',(-2.675,-3.,1.8));
#3380 = VECTOR('',#3381,1.);
#3381 = DIRECTION('',(0.,1.,0.));
#3382 = ORIENTED_EDGE('',*,*,#3383,.T.);
#3383 = EDGE_CURVE('',#3376,#3384,#3386,.T.);
#3384 = VERTEX_POINT('',#3385);
#3385 = CARTESIAN_POINT('',(-2.325,-3.,1.8));
#3386 = LINE('',#3387,#3388);
#3387 = CARTESIAN_POINT('',(-2.8,-3.,1.8));
#3388 = VECTOR('',#3389,1.);
#3389 = DIRECTION('',(1.,0.,0.));
#3390 = ORIENTED_EDGE('',*,*,#3391,.F.);
#3391 = EDGE_CURVE('',#3392,#3384,#3394,.T.);
#3392 = VERTEX_POINT('',#3393);
#3393 = CARTESIAN_POINT('',(-2.325,-2.78,1.8));
#3394 = LINE('',#3395,#3396);
#3395 = CARTESIAN_POINT('',(-2.325,-3.,1.8));
#3396 = VECTOR('',#3397,1.);
#3397 = DIRECTION('',(-0.,-1.,-0.));
#3398 = ORIENTED_EDGE('',*,*,#3399,.F.);
#3399 = EDGE_CURVE('',#3400,#3392,#3402,.T.);
#3400 = VERTEX_POINT('',#3401);
#3401 = CARTESIAN_POINT('',(-2.2,-2.,1.8));
#3402 = LINE('',#3403,#3404);
#3403 = CARTESIAN_POINT('',(-2.325,-2.78,1.8));
#3404 = VECTOR('',#3405,1.);
#3405 = DIRECTION('',(-0.15823735632,-0.987401103435,-0.));
#3406 = ORIENTED_EDGE('',*,*,#3407,.T.);
#3407 = EDGE_CURVE('',#3400,#3408,#3410,.T.);
#3408 = VERTEX_POINT('',#3409);
#3409 = CARTESIAN_POINT('',(-2.2,1.2,1.8));
#3410 = LINE('',#3411,#3412);
#3411 = CARTESIAN_POINT('',(-2.2,-3.,1.8));
#3412 = VECTOR('',#3413,1.);
#3413 = DIRECTION('',(0.,1.,0.));
#3414 = ORIENTED_EDGE('',*,*,#3415,.T.);
#3415 = EDGE_CURVE('',#3408,#3416,#3418,.T.);
#3416 = VERTEX_POINT('',#3417);
#3417 = CARTESIAN_POINT('',(-2.8,1.2,1.8));
#3418 = LINE('',#3419,#3420);
#3419 = CARTESIAN_POINT('',(-2.8,1.2,1.8));
#3420 = VECTOR('',#3421,1.);
#3421 = DIRECTION('',(-1.,0.,0.));
#3422 = ORIENTED_EDGE('',*,*,#3423,.F.);
#3423 = EDGE_CURVE('',#3368,#3416,#3424,.T.);
#3424 = LINE('',#3425,#3426);
#3425 = CARTESIAN_POINT('',(-2.8,-3.,1.8));
#3426 = VECTOR('',#3427,1.);
#3427 = DIRECTION('',(0.,1.,0.));
#3428 = PLANE('',#3429);
#3429 = AXIS2_PLACEMENT_3D('',#3430,#3431,#3432);
#3430 = CARTESIAN_POINT('',(-2.8,-3.,1.8));
#3431 = DIRECTION('',(0.,0.,1.));
#3432 = DIRECTION('',(1.,0.,-0.));
#3433 = ADVANCED_FACE('',(#3434),#3459,.T.);
#3434 = FACE_BOUND('',#3435,.T.);
#3435 = EDGE_LOOP('',(#3436,#3444,#3445,#3453));
#3436 = ORIENTED_EDGE('',*,*,#3437,.T.);
#3437 = EDGE_CURVE('',#3438,#3368,#3440,.T.);
#3438 = VERTEX_POINT('',#3439);
#3439 = CARTESIAN_POINT('',(-2.8,-2.,1.5));
#3440 = LINE('',#3441,#3442);
#3441 = CARTESIAN_POINT('',(-2.8,-2.,-1.8));
#3442 = VECTOR('',#3443,1.);
#3443 = DIRECTION('',(-0.,-0.,1.));
#3444 = ORIENTED_EDGE('',*,*,#3423,.T.);
#3445 = ORIENTED_EDGE('',*,*,#3446,.T.);
#3446 = EDGE_CURVE('',#3416,#3447,#3449,.T.);
#3447 = VERTEX_POINT('',#3448);
#3448 = CARTESIAN_POINT('',(-2.8,1.2,1.5));
#3449 = LINE('',#3450,#3451);
#3450 = CARTESIAN_POINT('',(-2.8,1.2,1.5));
#3451 = VECTOR('',#3452,1.);
#3452 = DIRECTION('',(0.,0.,-1.));
#3453 = ORIENTED_EDGE('',*,*,#3454,.F.);
#3454 = EDGE_CURVE('',#3438,#3447,#3455,.T.);
#3455 = LINE('',#3456,#3457);
#3456 = CARTESIAN_POINT('',(-2.8,-3.,1.5));
#3457 = VECTOR('',#3458,1.);
#3458 = DIRECTION('',(0.,1.,0.));
#3459 = PLANE('',#3460);
#3460 = AXIS2_PLACEMENT_3D('',#3461,#3462,#3463);
#3461 = CARTESIAN_POINT('',(-2.8,-3.,1.5));
#3462 = DIRECTION('',(-1.,0.,0.));
#3463 = DIRECTION('',(0.,0.,1.));
#3464 = ADVANCED_FACE('',(#3465),#3522,.T.);
#3465 = FACE_BOUND('',#3466,.T.);
#3466 = EDGE_LOOP('',(#3467,#3475,#3476,#3484,#3492,#3500,#3508,#3516));
#3467 = ORIENTED_EDGE('',*,*,#3468,.F.);
#3468 = EDGE_CURVE('',#3438,#3469,#3471,.T.);
#3469 = VERTEX_POINT('',#3470);
#3470 = CARTESIAN_POINT('',(-2.675,-2.78,1.5));
#3471 = LINE('',#3472,#3473);
#3472 = CARTESIAN_POINT('',(-2.643756259765,-2.974960939065,1.5));
#3473 = VECTOR('',#3474,1.);
#3474 = DIRECTION('',(0.15823735632,-0.987401103435,0.));
#3475 = ORIENTED_EDGE('',*,*,#3454,.T.);
#3476 = ORIENTED_EDGE('',*,*,#3477,.T.);
#3477 = EDGE_CURVE('',#3447,#3478,#3480,.T.);
#3478 = VERTEX_POINT('',#3479);
#3479 = CARTESIAN_POINT('',(-2.2,1.2,1.5));
#3480 = LINE('',#3481,#3482);
#3481 = CARTESIAN_POINT('',(-2.8,1.2,1.5));
#3482 = VECTOR('',#3483,1.);
#3483 = DIRECTION('',(1.,0.,-0.));
#3484 = ORIENTED_EDGE('',*,*,#3485,.F.);
#3485 = EDGE_CURVE('',#3486,#3478,#3488,.T.);
#3486 = VERTEX_POINT('',#3487);
#3487 = CARTESIAN_POINT('',(-2.2,-2.,1.5));
#3488 = LINE('',#3489,#3490);
#3489 = CARTESIAN_POINT('',(-2.2,-3.,1.5));
#3490 = VECTOR('',#3491,1.);
#3491 = DIRECTION('',(0.,1.,0.));
#3492 = ORIENTED_EDGE('',*,*,#3493,.F.);
#3493 = EDGE_CURVE('',#3494,#3486,#3496,.T.);
#3494 = VERTEX_POINT('',#3495);
#3495 = CARTESIAN_POINT('',(-2.325,-2.78,1.5));
#3496 = LINE('',#3497,#3498);
#3497 = CARTESIAN_POINT('',(-2.371267176796,-3.068707183206,1.5));
#3498 = VECTOR('',#3499,1.);
#3499 = DIRECTION('',(0.15823735632,0.987401103435,0.));
#3500 = ORIENTED_EDGE('',*,*,#3501,.F.);
#3501 = EDGE_CURVE('',#3502,#3494,#3504,.T.);
#3502 = VERTEX_POINT('',#3503);
#3503 = CARTESIAN_POINT('',(-2.325,-3.,1.5));
#3504 = LINE('',#3505,#3506);
#3505 = CARTESIAN_POINT('',(-2.325,-3.,1.5));
#3506 = VECTOR('',#3507,1.);
#3507 = DIRECTION('',(0.,1.,0.));
#3508 = ORIENTED_EDGE('',*,*,#3509,.T.);
#3509 = EDGE_CURVE('',#3502,#3510,#3512,.T.);
#3510 = VERTEX_POINT('',#3511);
#3511 = CARTESIAN_POINT('',(-2.675,-3.,1.5));
#3512 = LINE('',#3513,#3514);
#3513 = CARTESIAN_POINT('',(-2.8,-3.,1.5));
#3514 = VECTOR('',#3515,1.);
#3515 = DIRECTION('',(-1.,-0.,-0.));
#3516 = ORIENTED_EDGE('',*,*,#3517,.F.);
#3517 = EDGE_CURVE('',#3469,#3510,#3518,.T.);
#3518 = LINE('',#3519,#3520);
#3519 = CARTESIAN_POINT('',(-2.675,-3.,1.5));
#3520 = VECTOR('',#3521,1.);
#3521 = DIRECTION('',(0.,-1.,0.));
#3522 = PLANE('',#3523);
#3523 = AXIS2_PLACEMENT_3D('',#3524,#3525,#3526);
#3524 = CARTESIAN_POINT('',(-2.8,-3.,1.5));
#3525 = DIRECTION('',(0.,0.,-1.));
#3526 = DIRECTION('',(-1.,0.,-0.));
#3527 = ADVANCED_FACE('',(#3528),#3544,.T.);
#3528 = FACE_BOUND('',#3529,.T.);
#3529 = EDGE_LOOP('',(#3530,#3536,#3537,#3543));
#3530 = ORIENTED_EDGE('',*,*,#3531,.F.);
#3531 = EDGE_CURVE('',#3486,#3400,#3532,.T.);
#3532 = LINE('',#3533,#3534);
#3533 = CARTESIAN_POINT('',(-2.2,-2.,-1.8));
#3534 = VECTOR('',#3535,1.);
#3535 = DIRECTION('',(-0.,-0.,1.));
#3536 = ORIENTED_EDGE('',*,*,#3485,.T.);
#3537 = ORIENTED_EDGE('',*,*,#3538,.T.);
#3538 = EDGE_CURVE('',#3478,#3408,#3539,.T.);
#3539 = LINE('',#3540,#3541);
#3540 = CARTESIAN_POINT('',(-2.2,1.2,1.5));
#3541 = VECTOR('',#3542,1.);
#3542 = DIRECTION('',(0.,0.,1.));
#3543 = ORIENTED_EDGE('',*,*,#3407,.F.);
#3544 = PLANE('',#3545);
#3545 = AXIS2_PLACEMENT_3D('',#3546,#3547,#3548);
#3546 = CARTESIAN_POINT('',(-2.2,-3.,1.5));
#3547 = DIRECTION('',(1.,0.,0.));
#3548 = DIRECTION('',(0.,0.,-1.));
#3549 = ADVANCED_FACE('',(#3550),#3566,.T.);
#3550 = FACE_BOUND('',#3551,.T.);
#3551 = EDGE_LOOP('',(#3552,#3558,#3559,#3565));
#3552 = ORIENTED_EDGE('',*,*,#3553,.F.);
#3553 = EDGE_CURVE('',#3510,#3376,#3554,.T.);
#3554 = LINE('',#3555,#3556);
#3555 = CARTESIAN_POINT('',(-2.675,-3.,0.));
#3556 = VECTOR('',#3557,1.);
#3557 = DIRECTION('',(0.,0.,1.));
#3558 = ORIENTED_EDGE('',*,*,#3509,.F.);
#3559 = ORIENTED_EDGE('',*,*,#3560,.F.);
#3560 = EDGE_CURVE('',#3384,#3502,#3561,.T.);
#3561 = LINE('',#3562,#3563);
#3562 = CARTESIAN_POINT('',(-2.325,-3.,0.));
#3563 = VECTOR('',#3564,1.);
#3564 = DIRECTION('',(0.,0.,-1.));
#3565 = ORIENTED_EDGE('',*,*,#3383,.F.);
#3566 = PLANE('',#3567);
#3567 = AXIS2_PLACEMENT_3D('',#3568,#3569,#3570);
#3568 = CARTESIAN_POINT('',(0.,-3.,0.));
#3569 = DIRECTION('',(0.,-1.,0.));
#3570 = DIRECTION('',(0.,-0.,-1.));
#3571 = ADVANCED_FACE('',(#3572),#3578,.F.);
#3572 = FACE_BOUND('',#3573,.T.);
#3573 = EDGE_LOOP('',(#3574,#3575,#3576,#3577));
#3574 = ORIENTED_EDGE('',*,*,#3538,.F.);
#3575 = ORIENTED_EDGE('',*,*,#3477,.F.);
#3576 = ORIENTED_EDGE('',*,*,#3446,.F.);
#3577 = ORIENTED_EDGE('',*,*,#3415,.F.);
#3578 = PLANE('',#3579);
#3579 = AXIS2_PLACEMENT_3D('',#3580,#3581,#3582);
#3580 = CARTESIAN_POINT('',(0.,1.2,0.));
#3581 = DIRECTION('',(0.,-1.,0.));
#3582 = DIRECTION('',(0.,-0.,-1.));
#3583 = ADVANCED_FACE('',(#3584),#3595,.F.);
#3584 = FACE_BOUND('',#3585,.T.);
#3585 = EDGE_LOOP('',(#3586,#3587,#3593,#3594));
#3586 = ORIENTED_EDGE('',*,*,#3501,.T.);
#3587 = ORIENTED_EDGE('',*,*,#3588,.T.);
#3588 = EDGE_CURVE('',#3494,#3392,#3589,.T.);
#3589 = LINE('',#3590,#3591);
#3590 = CARTESIAN_POINT('',(-2.325,-2.78,-1.8));
#3591 = VECTOR('',#3592,1.);
#3592 = DIRECTION('',(-0.,-0.,1.));
#3593 = ORIENTED_EDGE('',*,*,#3391,.T.);
#3594 = ORIENTED_EDGE('',*,*,#3560,.T.);
#3595 = PLANE('',#3596);
#3596 = AXIS2_PLACEMENT_3D('',#3597,#3598,#3599);
#3597 = CARTESIAN_POINT('',(-2.325,-3.,-1.8));
#3598 = DIRECTION('',(-1.,0.,0.));
#3599 = DIRECTION('',(0.,0.,1.));
#3600 = ADVANCED_FACE('',(#3601),#3607,.F.);
#3601 = FACE_BOUND('',#3602,.T.);
#3602 = EDGE_LOOP('',(#3603,#3604,#3605,#3606));
#3603 = ORIENTED_EDGE('',*,*,#3493,.T.);
#3604 = ORIENTED_EDGE('',*,*,#3531,.T.);
#3605 = ORIENTED_EDGE('',*,*,#3399,.T.);
#3606 = ORIENTED_EDGE('',*,*,#3588,.F.);
#3607 = PLANE('',#3608);
#3608 = AXIS2_PLACEMENT_3D('',#3609,#3610,#3611);
#3609 = CARTESIAN_POINT('',(-2.325,-2.78,-1.8));
#3610 = DIRECTION('',(-0.987401103435,0.15823735632,0.));
#3611 = DIRECTION('',(-0.15823735632,-0.987401103435,0.));
#3612 = ADVANCED_FACE('',(#3613),#3624,.F.);
#3613 = FACE_BOUND('',#3614,.T.);
#3614 = EDGE_LOOP('',(#3615,#3616,#3622,#3623));
#3615 = ORIENTED_EDGE('',*,*,#3468,.T.);
#3616 = ORIENTED_EDGE('',*,*,#3617,.T.);
#3617 = EDGE_CURVE('',#3469,#3366,#3618,.T.);
#3618 = LINE('',#3619,#3620);
#3619 = CARTESIAN_POINT('',(-2.675,-2.78,-1.8));
#3620 = VECTOR('',#3621,1.);
#3621 = DIRECTION('',(-0.,-0.,1.));
#3622 = ORIENTED_EDGE('',*,*,#3365,.T.);
#3623 = ORIENTED_EDGE('',*,*,#3437,.F.);
#3624 = PLANE('',#3625);
#3625 = AXIS2_PLACEMENT_3D('',#3626,#3627,#3628);
#3626 = CARTESIAN_POINT('',(-2.675,-2.78,-1.8));
#3627 = DIRECTION('',(0.987401103435,0.15823735632,0.));
#3628 = DIRECTION('',(-0.15823735632,0.987401103435,0.));
#3629 = ADVANCED_FACE('',(#3630),#3636,.F.);
#3630 = FACE_BOUND('',#3631,.T.);
#3631 = EDGE_LOOP('',(#3632,#3633,#3634,#3635));
#3632 = ORIENTED_EDGE('',*,*,#3517,.T.);
#3633 = ORIENTED_EDGE('',*,*,#3553,.T.);
#3634 = ORIENTED_EDGE('',*,*,#3375,.T.);
#3635 = ORIENTED_EDGE('',*,*,#3617,.F.);
#3636 = PLANE('',#3637);
#3637 = AXIS2_PLACEMENT_3D('',#3638,#3639,#3640);
#3638 = CARTESIAN_POINT('',(-2.675,-3.,-1.8));
#3639 = DIRECTION('',(1.,-0.,0.));
#3640 = DIRECTION('',(0.,0.,-1.));
#3641 = ( GEOMETRIC_REPRESENTATION_CONTEXT(3) 
GLOBAL_UNCERTAINTY_ASSIGNED_CONTEXT((#3645)) 
GLOBAL_UNIT_ASSIGNED_CONTEXT((#3642,#3643,#3644)) REPRESENTATION_CONTEXT
('Context #1','3D Context with UNIT and UNCERTAINTY') );
#3642 = ( LENGTH_UNIT() NAMED_UNIT(*) SI_UNIT(.MILLI.,.METRE.) );
#3643 = ( NAMED_UNIT(*) PLANE_ANGLE_UNIT() SI_UNIT($,.RADIAN.) );
#3644 = ( NAMED_UNIT(*) SI_UNIT($,.STERADIAN.) SOLID_ANGLE_UNIT() );
#3645 = UNCERTAINTY_MEASURE_WITH_UNIT(LENGTH_MEASURE(1.E-07),#3642,
  'distance_accuracy_value','confusion accuracy');
#3646 = CONTEXT_DEPENDENT_SHAPE_REPRESENTATION(#3647,#3649);
#3647 = ( REPRESENTATION_RELATIONSHIP('','',#3358,#32) 
REPRESENTATION_RELATIONSHIP_WITH_TRANSFORMATION(#3648) 
SHAPE_REPRESENTATION_RELATIONSHIP() );
#3648 = ITEM_DEFINED_TRANSFORMATION('','',#11,#37);
#3649 = PRODUCT_DEFINITION_SHAPE('Placement','Placement of an item',
  #3650);
#3650 = NEXT_ASSEMBLY_USAGE_OCCURRENCE('2','JS202011CQN001','',#27,#3353
  ,$);
#3651 = PRODUCT_RELATED_PRODUCT_CATEGORY('part',$,(#3355));
#3652 = SHAPE_DEFINITION_REPRESENTATION(#3653,#3659);
#3653 = PRODUCT_DEFINITION_SHAPE('','',#3654);
#3654 = PRODUCT_DEFINITION('design','',#3655,#3658);
#3655 = PRODUCT_DEFINITION_FORMATION('','',#3656);
#3656 = PRODUCT('JS202011CQN002','JS202011CQN002','',(#3657));
#3657 = PRODUCT_CONTEXT('',#2,'mechanical');
#3658 = PRODUCT_DEFINITION_CONTEXT('part definition',#2,'design');
#3659 = ADVANCED_BREP_SHAPE_REPRESENTATION('',(#11,#3660),#3942);
#3660 = MANIFOLD_SOLID_BREP('',#3661);
#3661 = CLOSED_SHELL('',(#3662,#3734,#3765,#3828,#3850,#3872,#3884,#3901
    ,#3913,#3930));
#3662 = ADVANCED_FACE('',(#3663),#3729,.T.);
#3663 = FACE_BOUND('',#3664,.T.);
#3664 = EDGE_LOOP('',(#3665,#3675,#3683,#3691,#3699,#3707,#3715,#3723));
#3665 = ORIENTED_EDGE('',*,*,#3666,.F.);
#3666 = EDGE_CURVE('',#3667,#3669,#3671,.T.);
#3667 = VERTEX_POINT('',#3668);
#3668 = CARTESIAN_POINT('',(-2.675,-2.78,-1.5));
#3669 = VERTEX_POINT('',#3670);
#3670 = CARTESIAN_POINT('',(-2.8,-2.,-1.5));
#3671 = LINE('',#3672,#3673);
#3672 = CARTESIAN_POINT('',(-2.643756259765,-2.974960939065,-1.5));
#3673 = VECTOR('',#3674,1.);
#3674 = DIRECTION('',(-0.15823735632,0.987401103435,0.));
#3675 = ORIENTED_EDGE('',*,*,#3676,.F.);
#3676 = EDGE_CURVE('',#3677,#3667,#3679,.T.);
#3677 = VERTEX_POINT('',#3678);
#3678 = CARTESIAN_POINT('',(-2.675,-3.,-1.5));
#3679 = LINE('',#3680,#3681);
#3680 = CARTESIAN_POINT('',(-2.675,-3.,-1.5));
#3681 = VECTOR('',#3682,1.);
#3682 = DIRECTION('',(0.,1.,-0.));
#3683 = ORIENTED_EDGE('',*,*,#3684,.T.);
#3684 = EDGE_CURVE('',#3677,#3685,#3687,.T.);
#3685 = VERTEX_POINT('',#3686);
#3686 = CARTESIAN_POINT('',(-2.325,-3.,-1.5));
#3687 = LINE('',#3688,#3689);
#3688 = CARTESIAN_POINT('',(-2.8,-3.,-1.5));
#3689 = VECTOR('',#3690,1.);
#3690 = DIRECTION('',(1.,0.,0.));
#3691 = ORIENTED_EDGE('',*,*,#3692,.F.);
#3692 = EDGE_CURVE('',#3693,#3685,#3695,.T.);
#3693 = VERTEX_POINT('',#3694);
#3694 = CARTESIAN_POINT('',(-2.325,-2.78,-1.5));
#3695 = LINE('',#3696,#3697);
#3696 = CARTESIAN_POINT('',(-2.325,-3.,-1.5));
#3697 = VECTOR('',#3698,1.);
#3698 = DIRECTION('',(0.,-1.,0.));
#3699 = ORIENTED_EDGE('',*,*,#3700,.F.);
#3700 = EDGE_CURVE('',#3701,#3693,#3703,.T.);
#3701 = VERTEX_POINT('',#3702);
#3702 = CARTESIAN_POINT('',(-2.2,-2.,-1.5));
#3703 = LINE('',#3704,#3705);
#3704 = CARTESIAN_POINT('',(-2.371267176796,-3.068707183206,-1.5));
#3705 = VECTOR('',#3706,1.);
#3706 = DIRECTION('',(-0.15823735632,-0.987401103435,0.));
#3707 = ORIENTED_EDGE('',*,*,#3708,.T.);
#3708 = EDGE_CURVE('',#3701,#3709,#3711,.T.);
#3709 = VERTEX_POINT('',#3710);
#3710 = CARTESIAN_POINT('',(-2.2,1.2,-1.5));
#3711 = LINE('',#3712,#3713);
#3712 = CARTESIAN_POINT('',(-2.2,-3.,-1.5));
#3713 = VECTOR('',#3714,1.);
#3714 = DIRECTION('',(0.,1.,0.));
#3715 = ORIENTED_EDGE('',*,*,#3716,.T.);
#3716 = EDGE_CURVE('',#3709,#3717,#3719,.T.);
#3717 = VERTEX_POINT('',#3718);
#3718 = CARTESIAN_POINT('',(-2.8,1.2,-1.5));
#3719 = LINE('',#3720,#3721);
#3720 = CARTESIAN_POINT('',(-2.8,1.2,-1.5));
#3721 = VECTOR('',#3722,1.);
#3722 = DIRECTION('',(-1.,0.,0.));
#3723 = ORIENTED_EDGE('',*,*,#3724,.F.);
#3724 = EDGE_CURVE('',#3669,#3717,#3725,.T.);
#3725 = LINE('',#3726,#3727);
#3726 = CARTESIAN_POINT('',(-2.8,-3.,-1.5));
#3727 = VECTOR('',#3728,1.);
#3728 = DIRECTION('',(0.,1.,0.));
#3729 = PLANE('',#3730);
#3730 = AXIS2_PLACEMENT_3D('',#3731,#3732,#3733);
#3731 = CARTESIAN_POINT('',(-2.8,-3.,-1.5));
#3732 = DIRECTION('',(0.,0.,1.));
#3733 = DIRECTION('',(1.,0.,-0.));
#3734 = ADVANCED_FACE('',(#3735),#3760,.T.);
#3735 = FACE_BOUND('',#3736,.T.);
#3736 = EDGE_LOOP('',(#3737,#3745,#3746,#3754));
#3737 = ORIENTED_EDGE('',*,*,#3738,.T.);
#3738 = EDGE_CURVE('',#3739,#3669,#3741,.T.);
#3739 = VERTEX_POINT('',#3740);
#3740 = CARTESIAN_POINT('',(-2.8,-2.,-1.8));
#3741 = LINE('',#3742,#3743);
#3742 = CARTESIAN_POINT('',(-2.8,-2.,-1.8));
#3743 = VECTOR('',#3744,1.);
#3744 = DIRECTION('',(-0.,-0.,1.));
#3745 = ORIENTED_EDGE('',*,*,#3724,.T.);
#3746 = ORIENTED_EDGE('',*,*,#3747,.T.);
#3747 = EDGE_CURVE('',#3717,#3748,#3750,.T.);
#3748 = VERTEX_POINT('',#3749);
#3749 = CARTESIAN_POINT('',(-2.8,1.2,-1.8));
#3750 = LINE('',#3751,#3752);
#3751 = CARTESIAN_POINT('',(-2.8,1.2,-1.8));
#3752 = VECTOR('',#3753,1.);
#3753 = DIRECTION('',(0.,0.,-1.));
#3754 = ORIENTED_EDGE('',*,*,#3755,.F.);
#3755 = EDGE_CURVE('',#3739,#3748,#3756,.T.);
#3756 = LINE('',#3757,#3758);
#3757 = CARTESIAN_POINT('',(-2.8,-3.,-1.8));
#3758 = VECTOR('',#3759,1.);
#3759 = DIRECTION('',(0.,1.,0.));
#3760 = PLANE('',#3761);
#3761 = AXIS2_PLACEMENT_3D('',#3762,#3763,#3764);
#3762 = CARTESIAN_POINT('',(-2.8,-3.,-1.8));
#3763 = DIRECTION('',(-1.,0.,0.));
#3764 = DIRECTION('',(0.,0.,1.));
#3765 = ADVANCED_FACE('',(#3766),#3823,.T.);
#3766 = FACE_BOUND('',#3767,.T.);
#3767 = EDGE_LOOP('',(#3768,#3776,#3777,#3785,#3793,#3801,#3809,#3817));
#3768 = ORIENTED_EDGE('',*,*,#3769,.T.);
#3769 = EDGE_CURVE('',#3770,#3739,#3772,.T.);
#3770 = VERTEX_POINT('',#3771);
#3771 = CARTESIAN_POINT('',(-2.675,-2.78,-1.8));
#3772 = LINE('',#3773,#3774);
#3773 = CARTESIAN_POINT('',(-2.675,-2.78,-1.8));
#3774 = VECTOR('',#3775,1.);
#3775 = DIRECTION('',(-0.15823735632,0.987401103435,0.));
#3776 = ORIENTED_EDGE('',*,*,#3755,.T.);
#3777 = ORIENTED_EDGE('',*,*,#3778,.T.);
#3778 = EDGE_CURVE('',#3748,#3779,#3781,.T.);
#3779 = VERTEX_POINT('',#3780);
#3780 = CARTESIAN_POINT('',(-2.2,1.2,-1.8));
#3781 = LINE('',#3782,#3783);
#3782 = CARTESIAN_POINT('',(-2.8,1.2,-1.8));
#3783 = VECTOR('',#3784,1.);
#3784 = DIRECTION('',(1.,0.,-0.));
#3785 = ORIENTED_EDGE('',*,*,#3786,.F.);
#3786 = EDGE_CURVE('',#3787,#3779,#3789,.T.);
#3787 = VERTEX_POINT('',#3788);
#3788 = CARTESIAN_POINT('',(-2.2,-2.,-1.8));
#3789 = LINE('',#3790,#3791);
#3790 = CARTESIAN_POINT('',(-2.2,-3.,-1.8));
#3791 = VECTOR('',#3792,1.);
#3792 = DIRECTION('',(0.,1.,0.));
#3793 = ORIENTED_EDGE('',*,*,#3794,.T.);
#3794 = EDGE_CURVE('',#3787,#3795,#3797,.T.);
#3795 = VERTEX_POINT('',#3796);
#3796 = CARTESIAN_POINT('',(-2.325,-2.78,-1.8));
#3797 = LINE('',#3798,#3799);
#3798 = CARTESIAN_POINT('',(-2.325,-2.78,-1.8));
#3799 = VECTOR('',#3800,1.);
#3800 = DIRECTION('',(-0.15823735632,-0.987401103435,-0.));
#3801 = ORIENTED_EDGE('',*,*,#3802,.T.);
#3802 = EDGE_CURVE('',#3795,#3803,#3805,.T.);
#3803 = VERTEX_POINT('',#3804);
#3804 = CARTESIAN_POINT('',(-2.325,-3.,-1.8));
#3805 = LINE('',#3806,#3807);
#3806 = CARTESIAN_POINT('',(-2.325,-3.,-1.8));
#3807 = VECTOR('',#3808,1.);
#3808 = DIRECTION('',(-0.,-1.,-0.));
#3809 = ORIENTED_EDGE('',*,*,#3810,.T.);
#3810 = EDGE_CURVE('',#3803,#3811,#3813,.T.);
#3811 = VERTEX_POINT('',#3812);
#3812 = CARTESIAN_POINT('',(-2.675,-3.,-1.8));
#3813 = LINE('',#3814,#3815);
#3814 = CARTESIAN_POINT('',(-2.8,-3.,-1.8));
#3815 = VECTOR('',#3816,1.);
#3816 = DIRECTION('',(-1.,-0.,-0.));
#3817 = ORIENTED_EDGE('',*,*,#3818,.T.);
#3818 = EDGE_CURVE('',#3811,#3770,#3819,.T.);
#3819 = LINE('',#3820,#3821);
#3820 = CARTESIAN_POINT('',(-2.675,-3.,-1.8));
#3821 = VECTOR('',#3822,1.);
#3822 = DIRECTION('',(0.,1.,0.));
#3823 = PLANE('',#3824);
#3824 = AXIS2_PLACEMENT_3D('',#3825,#3826,#3827);
#3825 = CARTESIAN_POINT('',(-2.8,-3.,-1.8));
#3826 = DIRECTION('',(0.,0.,-1.));
#3827 = DIRECTION('',(-1.,0.,-0.));
#3828 = ADVANCED_FACE('',(#3829),#3845,.T.);
#3829 = FACE_BOUND('',#3830,.T.);
#3830 = EDGE_LOOP('',(#3831,#3837,#3838,#3844));
#3831 = ORIENTED_EDGE('',*,*,#3832,.F.);
#3832 = EDGE_CURVE('',#3787,#3701,#3833,.T.);
#3833 = LINE('',#3834,#3835);
#3834 = CARTESIAN_POINT('',(-2.2,-2.,-1.8));
#3835 = VECTOR('',#3836,1.);
#3836 = DIRECTION('',(-0.,-0.,1.));
#3837 = ORIENTED_EDGE('',*,*,#3786,.T.);
#3838 = ORIENTED_EDGE('',*,*,#3839,.T.);
#3839 = EDGE_CURVE('',#3779,#3709,#3840,.T.);
#3840 = LINE('',#3841,#3842);
#3841 = CARTESIAN_POINT('',(-2.2,1.2,-1.8));
#3842 = VECTOR('',#3843,1.);
#3843 = DIRECTION('',(0.,0.,1.));
#3844 = ORIENTED_EDGE('',*,*,#3708,.F.);
#3845 = PLANE('',#3846);
#3846 = AXIS2_PLACEMENT_3D('',#3847,#3848,#3849);
#3847 = CARTESIAN_POINT('',(-2.2,-3.,-1.8));
#3848 = DIRECTION('',(1.,0.,0.));
#3849 = DIRECTION('',(0.,0.,-1.));
#3850 = ADVANCED_FACE('',(#3851),#3867,.T.);
#3851 = FACE_BOUND('',#3852,.T.);
#3852 = EDGE_LOOP('',(#3853,#3859,#3860,#3866));
#3853 = ORIENTED_EDGE('',*,*,#3854,.F.);
#3854 = EDGE_CURVE('',#3811,#3677,#3855,.T.);
#3855 = LINE('',#3856,#3857);
#3856 = CARTESIAN_POINT('',(-2.675,-3.,-1.8));
#3857 = VECTOR('',#3858,1.);
#3858 = DIRECTION('',(-0.,-0.,1.));
#3859 = ORIENTED_EDGE('',*,*,#3810,.F.);
#3860 = ORIENTED_EDGE('',*,*,#3861,.T.);
#3861 = EDGE_CURVE('',#3803,#3685,#3862,.T.);
#3862 = LINE('',#3863,#3864);
#3863 = CARTESIAN_POINT('',(-2.325,-3.,-1.8));
#3864 = VECTOR('',#3865,1.);
#3865 = DIRECTION('',(-0.,-0.,1.));
#3866 = ORIENTED_EDGE('',*,*,#3684,.F.);
#3867 = PLANE('',#3868);
#3868 = AXIS2_PLACEMENT_3D('',#3869,#3870,#3871);
#3869 = CARTESIAN_POINT('',(0.,-3.,0.));
#3870 = DIRECTION('',(0.,-1.,0.));
#3871 = DIRECTION('',(0.,-0.,-1.));
#3872 = ADVANCED_FACE('',(#3873),#3879,.F.);
#3873 = FACE_BOUND('',#3874,.T.);
#3874 = EDGE_LOOP('',(#3875,#3876,#3877,#3878));
#3875 = ORIENTED_EDGE('',*,*,#3839,.F.);
#3876 = ORIENTED_EDGE('',*,*,#3778,.F.);
#3877 = ORIENTED_EDGE('',*,*,#3747,.F.);
#3878 = ORIENTED_EDGE('',*,*,#3716,.F.);
#3879 = PLANE('',#3880);
#3880 = AXIS2_PLACEMENT_3D('',#3881,#3882,#3883);
#3881 = CARTESIAN_POINT('',(0.,1.2,0.));
#3882 = DIRECTION('',(0.,-1.,0.));
#3883 = DIRECTION('',(0.,-0.,-1.));
#3884 = ADVANCED_FACE('',(#3885),#3896,.F.);
#3885 = FACE_BOUND('',#3886,.T.);
#3886 = EDGE_LOOP('',(#3887,#3888,#3889,#3890));
#3887 = ORIENTED_EDGE('',*,*,#3692,.T.);
#3888 = ORIENTED_EDGE('',*,*,#3861,.F.);
#3889 = ORIENTED_EDGE('',*,*,#3802,.F.);
#3890 = ORIENTED_EDGE('',*,*,#3891,.T.);
#3891 = EDGE_CURVE('',#3795,#3693,#3892,.T.);
#3892 = LINE('',#3893,#3894);
#3893 = CARTESIAN_POINT('',(-2.325,-2.78,-1.8));
#3894 = VECTOR('',#3895,1.);
#3895 = DIRECTION('',(-0.,-0.,1.));
#3896 = PLANE('',#3897);
#3897 = AXIS2_PLACEMENT_3D('',#3898,#3899,#3900);
#3898 = CARTESIAN_POINT('',(-2.325,-3.,-1.8));
#3899 = DIRECTION('',(-1.,0.,0.));
#3900 = DIRECTION('',(0.,0.,1.));
#3901 = ADVANCED_FACE('',(#3902),#3908,.F.);
#3902 = FACE_BOUND('',#3903,.T.);
#3903 = EDGE_LOOP('',(#3904,#3905,#3906,#3907));
#3904 = ORIENTED_EDGE('',*,*,#3700,.T.);
#3905 = ORIENTED_EDGE('',*,*,#3891,.F.);
#3906 = ORIENTED_EDGE('',*,*,#3794,.F.);
#3907 = ORIENTED_EDGE('',*,*,#3832,.T.);
#3908 = PLANE('',#3909);
#3909 = AXIS2_PLACEMENT_3D('',#3910,#3911,#3912);
#3910 = CARTESIAN_POINT('',(-2.325,-2.78,-1.8));
#3911 = DIRECTION('',(-0.987401103435,0.15823735632,0.));
#3912 = DIRECTION('',(-0.15823735632,-0.987401103435,0.));
#3913 = ADVANCED_FACE('',(#3914),#3925,.F.);
#3914 = FACE_BOUND('',#3915,.T.);
#3915 = EDGE_LOOP('',(#3916,#3917,#3918,#3919));
#3916 = ORIENTED_EDGE('',*,*,#3666,.T.);
#3917 = ORIENTED_EDGE('',*,*,#3738,.F.);
#3918 = ORIENTED_EDGE('',*,*,#3769,.F.);
#3919 = ORIENTED_EDGE('',*,*,#3920,.T.);
#3920 = EDGE_CURVE('',#3770,#3667,#3921,.T.);
#3921 = LINE('',#3922,#3923);
#3922 = CARTESIAN_POINT('',(-2.675,-2.78,-1.8));
#3923 = VECTOR('',#3924,1.);
#3924 = DIRECTION('',(-0.,-0.,1.));
#3925 = PLANE('',#3926);
#3926 = AXIS2_PLACEMENT_3D('',#3927,#3928,#3929);
#3927 = CARTESIAN_POINT('',(-2.675,-2.78,-1.8));
#3928 = DIRECTION('',(0.987401103435,0.15823735632,0.));
#3929 = DIRECTION('',(-0.15823735632,0.987401103435,0.));
#3930 = ADVANCED_FACE('',(#3931),#3937,.F.);
#3931 = FACE_BOUND('',#3932,.T.);
#3932 = EDGE_LOOP('',(#3933,#3934,#3935,#3936));
#3933 = ORIENTED_EDGE('',*,*,#3676,.T.);
#3934 = ORIENTED_EDGE('',*,*,#3920,.F.);
#3935 = ORIENTED_EDGE('',*,*,#3818,.F.);
#3936 = ORIENTED_EDGE('',*,*,#3854,.T.);
#3937 = PLANE('',#3938);
#3938 = AXIS2_PLACEMENT_3D('',#3939,#3940,#3941);
#3939 = CARTESIAN_POINT('',(-2.675,-3.,-1.8));
#3940 = DIRECTION('',(1.,-0.,0.));
#3941 = DIRECTION('',(0.,0.,-1.));
#3942 = ( GEOMETRIC_REPRESENTATION_CONTEXT(3) 
GLOBAL_UNCERTAINTY_ASSIGNED_CONTEXT((#3946)) 
GLOBAL_UNIT_ASSIGNED_CONTEXT((#3943,#3944,#3945)) REPRESENTATION_CONTEXT
('Context #1','3D Context with UNIT and UNCERTAINTY') );
#3943 = ( LENGTH_UNIT() NAMED_UNIT(*) SI_UNIT(.MILLI.,.METRE.) );
#3944 = ( NAMED_UNIT(*) PLANE_ANGLE_UNIT() SI_UNIT($,.RADIAN.) );
#3945 = ( NAMED_UNIT(*) SI_UNIT($,.STERADIAN.) SOLID_ANGLE_UNIT() );
#3946 = UNCERTAINTY_MEASURE_WITH_UNIT(LENGTH_MEASURE(1.E-07),#3943,
  'distance_accuracy_value','confusion accuracy');
#3947 = CONTEXT_DEPENDENT_SHAPE_REPRESENTATION(#3948,#3950);
#3948 = ( REPRESENTATION_RELATIONSHIP('','',#3659,#32) 
REPRESENTATION_RELATIONSHIP_WITH_TRANSFORMATION(#3949) 
SHAPE_REPRESENTATION_RELATIONSHIP() );
#3949 = ITEM_DEFINED_TRANSFORMATION('','',#11,#41);
#3950 = PRODUCT_DEFINITION_SHAPE('Placement','Placement of an item',
  #3951);
#3951 = NEXT_ASSEMBLY_USAGE_OCCURRENCE('3','JS202011CQN002','',#27,#3654
  ,$);
#3952 = PRODUCT_RELATED_PRODUCT_CATEGORY('part',$,(#3656));
#3953 = SHAPE_DEFINITION_REPRESENTATION(#3954,#3960);
#3954 = PRODUCT_DEFINITION_SHAPE('','',#3955);
#3955 = PRODUCT_DEFINITION('design','',#3956,#3959);
#3956 = PRODUCT_DEFINITION_FORMATION('','',#3957);
#3957 = PRODUCT('JS202011CQN003','JS202011CQN003','',(#3958));
#3958 = PRODUCT_CONTEXT('',#2,'mechanical');
#3959 = PRODUCT_DEFINITION_CONTEXT('part definition',#2,'design');
#3960 = ADVANCED_BREP_SHAPE_REPRESENTATION('',(#11,#3961),#4243);
#3961 = MANIFOLD_SOLID_BREP('',#3962);
#3962 = CLOSED_SHELL('',(#3963,#4035,#4066,#4129,#4151,#4173,#4185,#4202
    ,#4214,#4231));
#3963 = ADVANCED_FACE('',(#3964),#4030,.T.);
#3964 = FACE_BOUND('',#3965,.T.);
#3965 = EDGE_LOOP('',(#3966,#3976,#3984,#3992,#4000,#4008,#4016,#4024));
#3966 = ORIENTED_EDGE('',*,*,#3967,.F.);
#3967 = EDGE_CURVE('',#3968,#3970,#3972,.T.);
#3968 = VERTEX_POINT('',#3969);
#3969 = CARTESIAN_POINT('',(-0.175,-2.78,1.8));
#3970 = VERTEX_POINT('',#3971);
#3971 = CARTESIAN_POINT('',(-0.3,-2.,1.8));
#3972 = LINE('',#3973,#3974);
#3973 = CARTESIAN_POINT('',(-0.175,-2.78,1.8));
#3974 = VECTOR('',#3975,1.);
#3975 = DIRECTION('',(-0.15823735632,0.987401103435,0.));
#3976 = ORIENTED_EDGE('',*,*,#3977,.F.);
#3977 = EDGE_CURVE('',#3978,#3968,#3980,.T.);
#3978 = VERTEX_POINT('',#3979);
#3979 = CARTESIAN_POINT('',(-0.175,-3.,1.8));
#3980 = LINE('',#3981,#3982);
#3981 = CARTESIAN_POINT('',(-0.175,-3.,1.8));
#3982 = VECTOR('',#3983,1.);
#3983 = DIRECTION('',(0.,1.,0.));
#3984 = ORIENTED_EDGE('',*,*,#3985,.T.);
#3985 = EDGE_CURVE('',#3978,#3986,#3988,.T.);
#3986 = VERTEX_POINT('',#3987);
#3987 = CARTESIAN_POINT('',(0.175,-3.,1.8));
#3988 = LINE('',#3989,#3990);
#3989 = CARTESIAN_POINT('',(-0.3,-3.,1.8));
#3990 = VECTOR('',#3991,1.);
#3991 = DIRECTION('',(1.,0.,0.));
#3992 = ORIENTED_EDGE('',*,*,#3993,.F.);
#3993 = EDGE_CURVE('',#3994,#3986,#3996,.T.);
#3994 = VERTEX_POINT('',#3995);
#3995 = CARTESIAN_POINT('',(0.175,-2.78,1.8));
#3996 = LINE('',#3997,#3998);
#3997 = CARTESIAN_POINT('',(0.175,-3.,1.8));
#3998 = VECTOR('',#3999,1.);
#3999 = DIRECTION('',(-0.,-1.,-0.));
#4000 = ORIENTED_EDGE('',*,*,#4001,.F.);
#4001 = EDGE_CURVE('',#4002,#3994,#4004,.T.);
#4002 = VERTEX_POINT('',#4003);
#4003 = CARTESIAN_POINT('',(0.3,-2.,1.8));
#4004 = LINE('',#4005,#4006);
#4005 = CARTESIAN_POINT('',(0.175,-2.78,1.8));
#4006 = VECTOR('',#4007,1.);
#4007 = DIRECTION('',(-0.15823735632,-0.987401103435,-0.));
#4008 = ORIENTED_EDGE('',*,*,#4009,.T.);
#4009 = EDGE_CURVE('',#4002,#4010,#4012,.T.);
#4010 = VERTEX_POINT('',#4011);
#4011 = CARTESIAN_POINT('',(0.3,1.2,1.8));
#4012 = LINE('',#4013,#4014);
#4013 = CARTESIAN_POINT('',(0.3,-3.,1.8));
#4014 = VECTOR('',#4015,1.);
#4015 = DIRECTION('',(0.,1.,0.));
#4016 = ORIENTED_EDGE('',*,*,#4017,.T.);
#4017 = EDGE_CURVE('',#4010,#4018,#4020,.T.);
#4018 = VERTEX_POINT('',#4019);
#4019 = CARTESIAN_POINT('',(-0.3,1.2,1.8));
#4020 = LINE('',#4021,#4022);
#4021 = CARTESIAN_POINT('',(-0.3,1.2,1.8));
#4022 = VECTOR('',#4023,1.);
#4023 = DIRECTION('',(-1.,0.,0.));
#4024 = ORIENTED_EDGE('',*,*,#4025,.F.);
#4025 = EDGE_CURVE('',#3970,#4018,#4026,.T.);
#4026 = LINE('',#4027,#4028);
#4027 = CARTESIAN_POINT('',(-0.3,-3.,1.8));
#4028 = VECTOR('',#4029,1.);
#4029 = DIRECTION('',(0.,1.,0.));
#4030 = PLANE('',#4031);
#4031 = AXIS2_PLACEMENT_3D('',#4032,#4033,#4034);
#4032 = CARTESIAN_POINT('',(-0.3,-3.,1.8));
#4033 = DIRECTION('',(0.,0.,1.));
#4034 = DIRECTION('',(1.,0.,-0.));
#4035 = ADVANCED_FACE('',(#4036),#4061,.T.);
#4036 = FACE_BOUND('',#4037,.T.);
#4037 = EDGE_LOOP('',(#4038,#4046,#4047,#4055));
#4038 = ORIENTED_EDGE('',*,*,#4039,.T.);
#4039 = EDGE_CURVE('',#4040,#3970,#4042,.T.);
#4040 = VERTEX_POINT('',#4041);
#4041 = CARTESIAN_POINT('',(-0.3,-2.,1.5));
#4042 = LINE('',#4043,#4044);
#4043 = CARTESIAN_POINT('',(-0.3,-2.,-1.8));
#4044 = VECTOR('',#4045,1.);
#4045 = DIRECTION('',(-0.,-0.,1.));
#4046 = ORIENTED_EDGE('',*,*,#4025,.T.);
#4047 = ORIENTED_EDGE('',*,*,#4048,.T.);
#4048 = EDGE_CURVE('',#4018,#4049,#4051,.T.);
#4049 = VERTEX_POINT('',#4050);
#4050 = CARTESIAN_POINT('',(-0.3,1.2,1.5));
#4051 = LINE('',#4052,#4053);
#4052 = CARTESIAN_POINT('',(-0.3,1.2,1.5));
#4053 = VECTOR('',#4054,1.);
#4054 = DIRECTION('',(0.,0.,-1.));
#4055 = ORIENTED_EDGE('',*,*,#4056,.F.);
#4056 = EDGE_CURVE('',#4040,#4049,#4057,.T.);
#4057 = LINE('',#4058,#4059);
#4058 = CARTESIAN_POINT('',(-0.3,-3.,1.5));
#4059 = VECTOR('',#4060,1.);
#4060 = DIRECTION('',(0.,1.,0.));
#4061 = PLANE('',#4062);
#4062 = AXIS2_PLACEMENT_3D('',#4063,#4064,#4065);
#4063 = CARTESIAN_POINT('',(-0.3,-3.,1.5));
#4064 = DIRECTION('',(-1.,0.,0.));
#4065 = DIRECTION('',(0.,0.,1.));
#4066 = ADVANCED_FACE('',(#4067),#4124,.T.);
#4067 = FACE_BOUND('',#4068,.T.);
#4068 = EDGE_LOOP('',(#4069,#4077,#4078,#4086,#4094,#4102,#4110,#4118));
#4069 = ORIENTED_EDGE('',*,*,#4070,.F.);
#4070 = EDGE_CURVE('',#4040,#4071,#4073,.T.);
#4071 = VERTEX_POINT('',#4072);
#4072 = CARTESIAN_POINT('',(-0.175,-2.78,1.5));
#4073 = LINE('',#4074,#4075);
#4074 = CARTESIAN_POINT('',(-0.143756259765,-2.974960939065,1.5));
#4075 = VECTOR('',#4076,1.);
#4076 = DIRECTION('',(0.15823735632,-0.987401103435,0.));
#4077 = ORIENTED_EDGE('',*,*,#4056,.T.);
#4078 = ORIENTED_EDGE('',*,*,#4079,.T.);
#4079 = EDGE_CURVE('',#4049,#4080,#4082,.T.);
#4080 = VERTEX_POINT('',#4081);
#4081 = CARTESIAN_POINT('',(0.3,1.2,1.5));
#4082 = LINE('',#4083,#4084);
#4083 = CARTESIAN_POINT('',(-0.3,1.2,1.5));
#4084 = VECTOR('',#4085,1.);
#4085 = DIRECTION('',(1.,0.,-0.));
#4086 = ORIENTED_EDGE('',*,*,#4087,.F.);
#4087 = EDGE_CURVE('',#4088,#4080,#4090,.T.);
#4088 = VERTEX_POINT('',#4089);
#4089 = CARTESIAN_POINT('',(0.3,-2.,1.5));
#4090 = LINE('',#4091,#4092);
#4091 = CARTESIAN_POINT('',(0.3,-3.,1.5));
#4092 = VECTOR('',#4093,1.);
#4093 = DIRECTION('',(0.,1.,0.));
#4094 = ORIENTED_EDGE('',*,*,#4095,.F.);
#4095 = EDGE_CURVE('',#4096,#4088,#4098,.T.);
#4096 = VERTEX_POINT('',#4097);
#4097 = CARTESIAN_POINT('',(0.175,-2.78,1.5));
#4098 = LINE('',#4099,#4100);
#4099 = CARTESIAN_POINT('',(0.128732823204,-3.068707183206,1.5));
#4100 = VECTOR('',#4101,1.);
#4101 = DIRECTION('',(0.15823735632,0.987401103435,0.));
#4102 = ORIENTED_EDGE('',*,*,#4103,.F.);
#4103 = EDGE_CURVE('',#4104,#4096,#4106,.T.);
#4104 = VERTEX_POINT('',#4105);
#4105 = CARTESIAN_POINT('',(0.175,-3.,1.5));
#4106 = LINE('',#4107,#4108);
#4107 = CARTESIAN_POINT('',(0.175,-3.,1.5));
#4108 = VECTOR('',#4109,1.);
#4109 = DIRECTION('',(0.,1.,0.));
#4110 = ORIENTED_EDGE('',*,*,#4111,.T.);
#4111 = EDGE_CURVE('',#4104,#4112,#4114,.T.);
#4112 = VERTEX_POINT('',#4113);
#4113 = CARTESIAN_POINT('',(-0.175,-3.,1.5));
#4114 = LINE('',#4115,#4116);
#4115 = CARTESIAN_POINT('',(-0.3,-3.,1.5));
#4116 = VECTOR('',#4117,1.);
#4117 = DIRECTION('',(-1.,-0.,-0.));
#4118 = ORIENTED_EDGE('',*,*,#4119,.F.);
#4119 = EDGE_CURVE('',#4071,#4112,#4120,.T.);
#4120 = LINE('',#4121,#4122);
#4121 = CARTESIAN_POINT('',(-0.175,-3.,1.5));
#4122 = VECTOR('',#4123,1.);
#4123 = DIRECTION('',(0.,-1.,0.));
#4124 = PLANE('',#4125);
#4125 = AXIS2_PLACEMENT_3D('',#4126,#4127,#4128);
#4126 = CARTESIAN_POINT('',(-0.3,-3.,1.5));
#4127 = DIRECTION('',(0.,0.,-1.));
#4128 = DIRECTION('',(-1.,0.,-0.));
#4129 = ADVANCED_FACE('',(#4130),#4146,.T.);
#4130 = FACE_BOUND('',#4131,.T.);
#4131 = EDGE_LOOP('',(#4132,#4138,#4139,#4145));
#4132 = ORIENTED_EDGE('',*,*,#4133,.F.);
#4133 = EDGE_CURVE('',#4088,#4002,#4134,.T.);
#4134 = LINE('',#4135,#4136);
#4135 = CARTESIAN_POINT('',(0.3,-2.,-1.8));
#4136 = VECTOR('',#4137,1.);
#4137 = DIRECTION('',(-0.,-0.,1.));
#4138 = ORIENTED_EDGE('',*,*,#4087,.T.);
#4139 = ORIENTED_EDGE('',*,*,#4140,.T.);
#4140 = EDGE_CURVE('',#4080,#4010,#4141,.T.);
#4141 = LINE('',#4142,#4143);
#4142 = CARTESIAN_POINT('',(0.3,1.2,1.5));
#4143 = VECTOR('',#4144,1.);
#4144 = DIRECTION('',(0.,0.,1.));
#4145 = ORIENTED_EDGE('',*,*,#4009,.F.);
#4146 = PLANE('',#4147);
#4147 = AXIS2_PLACEMENT_3D('',#4148,#4149,#4150);
#4148 = CARTESIAN_POINT('',(0.3,-3.,1.5));
#4149 = DIRECTION('',(1.,0.,0.));
#4150 = DIRECTION('',(0.,0.,-1.));
#4151 = ADVANCED_FACE('',(#4152),#4168,.T.);
#4152 = FACE_BOUND('',#4153,.T.);
#4153 = EDGE_LOOP('',(#4154,#4160,#4161,#4167));
#4154 = ORIENTED_EDGE('',*,*,#4155,.F.);
#4155 = EDGE_CURVE('',#4112,#3978,#4156,.T.);
#4156 = LINE('',#4157,#4158);
#4157 = CARTESIAN_POINT('',(-0.175,-3.,0.));
#4158 = VECTOR('',#4159,1.);
#4159 = DIRECTION('',(0.,0.,1.));
#4160 = ORIENTED_EDGE('',*,*,#4111,.F.);
#4161 = ORIENTED_EDGE('',*,*,#4162,.F.);
#4162 = EDGE_CURVE('',#3986,#4104,#4163,.T.);
#4163 = LINE('',#4164,#4165);
#4164 = CARTESIAN_POINT('',(0.175,-3.,0.));
#4165 = VECTOR('',#4166,1.);
#4166 = DIRECTION('',(0.,0.,-1.));
#4167 = ORIENTED_EDGE('',*,*,#3985,.F.);
#4168 = PLANE('',#4169);
#4169 = AXIS2_PLACEMENT_3D('',#4170,#4171,#4172);
#4170 = CARTESIAN_POINT('',(0.,-3.,0.));
#4171 = DIRECTION('',(0.,-1.,0.));
#4172 = DIRECTION('',(0.,-0.,-1.));
#4173 = ADVANCED_FACE('',(#4174),#4180,.F.);
#4174 = FACE_BOUND('',#4175,.T.);
#4175 = EDGE_LOOP('',(#4176,#4177,#4178,#4179));
#4176 = ORIENTED_EDGE('',*,*,#4140,.F.);
#4177 = ORIENTED_EDGE('',*,*,#4079,.F.);
#4178 = ORIENTED_EDGE('',*,*,#4048,.F.);
#4179 = ORIENTED_EDGE('',*,*,#4017,.F.);
#4180 = PLANE('',#4181);
#4181 = AXIS2_PLACEMENT_3D('',#4182,#4183,#4184);
#4182 = CARTESIAN_POINT('',(0.,1.2,0.));
#4183 = DIRECTION('',(0.,-1.,0.));
#4184 = DIRECTION('',(0.,-0.,-1.));
#4185 = ADVANCED_FACE('',(#4186),#4197,.F.);
#4186 = FACE_BOUND('',#4187,.T.);
#4187 = EDGE_LOOP('',(#4188,#4189,#4195,#4196));
#4188 = ORIENTED_EDGE('',*,*,#4103,.T.);
#4189 = ORIENTED_EDGE('',*,*,#4190,.T.);
#4190 = EDGE_CURVE('',#4096,#3994,#4191,.T.);
#4191 = LINE('',#4192,#4193);
#4192 = CARTESIAN_POINT('',(0.175,-2.78,-1.8));
#4193 = VECTOR('',#4194,1.);
#4194 = DIRECTION('',(-0.,-0.,1.));
#4195 = ORIENTED_EDGE('',*,*,#3993,.T.);
#4196 = ORIENTED_EDGE('',*,*,#4162,.T.);
#4197 = PLANE('',#4198);
#4198 = AXIS2_PLACEMENT_3D('',#4199,#4200,#4201);
#4199 = CARTESIAN_POINT('',(0.175,-3.,-1.8));
#4200 = DIRECTION('',(-1.,0.,0.));
#4201 = DIRECTION('',(0.,0.,1.));
#4202 = ADVANCED_FACE('',(#4203),#4209,.F.);
#4203 = FACE_BOUND('',#4204,.T.);
#4204 = EDGE_LOOP('',(#4205,#4206,#4207,#4208));
#4205 = ORIENTED_EDGE('',*,*,#4095,.T.);
#4206 = ORIENTED_EDGE('',*,*,#4133,.T.);
#4207 = ORIENTED_EDGE('',*,*,#4001,.T.);
#4208 = ORIENTED_EDGE('',*,*,#4190,.F.);
#4209 = PLANE('',#4210);
#4210 = AXIS2_PLACEMENT_3D('',#4211,#4212,#4213);
#4211 = CARTESIAN_POINT('',(0.175,-2.78,-1.8));
#4212 = DIRECTION('',(-0.987401103435,0.15823735632,0.));
#4213 = DIRECTION('',(-0.15823735632,-0.987401103435,0.));
#4214 = ADVANCED_FACE('',(#4215),#4226,.F.);
#4215 = FACE_BOUND('',#4216,.T.);
#4216 = EDGE_LOOP('',(#4217,#4218,#4224,#4225));
#4217 = ORIENTED_EDGE('',*,*,#4070,.T.);
#4218 = ORIENTED_EDGE('',*,*,#4219,.T.);
#4219 = EDGE_CURVE('',#4071,#3968,#4220,.T.);
#4220 = LINE('',#4221,#4222);
#4221 = CARTESIAN_POINT('',(-0.175,-2.78,-1.8));
#4222 = VECTOR('',#4223,1.);
#4223 = DIRECTION('',(-0.,-0.,1.));
#4224 = ORIENTED_EDGE('',*,*,#3967,.T.);
#4225 = ORIENTED_EDGE('',*,*,#4039,.F.);
#4226 = PLANE('',#4227);
#4227 = AXIS2_PLACEMENT_3D('',#4228,#4229,#4230);
#4228 = CARTESIAN_POINT('',(-0.175,-2.78,-1.8));
#4229 = DIRECTION('',(0.987401103435,0.15823735632,0.));
#4230 = DIRECTION('',(-0.15823735632,0.987401103435,0.));
#4231 = ADVANCED_FACE('',(#4232),#4238,.F.);
#4232 = FACE_BOUND('',#4233,.T.);
#4233 = EDGE_LOOP('',(#4234,#4235,#4236,#4237));
#4234 = ORIENTED_EDGE('',*,*,#4119,.T.);
#4235 = ORIENTED_EDGE('',*,*,#4155,.T.);
#4236 = ORIENTED_EDGE('',*,*,#3977,.T.);
#4237 = ORIENTED_EDGE('',*,*,#4219,.F.);
#4238 = PLANE('',#4239);
#4239 = AXIS2_PLACEMENT_3D('',#4240,#4241,#4242);
#4240 = CARTESIAN_POINT('',(-0.175,-3.,-1.8));
#4241 = DIRECTION('',(1.,-0.,0.));
#4242 = DIRECTION('',(0.,0.,-1.));
#4243 = ( GEOMETRIC_REPRESENTATION_CONTEXT(3) 
GLOBAL_UNCERTAINTY_ASSIGNED_CONTEXT((#4247)) 
GLOBAL_UNIT_ASSIGNED_CONTEXT((#4244,#4245,#4246)) REPRESENTATION_CONTEXT
('Context #1','3D Context with UNIT and UNCERTAINTY') );
#4244 = ( LENGTH_UNIT() NAMED_UNIT(*) SI_UNIT(.MILLI.,.METRE.) );
#4245 = ( NAMED_UNIT(*) PLANE_ANGLE_UNIT() SI_UNIT($,.RADIAN.) );
#4246 = ( NAMED_UNIT(*) SI_UNIT($,.STERADIAN.) SOLID_ANGLE_UNIT() );
#4247 = UNCERTAINTY_MEASURE_WITH_UNIT(LENGTH_MEASURE(1.E-07),#4244,
  'distance_accuracy_value','confusion accuracy');
#4248 = CONTEXT_DEPENDENT_SHAPE_REPRESENTATION(#4249,#4251);
#4249 = ( REPRESENTATION_RELATIONSHIP('','',#3960,#32) 
REPRESENTATION_RELATIONSHIP_WITH_TRANSFORMATION(#4250) 
SHAPE_REPRESENTATION_RELATIONSHIP() );
#4250 = ITEM_DEFINED_TRANSFORMATION('','',#11,#45);
#4251 = PRODUCT_DEFINITION_SHAPE('Placement','Placement of an item',
  #4252);
#4252 = NEXT_ASSEMBLY_USAGE_OCCURRENCE('4','JS202011CQN003','',#27,#3955
  ,$);
#4253 = PRODUCT_RELATED_PRODUCT_CATEGORY('part',$,(#3957));
#4254 = SHAPE_DEFINITION_REPRESENTATION(#4255,#4261);
#4255 = PRODUCT_DEFINITION_SHAPE('','',#4256);
#4256 = PRODUCT_DEFINITION('design','',#4257,#4260);
#4257 = PRODUCT_DEFINITION_FORMATION('','',#4258);
#4258 = PRODUCT('JS202011CQN004','JS202011CQN004','',(#4259));
#4259 = PRODUCT_CONTEXT('',#2,'mechanical');
#4260 = PRODUCT_DEFINITION_CONTEXT('part definition',#2,'design');
#4261 = ADVANCED_BREP_SHAPE_REPRESENTATION('',(#11,#4262),#4544);
#4262 = MANIFOLD_SOLID_BREP('',#4263);
#4263 = CLOSED_SHELL('',(#4264,#4336,#4367,#4430,#4452,#4474,#4486,#4503
    ,#4515,#4532));
#4264 = ADVANCED_FACE('',(#4265),#4331,.T.);
#4265 = FACE_BOUND('',#4266,.T.);
#4266 = EDGE_LOOP('',(#4267,#4277,#4285,#4293,#4301,#4309,#4317,#4325));
#4267 = ORIENTED_EDGE('',*,*,#4268,.F.);
#4268 = EDGE_CURVE('',#4269,#4271,#4273,.T.);
#4269 = VERTEX_POINT('',#4270);
#4270 = CARTESIAN_POINT('',(-0.175,-2.78,-1.5));
#4271 = VERTEX_POINT('',#4272);
#4272 = CARTESIAN_POINT('',(-0.3,-2.,-1.5));
#4273 = LINE('',#4274,#4275);
#4274 = CARTESIAN_POINT('',(-0.143756259765,-2.974960939065,-1.5));
#4275 = VECTOR('',#4276,1.);
#4276 = DIRECTION('',(-0.15823735632,0.987401103435,0.));
#4277 = ORIENTED_EDGE('',*,*,#4278,.F.);
#4278 = EDGE_CURVE('',#4279,#4269,#4281,.T.);
#4279 = VERTEX_POINT('',#4280);
#4280 = CARTESIAN_POINT('',(-0.175,-3.,-1.5));
#4281 = LINE('',#4282,#4283);
#4282 = CARTESIAN_POINT('',(-0.175,-3.,-1.5));
#4283 = VECTOR('',#4284,1.);
#4284 = DIRECTION('',(0.,1.,-0.));
#4285 = ORIENTED_EDGE('',*,*,#4286,.T.);
#4286 = EDGE_CURVE('',#4279,#4287,#4289,.T.);
#4287 = VERTEX_POINT('',#4288);
#4288 = CARTESIAN_POINT('',(0.175,-3.,-1.5));
#4289 = LINE('',#4290,#4291);
#4290 = CARTESIAN_POINT('',(-0.3,-3.,-1.5));
#4291 = VECTOR('',#4292,1.);
#4292 = DIRECTION('',(1.,0.,0.));
#4293 = ORIENTED_EDGE('',*,*,#4294,.F.);
#4294 = EDGE_CURVE('',#4295,#4287,#4297,.T.);
#4295 = VERTEX_POINT('',#4296);
#4296 = CARTESIAN_POINT('',(0.175,-2.78,-1.5));
#4297 = LINE('',#4298,#4299);
#4298 = CARTESIAN_POINT('',(0.175,-3.,-1.5));
#4299 = VECTOR('',#4300,1.);
#4300 = DIRECTION('',(0.,-1.,0.));
#4301 = ORIENTED_EDGE('',*,*,#4302,.F.);
#4302 = EDGE_CURVE('',#4303,#4295,#4305,.T.);
#4303 = VERTEX_POINT('',#4304);
#4304 = CARTESIAN_POINT('',(0.3,-2.,-1.5));
#4305 = LINE('',#4306,#4307);
#4306 = CARTESIAN_POINT('',(0.128732823204,-3.068707183206,-1.5));
#4307 = VECTOR('',#4308,1.);
#4308 = DIRECTION('',(-0.15823735632,-0.987401103435,0.));
#4309 = ORIENTED_EDGE('',*,*,#4310,.T.);
#4310 = EDGE_CURVE('',#4303,#4311,#4313,.T.);
#4311 = VERTEX_POINT('',#4312);
#4312 = CARTESIAN_POINT('',(0.3,1.2,-1.5));
#4313 = LINE('',#4314,#4315);
#4314 = CARTESIAN_POINT('',(0.3,-3.,-1.5));
#4315 = VECTOR('',#4316,1.);
#4316 = DIRECTION('',(0.,1.,0.));
#4317 = ORIENTED_EDGE('',*,*,#4318,.T.);
#4318 = EDGE_CURVE('',#4311,#4319,#4321,.T.);
#4319 = VERTEX_POINT('',#4320);
#4320 = CARTESIAN_POINT('',(-0.3,1.2,-1.5));
#4321 = LINE('',#4322,#4323);
#4322 = CARTESIAN_POINT('',(-0.3,1.2,-1.5));
#4323 = VECTOR('',#4324,1.);
#4324 = DIRECTION('',(-1.,0.,0.));
#4325 = ORIENTED_EDGE('',*,*,#4326,.F.);
#4326 = EDGE_CURVE('',#4271,#4319,#4327,.T.);
#4327 = LINE('',#4328,#4329);
#4328 = CARTESIAN_POINT('',(-0.3,-3.,-1.5));
#4329 = VECTOR('',#4330,1.);
#4330 = DIRECTION('',(0.,1.,0.));
#4331 = PLANE('',#4332);
#4332 = AXIS2_PLACEMENT_3D('',#4333,#4334,#4335);
#4333 = CARTESIAN_POINT('',(-0.3,-3.,-1.5));
#4334 = DIRECTION('',(0.,0.,1.));
#4335 = DIRECTION('',(1.,0.,-0.));
#4336 = ADVANCED_FACE('',(#4337),#4362,.T.);
#4337 = FACE_BOUND('',#4338,.T.);
#4338 = EDGE_LOOP('',(#4339,#4347,#4348,#4356));
#4339 = ORIENTED_EDGE('',*,*,#4340,.T.);
#4340 = EDGE_CURVE('',#4341,#4271,#4343,.T.);
#4341 = VERTEX_POINT('',#4342);
#4342 = CARTESIAN_POINT('',(-0.3,-2.,-1.8));
#4343 = LINE('',#4344,#4345);
#4344 = CARTESIAN_POINT('',(-0.3,-2.,-1.8));
#4345 = VECTOR('',#4346,1.);
#4346 = DIRECTION('',(-0.,-0.,1.));
#4347 = ORIENTED_EDGE('',*,*,#4326,.T.);
#4348 = ORIENTED_EDGE('',*,*,#4349,.T.);
#4349 = EDGE_CURVE('',#4319,#4350,#4352,.T.);
#4350 = VERTEX_POINT('',#4351);
#4351 = CARTESIAN_POINT('',(-0.3,1.2,-1.8));
#4352 = LINE('',#4353,#4354);
#4353 = CARTESIAN_POINT('',(-0.3,1.2,-1.8));
#4354 = VECTOR('',#4355,1.);
#4355 = DIRECTION('',(0.,0.,-1.));
#4356 = ORIENTED_EDGE('',*,*,#4357,.F.);
#4357 = EDGE_CURVE('',#4341,#4350,#4358,.T.);
#4358 = LINE('',#4359,#4360);
#4359 = CARTESIAN_POINT('',(-0.3,-3.,-1.8));
#4360 = VECTOR('',#4361,1.);
#4361 = DIRECTION('',(0.,1.,0.));
#4362 = PLANE('',#4363);
#4363 = AXIS2_PLACEMENT_3D('',#4364,#4365,#4366);
#4364 = CARTESIAN_POINT('',(-0.3,-3.,-1.8));
#4365 = DIRECTION('',(-1.,0.,0.));
#4366 = DIRECTION('',(0.,0.,1.));
#4367 = ADVANCED_FACE('',(#4368),#4425,.T.);
#4368 = FACE_BOUND('',#4369,.T.);
#4369 = EDGE_LOOP('',(#4370,#4378,#4379,#4387,#4395,#4403,#4411,#4419));
#4370 = ORIENTED_EDGE('',*,*,#4371,.T.);
#4371 = EDGE_CURVE('',#4372,#4341,#4374,.T.);
#4372 = VERTEX_POINT('',#4373);
#4373 = CARTESIAN_POINT('',(-0.175,-2.78,-1.8));
#4374 = LINE('',#4375,#4376);
#4375 = CARTESIAN_POINT('',(-0.175,-2.78,-1.8));
#4376 = VECTOR('',#4377,1.);
#4377 = DIRECTION('',(-0.15823735632,0.987401103435,0.));
#4378 = ORIENTED_EDGE('',*,*,#4357,.T.);
#4379 = ORIENTED_EDGE('',*,*,#4380,.T.);
#4380 = EDGE_CURVE('',#4350,#4381,#4383,.T.);
#4381 = VERTEX_POINT('',#4382);
#4382 = CARTESIAN_POINT('',(0.3,1.2,-1.8));
#4383 = LINE('',#4384,#4385);
#4384 = CARTESIAN_POINT('',(-0.3,1.2,-1.8));
#4385 = VECTOR('',#4386,1.);
#4386 = DIRECTION('',(1.,0.,-0.));
#4387 = ORIENTED_EDGE('',*,*,#4388,.F.);
#4388 = EDGE_CURVE('',#4389,#4381,#4391,.T.);
#4389 = VERTEX_POINT('',#4390);
#4390 = CARTESIAN_POINT('',(0.3,-2.,-1.8));
#4391 = LINE('',#4392,#4393);
#4392 = CARTESIAN_POINT('',(0.3,-3.,-1.8));
#4393 = VECTOR('',#4394,1.);
#4394 = DIRECTION('',(0.,1.,0.));
#4395 = ORIENTED_EDGE('',*,*,#4396,.T.);
#4396 = EDGE_CURVE('',#4389,#4397,#4399,.T.);
#4397 = VERTEX_POINT('',#4398);
#4398 = CARTESIAN_POINT('',(0.175,-2.78,-1.8));
#4399 = LINE('',#4400,#4401);
#4400 = CARTESIAN_POINT('',(0.175,-2.78,-1.8));
#4401 = VECTOR('',#4402,1.);
#4402 = DIRECTION('',(-0.15823735632,-0.987401103435,-0.));
#4403 = ORIENTED_EDGE('',*,*,#4404,.T.);
#4404 = EDGE_CURVE('',#4397,#4405,#4407,.T.);
#4405 = VERTEX_POINT('',#4406);
#4406 = CARTESIAN_POINT('',(0.175,-3.,-1.8));
#4407 = LINE('',#4408,#4409);
#4408 = CARTESIAN_POINT('',(0.175,-3.,-1.8));
#4409 = VECTOR('',#4410,1.);
#4410 = DIRECTION('',(-0.,-1.,-0.));
#4411 = ORIENTED_EDGE('',*,*,#4412,.T.);
#4412 = EDGE_CURVE('',#4405,#4413,#4415,.T.);
#4413 = VERTEX_POINT('',#4414);
#4414 = CARTESIAN_POINT('',(-0.175,-3.,-1.8));
#4415 = LINE('',#4416,#4417);
#4416 = CARTESIAN_POINT('',(-0.3,-3.,-1.8));
#4417 = VECTOR('',#4418,1.);
#4418 = DIRECTION('',(-1.,-0.,-0.));
#4419 = ORIENTED_EDGE('',*,*,#4420,.T.);
#4420 = EDGE_CURVE('',#4413,#4372,#4421,.T.);
#4421 = LINE('',#4422,#4423);
#4422 = CARTESIAN_POINT('',(-0.175,-3.,-1.8));
#4423 = VECTOR('',#4424,1.);
#4424 = DIRECTION('',(0.,1.,0.));
#4425 = PLANE('',#4426);
#4426 = AXIS2_PLACEMENT_3D('',#4427,#4428,#4429);
#4427 = CARTESIAN_POINT('',(-0.3,-3.,-1.8));
#4428 = DIRECTION('',(0.,0.,-1.));
#4429 = DIRECTION('',(-1.,0.,-0.));
#4430 = ADVANCED_FACE('',(#4431),#4447,.T.);
#4431 = FACE_BOUND('',#4432,.T.);
#4432 = EDGE_LOOP('',(#4433,#4439,#4440,#4446));
#4433 = ORIENTED_EDGE('',*,*,#4434,.F.);
#4434 = EDGE_CURVE('',#4389,#4303,#4435,.T.);
#4435 = LINE('',#4436,#4437);
#4436 = CARTESIAN_POINT('',(0.3,-2.,-1.8));
#4437 = VECTOR('',#4438,1.);
#4438 = DIRECTION('',(-0.,-0.,1.));
#4439 = ORIENTED_EDGE('',*,*,#4388,.T.);
#4440 = ORIENTED_EDGE('',*,*,#4441,.T.);
#4441 = EDGE_CURVE('',#4381,#4311,#4442,.T.);
#4442 = LINE('',#4443,#4444);
#4443 = CARTESIAN_POINT('',(0.3,1.2,-1.8));
#4444 = VECTOR('',#4445,1.);
#4445 = DIRECTION('',(0.,0.,1.));
#4446 = ORIENTED_EDGE('',*,*,#4310,.F.);
#4447 = PLANE('',#4448);
#4448 = AXIS2_PLACEMENT_3D('',#4449,#4450,#4451);
#4449 = CARTESIAN_POINT('',(0.3,-3.,-1.8));
#4450 = DIRECTION('',(1.,0.,0.));
#4451 = DIRECTION('',(0.,0.,-1.));
#4452 = ADVANCED_FACE('',(#4453),#4469,.T.);
#4453 = FACE_BOUND('',#4454,.T.);
#4454 = EDGE_LOOP('',(#4455,#4461,#4462,#4468));
#4455 = ORIENTED_EDGE('',*,*,#4456,.F.);
#4456 = EDGE_CURVE('',#4413,#4279,#4457,.T.);
#4457 = LINE('',#4458,#4459);
#4458 = CARTESIAN_POINT('',(-0.175,-3.,-1.8));
#4459 = VECTOR('',#4460,1.);
#4460 = DIRECTION('',(-0.,-0.,1.));
#4461 = ORIENTED_EDGE('',*,*,#4412,.F.);
#4462 = ORIENTED_EDGE('',*,*,#4463,.T.);
#4463 = EDGE_CURVE('',#4405,#4287,#4464,.T.);
#4464 = LINE('',#4465,#4466);
#4465 = CARTESIAN_POINT('',(0.175,-3.,-1.8));
#4466 = VECTOR('',#4467,1.);
#4467 = DIRECTION('',(-0.,-0.,1.));
#4468 = ORIENTED_EDGE('',*,*,#4286,.F.);
#4469 = PLANE('',#4470);
#4470 = AXIS2_PLACEMENT_3D('',#4471,#4472,#4473);
#4471 = CARTESIAN_POINT('',(0.,-3.,0.));
#4472 = DIRECTION('',(0.,-1.,0.));
#4473 = DIRECTION('',(0.,-0.,-1.));
#4474 = ADVANCED_FACE('',(#4475),#4481,.F.);
#4475 = FACE_BOUND('',#4476,.T.);
#4476 = EDGE_LOOP('',(#4477,#4478,#4479,#4480));
#4477 = ORIENTED_EDGE('',*,*,#4441,.F.);
#4478 = ORIENTED_EDGE('',*,*,#4380,.F.);
#4479 = ORIENTED_EDGE('',*,*,#4349,.F.);
#4480 = ORIENTED_EDGE('',*,*,#4318,.F.);
#4481 = PLANE('',#4482);
#4482 = AXIS2_PLACEMENT_3D('',#4483,#4484,#4485);
#4483 = CARTESIAN_POINT('',(0.,1.2,0.));
#4484 = DIRECTION('',(0.,-1.,0.));
#4485 = DIRECTION('',(0.,-0.,-1.));
#4486 = ADVANCED_FACE('',(#4487),#4498,.F.);
#4487 = FACE_BOUND('',#4488,.T.);
#4488 = EDGE_LOOP('',(#4489,#4490,#4491,#4492));
#4489 = ORIENTED_EDGE('',*,*,#4294,.T.);
#4490 = ORIENTED_EDGE('',*,*,#4463,.F.);
#4491 = ORIENTED_EDGE('',*,*,#4404,.F.);
#4492 = ORIENTED_EDGE('',*,*,#4493,.T.);
#4493 = EDGE_CURVE('',#4397,#4295,#4494,.T.);
#4494 = LINE('',#4495,#4496);
#4495 = CARTESIAN_POINT('',(0.175,-2.78,-1.8));
#4496 = VECTOR('',#4497,1.);
#4497 = DIRECTION('',(-0.,-0.,1.));
#4498 = PLANE('',#4499);
#4499 = AXIS2_PLACEMENT_3D('',#4500,#4501,#4502);
#4500 = CARTESIAN_POINT('',(0.175,-3.,-1.8));
#4501 = DIRECTION('',(-1.,0.,0.));
#4502 = DIRECTION('',(0.,0.,1.));
#4503 = ADVANCED_FACE('',(#4504),#4510,.F.);
#4504 = FACE_BOUND('',#4505,.T.);
#4505 = EDGE_LOOP('',(#4506,#4507,#4508,#4509));
#4506 = ORIENTED_EDGE('',*,*,#4302,.T.);
#4507 = ORIENTED_EDGE('',*,*,#4493,.F.);
#4508 = ORIENTED_EDGE('',*,*,#4396,.F.);
#4509 = ORIENTED_EDGE('',*,*,#4434,.T.);
#4510 = PLANE('',#4511);
#4511 = AXIS2_PLACEMENT_3D('',#4512,#4513,#4514);
#4512 = CARTESIAN_POINT('',(0.175,-2.78,-1.8));
#4513 = DIRECTION('',(-0.987401103435,0.15823735632,0.));
#4514 = DIRECTION('',(-0.15823735632,-0.987401103435,0.));
#4515 = ADVANCED_FACE('',(#4516),#4527,.F.);
#4516 = FACE_BOUND('',#4517,.T.);
#4517 = EDGE_LOOP('',(#4518,#4519,#4520,#4521));
#4518 = ORIENTED_EDGE('',*,*,#4268,.T.);
#4519 = ORIENTED_EDGE('',*,*,#4340,.F.);
#4520 = ORIENTED_EDGE('',*,*,#4371,.F.);
#4521 = ORIENTED_EDGE('',*,*,#4522,.T.);
#4522 = EDGE_CURVE('',#4372,#4269,#4523,.T.);
#4523 = LINE('',#4524,#4525);
#4524 = CARTESIAN_POINT('',(-0.175,-2.78,-1.8));
#4525 = VECTOR('',#4526,1.);
#4526 = DIRECTION('',(-0.,-0.,1.));
#4527 = PLANE('',#4528);
#4528 = AXIS2_PLACEMENT_3D('',#4529,#4530,#4531);
#4529 = CARTESIAN_POINT('',(-0.175,-2.78,-1.8));
#4530 = DIRECTION('',(0.987401103435,0.15823735632,0.));
#4531 = DIRECTION('',(-0.15823735632,0.987401103435,0.));
#4532 = ADVANCED_FACE('',(#4533),#4539,.F.);
#4533 = FACE_BOUND('',#4534,.T.);
#4534 = EDGE_LOOP('',(#4535,#4536,#4537,#4538));
#4535 = ORIENTED_EDGE('',*,*,#4278,.T.);
#4536 = ORIENTED_EDGE('',*,*,#4522,.F.);
#4537 = ORIENTED_EDGE('',*,*,#4420,.F.);
#4538 = ORIENTED_EDGE('',*,*,#4456,.T.);
#4539 = PLANE('',#4540);
#4540 = AXIS2_PLACEMENT_3D('',#4541,#4542,#4543);
#4541 = CARTESIAN_POINT('',(-0.175,-3.,-1.8));
#4542 = DIRECTION('',(1.,-0.,0.));
#4543 = DIRECTION('',(0.,0.,-1.));
#4544 = ( GEOMETRIC_REPRESENTATION_CONTEXT(3) 
GLOBAL_UNCERTAINTY_ASSIGNED_CONTEXT((#4548)) 
GLOBAL_UNIT_ASSIGNED_CONTEXT((#4545,#4546,#4547)) REPRESENTATION_CONTEXT
('Context #1','3D Context with UNIT and UNCERTAINTY') );
#4545 = ( LENGTH_UNIT() NAMED_UNIT(*) SI_UNIT(.MILLI.,.METRE.) );
#4546 = ( NAMED_UNIT(*) PLANE_ANGLE_UNIT() SI_UNIT($,.RADIAN.) );
#4547 = ( NAMED_UNIT(*) SI_UNIT($,.STERADIAN.) SOLID_ANGLE_UNIT() );
#4548 = UNCERTAINTY_MEASURE_WITH_UNIT(LENGTH_MEASURE(1.E-07),#4545,
  'distance_accuracy_value','confusion accuracy');
#4549 = CONTEXT_DEPENDENT_SHAPE_REPRESENTATION(#4550,#4552);
#4550 = ( REPRESENTATION_RELATIONSHIP('','',#4261,#32) 
REPRESENTATION_RELATIONSHIP_WITH_TRANSFORMATION(#4551) 
SHAPE_REPRESENTATION_RELATIONSHIP() );
#4551 = ITEM_DEFINED_TRANSFORMATION('','',#11,#49);
#4552 = PRODUCT_DEFINITION_SHAPE('Placement','Placement of an item',
  #4553);
#4553 = NEXT_ASSEMBLY_USAGE_OCCURRENCE('5','JS202011CQN004','',#27,#4256
  ,$);
#4554 = PRODUCT_RELATED_PRODUCT_CATEGORY('part',$,(#4258));
#4555 = SHAPE_DEFINITION_REPRESENTATION(#4556,#4562);
#4556 = PRODUCT_DEFINITION_SHAPE('','',#4557);
#4557 = PRODUCT_DEFINITION('design','',#4558,#4561);
#4558 = PRODUCT_DEFINITION_FORMATION('','',#4559);
#4559 = PRODUCT('JS202011CQN005','JS202011CQN005','',(#4560));
#4560 = PRODUCT_CONTEXT('',#2,'mechanical');
#4561 = PRODUCT_DEFINITION_CONTEXT('part definition',#2,'design');
#4562 = ADVANCED_BREP_SHAPE_REPRESENTATION('',(#11,#4563),#4845);
#4563 = MANIFOLD_SOLID_BREP('',#4564);
#4564 = CLOSED_SHELL('',(#4565,#4605,#4668,#4699,#4753,#4775,#4787,#4804
    ,#4816,#4833));
#4565 = ADVANCED_FACE('',(#4566),#4600,.T.);
#4566 = FACE_BOUND('',#4567,.T.);
#4567 = EDGE_LOOP('',(#4568,#4578,#4586,#4594));
#4568 = ORIENTED_EDGE('',*,*,#4569,.F.);
#4569 = EDGE_CURVE('',#4570,#4572,#4574,.T.);
#4570 = VERTEX_POINT('',#4571);
#4571 = CARTESIAN_POINT('',(2.8,-2.,1.5));
#4572 = VERTEX_POINT('',#4573);
#4573 = CARTESIAN_POINT('',(2.8,-2.,1.8));
#4574 = LINE('',#4575,#4576);
#4575 = CARTESIAN_POINT('',(2.8,-2.,-1.8));
#4576 = VECTOR('',#4577,1.);
#4577 = DIRECTION('',(-0.,-0.,1.));
#4578 = ORIENTED_EDGE('',*,*,#4579,.T.);
#4579 = EDGE_CURVE('',#4570,#4580,#4582,.T.);
#4580 = VERTEX_POINT('',#4581);
#4581 = CARTESIAN_POINT('',(2.8,1.2,1.5));
#4582 = LINE('',#4583,#4584);
#4583 = CARTESIAN_POINT('',(2.8,-3.,1.5));
#4584 = VECTOR('',#4585,1.);
#4585 = DIRECTION('',(0.,1.,0.));
#4586 = ORIENTED_EDGE('',*,*,#4587,.T.);
#4587 = EDGE_CURVE('',#4580,#4588,#4590,.T.);
#4588 = VERTEX_POINT('',#4589);
#4589 = CARTESIAN_POINT('',(2.8,1.2,1.8));
#4590 = LINE('',#4591,#4592);
#4591 = CARTESIAN_POINT('',(2.8,1.2,1.5));
#4592 = VECTOR('',#4593,1.);
#4593 = DIRECTION('',(0.,0.,1.));
#4594 = ORIENTED_EDGE('',*,*,#4595,.F.);
#4595 = EDGE_CURVE('',#4572,#4588,#4596,.T.);
#4596 = LINE('',#4597,#4598);
#4597 = CARTESIAN_POINT('',(2.8,-3.,1.8));
#4598 = VECTOR('',#4599,1.);
#4599 = DIRECTION('',(0.,1.,0.));
#4600 = PLANE('',#4601);
#4601 = AXIS2_PLACEMENT_3D('',#4602,#4603,#4604);
#4602 = CARTESIAN_POINT('',(2.8,-3.,1.5));
#4603 = DIRECTION('',(1.,0.,0.));
#4604 = DIRECTION('',(0.,0.,-1.));
#4605 = ADVANCED_FACE('',(#4606),#4663,.T.);
#4606 = FACE_BOUND('',#4607,.T.);
#4607 = EDGE_LOOP('',(#4608,#4618,#4626,#4634,#4642,#4648,#4649,#4657));
#4608 = ORIENTED_EDGE('',*,*,#4609,.F.);
#4609 = EDGE_CURVE('',#4610,#4612,#4614,.T.);
#4610 = VERTEX_POINT('',#4611);
#4611 = CARTESIAN_POINT('',(2.325,-2.78,1.8));
#4612 = VERTEX_POINT('',#4613);
#4613 = CARTESIAN_POINT('',(2.2,-2.,1.8));
#4614 = LINE('',#4615,#4616);
#4615 = CARTESIAN_POINT('',(2.325,-2.78,1.8));
#4616 = VECTOR('',#4617,1.);
#4617 = DIRECTION('',(-0.15823735632,0.987401103435,0.));
#4618 = ORIENTED_EDGE('',*,*,#4619,.F.);
#4619 = EDGE_CURVE('',#4620,#4610,#4622,.T.);
#4620 = VERTEX_POINT('',#4621);
#4621 = CARTESIAN_POINT('',(2.325,-3.,1.8));
#4622 = LINE('',#4623,#4624);
#4623 = CARTESIAN_POINT('',(2.325,-3.,1.8));
#4624 = VECTOR('',#4625,1.);
#4625 = DIRECTION('',(0.,1.,0.));
#4626 = ORIENTED_EDGE('',*,*,#4627,.T.);
#4627 = EDGE_CURVE('',#4620,#4628,#4630,.T.);
#4628 = VERTEX_POINT('',#4629);
#4629 = CARTESIAN_POINT('',(2.675,-3.,1.8));
#4630 = LINE('',#4631,#4632);
#4631 = CARTESIAN_POINT('',(2.2,-3.,1.8));
#4632 = VECTOR('',#4633,1.);
#4633 = DIRECTION('',(1.,0.,0.));
#4634 = ORIENTED_EDGE('',*,*,#4635,.F.);
#4635 = EDGE_CURVE('',#4636,#4628,#4638,.T.);
#4636 = VERTEX_POINT('',#4637);
#4637 = CARTESIAN_POINT('',(2.675,-2.78,1.8));
#4638 = LINE('',#4639,#4640);
#4639 = CARTESIAN_POINT('',(2.675,-3.,1.8));
#4640 = VECTOR('',#4641,1.);
#4641 = DIRECTION('',(-0.,-1.,-0.));
#4642 = ORIENTED_EDGE('',*,*,#4643,.F.);
#4643 = EDGE_CURVE('',#4572,#4636,#4644,.T.);
#4644 = LINE('',#4645,#4646);
#4645 = CARTESIAN_POINT('',(2.675,-2.78,1.8));
#4646 = VECTOR('',#4647,1.);
#4647 = DIRECTION('',(-0.15823735632,-0.987401103435,-0.));
#4648 = ORIENTED_EDGE('',*,*,#4595,.T.);
#4649 = ORIENTED_EDGE('',*,*,#4650,.T.);
#4650 = EDGE_CURVE('',#4588,#4651,#4653,.T.);
#4651 = VERTEX_POINT('',#4652);
#4652 = CARTESIAN_POINT('',(2.2,1.2,1.8));
#4653 = LINE('',#4654,#4655);
#4654 = CARTESIAN_POINT('',(2.2,1.2,1.8));
#4655 = VECTOR('',#4656,1.);
#4656 = DIRECTION('',(-1.,0.,0.));
#4657 = ORIENTED_EDGE('',*,*,#4658,.F.);
#4658 = EDGE_CURVE('',#4612,#4651,#4659,.T.);
#4659 = LINE('',#4660,#4661);
#4660 = CARTESIAN_POINT('',(2.2,-3.,1.8));
#4661 = VECTOR('',#4662,1.);
#4662 = DIRECTION('',(0.,1.,0.));
#4663 = PLANE('',#4664);
#4664 = AXIS2_PLACEMENT_3D('',#4665,#4666,#4667);
#4665 = CARTESIAN_POINT('',(2.2,-3.,1.8));
#4666 = DIRECTION('',(0.,0.,1.));
#4667 = DIRECTION('',(1.,0.,-0.));
#4668 = ADVANCED_FACE('',(#4669),#4694,.T.);
#4669 = FACE_BOUND('',#4670,.T.);
#4670 = EDGE_LOOP('',(#4671,#4679,#4680,#4688));
#4671 = ORIENTED_EDGE('',*,*,#4672,.T.);
#4672 = EDGE_CURVE('',#4673,#4612,#4675,.T.);
#4673 = VERTEX_POINT('',#4674);
#4674 = CARTESIAN_POINT('',(2.2,-2.,1.5));
#4675 = LINE('',#4676,#4677);
#4676 = CARTESIAN_POINT('',(2.2,-2.,-1.8));
#4677 = VECTOR('',#4678,1.);
#4678 = DIRECTION('',(-0.,-0.,1.));
#4679 = ORIENTED_EDGE('',*,*,#4658,.T.);
#4680 = ORIENTED_EDGE('',*,*,#4681,.T.);
#4681 = EDGE_CURVE('',#4651,#4682,#4684,.T.);
#4682 = VERTEX_POINT('',#4683);
#4683 = CARTESIAN_POINT('',(2.2,1.2,1.5));
#4684 = LINE('',#4685,#4686);
#4685 = CARTESIAN_POINT('',(2.2,1.2,1.5));
#4686 = VECTOR('',#4687,1.);
#4687 = DIRECTION('',(0.,0.,-1.));
#4688 = ORIENTED_EDGE('',*,*,#4689,.F.);
#4689 = EDGE_CURVE('',#4673,#4682,#4690,.T.);
#4690 = LINE('',#4691,#4692);
#4691 = CARTESIAN_POINT('',(2.2,-3.,1.5));
#4692 = VECTOR('',#4693,1.);
#4693 = DIRECTION('',(0.,1.,0.));
#4694 = PLANE('',#4695);
#4695 = AXIS2_PLACEMENT_3D('',#4696,#4697,#4698);
#4696 = CARTESIAN_POINT('',(2.2,-3.,1.5));
#4697 = DIRECTION('',(-1.,0.,0.));
#4698 = DIRECTION('',(0.,0.,1.));
#4699 = ADVANCED_FACE('',(#4700),#4748,.T.);
#4700 = FACE_BOUND('',#4701,.T.);
#4701 = EDGE_LOOP('',(#4702,#4710,#4711,#4717,#4718,#4726,#4734,#4742));
#4702 = ORIENTED_EDGE('',*,*,#4703,.F.);
#4703 = EDGE_CURVE('',#4673,#4704,#4706,.T.);
#4704 = VERTEX_POINT('',#4705);
#4705 = CARTESIAN_POINT('',(2.325,-2.78,1.5));
#4706 = LINE('',#4707,#4708);
#4707 = CARTESIAN_POINT('',(2.356243740235,-2.974960939065,1.5));
#4708 = VECTOR('',#4709,1.);
#4709 = DIRECTION('',(0.15823735632,-0.987401103435,0.));
#4710 = ORIENTED_EDGE('',*,*,#4689,.T.);
#4711 = ORIENTED_EDGE('',*,*,#4712,.T.);
#4712 = EDGE_CURVE('',#4682,#4580,#4713,.T.);
#4713 = LINE('',#4714,#4715);
#4714 = CARTESIAN_POINT('',(2.2,1.2,1.5));
#4715 = VECTOR('',#4716,1.);
#4716 = DIRECTION('',(1.,0.,-0.));
#4717 = ORIENTED_EDGE('',*,*,#4579,.F.);
#4718 = ORIENTED_EDGE('',*,*,#4719,.F.);
#4719 = EDGE_CURVE('',#4720,#4570,#4722,.T.);
#4720 = VERTEX_POINT('',#4721);
#4721 = CARTESIAN_POINT('',(2.675,-2.78,1.5));
#4722 = LINE('',#4723,#4724);
#4723 = CARTESIAN_POINT('',(2.628732823204,-3.068707183206,1.5));
#4724 = VECTOR('',#4725,1.);
#4725 = DIRECTION('',(0.15823735632,0.987401103435,0.));
#4726 = ORIENTED_EDGE('',*,*,#4727,.F.);
#4727 = EDGE_CURVE('',#4728,#4720,#4730,.T.);
#4728 = VERTEX_POINT('',#4729);
#4729 = CARTESIAN_POINT('',(2.675,-3.,1.5));
#4730 = LINE('',#4731,#4732);
#4731 = CARTESIAN_POINT('',(2.675,-3.,1.5));
#4732 = VECTOR('',#4733,1.);
#4733 = DIRECTION('',(0.,1.,0.));
#4734 = ORIENTED_EDGE('',*,*,#4735,.T.);
#4735 = EDGE_CURVE('',#4728,#4736,#4738,.T.);
#4736 = VERTEX_POINT('',#4737);
#4737 = CARTESIAN_POINT('',(2.325,-3.,1.5));
#4738 = LINE('',#4739,#4740);
#4739 = CARTESIAN_POINT('',(2.2,-3.,1.5));
#4740 = VECTOR('',#4741,1.);
#4741 = DIRECTION('',(-1.,-0.,-0.));
#4742 = ORIENTED_EDGE('',*,*,#4743,.F.);
#4743 = EDGE_CURVE('',#4704,#4736,#4744,.T.);
#4744 = LINE('',#4745,#4746);
#4745 = CARTESIAN_POINT('',(2.325,-3.,1.5));
#4746 = VECTOR('',#4747,1.);
#4747 = DIRECTION('',(0.,-1.,0.));
#4748 = PLANE('',#4749);
#4749 = AXIS2_PLACEMENT_3D('',#4750,#4751,#4752);
#4750 = CARTESIAN_POINT('',(2.2,-3.,1.5));
#4751 = DIRECTION('',(0.,0.,-1.));
#4752 = DIRECTION('',(-1.,0.,-0.));
#4753 = ADVANCED_FACE('',(#4754),#4770,.F.);
#4754 = FACE_BOUND('',#4755,.T.);
#4755 = EDGE_LOOP('',(#4756,#4757,#4763,#4764));
#4756 = ORIENTED_EDGE('',*,*,#4627,.F.);
#4757 = ORIENTED_EDGE('',*,*,#4758,.T.);
#4758 = EDGE_CURVE('',#4620,#4736,#4759,.T.);
#4759 = LINE('',#4760,#4761);
#4760 = CARTESIAN_POINT('',(2.325,-3.,0.));
#4761 = VECTOR('',#4762,1.);
#4762 = DIRECTION('',(0.,0.,-1.));
#4763 = ORIENTED_EDGE('',*,*,#4735,.F.);
#4764 = ORIENTED_EDGE('',*,*,#4765,.T.);
#4765 = EDGE_CURVE('',#4728,#4628,#4766,.T.);
#4766 = LINE('',#4767,#4768);
#4767 = CARTESIAN_POINT('',(2.675,-3.,0.));
#4768 = VECTOR('',#4769,1.);
#4769 = DIRECTION('',(0.,-0.,1.));
#4770 = PLANE('',#4771);
#4771 = AXIS2_PLACEMENT_3D('',#4772,#4773,#4774);
#4772 = CARTESIAN_POINT('',(0.,-3.,0.));
#4773 = DIRECTION('',(0.,1.,0.));
#4774 = DIRECTION('',(0.,-0.,1.));
#4775 = ADVANCED_FACE('',(#4776),#4782,.F.);
#4776 = FACE_BOUND('',#4777,.T.);
#4777 = EDGE_LOOP('',(#4778,#4779,#4780,#4781));
#4778 = ORIENTED_EDGE('',*,*,#4712,.F.);
#4779 = ORIENTED_EDGE('',*,*,#4681,.F.);
#4780 = ORIENTED_EDGE('',*,*,#4650,.F.);
#4781 = ORIENTED_EDGE('',*,*,#4587,.F.);
#4782 = PLANE('',#4783);
#4783 = AXIS2_PLACEMENT_3D('',#4784,#4785,#4786);
#4784 = CARTESIAN_POINT('',(0.,1.2,0.));
#4785 = DIRECTION('',(0.,-1.,0.));
#4786 = DIRECTION('',(0.,-0.,-1.));
#4787 = ADVANCED_FACE('',(#4788),#4799,.F.);
#4788 = FACE_BOUND('',#4789,.T.);
#4789 = EDGE_LOOP('',(#4790,#4791,#4797,#4798));
#4790 = ORIENTED_EDGE('',*,*,#4727,.T.);
#4791 = ORIENTED_EDGE('',*,*,#4792,.T.);
#4792 = EDGE_CURVE('',#4720,#4636,#4793,.T.);
#4793 = LINE('',#4794,#4795);
#4794 = CARTESIAN_POINT('',(2.675,-2.78,-1.8));
#4795 = VECTOR('',#4796,1.);
#4796 = DIRECTION('',(-0.,-0.,1.));
#4797 = ORIENTED_EDGE('',*,*,#4635,.T.);
#4798 = ORIENTED_EDGE('',*,*,#4765,.F.);
#4799 = PLANE('',#4800);
#4800 = AXIS2_PLACEMENT_3D('',#4801,#4802,#4803);
#4801 = CARTESIAN_POINT('',(2.675,-3.,-1.8));
#4802 = DIRECTION('',(-1.,0.,0.));
#4803 = DIRECTION('',(0.,0.,1.));
#4804 = ADVANCED_FACE('',(#4805),#4811,.F.);
#4805 = FACE_BOUND('',#4806,.T.);
#4806 = EDGE_LOOP('',(#4807,#4808,#4809,#4810));
#4807 = ORIENTED_EDGE('',*,*,#4719,.T.);
#4808 = ORIENTED_EDGE('',*,*,#4569,.T.);
#4809 = ORIENTED_EDGE('',*,*,#4643,.T.);
#4810 = ORIENTED_EDGE('',*,*,#4792,.F.);
#4811 = PLANE('',#4812);
#4812 = AXIS2_PLACEMENT_3D('',#4813,#4814,#4815);
#4813 = CARTESIAN_POINT('',(2.675,-2.78,-1.8));
#4814 = DIRECTION('',(-0.987401103435,0.15823735632,0.));
#4815 = DIRECTION('',(-0.15823735632,-0.987401103435,0.));
#4816 = ADVANCED_FACE('',(#4817),#4828,.F.);
#4817 = FACE_BOUND('',#4818,.T.);
#4818 = EDGE_LOOP('',(#4819,#4820,#4826,#4827));
#4819 = ORIENTED_EDGE('',*,*,#4703,.T.);
#4820 = ORIENTED_EDGE('',*,*,#4821,.T.);
#4821 = EDGE_CURVE('',#4704,#4610,#4822,.T.);
#4822 = LINE('',#4823,#4824);
#4823 = CARTESIAN_POINT('',(2.325,-2.78,-1.8));
#4824 = VECTOR('',#4825,1.);
#4825 = DIRECTION('',(-0.,-0.,1.));
#4826 = ORIENTED_EDGE('',*,*,#4609,.T.);
#4827 = ORIENTED_EDGE('',*,*,#4672,.F.);
#4828 = PLANE('',#4829);
#4829 = AXIS2_PLACEMENT_3D('',#4830,#4831,#4832);
#4830 = CARTESIAN_POINT('',(2.325,-2.78,-1.8));
#4831 = DIRECTION('',(0.987401103435,0.15823735632,0.));
#4832 = DIRECTION('',(-0.15823735632,0.987401103435,0.));
#4833 = ADVANCED_FACE('',(#4834),#4840,.F.);
#4834 = FACE_BOUND('',#4835,.T.);
#4835 = EDGE_LOOP('',(#4836,#4837,#4838,#4839));
#4836 = ORIENTED_EDGE('',*,*,#4743,.T.);
#4837 = ORIENTED_EDGE('',*,*,#4758,.F.);
#4838 = ORIENTED_EDGE('',*,*,#4619,.T.);
#4839 = ORIENTED_EDGE('',*,*,#4821,.F.);
#4840 = PLANE('',#4841);
#4841 = AXIS2_PLACEMENT_3D('',#4842,#4843,#4844);
#4842 = CARTESIAN_POINT('',(2.325,-3.,-1.8));
#4843 = DIRECTION('',(1.,-0.,0.));
#4844 = DIRECTION('',(0.,0.,-1.));
#4845 = ( GEOMETRIC_REPRESENTATION_CONTEXT(3) 
GLOBAL_UNCERTAINTY_ASSIGNED_CONTEXT((#4849)) 
GLOBAL_UNIT_ASSIGNED_CONTEXT((#4846,#4847,#4848)) REPRESENTATION_CONTEXT
('Context #1','3D Context with UNIT and UNCERTAINTY') );
#4846 = ( LENGTH_UNIT() NAMED_UNIT(*) SI_UNIT(.MILLI.,.METRE.) );
#4847 = ( NAMED_UNIT(*) PLANE_ANGLE_UNIT() SI_UNIT($,.RADIAN.) );
#4848 = ( NAMED_UNIT(*) SI_UNIT($,.STERADIAN.) SOLID_ANGLE_UNIT() );
#4849 = UNCERTAINTY_MEASURE_WITH_UNIT(LENGTH_MEASURE(1.E-07),#4846,
  'distance_accuracy_value','confusion accuracy');
#4850 = CONTEXT_DEPENDENT_SHAPE_REPRESENTATION(#4851,#4853);
#4851 = ( REPRESENTATION_RELATIONSHIP('','',#4562,#32) 
REPRESENTATION_RELATIONSHIP_WITH_TRANSFORMATION(#4852) 
SHAPE_REPRESENTATION_RELATIONSHIP() );
#4852 = ITEM_DEFINED_TRANSFORMATION('','',#11,#53);
#4853 = PRODUCT_DEFINITION_SHAPE('Placement','Placement of an item',
  #4854);
#4854 = NEXT_ASSEMBLY_USAGE_OCCURRENCE('6','JS202011CQN005','',#27,#4557
  ,$);
#4855 = PRODUCT_RELATED_PRODUCT_CATEGORY('part',$,(#4559));
#4856 = SHAPE_DEFINITION_REPRESENTATION(#4857,#4863);
#4857 = PRODUCT_DEFINITION_SHAPE('','',#4858);
#4858 = PRODUCT_DEFINITION('design','',#4859,#4862);
#4859 = PRODUCT_DEFINITION_FORMATION('','',#4860);
#4860 = PRODUCT('JS202011CQN006','JS202011CQN006','',(#4861));
#4861 = PRODUCT_CONTEXT('',#2,'mechanical');
#4862 = PRODUCT_DEFINITION_CONTEXT('part definition',#2,'design');
#4863 = ADVANCED_BREP_SHAPE_REPRESENTATION('',(#11,#4864),#5146);
#4864 = MANIFOLD_SOLID_BREP('',#4865);
#4865 = CLOSED_SHELL('',(#4866,#4938,#4969,#5032,#5054,#5076,#5088,#5105
    ,#5117,#5134));
#4866 = ADVANCED_FACE('',(#4867),#4933,.T.);
#4867 = FACE_BOUND('',#4868,.T.);
#4868 = EDGE_LOOP('',(#4869,#4879,#4887,#4895,#4903,#4911,#4919,#4927));
#4869 = ORIENTED_EDGE('',*,*,#4870,.F.);
#4870 = EDGE_CURVE('',#4871,#4873,#4875,.T.);
#4871 = VERTEX_POINT('',#4872);
#4872 = CARTESIAN_POINT('',(2.325,-2.78,-1.5));
#4873 = VERTEX_POINT('',#4874);
#4874 = CARTESIAN_POINT('',(2.2,-2.,-1.5));
#4875 = LINE('',#4876,#4877);
#4876 = CARTESIAN_POINT('',(2.356243740235,-2.974960939065,-1.5));
#4877 = VECTOR('',#4878,1.);
#4878 = DIRECTION('',(-0.15823735632,0.987401103435,0.));
#4879 = ORIENTED_EDGE('',*,*,#4880,.F.);
#4880 = EDGE_CURVE('',#4881,#4871,#4883,.T.);
#4881 = VERTEX_POINT('',#4882);
#4882 = CARTESIAN_POINT('',(2.325,-3.,-1.5));
#4883 = LINE('',#4884,#4885);
#4884 = CARTESIAN_POINT('',(2.325,-3.,-1.5));
#4885 = VECTOR('',#4886,1.);
#4886 = DIRECTION('',(0.,1.,-0.));
#4887 = ORIENTED_EDGE('',*,*,#4888,.T.);
#4888 = EDGE_CURVE('',#4881,#4889,#4891,.T.);
#4889 = VERTEX_POINT('',#4890);
#4890 = CARTESIAN_POINT('',(2.675,-3.,-1.5));
#4891 = LINE('',#4892,#4893);
#4892 = CARTESIAN_POINT('',(2.2,-3.,-1.5));
#4893 = VECTOR('',#4894,1.);
#4894 = DIRECTION('',(1.,0.,0.));
#4895 = ORIENTED_EDGE('',*,*,#4896,.F.);
#4896 = EDGE_CURVE('',#4897,#4889,#4899,.T.);
#4897 = VERTEX_POINT('',#4898);
#4898 = CARTESIAN_POINT('',(2.675,-2.78,-1.5));
#4899 = LINE('',#4900,#4901);
#4900 = CARTESIAN_POINT('',(2.675,-3.,-1.5));
#4901 = VECTOR('',#4902,1.);
#4902 = DIRECTION('',(0.,-1.,0.));
#4903 = ORIENTED_EDGE('',*,*,#4904,.F.);
#4904 = EDGE_CURVE('',#4905,#4897,#4907,.T.);
#4905 = VERTEX_POINT('',#4906);
#4906 = CARTESIAN_POINT('',(2.8,-2.,-1.5));
#4907 = LINE('',#4908,#4909);
#4908 = CARTESIAN_POINT('',(2.628732823204,-3.068707183206,-1.5));
#4909 = VECTOR('',#4910,1.);
#4910 = DIRECTION('',(-0.15823735632,-0.987401103435,0.));
#4911 = ORIENTED_EDGE('',*,*,#4912,.T.);
#4912 = EDGE_CURVE('',#4905,#4913,#4915,.T.);
#4913 = VERTEX_POINT('',#4914);
#4914 = CARTESIAN_POINT('',(2.8,1.2,-1.5));
#4915 = LINE('',#4916,#4917);
#4916 = CARTESIAN_POINT('',(2.8,-3.,-1.5));
#4917 = VECTOR('',#4918,1.);
#4918 = DIRECTION('',(0.,1.,0.));
#4919 = ORIENTED_EDGE('',*,*,#4920,.T.);
#4920 = EDGE_CURVE('',#4913,#4921,#4923,.T.);
#4921 = VERTEX_POINT('',#4922);
#4922 = CARTESIAN_POINT('',(2.2,1.2,-1.5));
#4923 = LINE('',#4924,#4925);
#4924 = CARTESIAN_POINT('',(2.2,1.2,-1.5));
#4925 = VECTOR('',#4926,1.);
#4926 = DIRECTION('',(-1.,0.,0.));
#4927 = ORIENTED_EDGE('',*,*,#4928,.F.);
#4928 = EDGE_CURVE('',#4873,#4921,#4929,.T.);
#4929 = LINE('',#4930,#4931);
#4930 = CARTESIAN_POINT('',(2.2,-3.,-1.5));
#4931 = VECTOR('',#4932,1.);
#4932 = DIRECTION('',(0.,1.,0.));
#4933 = PLANE('',#4934);
#4934 = AXIS2_PLACEMENT_3D('',#4935,#4936,#4937);
#4935 = CARTESIAN_POINT('',(2.2,-3.,-1.5));
#4936 = DIRECTION('',(0.,0.,1.));
#4937 = DIRECTION('',(1.,0.,-0.));
#4938 = ADVANCED_FACE('',(#4939),#4964,.T.);
#4939 = FACE_BOUND('',#4940,.T.);
#4940 = EDGE_LOOP('',(#4941,#4949,#4950,#4958));
#4941 = ORIENTED_EDGE('',*,*,#4942,.T.);
#4942 = EDGE_CURVE('',#4943,#4873,#4945,.T.);
#4943 = VERTEX_POINT('',#4944);
#4944 = CARTESIAN_POINT('',(2.2,-2.,-1.8));
#4945 = LINE('',#4946,#4947);
#4946 = CARTESIAN_POINT('',(2.2,-2.,-1.8));
#4947 = VECTOR('',#4948,1.);
#4948 = DIRECTION('',(-0.,-0.,1.));
#4949 = ORIENTED_EDGE('',*,*,#4928,.T.);
#4950 = ORIENTED_EDGE('',*,*,#4951,.T.);
#4951 = EDGE_CURVE('',#4921,#4952,#4954,.T.);
#4952 = VERTEX_POINT('',#4953);
#4953 = CARTESIAN_POINT('',(2.2,1.2,-1.8));
#4954 = LINE('',#4955,#4956);
#4955 = CARTESIAN_POINT('',(2.2,1.2,-1.8));
#4956 = VECTOR('',#4957,1.);
#4957 = DIRECTION('',(0.,0.,-1.));
#4958 = ORIENTED_EDGE('',*,*,#4959,.F.);
#4959 = EDGE_CURVE('',#4943,#4952,#4960,.T.);
#4960 = LINE('',#4961,#4962);
#4961 = CARTESIAN_POINT('',(2.2,-3.,-1.8));
#4962 = VECTOR('',#4963,1.);
#4963 = DIRECTION('',(0.,1.,0.));
#4964 = PLANE('',#4965);
#4965 = AXIS2_PLACEMENT_3D('',#4966,#4967,#4968);
#4966 = CARTESIAN_POINT('',(2.2,-3.,-1.8));
#4967 = DIRECTION('',(-1.,0.,0.));
#4968 = DIRECTION('',(0.,0.,1.));
#4969 = ADVANCED_FACE('',(#4970),#5027,.T.);
#4970 = FACE_BOUND('',#4971,.T.);
#4971 = EDGE_LOOP('',(#4972,#4980,#4981,#4989,#4997,#5005,#5013,#5021));
#4972 = ORIENTED_EDGE('',*,*,#4973,.T.);
#4973 = EDGE_CURVE('',#4974,#4943,#4976,.T.);
#4974 = VERTEX_POINT('',#4975);
#4975 = CARTESIAN_POINT('',(2.325,-2.78,-1.8));
#4976 = LINE('',#4977,#4978);
#4977 = CARTESIAN_POINT('',(2.325,-2.78,-1.8));
#4978 = VECTOR('',#4979,1.);
#4979 = DIRECTION('',(-0.15823735632,0.987401103435,0.));
#4980 = ORIENTED_EDGE('',*,*,#4959,.T.);
#4981 = ORIENTED_EDGE('',*,*,#4982,.T.);
#4982 = EDGE_CURVE('',#4952,#4983,#4985,.T.);
#4983 = VERTEX_POINT('',#4984);
#4984 = CARTESIAN_POINT('',(2.8,1.2,-1.8));
#4985 = LINE('',#4986,#4987);
#4986 = CARTESIAN_POINT('',(2.2,1.2,-1.8));
#4987 = VECTOR('',#4988,1.);
#4988 = DIRECTION('',(1.,0.,-0.));
#4989 = ORIENTED_EDGE('',*,*,#4990,.F.);
#4990 = EDGE_CURVE('',#4991,#4983,#4993,.T.);
#4991 = VERTEX_POINT('',#4992);
#4992 = CARTESIAN_POINT('',(2.8,-2.,-1.8));
#4993 = LINE('',#4994,#4995);
#4994 = CARTESIAN_POINT('',(2.8,-3.,-1.8));
#4995 = VECTOR('',#4996,1.);
#4996 = DIRECTION('',(0.,1.,0.));
#4997 = ORIENTED_EDGE('',*,*,#4998,.T.);
#4998 = EDGE_CURVE('',#4991,#4999,#5001,.T.);
#4999 = VERTEX_POINT('',#5000);
#5000 = CARTESIAN_POINT('',(2.675,-2.78,-1.8));
#5001 = LINE('',#5002,#5003);
#5002 = CARTESIAN_POINT('',(2.675,-2.78,-1.8));
#5003 = VECTOR('',#5004,1.);
#5004 = DIRECTION('',(-0.15823735632,-0.987401103435,-0.));
#5005 = ORIENTED_EDGE('',*,*,#5006,.T.);
#5006 = EDGE_CURVE('',#4999,#5007,#5009,.T.);
#5007 = VERTEX_POINT('',#5008);
#5008 = CARTESIAN_POINT('',(2.675,-3.,-1.8));
#5009 = LINE('',#5010,#5011);
#5010 = CARTESIAN_POINT('',(2.675,-3.,-1.8));
#5011 = VECTOR('',#5012,1.);
#5012 = DIRECTION('',(-0.,-1.,-0.));
#5013 = ORIENTED_EDGE('',*,*,#5014,.T.);
#5014 = EDGE_CURVE('',#5007,#5015,#5017,.T.);
#5015 = VERTEX_POINT('',#5016);
#5016 = CARTESIAN_POINT('',(2.325,-3.,-1.8));
#5017 = LINE('',#5018,#5019);
#5018 = CARTESIAN_POINT('',(2.2,-3.,-1.8));
#5019 = VECTOR('',#5020,1.);
#5020 = DIRECTION('',(-1.,-0.,-0.));
#5021 = ORIENTED_EDGE('',*,*,#5022,.T.);
#5022 = EDGE_CURVE('',#5015,#4974,#5023,.T.);
#5023 = LINE('',#5024,#5025);
#5024 = CARTESIAN_POINT('',(2.325,-3.,-1.8));
#5025 = VECTOR('',#5026,1.);
#5026 = DIRECTION('',(0.,1.,0.));
#5027 = PLANE('',#5028);
#5028 = AXIS2_PLACEMENT_3D('',#5029,#5030,#5031);
#5029 = CARTESIAN_POINT('',(2.2,-3.,-1.8));
#5030 = DIRECTION('',(0.,0.,-1.));
#5031 = DIRECTION('',(-1.,0.,-0.));
#5032 = ADVANCED_FACE('',(#5033),#5049,.T.);
#5033 = FACE_BOUND('',#5034,.T.);
#5034 = EDGE_LOOP('',(#5035,#5041,#5042,#5048));
#5035 = ORIENTED_EDGE('',*,*,#5036,.F.);
#5036 = EDGE_CURVE('',#4991,#4905,#5037,.T.);
#5037 = LINE('',#5038,#5039);
#5038 = CARTESIAN_POINT('',(2.8,-2.,-1.8));
#5039 = VECTOR('',#5040,1.);
#5040 = DIRECTION('',(-0.,-0.,1.));
#5041 = ORIENTED_EDGE('',*,*,#4990,.T.);
#5042 = ORIENTED_EDGE('',*,*,#5043,.T.);
#5043 = EDGE_CURVE('',#4983,#4913,#5044,.T.);
#5044 = LINE('',#5045,#5046);
#5045 = CARTESIAN_POINT('',(2.8,1.2,-1.8));
#5046 = VECTOR('',#5047,1.);
#5047 = DIRECTION('',(0.,0.,1.));
#5048 = ORIENTED_EDGE('',*,*,#4912,.F.);
#5049 = PLANE('',#5050);
#5050 = AXIS2_PLACEMENT_3D('',#5051,#5052,#5053);
#5051 = CARTESIAN_POINT('',(2.8,-3.,-1.8));
#5052 = DIRECTION('',(1.,0.,0.));
#5053 = DIRECTION('',(0.,0.,-1.));
#5054 = ADVANCED_FACE('',(#5055),#5071,.T.);
#5055 = FACE_BOUND('',#5056,.T.);
#5056 = EDGE_LOOP('',(#5057,#5063,#5064,#5070));
#5057 = ORIENTED_EDGE('',*,*,#5058,.F.);
#5058 = EDGE_CURVE('',#5015,#4881,#5059,.T.);
#5059 = LINE('',#5060,#5061);
#5060 = CARTESIAN_POINT('',(2.325,-3.,-1.8));
#5061 = VECTOR('',#5062,1.);
#5062 = DIRECTION('',(-0.,-0.,1.));
#5063 = ORIENTED_EDGE('',*,*,#5014,.F.);
#5064 = ORIENTED_EDGE('',*,*,#5065,.T.);
#5065 = EDGE_CURVE('',#5007,#4889,#5066,.T.);
#5066 = LINE('',#5067,#5068);
#5067 = CARTESIAN_POINT('',(2.675,-3.,-1.8));
#5068 = VECTOR('',#5069,1.);
#5069 = DIRECTION('',(-0.,-0.,1.));
#5070 = ORIENTED_EDGE('',*,*,#4888,.F.);
#5071 = PLANE('',#5072);
#5072 = AXIS2_PLACEMENT_3D('',#5073,#5074,#5075);
#5073 = CARTESIAN_POINT('',(0.,-3.,0.));
#5074 = DIRECTION('',(0.,-1.,0.));
#5075 = DIRECTION('',(0.,-0.,-1.));
#5076 = ADVANCED_FACE('',(#5077),#5083,.F.);
#5077 = FACE_BOUND('',#5078,.T.);
#5078 = EDGE_LOOP('',(#5079,#5080,#5081,#5082));
#5079 = ORIENTED_EDGE('',*,*,#5043,.F.);
#5080 = ORIENTED_EDGE('',*,*,#4982,.F.);
#5081 = ORIENTED_EDGE('',*,*,#4951,.F.);
#5082 = ORIENTED_EDGE('',*,*,#4920,.F.);
#5083 = PLANE('',#5084);
#5084 = AXIS2_PLACEMENT_3D('',#5085,#5086,#5087);
#5085 = CARTESIAN_POINT('',(0.,1.2,0.));
#5086 = DIRECTION('',(0.,-1.,0.));
#5087 = DIRECTION('',(0.,-0.,-1.));
#5088 = ADVANCED_FACE('',(#5089),#5100,.F.);
#5089 = FACE_BOUND('',#5090,.T.);
#5090 = EDGE_LOOP('',(#5091,#5092,#5093,#5094));
#5091 = ORIENTED_EDGE('',*,*,#4896,.T.);
#5092 = ORIENTED_EDGE('',*,*,#5065,.F.);
#5093 = ORIENTED_EDGE('',*,*,#5006,.F.);
#5094 = ORIENTED_EDGE('',*,*,#5095,.T.);
#5095 = EDGE_CURVE('',#4999,#4897,#5096,.T.);
#5096 = LINE('',#5097,#5098);
#5097 = CARTESIAN_POINT('',(2.675,-2.78,-1.8));
#5098 = VECTOR('',#5099,1.);
#5099 = DIRECTION('',(-0.,-0.,1.));
#5100 = PLANE('',#5101);
#5101 = AXIS2_PLACEMENT_3D('',#5102,#5103,#5104);
#5102 = CARTESIAN_POINT('',(2.675,-3.,-1.8));
#5103 = DIRECTION('',(-1.,0.,0.));
#5104 = DIRECTION('',(0.,0.,1.));
#5105 = ADVANCED_FACE('',(#5106),#5112,.F.);
#5106 = FACE_BOUND('',#5107,.T.);
#5107 = EDGE_LOOP('',(#5108,#5109,#5110,#5111));
#5108 = ORIENTED_EDGE('',*,*,#4904,.T.);
#5109 = ORIENTED_EDGE('',*,*,#5095,.F.);
#5110 = ORIENTED_EDGE('',*,*,#4998,.F.);
#5111 = ORIENTED_EDGE('',*,*,#5036,.T.);
#5112 = PLANE('',#5113);
#5113 = AXIS2_PLACEMENT_3D('',#5114,#5115,#5116);
#5114 = CARTESIAN_POINT('',(2.675,-2.78,-1.8));
#5115 = DIRECTION('',(-0.987401103435,0.15823735632,0.));
#5116 = DIRECTION('',(-0.15823735632,-0.987401103435,0.));
#5117 = ADVANCED_FACE('',(#5118),#5129,.F.);
#5118 = FACE_BOUND('',#5119,.T.);
#5119 = EDGE_LOOP('',(#5120,#5121,#5122,#5123));
#5120 = ORIENTED_EDGE('',*,*,#4870,.T.);
#5121 = ORIENTED_EDGE('',*,*,#4942,.F.);
#5122 = ORIENTED_EDGE('',*,*,#4973,.F.);
#5123 = ORIENTED_EDGE('',*,*,#5124,.T.);
#5124 = EDGE_CURVE('',#4974,#4871,#5125,.T.);
#5125 = LINE('',#5126,#5127);
#5126 = CARTESIAN_POINT('',(2.325,-2.78,-1.8));
#5127 = VECTOR('',#5128,1.);
#5128 = DIRECTION('',(-0.,-0.,1.));
#5129 = PLANE('',#5130);
#5130 = AXIS2_PLACEMENT_3D('',#5131,#5132,#5133);
#5131 = CARTESIAN_POINT('',(2.325,-2.78,-1.8));
#5132 = DIRECTION('',(0.987401103435,0.15823735632,0.));
#5133 = DIRECTION('',(-0.15823735632,0.987401103435,0.));
#5134 = ADVANCED_FACE('',(#5135),#5141,.F.);
#5135 = FACE_BOUND('',#5136,.T.);
#5136 = EDGE_LOOP('',(#5137,#5138,#5139,#5140));
#5137 = ORIENTED_EDGE('',*,*,#4880,.T.);
#5138 = ORIENTED_EDGE('',*,*,#5124,.F.);
#5139 = ORIENTED_EDGE('',*,*,#5022,.F.);
#5140 = ORIENTED_EDGE('',*,*,#5058,.T.);
#5141 = PLANE('',#5142);
#5142 = AXIS2_PLACEMENT_3D('',#5143,#5144,#5145);
#5143 = CARTESIAN_POINT('',(2.325,-3.,-1.8));
#5144 = DIRECTION('',(1.,-0.,0.));
#5145 = DIRECTION('',(0.,0.,-1.));
#5146 = ( GEOMETRIC_REPRESENTATION_CONTEXT(3) 
GLOBAL_UNCERTAINTY_ASSIGNED_CONTEXT((#5150)) 
GLOBAL_UNIT_ASSIGNED_CONTEXT((#5147,#5148,#5149)) REPRESENTATION_CONTEXT
('Context #1','3D Context with UNIT and UNCERTAINTY') );
#5147 = ( LENGTH_UNIT() NAMED_UNIT(*) SI_UNIT(.MILLI.,.METRE.) );
#5148 = ( NAMED_UNIT(*) PLANE_ANGLE_UNIT() SI_UNIT($,.RADIAN.) );
#5149 = ( NAMED_UNIT(*) SI_UNIT($,.STERADIAN.) SOLID_ANGLE_UNIT() );
#5150 = UNCERTAINTY_MEASURE_WITH_UNIT(LENGTH_MEASURE(1.E-07),#5147,
  'distance_accuracy_value','confusion accuracy');
#5151 = CONTEXT_DEPENDENT_SHAPE_REPRESENTATION(#5152,#5154);
#5152 = ( REPRESENTATION_RELATIONSHIP('','',#4863,#32) 
REPRESENTATION_RELATIONSHIP_WITH_TRANSFORMATION(#5153) 
SHAPE_REPRESENTATION_RELATIONSHIP() );
#5153 = ITEM_DEFINED_TRANSFORMATION('','',#11,#57);
#5154 = PRODUCT_DEFINITION_SHAPE('Placement','Placement of an item',
  #5155);
#5155 = NEXT_ASSEMBLY_USAGE_OCCURRENCE('7','JS202011CQN006','',#27,#4858
  ,$);
#5156 = PRODUCT_RELATED_PRODUCT_CATEGORY('part',$,(#4860));
#5157 = SHAPE_DEFINITION_REPRESENTATION(#5158,#5164);
#5158 = PRODUCT_DEFINITION_SHAPE('','',#5159);
#5159 = PRODUCT_DEFINITION('design','',#5160,#5163);
#5160 = PRODUCT_DEFINITION_FORMATION('','',#5161);
#5161 = PRODUCT('JS202011CQN007','JS202011CQN007','',(#5162));
#5162 = PRODUCT_CONTEXT('',#2,'mechanical');
#5163 = PRODUCT_DEFINITION_CONTEXT('part definition',#2,'design');
#5164 = ADVANCED_BREP_SHAPE_REPRESENTATION('',(#11,#5165),#6637);
#5165 = MANIFOLD_SOLID_BREP('',#5166);
#5166 = CLOSED_SHELL('',(#5167,#5209,#5251,#5291,#5322,#5353,#5384,#5413
    ,#5508,#5546,#5577,#5608,#5639,#5670,#5701,#5730,#5825,#5863,#5885,
    #5943,#5974,#5998,#6022,#6039,#6079,#6104,#6129,#6210,#6227,#6244,
    #6261,#6278,#6295,#6312,#6329,#6346,#6358,#6383,#6408,#6489,#6511,
    #6528,#6545,#6562,#6574,#6591,#6608,#6625));
#5167 = ADVANCED_FACE('',(#5168),#5204,.T.);
#5168 = FACE_BOUND('',#5169,.T.);
#5169 = EDGE_LOOP('',(#5170,#5180,#5189,#5197));
#5170 = ORIENTED_EDGE('',*,*,#5171,.F.);
#5171 = EDGE_CURVE('',#5172,#5174,#5176,.T.);
#5172 = VERTEX_POINT('',#5173);
#5173 = CARTESIAN_POINT('',(-4.25,3.5,-1.));
#5174 = VERTEX_POINT('',#5175);
#5175 = CARTESIAN_POINT('',(-4.25,3.5,1.));
#5176 = LINE('',#5177,#5178);
#5177 = CARTESIAN_POINT('',(-4.25,3.5,1.22));
#5178 = VECTOR('',#5179,1.);
#5179 = DIRECTION('',(0.,0.,1.));
#5180 = ORIENTED_EDGE('',*,*,#5181,.F.);
#5181 = EDGE_CURVE('',#5182,#5172,#5184,.T.);
#5182 = VERTEX_POINT('',#5183);
#5183 = CARTESIAN_POINT('',(-4.5,3.25,-1.));
#5184 = CIRCLE('',#5185,0.25);
#5185 = AXIS2_PLACEMENT_3D('',#5186,#5187,#5188);
#5186 = CARTESIAN_POINT('',(-4.25,3.25,-1.));
#5187 = DIRECTION('',(0.,1.885568995627E-16,-1.));
#5188 = DIRECTION('',(0.,1.,1.885568995627E-16));
#5189 = ORIENTED_EDGE('',*,*,#5190,.F.);
#5190 = EDGE_CURVE('',#5191,#5182,#5193,.T.);
#5191 = VERTEX_POINT('',#5192);
#5192 = CARTESIAN_POINT('',(-4.5,3.25,1.));
#5193 = LINE('',#5194,#5195);
#5194 = CARTESIAN_POINT('',(-4.5,3.25,-1.22));
#5195 = VECTOR('',#5196,1.);
#5196 = DIRECTION('',(-0.,0.,-1.));
#5197 = ORIENTED_EDGE('',*,*,#5198,.F.);
#5198 = EDGE_CURVE('',#5174,#5191,#5199,.T.);
#5199 = CIRCLE('',#5200,0.25);
#5200 = AXIS2_PLACEMENT_3D('',#5201,#5202,#5203);
#5201 = CARTESIAN_POINT('',(-4.25,3.25,1.));
#5202 = DIRECTION('',(0.,-1.885568995627E-16,1.));
#5203 = DIRECTION('',(-0.,-1.,-1.885568995627E-16));
#5204 = CYLINDRICAL_SURFACE('',#5205,0.25);
#5205 = AXIS2_PLACEMENT_3D('',#5206,#5207,#5208);
#5206 = CARTESIAN_POINT('',(-4.25,3.25,0.));
#5207 = DIRECTION('',(0.,0.,-1.));
#5208 = DIRECTION('',(-1.,0.,0.));
#5209 = ADVANCED_FACE('',(#5210),#5246,.T.);
#5210 = FACE_BOUND('',#5211,.T.);
#5211 = EDGE_LOOP('',(#5212,#5223,#5231,#5240));
#5212 = ORIENTED_EDGE('',*,*,#5213,.F.);
#5213 = EDGE_CURVE('',#5214,#5216,#5218,.T.);
#5214 = VERTEX_POINT('',#5215);
#5215 = CARTESIAN_POINT('',(4.25,3.5,-1.));
#5216 = VERTEX_POINT('',#5217);
#5217 = CARTESIAN_POINT('',(4.5,3.25,-1.));
#5218 = CIRCLE('',#5219,0.25);
#5219 = AXIS2_PLACEMENT_3D('',#5220,#5221,#5222);
#5220 = CARTESIAN_POINT('',(4.25,3.25,-1.));
#5221 = DIRECTION('',(0.,1.885568995627E-16,-1.));
#5222 = DIRECTION('',(0.,1.,1.885568995627E-16));
#5223 = ORIENTED_EDGE('',*,*,#5224,.F.);
#5224 = EDGE_CURVE('',#5225,#5214,#5227,.T.);
#5225 = VERTEX_POINT('',#5226);
#5226 = CARTESIAN_POINT('',(4.25,3.5,1.));
#5227 = LINE('',#5228,#5229);
#5228 = CARTESIAN_POINT('',(4.25,3.5,-1.22));
#5229 = VECTOR('',#5230,1.);
#5230 = DIRECTION('',(0.,0.,-1.));
#5231 = ORIENTED_EDGE('',*,*,#5232,.F.);
#5232 = EDGE_CURVE('',#5233,#5225,#5235,.T.);
#5233 = VERTEX_POINT('',#5234);
#5234 = CARTESIAN_POINT('',(4.5,3.25,1.));
#5235 = CIRCLE('',#5236,0.25);
#5236 = AXIS2_PLACEMENT_3D('',#5237,#5238,#5239);
#5237 = CARTESIAN_POINT('',(4.25,3.25,1.));
#5238 = DIRECTION('',(0.,-1.885568995627E-16,1.));
#5239 = DIRECTION('',(-0.,-1.,-1.885568995627E-16));
#5240 = ORIENTED_EDGE('',*,*,#5241,.F.);
#5241 = EDGE_CURVE('',#5216,#5233,#5242,.T.);
#5242 = LINE('',#5243,#5244);
#5243 = CARTESIAN_POINT('',(4.5,3.25,1.22));
#5244 = VECTOR('',#5245,1.);
#5245 = DIRECTION('',(-0.,-0.,1.));
#5246 = CYLINDRICAL_SURFACE('',#5247,0.25);
#5247 = AXIS2_PLACEMENT_3D('',#5248,#5249,#5250);
#5248 = CARTESIAN_POINT('',(4.25,3.25,0.));
#5249 = DIRECTION('',(0.,0.,1.));
#5250 = DIRECTION('',(1.,0.,-0.));
#5251 = ADVANCED_FACE('',(#5252),#5286,.T.);
#5252 = FACE_BOUND('',#5253,.T.);
#5253 = EDGE_LOOP('',(#5254,#5264,#5272,#5280));
#5254 = ORIENTED_EDGE('',*,*,#5255,.F.);
#5255 = EDGE_CURVE('',#5256,#5258,#5260,.T.);
#5256 = VERTEX_POINT('',#5257);
#5257 = CARTESIAN_POINT('',(-2.94,3.3,1.8));
#5258 = VERTEX_POINT('',#5259);
#5259 = CARTESIAN_POINT('',(-2.94,3.3,1.55));
#5260 = LINE('',#5261,#5262);
#5261 = CARTESIAN_POINT('',(-2.94,3.3,1.8));
#5262 = VECTOR('',#5263,1.);
#5263 = DIRECTION('',(0.,0.,-1.));
#5264 = ORIENTED_EDGE('',*,*,#5265,.T.);
#5265 = EDGE_CURVE('',#5256,#5266,#5268,.T.);
#5266 = VERTEX_POINT('',#5267);
#5267 = CARTESIAN_POINT('',(-2.94,3.5,1.8));
#5268 = LINE('',#5269,#5270);
#5269 = CARTESIAN_POINT('',(-2.94,-6.393296652842,1.8));
#5270 = VECTOR('',#5271,1.);
#5271 = DIRECTION('',(0.,1.,0.));
#5272 = ORIENTED_EDGE('',*,*,#5273,.F.);
#5273 = EDGE_CURVE('',#5274,#5266,#5276,.T.);
#5274 = VERTEX_POINT('',#5275);
#5275 = CARTESIAN_POINT('',(-2.94,3.5,1.55));
#5276 = LINE('',#5277,#5278);
#5277 = CARTESIAN_POINT('',(-2.94,3.5,1.8));
#5278 = VECTOR('',#5279,1.);
#5279 = DIRECTION('',(-0.,-0.,1.));
#5280 = ORIENTED_EDGE('',*,*,#5281,.F.);
#5281 = EDGE_CURVE('',#5258,#5274,#5282,.T.);
#5282 = LINE('',#5283,#5284);
#5283 = CARTESIAN_POINT('',(-2.94,-6.393296652842,1.55));
#5284 = VECTOR('',#5285,1.);
#5285 = DIRECTION('',(0.,1.,0.));
#5286 = PLANE('',#5287);
#5287 = AXIS2_PLACEMENT_3D('',#5288,#5289,#5290);
#5288 = CARTESIAN_POINT('',(-2.94,-6.393296652842,1.8));
#5289 = DIRECTION('',(-1.,0.,0.));
#5290 = DIRECTION('',(0.,0.,1.));
#5291 = ADVANCED_FACE('',(#5292),#5317,.T.);
#5292 = FACE_BOUND('',#5293,.T.);
#5293 = EDGE_LOOP('',(#5294,#5302,#5310,#5316));
#5294 = ORIENTED_EDGE('',*,*,#5295,.F.);
#5295 = EDGE_CURVE('',#5296,#5256,#5298,.T.);
#5296 = VERTEX_POINT('',#5297);
#5297 = CARTESIAN_POINT('',(2.94,3.3,1.8));
#5298 = LINE('',#5299,#5300);
#5299 = CARTESIAN_POINT('',(2.94,3.3,1.8));
#5300 = VECTOR('',#5301,1.);
#5301 = DIRECTION('',(-1.,0.,0.));
#5302 = ORIENTED_EDGE('',*,*,#5303,.T.);
#5303 = EDGE_CURVE('',#5296,#5304,#5306,.T.);
#5304 = VERTEX_POINT('',#5305);
#5305 = CARTESIAN_POINT('',(2.94,3.5,1.8));
#5306 = LINE('',#5307,#5308);
#5307 = CARTESIAN_POINT('',(2.94,-6.393296652842,1.8));
#5308 = VECTOR('',#5309,1.);
#5309 = DIRECTION('',(0.,1.,0.));
#5310 = ORIENTED_EDGE('',*,*,#5311,.F.);
#5311 = EDGE_CURVE('',#5266,#5304,#5312,.T.);
#5312 = LINE('',#5313,#5314);
#5313 = CARTESIAN_POINT('',(2.94,3.5,1.8));
#5314 = VECTOR('',#5315,1.);
#5315 = DIRECTION('',(1.,-0.,-0.));
#5316 = ORIENTED_EDGE('',*,*,#5265,.F.);
#5317 = PLANE('',#5318);
#5318 = AXIS2_PLACEMENT_3D('',#5319,#5320,#5321);
#5319 = CARTESIAN_POINT('',(2.94,-6.393296652842,1.8));
#5320 = DIRECTION('',(0.,-0.,1.));
#5321 = DIRECTION('',(1.,0.,0.));
#5322 = ADVANCED_FACE('',(#5323),#5348,.T.);
#5323 = FACE_BOUND('',#5324,.T.);
#5324 = EDGE_LOOP('',(#5325,#5333,#5341,#5347));
#5325 = ORIENTED_EDGE('',*,*,#5326,.F.);
#5326 = EDGE_CURVE('',#5327,#5296,#5329,.T.);
#5327 = VERTEX_POINT('',#5328);
#5328 = CARTESIAN_POINT('',(2.94,3.3,1.55));
#5329 = LINE('',#5330,#5331);
#5330 = CARTESIAN_POINT('',(2.94,3.3,1.8));
#5331 = VECTOR('',#5332,1.);
#5332 = DIRECTION('',(-0.,0.,1.));
#5333 = ORIENTED_EDGE('',*,*,#5334,.T.);
#5334 = EDGE_CURVE('',#5327,#5335,#5337,.T.);
#5335 = VERTEX_POINT('',#5336);
#5336 = CARTESIAN_POINT('',(2.94,3.5,1.55));
#5337 = LINE('',#5338,#5339);
#5338 = CARTESIAN_POINT('',(2.94,-6.393296652842,1.55));
#5339 = VECTOR('',#5340,1.);
#5340 = DIRECTION('',(0.,1.,0.));
#5341 = ORIENTED_EDGE('',*,*,#5342,.F.);
#5342 = EDGE_CURVE('',#5304,#5335,#5343,.T.);
#5343 = LINE('',#5344,#5345);
#5344 = CARTESIAN_POINT('',(2.94,3.5,1.8));
#5345 = VECTOR('',#5346,1.);
#5346 = DIRECTION('',(0.,0.,-1.));
#5347 = ORIENTED_EDGE('',*,*,#5303,.F.);
#5348 = PLANE('',#5349);
#5349 = AXIS2_PLACEMENT_3D('',#5350,#5351,#5352);
#5350 = CARTESIAN_POINT('',(2.94,-6.393296652842,1.8));
#5351 = DIRECTION('',(1.,-0.,0.));
#5352 = DIRECTION('',(0.,0.,-1.));
#5353 = ADVANCED_FACE('',(#5354),#5379,.T.);
#5354 = FACE_BOUND('',#5355,.T.);
#5355 = EDGE_LOOP('',(#5356,#5364,#5372,#5378));
#5356 = ORIENTED_EDGE('',*,*,#5357,.F.);
#5357 = EDGE_CURVE('',#5358,#5327,#5360,.T.);
#5358 = VERTEX_POINT('',#5359);
#5359 = CARTESIAN_POINT('',(4.25,3.3,1.55));
#5360 = LINE('',#5361,#5362);
#5361 = CARTESIAN_POINT('',(2.94,3.3,1.55));
#5362 = VECTOR('',#5363,1.);
#5363 = DIRECTION('',(-1.,0.,-1.655270492344E-16));
#5364 = ORIENTED_EDGE('',*,*,#5365,.T.);
#5365 = EDGE_CURVE('',#5358,#5366,#5368,.T.);
#5366 = VERTEX_POINT('',#5367);
#5367 = CARTESIAN_POINT('',(4.25,3.5,1.55));
#5368 = LINE('',#5369,#5370);
#5369 = CARTESIAN_POINT('',(4.25,-6.393296652842,1.55));
#5370 = VECTOR('',#5371,1.);
#5371 = DIRECTION('',(0.,1.,0.));
#5372 = ORIENTED_EDGE('',*,*,#5373,.F.);
#5373 = EDGE_CURVE('',#5335,#5366,#5374,.T.);
#5374 = LINE('',#5375,#5376);
#5375 = CARTESIAN_POINT('',(2.94,3.5,1.55));
#5376 = VECTOR('',#5377,1.);
#5377 = DIRECTION('',(1.,0.,1.655270492344E-16));
#5378 = ORIENTED_EDGE('',*,*,#5334,.F.);
#5379 = PLANE('',#5380);
#5380 = AXIS2_PLACEMENT_3D('',#5381,#5382,#5383);
#5381 = CARTESIAN_POINT('',(2.94,-6.393296652842,1.55));
#5382 = DIRECTION('',(-1.655270492344E-16,0.,1.));
#5383 = DIRECTION('',(1.,0.,1.655270492344E-16));
#5384 = ADVANCED_FACE('',(#5385),#5408,.T.);
#5385 = FACE_BOUND('',#5386,.T.);
#5386 = EDGE_LOOP('',(#5387,#5395,#5401,#5407));
#5387 = ORIENTED_EDGE('',*,*,#5388,.F.);
#5388 = EDGE_CURVE('',#5389,#5358,#5391,.T.);
#5389 = VERTEX_POINT('',#5390);
#5390 = CARTESIAN_POINT('',(4.25,3.3,1.));
#5391 = LINE('',#5392,#5393);
#5392 = CARTESIAN_POINT('',(4.25,3.3,1.55));
#5393 = VECTOR('',#5394,1.);
#5394 = DIRECTION('',(-0.,0.,1.));
#5395 = ORIENTED_EDGE('',*,*,#5396,.T.);
#5396 = EDGE_CURVE('',#5389,#5225,#5397,.T.);
#5397 = LINE('',#5398,#5399);
#5398 = CARTESIAN_POINT('',(4.25,3.5,1.));
#5399 = VECTOR('',#5400,1.);
#5400 = DIRECTION('',(0.,1.,1.885568995627E-16));
#5401 = ORIENTED_EDGE('',*,*,#5402,.F.);
#5402 = EDGE_CURVE('',#5366,#5225,#5403,.T.);
#5403 = LINE('',#5404,#5405);
#5404 = CARTESIAN_POINT('',(4.25,3.5,1.55));
#5405 = VECTOR('',#5406,1.);
#5406 = DIRECTION('',(0.,0.,-1.));
#5407 = ORIENTED_EDGE('',*,*,#5365,.F.);
#5408 = PLANE('',#5409);
#5409 = AXIS2_PLACEMENT_3D('',#5410,#5411,#5412);
#5410 = CARTESIAN_POINT('',(4.25,-6.393296652842,1.55));
#5411 = DIRECTION('',(1.,-0.,0.));
#5412 = DIRECTION('',(0.,0.,-1.));
#5413 = ADVANCED_FACE('',(#5414),#5503,.T.);
#5414 = FACE_BOUND('',#5415,.T.);
#5415 = EDGE_LOOP('',(#5416,#5424,#5425,#5433,#5441,#5449,#5457,#5465,
    #5473,#5481,#5489,#5497));
#5416 = ORIENTED_EDGE('',*,*,#5417,.T.);
#5417 = EDGE_CURVE('',#5418,#5216,#5420,.T.);
#5418 = VERTEX_POINT('',#5419);
#5419 = CARTESIAN_POINT('',(4.5,2.35,-1.));
#5420 = LINE('',#5421,#5422);
#5421 = CARTESIAN_POINT('',(4.5,3.5,-1.));
#5422 = VECTOR('',#5423,1.);
#5423 = DIRECTION('',(-0.,1.,1.885568995627E-16));
#5424 = ORIENTED_EDGE('',*,*,#5241,.T.);
#5425 = ORIENTED_EDGE('',*,*,#5426,.T.);
#5426 = EDGE_CURVE('',#5233,#5427,#5429,.T.);
#5427 = VERTEX_POINT('',#5428);
#5428 = CARTESIAN_POINT('',(4.5,2.35,1.));
#5429 = LINE('',#5430,#5431);
#5430 = CARTESIAN_POINT('',(4.5,3.5,1.));
#5431 = VECTOR('',#5432,1.);
#5432 = DIRECTION('',(0.,-1.,-1.885568995627E-16));
#5433 = ORIENTED_EDGE('',*,*,#5434,.T.);
#5434 = EDGE_CURVE('',#5427,#5435,#5437,.T.);
#5435 = VERTEX_POINT('',#5436);
#5436 = CARTESIAN_POINT('',(4.5,2.35,1.68));
#5437 = LINE('',#5438,#5439);
#5438 = CARTESIAN_POINT('',(4.5,2.35,1.));
#5439 = VECTOR('',#5440,1.);
#5440 = DIRECTION('',(0.,0.,1.));
#5441 = ORIENTED_EDGE('',*,*,#5442,.T.);
#5442 = EDGE_CURVE('',#5435,#5443,#5445,.T.);
#5443 = VERTEX_POINT('',#5444);
#5444 = CARTESIAN_POINT('',(4.5,1.6,1.68));
#5445 = LINE('',#5446,#5447);
#5446 = CARTESIAN_POINT('',(4.5,2.35,1.68));
#5447 = VECTOR('',#5448,1.);
#5448 = DIRECTION('',(0.,-1.,0.));
#5449 = ORIENTED_EDGE('',*,*,#5450,.T.);
#5450 = EDGE_CURVE('',#5443,#5451,#5453,.T.);
#5451 = VERTEX_POINT('',#5452);
#5452 = CARTESIAN_POINT('',(4.5,1.6,0.74));
#5453 = LINE('',#5454,#5455);
#5454 = CARTESIAN_POINT('',(4.5,1.6,1.68));
#5455 = VECTOR('',#5456,1.);
#5456 = DIRECTION('',(0.,2.306813132948E-16,-1.));
#5457 = ORIENTED_EDGE('',*,*,#5458,.T.);
#5458 = EDGE_CURVE('',#5451,#5459,#5461,.T.);
#5459 = VERTEX_POINT('',#5460);
#5460 = CARTESIAN_POINT('',(4.5,1.84,0.538616088517));
#5461 = LINE('',#5462,#5463);
#5462 = CARTESIAN_POINT('',(4.5,1.6,0.74));
#5463 = VECTOR('',#5464,1.);
#5464 = DIRECTION('',(0.,0.766044443119,-0.642787609687));
#5465 = ORIENTED_EDGE('',*,*,#5466,.T.);
#5466 = EDGE_CURVE('',#5459,#5467,#5469,.T.);
#5467 = VERTEX_POINT('',#5468);
#5468 = CARTESIAN_POINT('',(4.5,1.84,-0.538616088517));
#5469 = LINE('',#5470,#5471);
#5470 = CARTESIAN_POINT('',(4.5,1.84,-0.538616088517));
#5471 = VECTOR('',#5472,1.);
#5472 = DIRECTION('',(-0.,-8.051762252181E-16,-1.));
#5473 = ORIENTED_EDGE('',*,*,#5474,.T.);
#5474 = EDGE_CURVE('',#5467,#5475,#5477,.T.);
#5475 = VERTEX_POINT('',#5476);
#5476 = CARTESIAN_POINT('',(4.5,1.6,-0.74));
#5477 = LINE('',#5478,#5479);
#5478 = CARTESIAN_POINT('',(4.5,1.6,-0.74));
#5479 = VECTOR('',#5480,1.);
#5480 = DIRECTION('',(-0.,-0.766044443119,-0.642787609687));
#5481 = ORIENTED_EDGE('',*,*,#5482,.T.);
#5482 = EDGE_CURVE('',#5475,#5483,#5485,.T.);
#5483 = VERTEX_POINT('',#5484);
#5484 = CARTESIAN_POINT('',(4.5,1.6,-1.68));
#5485 = LINE('',#5486,#5487);
#5486 = CARTESIAN_POINT('',(4.5,1.6,-1.68));
#5487 = VECTOR('',#5488,1.);
#5488 = DIRECTION('',(-0.,2.306813132948E-16,-1.));
#5489 = ORIENTED_EDGE('',*,*,#5490,.T.);
#5490 = EDGE_CURVE('',#5483,#5491,#5493,.T.);
#5491 = VERTEX_POINT('',#5492);
#5492 = CARTESIAN_POINT('',(4.5,2.35,-1.68));
#5493 = LINE('',#5494,#5495);
#5494 = CARTESIAN_POINT('',(4.5,2.35,-1.68));
#5495 = VECTOR('',#5496,1.);
#5496 = DIRECTION('',(-0.,1.,-0.));
#5497 = ORIENTED_EDGE('',*,*,#5498,.T.);
#5498 = EDGE_CURVE('',#5491,#5418,#5499,.T.);
#5499 = LINE('',#5500,#5501);
#5500 = CARTESIAN_POINT('',(4.5,2.35,-1.));
#5501 = VECTOR('',#5502,1.);
#5502 = DIRECTION('',(-0.,-0.,1.));
#5503 = PLANE('',#5504);
#5504 = AXIS2_PLACEMENT_3D('',#5505,#5506,#5507);
#5505 = CARTESIAN_POINT('',(4.5,-6.393296652842,1.22));
#5506 = DIRECTION('',(1.,-0.,0.));
#5507 = DIRECTION('',(0.,0.,-1.));
#5508 = ADVANCED_FACE('',(#5509),#5541,.T.);
#5509 = FACE_BOUND('',#5510,.T.);
#5510 = EDGE_LOOP('',(#5511,#5521,#5529,#5535));
#5511 = ORIENTED_EDGE('',*,*,#5512,.F.);
#5512 = EDGE_CURVE('',#5513,#5515,#5517,.T.);
#5513 = VERTEX_POINT('',#5514);
#5514 = CARTESIAN_POINT('',(4.25,3.3,-1.55));
#5515 = VERTEX_POINT('',#5516);
#5516 = CARTESIAN_POINT('',(4.25,3.3,-1.));
#5517 = LINE('',#5518,#5519);
#5518 = CARTESIAN_POINT('',(4.25,3.3,-1.55));
#5519 = VECTOR('',#5520,1.);
#5520 = DIRECTION('',(0.,0.,1.));
#5521 = ORIENTED_EDGE('',*,*,#5522,.T.);
#5522 = EDGE_CURVE('',#5513,#5523,#5525,.T.);
#5523 = VERTEX_POINT('',#5524);
#5524 = CARTESIAN_POINT('',(4.25,3.5,-1.55));
#5525 = LINE('',#5526,#5527);
#5526 = CARTESIAN_POINT('',(4.25,-6.393296652842,-1.55));
#5527 = VECTOR('',#5528,1.);
#5528 = DIRECTION('',(0.,1.,0.));
#5529 = ORIENTED_EDGE('',*,*,#5530,.F.);
#5530 = EDGE_CURVE('',#5214,#5523,#5531,.T.);
#5531 = LINE('',#5532,#5533);
#5532 = CARTESIAN_POINT('',(4.25,3.5,-1.55));
#5533 = VECTOR('',#5534,1.);
#5534 = DIRECTION('',(-0.,-0.,-1.));
#5535 = ORIENTED_EDGE('',*,*,#5536,.T.);
#5536 = EDGE_CURVE('',#5214,#5515,#5537,.T.);
#5537 = LINE('',#5538,#5539);
#5538 = CARTESIAN_POINT('',(4.25,3.3,-1.));
#5539 = VECTOR('',#5540,1.);
#5540 = DIRECTION('',(0.,-1.,-1.885568995627E-16));
#5541 = PLANE('',#5542);
#5542 = AXIS2_PLACEMENT_3D('',#5543,#5544,#5545);
#5543 = CARTESIAN_POINT('',(4.25,-6.393296652842,-1.55));
#5544 = DIRECTION('',(1.,0.,0.));
#5545 = DIRECTION('',(0.,0.,-1.));
#5546 = ADVANCED_FACE('',(#5547),#5572,.T.);
#5547 = FACE_BOUND('',#5548,.T.);
#5548 = EDGE_LOOP('',(#5549,#5557,#5565,#5571));
#5549 = ORIENTED_EDGE('',*,*,#5550,.F.);
#5550 = EDGE_CURVE('',#5551,#5513,#5553,.T.);
#5551 = VERTEX_POINT('',#5552);
#5552 = CARTESIAN_POINT('',(2.94,3.3,-1.55));
#5553 = LINE('',#5554,#5555);
#5554 = CARTESIAN_POINT('',(2.94,3.3,-1.55));
#5555 = VECTOR('',#5556,1.);
#5556 = DIRECTION('',(1.,0.,-1.655270492344E-16));
#5557 = ORIENTED_EDGE('',*,*,#5558,.T.);
#5558 = EDGE_CURVE('',#5551,#5559,#5561,.T.);
#5559 = VERTEX_POINT('',#5560);
#5560 = CARTESIAN_POINT('',(2.94,3.5,-1.55));
#5561 = LINE('',#5562,#5563);
#5562 = CARTESIAN_POINT('',(2.94,-6.393296652842,-1.55));
#5563 = VECTOR('',#5564,1.);
#5564 = DIRECTION('',(0.,1.,0.));
#5565 = ORIENTED_EDGE('',*,*,#5566,.F.);
#5566 = EDGE_CURVE('',#5523,#5559,#5567,.T.);
#5567 = LINE('',#5568,#5569);
#5568 = CARTESIAN_POINT('',(2.94,3.5,-1.55));
#5569 = VECTOR('',#5570,1.);
#5570 = DIRECTION('',(-1.,-0.,1.655270492344E-16));
#5571 = ORIENTED_EDGE('',*,*,#5522,.F.);
#5572 = PLANE('',#5573);
#5573 = AXIS2_PLACEMENT_3D('',#5574,#5575,#5576);
#5574 = CARTESIAN_POINT('',(2.94,-6.393296652842,-1.55));
#5575 = DIRECTION('',(-1.655270492344E-16,0.,-1.));
#5576 = DIRECTION('',(-1.,0.,1.655270492344E-16));
#5577 = ADVANCED_FACE('',(#5578),#5603,.T.);
#5578 = FACE_BOUND('',#5579,.T.);
#5579 = EDGE_LOOP('',(#5580,#5588,#5596,#5602));
#5580 = ORIENTED_EDGE('',*,*,#5581,.F.);
#5581 = EDGE_CURVE('',#5582,#5551,#5584,.T.);
#5582 = VERTEX_POINT('',#5583);
#5583 = CARTESIAN_POINT('',(2.94,3.3,-1.8));
#5584 = LINE('',#5585,#5586);
#5585 = CARTESIAN_POINT('',(2.94,3.3,-1.8));
#5586 = VECTOR('',#5587,1.);
#5587 = DIRECTION('',(0.,0.,1.));
#5588 = ORIENTED_EDGE('',*,*,#5589,.T.);
#5589 = EDGE_CURVE('',#5582,#5590,#5592,.T.);
#5590 = VERTEX_POINT('',#5591);
#5591 = CARTESIAN_POINT('',(2.94,3.5,-1.8));
#5592 = LINE('',#5593,#5594);
#5593 = CARTESIAN_POINT('',(2.94,-6.393296652842,-1.8));
#5594 = VECTOR('',#5595,1.);
#5595 = DIRECTION('',(0.,1.,0.));
#5596 = ORIENTED_EDGE('',*,*,#5597,.F.);
#5597 = EDGE_CURVE('',#5559,#5590,#5598,.T.);
#5598 = LINE('',#5599,#5600);
#5599 = CARTESIAN_POINT('',(2.94,3.5,-1.8));
#5600 = VECTOR('',#5601,1.);
#5601 = DIRECTION('',(-0.,-0.,-1.));
#5602 = ORIENTED_EDGE('',*,*,#5558,.F.);
#5603 = PLANE('',#5604);
#5604 = AXIS2_PLACEMENT_3D('',#5605,#5606,#5607);
#5605 = CARTESIAN_POINT('',(2.94,-6.393296652842,-1.8));
#5606 = DIRECTION('',(1.,0.,0.));
#5607 = DIRECTION('',(0.,0.,-1.));
#5608 = ADVANCED_FACE('',(#5609),#5634,.T.);
#5609 = FACE_BOUND('',#5610,.T.);
#5610 = EDGE_LOOP('',(#5611,#5619,#5627,#5633));
#5611 = ORIENTED_EDGE('',*,*,#5612,.F.);
#5612 = EDGE_CURVE('',#5613,#5582,#5615,.T.);
#5613 = VERTEX_POINT('',#5614);
#5614 = CARTESIAN_POINT('',(-2.94,3.3,-1.8));
#5615 = LINE('',#5616,#5617);
#5616 = CARTESIAN_POINT('',(2.94,3.3,-1.8));
#5617 = VECTOR('',#5618,1.);
#5618 = DIRECTION('',(1.,-0.,0.));
#5619 = ORIENTED_EDGE('',*,*,#5620,.T.);
#5620 = EDGE_CURVE('',#5613,#5621,#5623,.T.);
#5621 = VERTEX_POINT('',#5622);
#5622 = CARTESIAN_POINT('',(-2.94,3.5,-1.8));
#5623 = LINE('',#5624,#5625);
#5624 = CARTESIAN_POINT('',(-2.94,-6.393296652842,-1.8));
#5625 = VECTOR('',#5626,1.);
#5626 = DIRECTION('',(0.,1.,0.));
#5627 = ORIENTED_EDGE('',*,*,#5628,.F.);
#5628 = EDGE_CURVE('',#5590,#5621,#5629,.T.);
#5629 = LINE('',#5630,#5631);
#5630 = CARTESIAN_POINT('',(2.94,3.5,-1.8));
#5631 = VECTOR('',#5632,1.);
#5632 = DIRECTION('',(-1.,0.,0.));
#5633 = ORIENTED_EDGE('',*,*,#5589,.F.);
#5634 = PLANE('',#5635);
#5635 = AXIS2_PLACEMENT_3D('',#5636,#5637,#5638);
#5636 = CARTESIAN_POINT('',(2.94,-6.393296652842,-1.8));
#5637 = DIRECTION('',(0.,0.,-1.));
#5638 = DIRECTION('',(-1.,0.,-0.));
#5639 = ADVANCED_FACE('',(#5640),#5665,.T.);
#5640 = FACE_BOUND('',#5641,.T.);
#5641 = EDGE_LOOP('',(#5642,#5650,#5658,#5664));
#5642 = ORIENTED_EDGE('',*,*,#5643,.F.);
#5643 = EDGE_CURVE('',#5644,#5613,#5646,.T.);
#5644 = VERTEX_POINT('',#5645);
#5645 = CARTESIAN_POINT('',(-2.94,3.3,-1.55));
#5646 = LINE('',#5647,#5648);
#5647 = CARTESIAN_POINT('',(-2.94,3.3,-1.8));
#5648 = VECTOR('',#5649,1.);
#5649 = DIRECTION('',(0.,0.,-1.));
#5650 = ORIENTED_EDGE('',*,*,#5651,.T.);
#5651 = EDGE_CURVE('',#5644,#5652,#5654,.T.);
#5652 = VERTEX_POINT('',#5653);
#5653 = CARTESIAN_POINT('',(-2.94,3.5,-1.55));
#5654 = LINE('',#5655,#5656);
#5655 = CARTESIAN_POINT('',(-2.94,-6.393296652842,-1.55));
#5656 = VECTOR('',#5657,1.);
#5657 = DIRECTION('',(0.,1.,0.));
#5658 = ORIENTED_EDGE('',*,*,#5659,.F.);
#5659 = EDGE_CURVE('',#5621,#5652,#5660,.T.);
#5660 = LINE('',#5661,#5662);
#5661 = CARTESIAN_POINT('',(-2.94,3.5,-1.8));
#5662 = VECTOR('',#5663,1.);
#5663 = DIRECTION('',(0.,0.,1.));
#5664 = ORIENTED_EDGE('',*,*,#5620,.F.);
#5665 = PLANE('',#5666);
#5666 = AXIS2_PLACEMENT_3D('',#5667,#5668,#5669);
#5667 = CARTESIAN_POINT('',(-2.94,-6.393296652842,-1.8));
#5668 = DIRECTION('',(-1.,0.,0.));
#5669 = DIRECTION('',(0.,0.,1.));
#5670 = ADVANCED_FACE('',(#5671),#5696,.T.);
#5671 = FACE_BOUND('',#5672,.T.);
#5672 = EDGE_LOOP('',(#5673,#5681,#5689,#5695));
#5673 = ORIENTED_EDGE('',*,*,#5674,.F.);
#5674 = EDGE_CURVE('',#5675,#5644,#5677,.T.);
#5675 = VERTEX_POINT('',#5676);
#5676 = CARTESIAN_POINT('',(-4.25,3.3,-1.55));
#5677 = LINE('',#5678,#5679);
#5678 = CARTESIAN_POINT('',(-2.94,3.3,-1.55));
#5679 = VECTOR('',#5680,1.);
#5680 = DIRECTION('',(1.,-0.,1.655270492344E-16));
#5681 = ORIENTED_EDGE('',*,*,#5682,.T.);
#5682 = EDGE_CURVE('',#5675,#5683,#5685,.T.);
#5683 = VERTEX_POINT('',#5684);
#5684 = CARTESIAN_POINT('',(-4.25,3.5,-1.55));
#5685 = LINE('',#5686,#5687);
#5686 = CARTESIAN_POINT('',(-4.25,-6.393296652842,-1.55));
#5687 = VECTOR('',#5688,1.);
#5688 = DIRECTION('',(0.,1.,0.));
#5689 = ORIENTED_EDGE('',*,*,#5690,.F.);
#5690 = EDGE_CURVE('',#5652,#5683,#5691,.T.);
#5691 = LINE('',#5692,#5693);
#5692 = CARTESIAN_POINT('',(-2.94,3.5,-1.55));
#5693 = VECTOR('',#5694,1.);
#5694 = DIRECTION('',(-1.,0.,-1.655270492344E-16));
#5695 = ORIENTED_EDGE('',*,*,#5651,.F.);
#5696 = PLANE('',#5697);
#5697 = AXIS2_PLACEMENT_3D('',#5698,#5699,#5700);
#5698 = CARTESIAN_POINT('',(-2.94,-6.393296652842,-1.55));
#5699 = DIRECTION('',(1.655270492344E-16,0.,-1.));
#5700 = DIRECTION('',(-1.,0.,-1.655270492344E-16));
#5701 = ADVANCED_FACE('',(#5702),#5725,.T.);
#5702 = FACE_BOUND('',#5703,.T.);
#5703 = EDGE_LOOP('',(#5704,#5712,#5718,#5724));
#5704 = ORIENTED_EDGE('',*,*,#5705,.F.);
#5705 = EDGE_CURVE('',#5706,#5675,#5708,.T.);
#5706 = VERTEX_POINT('',#5707);
#5707 = CARTESIAN_POINT('',(-4.25,3.3,-1.));
#5708 = LINE('',#5709,#5710);
#5709 = CARTESIAN_POINT('',(-4.25,3.3,-1.55));
#5710 = VECTOR('',#5711,1.);
#5711 = DIRECTION('',(0.,0.,-1.));
#5712 = ORIENTED_EDGE('',*,*,#5713,.T.);
#5713 = EDGE_CURVE('',#5706,#5172,#5714,.T.);
#5714 = LINE('',#5715,#5716);
#5715 = CARTESIAN_POINT('',(-4.25,3.5,-1.));
#5716 = VECTOR('',#5717,1.);
#5717 = DIRECTION('',(0.,1.,1.885568995627E-16));
#5718 = ORIENTED_EDGE('',*,*,#5719,.F.);
#5719 = EDGE_CURVE('',#5683,#5172,#5720,.T.);
#5720 = LINE('',#5721,#5722);
#5721 = CARTESIAN_POINT('',(-4.25,3.5,-1.55));
#5722 = VECTOR('',#5723,1.);
#5723 = DIRECTION('',(0.,0.,1.));
#5724 = ORIENTED_EDGE('',*,*,#5682,.F.);
#5725 = PLANE('',#5726);
#5726 = AXIS2_PLACEMENT_3D('',#5727,#5728,#5729);
#5727 = CARTESIAN_POINT('',(-4.25,-6.393296652842,-1.55));
#5728 = DIRECTION('',(-1.,0.,0.));
#5729 = DIRECTION('',(0.,0.,1.));
#5730 = ADVANCED_FACE('',(#5731),#5820,.T.);
#5731 = FACE_BOUND('',#5732,.T.);
#5732 = EDGE_LOOP('',(#5733,#5741,#5742,#5750,#5758,#5766,#5774,#5782,
    #5790,#5798,#5806,#5814));
#5733 = ORIENTED_EDGE('',*,*,#5734,.T.);
#5734 = EDGE_CURVE('',#5735,#5191,#5737,.T.);
#5735 = VERTEX_POINT('',#5736);
#5736 = CARTESIAN_POINT('',(-4.5,2.35,1.));
#5737 = LINE('',#5738,#5739);
#5738 = CARTESIAN_POINT('',(-4.5,2.3,1.));
#5739 = VECTOR('',#5740,1.);
#5740 = DIRECTION('',(0.,1.,1.885568995627E-16));
#5741 = ORIENTED_EDGE('',*,*,#5190,.T.);
#5742 = ORIENTED_EDGE('',*,*,#5743,.T.);
#5743 = EDGE_CURVE('',#5182,#5744,#5746,.T.);
#5744 = VERTEX_POINT('',#5745);
#5745 = CARTESIAN_POINT('',(-4.5,2.35,-1.));
#5746 = LINE('',#5747,#5748);
#5747 = CARTESIAN_POINT('',(-4.5,2.3,-1.));
#5748 = VECTOR('',#5749,1.);
#5749 = DIRECTION('',(0.,-1.,-1.885568995627E-16));
#5750 = ORIENTED_EDGE('',*,*,#5751,.T.);
#5751 = EDGE_CURVE('',#5744,#5752,#5754,.T.);
#5752 = VERTEX_POINT('',#5753);
#5753 = CARTESIAN_POINT('',(-4.5,2.35,-1.68));
#5754 = LINE('',#5755,#5756);
#5755 = CARTESIAN_POINT('',(-4.5,2.35,-1.8));
#5756 = VECTOR('',#5757,1.);
#5757 = DIRECTION('',(0.,0.,-1.));
#5758 = ORIENTED_EDGE('',*,*,#5759,.T.);
#5759 = EDGE_CURVE('',#5752,#5760,#5762,.T.);
#5760 = VERTEX_POINT('',#5761);
#5761 = CARTESIAN_POINT('',(-4.5,1.6,-1.68));
#5762 = LINE('',#5763,#5764);
#5763 = CARTESIAN_POINT('',(-4.5,2.3,-1.68));
#5764 = VECTOR('',#5765,1.);
#5765 = DIRECTION('',(0.,-1.,0.));
#5766 = ORIENTED_EDGE('',*,*,#5767,.T.);
#5767 = EDGE_CURVE('',#5760,#5768,#5770,.T.);
#5768 = VERTEX_POINT('',#5769);
#5769 = CARTESIAN_POINT('',(-4.5,1.6,-0.74));
#5770 = LINE('',#5771,#5772);
#5771 = CARTESIAN_POINT('',(-4.5,1.6,-1.8));
#5772 = VECTOR('',#5773,1.);
#5773 = DIRECTION('',(0.,-2.306813132948E-16,1.));
#5774 = ORIENTED_EDGE('',*,*,#5775,.T.);
#5775 = EDGE_CURVE('',#5768,#5776,#5778,.T.);
#5776 = VERTEX_POINT('',#5777);
#5777 = CARTESIAN_POINT('',(-4.5,1.84,-0.538616088517));
#5778 = LINE('',#5779,#5780);
#5779 = CARTESIAN_POINT('',(-4.5,1.488828753087,-0.833283752282));
#5780 = VECTOR('',#5781,1.);
#5781 = DIRECTION('',(0.,0.766044443119,0.642787609687));
#5782 = ORIENTED_EDGE('',*,*,#5783,.T.);
#5783 = EDGE_CURVE('',#5776,#5784,#5786,.T.);
#5784 = VERTEX_POINT('',#5785);
#5785 = CARTESIAN_POINT('',(-4.5,1.84,0.538616088517));
#5786 = LINE('',#5787,#5788);
#5787 = CARTESIAN_POINT('',(-4.5,1.84,-1.8));
#5788 = VECTOR('',#5789,1.);
#5789 = DIRECTION('',(0.,8.051762252181E-16,1.));
#5790 = ORIENTED_EDGE('',*,*,#5791,.T.);
#5791 = EDGE_CURVE('',#5784,#5792,#5794,.T.);
#5792 = VERTEX_POINT('',#5793);
#5793 = CARTESIAN_POINT('',(-4.5,1.6,0.74));
#5794 = LINE('',#5795,#5796);
#5795 = CARTESIAN_POINT('',(-4.5,3.261482708509,-0.654149527917));
#5796 = VECTOR('',#5797,1.);
#5797 = DIRECTION('',(0.,-0.766044443119,0.642787609687));
#5798 = ORIENTED_EDGE('',*,*,#5799,.T.);
#5799 = EDGE_CURVE('',#5792,#5800,#5802,.T.);
#5800 = VERTEX_POINT('',#5801);
#5801 = CARTESIAN_POINT('',(-4.5,1.6,1.68));
#5802 = LINE('',#5803,#5804);
#5803 = CARTESIAN_POINT('',(-4.5,1.6,-1.8));
#5804 = VECTOR('',#5805,1.);
#5805 = DIRECTION('',(0.,-2.306813132948E-16,1.));
#5806 = ORIENTED_EDGE('',*,*,#5807,.T.);
#5807 = EDGE_CURVE('',#5800,#5808,#5810,.T.);
#5808 = VERTEX_POINT('',#5809);
#5809 = CARTESIAN_POINT('',(-4.5,2.35,1.68));
#5810 = LINE('',#5811,#5812);
#5811 = CARTESIAN_POINT('',(-4.5,2.3,1.68));
#5812 = VECTOR('',#5813,1.);
#5813 = DIRECTION('',(0.,1.,0.));
#5814 = ORIENTED_EDGE('',*,*,#5815,.T.);
#5815 = EDGE_CURVE('',#5808,#5735,#5816,.T.);
#5816 = LINE('',#5817,#5818);
#5817 = CARTESIAN_POINT('',(-4.5,2.35,-1.8));
#5818 = VECTOR('',#5819,1.);
#5819 = DIRECTION('',(0.,0.,-1.));
#5820 = PLANE('',#5821);
#5821 = AXIS2_PLACEMENT_3D('',#5822,#5823,#5824);
#5822 = CARTESIAN_POINT('',(-4.5,-6.393296652842,1.22));
#5823 = DIRECTION('',(-1.,0.,0.));
#5824 = DIRECTION('',(0.,0.,1.));
#5825 = ADVANCED_FACE('',(#5826),#5858,.T.);
#5826 = FACE_BOUND('',#5827,.T.);
#5827 = EDGE_LOOP('',(#5828,#5838,#5846,#5852));
#5828 = ORIENTED_EDGE('',*,*,#5829,.F.);
#5829 = EDGE_CURVE('',#5830,#5832,#5834,.T.);
#5830 = VERTEX_POINT('',#5831);
#5831 = CARTESIAN_POINT('',(-4.25,3.3,1.55));
#5832 = VERTEX_POINT('',#5833);
#5833 = CARTESIAN_POINT('',(-4.25,3.3,1.));
#5834 = LINE('',#5835,#5836);
#5835 = CARTESIAN_POINT('',(-4.25,3.3,1.55));
#5836 = VECTOR('',#5837,1.);
#5837 = DIRECTION('',(0.,0.,-1.));
#5838 = ORIENTED_EDGE('',*,*,#5839,.T.);
#5839 = EDGE_CURVE('',#5830,#5840,#5842,.T.);
#5840 = VERTEX_POINT('',#5841);
#5841 = CARTESIAN_POINT('',(-4.25,3.5,1.55));
#5842 = LINE('',#5843,#5844);
#5843 = CARTESIAN_POINT('',(-4.25,-6.393296652842,1.55));
#5844 = VECTOR('',#5845,1.);
#5845 = DIRECTION('',(0.,1.,0.));
#5846 = ORIENTED_EDGE('',*,*,#5847,.F.);
#5847 = EDGE_CURVE('',#5174,#5840,#5848,.T.);
#5848 = LINE('',#5849,#5850);
#5849 = CARTESIAN_POINT('',(-4.25,3.5,1.55));
#5850 = VECTOR('',#5851,1.);
#5851 = DIRECTION('',(-0.,-0.,1.));
#5852 = ORIENTED_EDGE('',*,*,#5853,.T.);
#5853 = EDGE_CURVE('',#5174,#5832,#5854,.T.);
#5854 = LINE('',#5855,#5856);
#5855 = CARTESIAN_POINT('',(-4.25,3.3,1.));
#5856 = VECTOR('',#5857,1.);
#5857 = DIRECTION('',(0.,-1.,-1.885568995627E-16));
#5858 = PLANE('',#5859);
#5859 = AXIS2_PLACEMENT_3D('',#5860,#5861,#5862);
#5860 = CARTESIAN_POINT('',(-4.25,-6.393296652842,1.55));
#5861 = DIRECTION('',(-1.,0.,0.));
#5862 = DIRECTION('',(0.,0.,1.));
#5863 = ADVANCED_FACE('',(#5864),#5880,.T.);
#5864 = FACE_BOUND('',#5865,.T.);
#5865 = EDGE_LOOP('',(#5866,#5872,#5873,#5879));
#5866 = ORIENTED_EDGE('',*,*,#5867,.F.);
#5867 = EDGE_CURVE('',#5258,#5830,#5868,.T.);
#5868 = LINE('',#5869,#5870);
#5869 = CARTESIAN_POINT('',(-2.94,3.3,1.55));
#5870 = VECTOR('',#5871,1.);
#5871 = DIRECTION('',(-1.,0.,1.655270492344E-16));
#5872 = ORIENTED_EDGE('',*,*,#5281,.T.);
#5873 = ORIENTED_EDGE('',*,*,#5874,.F.);
#5874 = EDGE_CURVE('',#5840,#5274,#5875,.T.);
#5875 = LINE('',#5876,#5877);
#5876 = CARTESIAN_POINT('',(-2.94,3.5,1.55));
#5877 = VECTOR('',#5878,1.);
#5878 = DIRECTION('',(1.,-0.,-1.655270492344E-16));
#5879 = ORIENTED_EDGE('',*,*,#5839,.F.);
#5880 = PLANE('',#5881);
#5881 = AXIS2_PLACEMENT_3D('',#5882,#5883,#5884);
#5882 = CARTESIAN_POINT('',(-2.94,-6.393296652842,1.55));
#5883 = DIRECTION('',(1.655270492344E-16,-0.,1.));
#5884 = DIRECTION('',(1.,0.,-1.655270492344E-16));
#5885 = ADVANCED_FACE('',(#5886,#5904),#5938,.F.);
#5886 = FACE_BOUND('',#5887,.T.);
#5887 = EDGE_LOOP('',(#5888,#5889,#5890,#5891,#5892,#5893,#5894,#5895,
    #5896,#5897,#5898,#5899,#5900,#5901,#5902,#5903));
#5888 = ORIENTED_EDGE('',*,*,#5719,.T.);
#5889 = ORIENTED_EDGE('',*,*,#5171,.T.);
#5890 = ORIENTED_EDGE('',*,*,#5847,.T.);
#5891 = ORIENTED_EDGE('',*,*,#5874,.T.);
#5892 = ORIENTED_EDGE('',*,*,#5273,.T.);
#5893 = ORIENTED_EDGE('',*,*,#5311,.T.);
#5894 = ORIENTED_EDGE('',*,*,#5342,.T.);
#5895 = ORIENTED_EDGE('',*,*,#5373,.T.);
#5896 = ORIENTED_EDGE('',*,*,#5402,.T.);
#5897 = ORIENTED_EDGE('',*,*,#5224,.T.);
#5898 = ORIENTED_EDGE('',*,*,#5530,.T.);
#5899 = ORIENTED_EDGE('',*,*,#5566,.T.);
#5900 = ORIENTED_EDGE('',*,*,#5597,.T.);
#5901 = ORIENTED_EDGE('',*,*,#5628,.T.);
#5902 = ORIENTED_EDGE('',*,*,#5659,.T.);
#5903 = ORIENTED_EDGE('',*,*,#5690,.T.);
#5904 = FACE_BOUND('',#5905,.T.);
#5905 = EDGE_LOOP('',(#5906,#5916,#5924,#5932));
#5906 = ORIENTED_EDGE('',*,*,#5907,.F.);
#5907 = EDGE_CURVE('',#5908,#5910,#5912,.T.);
#5908 = VERTEX_POINT('',#5909);
#5909 = CARTESIAN_POINT('',(1.75,3.5,-0.75));
#5910 = VERTEX_POINT('',#5911);
#5911 = CARTESIAN_POINT('',(-1.75,3.5,-0.75));
#5912 = LINE('',#5913,#5914);
#5913 = CARTESIAN_POINT('',(1.75,3.5,-0.75));
#5914 = VECTOR('',#5915,1.);
#5915 = DIRECTION('',(-1.,0.,0.));
#5916 = ORIENTED_EDGE('',*,*,#5917,.F.);
#5917 = EDGE_CURVE('',#5918,#5908,#5920,.T.);
#5918 = VERTEX_POINT('',#5919);
#5919 = CARTESIAN_POINT('',(1.75,3.5,0.75));
#5920 = LINE('',#5921,#5922);
#5921 = CARTESIAN_POINT('',(1.75,3.5,-0.75));
#5922 = VECTOR('',#5923,1.);
#5923 = DIRECTION('',(-0.,-0.,-1.));
#5924 = ORIENTED_EDGE('',*,*,#5925,.F.);
#5925 = EDGE_CURVE('',#5926,#5918,#5928,.T.);
#5926 = VERTEX_POINT('',#5927);
#5927 = CARTESIAN_POINT('',(-1.75,3.5,0.75));
#5928 = LINE('',#5929,#5930);
#5929 = CARTESIAN_POINT('',(1.75,3.5,0.75));
#5930 = VECTOR('',#5931,1.);
#5931 = DIRECTION('',(1.,-0.,-0.));
#5932 = ORIENTED_EDGE('',*,*,#5933,.F.);
#5933 = EDGE_CURVE('',#5910,#5926,#5934,.T.);
#5934 = LINE('',#5935,#5936);
#5935 = CARTESIAN_POINT('',(-1.75,3.5,-0.75));
#5936 = VECTOR('',#5937,1.);
#5937 = DIRECTION('',(0.,0.,1.));
#5938 = PLANE('',#5939);
#5939 = AXIS2_PLACEMENT_3D('',#5940,#5941,#5942);
#5940 = CARTESIAN_POINT('',(0.,3.5,0.));
#5941 = DIRECTION('',(0.,-1.,-0.));
#5942 = DIRECTION('',(0.,0.,-1.));
#5943 = ADVANCED_FACE('',(#5944),#5969,.F.);
#5944 = FACE_BOUND('',#5945,.T.);
#5945 = EDGE_LOOP('',(#5946,#5954,#5962,#5968));
#5946 = ORIENTED_EDGE('',*,*,#5947,.F.);
#5947 = EDGE_CURVE('',#5948,#5910,#5950,.T.);
#5948 = VERTEX_POINT('',#5949);
#5949 = CARTESIAN_POINT('',(-1.75,3.3,-0.75));
#5950 = LINE('',#5951,#5952);
#5951 = CARTESIAN_POINT('',(-1.75,-6.393296652842,-0.75));
#5952 = VECTOR('',#5953,1.);
#5953 = DIRECTION('',(0.,1.,0.));
#5954 = ORIENTED_EDGE('',*,*,#5955,.T.);
#5955 = EDGE_CURVE('',#5948,#5956,#5958,.T.);
#5956 = VERTEX_POINT('',#5957);
#5957 = CARTESIAN_POINT('',(1.75,3.3,-0.75));
#5958 = LINE('',#5959,#5960);
#5959 = CARTESIAN_POINT('',(1.75,3.3,-0.75));
#5960 = VECTOR('',#5961,1.);
#5961 = DIRECTION('',(1.,-0.,0.));
#5962 = ORIENTED_EDGE('',*,*,#5963,.T.);
#5963 = EDGE_CURVE('',#5956,#5908,#5964,.T.);
#5964 = LINE('',#5965,#5966);
#5965 = CARTESIAN_POINT('',(1.75,-6.393296652842,-0.75));
#5966 = VECTOR('',#5967,1.);
#5967 = DIRECTION('',(0.,1.,0.));
#5968 = ORIENTED_EDGE('',*,*,#5907,.T.);
#5969 = PLANE('',#5970);
#5970 = AXIS2_PLACEMENT_3D('',#5971,#5972,#5973);
#5971 = CARTESIAN_POINT('',(1.75,-6.393296652842,-0.75));
#5972 = DIRECTION('',(0.,0.,-1.));
#5973 = DIRECTION('',(-1.,0.,-0.));
#5974 = ADVANCED_FACE('',(#5975),#5993,.F.);
#5975 = FACE_BOUND('',#5976,.T.);
#5976 = EDGE_LOOP('',(#5977,#5985,#5991,#5992));
#5977 = ORIENTED_EDGE('',*,*,#5978,.F.);
#5978 = EDGE_CURVE('',#5979,#5926,#5981,.T.);
#5979 = VERTEX_POINT('',#5980);
#5980 = CARTESIAN_POINT('',(-1.75,3.3,0.75));
#5981 = LINE('',#5982,#5983);
#5982 = CARTESIAN_POINT('',(-1.75,-6.393296652842,0.75));
#5983 = VECTOR('',#5984,1.);
#5984 = DIRECTION('',(0.,1.,0.));
#5985 = ORIENTED_EDGE('',*,*,#5986,.T.);
#5986 = EDGE_CURVE('',#5979,#5948,#5987,.T.);
#5987 = LINE('',#5988,#5989);
#5988 = CARTESIAN_POINT('',(-1.75,3.3,-0.75));
#5989 = VECTOR('',#5990,1.);
#5990 = DIRECTION('',(0.,0.,-1.));
#5991 = ORIENTED_EDGE('',*,*,#5947,.T.);
#5992 = ORIENTED_EDGE('',*,*,#5933,.T.);
#5993 = PLANE('',#5994);
#5994 = AXIS2_PLACEMENT_3D('',#5995,#5996,#5997);
#5995 = CARTESIAN_POINT('',(-1.75,-6.393296652842,-0.75));
#5996 = DIRECTION('',(-1.,0.,0.));
#5997 = DIRECTION('',(0.,0.,1.));
#5998 = ADVANCED_FACE('',(#5999),#6017,.F.);
#5999 = FACE_BOUND('',#6000,.T.);
#6000 = EDGE_LOOP('',(#6001,#6009,#6015,#6016));
#6001 = ORIENTED_EDGE('',*,*,#6002,.F.);
#6002 = EDGE_CURVE('',#6003,#5918,#6005,.T.);
#6003 = VERTEX_POINT('',#6004);
#6004 = CARTESIAN_POINT('',(1.75,3.3,0.75));
#6005 = LINE('',#6006,#6007);
#6006 = CARTESIAN_POINT('',(1.75,-6.393296652842,0.75));
#6007 = VECTOR('',#6008,1.);
#6008 = DIRECTION('',(0.,1.,0.));
#6009 = ORIENTED_EDGE('',*,*,#6010,.T.);
#6010 = EDGE_CURVE('',#6003,#5979,#6011,.T.);
#6011 = LINE('',#6012,#6013);
#6012 = CARTESIAN_POINT('',(1.75,3.3,0.75));
#6013 = VECTOR('',#6014,1.);
#6014 = DIRECTION('',(-1.,0.,0.));
#6015 = ORIENTED_EDGE('',*,*,#5978,.T.);
#6016 = ORIENTED_EDGE('',*,*,#5925,.T.);
#6017 = PLANE('',#6018);
#6018 = AXIS2_PLACEMENT_3D('',#6019,#6020,#6021);
#6019 = CARTESIAN_POINT('',(1.75,-6.393296652842,0.75));
#6020 = DIRECTION('',(0.,-0.,1.));
#6021 = DIRECTION('',(1.,0.,0.));
#6022 = ADVANCED_FACE('',(#6023),#6034,.F.);
#6023 = FACE_BOUND('',#6024,.T.);
#6024 = EDGE_LOOP('',(#6025,#6026,#6032,#6033));
#6025 = ORIENTED_EDGE('',*,*,#5963,.F.);
#6026 = ORIENTED_EDGE('',*,*,#6027,.T.);
#6027 = EDGE_CURVE('',#5956,#6003,#6028,.T.);
#6028 = LINE('',#6029,#6030);
#6029 = CARTESIAN_POINT('',(1.75,3.3,-0.75));
#6030 = VECTOR('',#6031,1.);
#6031 = DIRECTION('',(0.,0.,1.));
#6032 = ORIENTED_EDGE('',*,*,#6002,.T.);
#6033 = ORIENTED_EDGE('',*,*,#5917,.T.);
#6034 = PLANE('',#6035);
#6035 = AXIS2_PLACEMENT_3D('',#6036,#6037,#6038);
#6036 = CARTESIAN_POINT('',(1.75,-6.393296652842,-0.75));
#6037 = DIRECTION('',(1.,0.,0.));
#6038 = DIRECTION('',(0.,0.,-1.));
#6039 = ADVANCED_FACE('',(#6040,#6068),#6074,.F.);
#6040 = FACE_BOUND('',#6041,.T.);
#6041 = EDGE_LOOP('',(#6042,#6048,#6049,#6050,#6051,#6052,#6053,#6054,
    #6055,#6061,#6062,#6063,#6064,#6065,#6066,#6067));
#6042 = ORIENTED_EDGE('',*,*,#6043,.F.);
#6043 = EDGE_CURVE('',#5706,#5832,#6044,.T.);
#6044 = LINE('',#6045,#6046);
#6045 = CARTESIAN_POINT('',(-4.25,3.3,1.55));
#6046 = VECTOR('',#6047,1.);
#6047 = DIRECTION('',(0.,-0.,1.));
#6048 = ORIENTED_EDGE('',*,*,#5705,.T.);
#6049 = ORIENTED_EDGE('',*,*,#5674,.T.);
#6050 = ORIENTED_EDGE('',*,*,#5643,.T.);
#6051 = ORIENTED_EDGE('',*,*,#5612,.T.);
#6052 = ORIENTED_EDGE('',*,*,#5581,.T.);
#6053 = ORIENTED_EDGE('',*,*,#5550,.T.);
#6054 = ORIENTED_EDGE('',*,*,#5512,.T.);
#6055 = ORIENTED_EDGE('',*,*,#6056,.T.);
#6056 = EDGE_CURVE('',#5515,#5389,#6057,.T.);
#6057 = LINE('',#6058,#6059);
#6058 = CARTESIAN_POINT('',(4.25,3.3,1.55));
#6059 = VECTOR('',#6060,1.);
#6060 = DIRECTION('',(0.,0.,1.));
#6061 = ORIENTED_EDGE('',*,*,#5388,.T.);
#6062 = ORIENTED_EDGE('',*,*,#5357,.T.);
#6063 = ORIENTED_EDGE('',*,*,#5326,.T.);
#6064 = ORIENTED_EDGE('',*,*,#5295,.T.);
#6065 = ORIENTED_EDGE('',*,*,#5255,.T.);
#6066 = ORIENTED_EDGE('',*,*,#5867,.T.);
#6067 = ORIENTED_EDGE('',*,*,#5829,.T.);
#6068 = FACE_BOUND('',#6069,.T.);
#6069 = EDGE_LOOP('',(#6070,#6071,#6072,#6073));
#6070 = ORIENTED_EDGE('',*,*,#5955,.F.);
#6071 = ORIENTED_EDGE('',*,*,#5986,.F.);
#6072 = ORIENTED_EDGE('',*,*,#6010,.F.);
#6073 = ORIENTED_EDGE('',*,*,#6027,.F.);
#6074 = PLANE('',#6075);
#6075 = AXIS2_PLACEMENT_3D('',#6076,#6077,#6078);
#6076 = CARTESIAN_POINT('',(-2.94,3.3,1.55));
#6077 = DIRECTION('',(0.,1.,0.));
#6078 = DIRECTION('',(0.,-0.,1.));
#6079 = ADVANCED_FACE('',(#6080),#6099,.T.);
#6080 = FACE_BOUND('',#6081,.T.);
#6081 = EDGE_LOOP('',(#6082,#6090,#6091,#6092,#6093));
#6082 = ORIENTED_EDGE('',*,*,#6083,.T.);
#6083 = EDGE_CURVE('',#6084,#5515,#6086,.T.);
#6084 = VERTEX_POINT('',#6085);
#6085 = CARTESIAN_POINT('',(4.25,2.35,-1.));
#6086 = LINE('',#6087,#6088);
#6087 = CARTESIAN_POINT('',(4.25,3.5,-1.));
#6088 = VECTOR('',#6089,1.);
#6089 = DIRECTION('',(-0.,1.,1.885568995627E-16));
#6090 = ORIENTED_EDGE('',*,*,#5536,.F.);
#6091 = ORIENTED_EDGE('',*,*,#5213,.T.);
#6092 = ORIENTED_EDGE('',*,*,#5417,.F.);
#6093 = ORIENTED_EDGE('',*,*,#6094,.F.);
#6094 = EDGE_CURVE('',#6084,#5418,#6095,.T.);
#6095 = LINE('',#6096,#6097);
#6096 = CARTESIAN_POINT('',(4.25,2.35,-1.));
#6097 = VECTOR('',#6098,1.);
#6098 = DIRECTION('',(1.,0.,0.));
#6099 = PLANE('',#6100);
#6100 = AXIS2_PLACEMENT_3D('',#6101,#6102,#6103);
#6101 = CARTESIAN_POINT('',(4.25,3.5,-1.));
#6102 = DIRECTION('',(0.,1.885568995627E-16,-1.));
#6103 = DIRECTION('',(0.,1.,1.885568995627E-16));
#6104 = ADVANCED_FACE('',(#6105),#6124,.T.);
#6105 = FACE_BOUND('',#6106,.T.);
#6106 = EDGE_LOOP('',(#6107,#6108,#6109,#6110,#6118));
#6107 = ORIENTED_EDGE('',*,*,#5426,.F.);
#6108 = ORIENTED_EDGE('',*,*,#5232,.T.);
#6109 = ORIENTED_EDGE('',*,*,#5396,.F.);
#6110 = ORIENTED_EDGE('',*,*,#6111,.T.);
#6111 = EDGE_CURVE('',#5389,#6112,#6114,.T.);
#6112 = VERTEX_POINT('',#6113);
#6113 = CARTESIAN_POINT('',(4.25,2.35,1.));
#6114 = LINE('',#6115,#6116);
#6115 = CARTESIAN_POINT('',(4.25,3.5,1.));
#6116 = VECTOR('',#6117,1.);
#6117 = DIRECTION('',(0.,-1.,-1.885568995627E-16));
#6118 = ORIENTED_EDGE('',*,*,#6119,.T.);
#6119 = EDGE_CURVE('',#6112,#5427,#6120,.T.);
#6120 = LINE('',#6121,#6122);
#6121 = CARTESIAN_POINT('',(4.25,2.35,1.));
#6122 = VECTOR('',#6123,1.);
#6123 = DIRECTION('',(1.,0.,0.));
#6124 = PLANE('',#6125);
#6125 = AXIS2_PLACEMENT_3D('',#6126,#6127,#6128);
#6126 = CARTESIAN_POINT('',(4.25,3.5,1.));
#6127 = DIRECTION('',(0.,-1.885568995627E-16,1.));
#6128 = DIRECTION('',(0.,-1.,-1.885568995627E-16));
#6129 = ADVANCED_FACE('',(#6130),#6205,.T.);
#6130 = FACE_BOUND('',#6131,.T.);
#6131 = EDGE_LOOP('',(#6132,#6133,#6134,#6142,#6150,#6158,#6166,#6174,
    #6182,#6190,#6198,#6204));
#6132 = ORIENTED_EDGE('',*,*,#6056,.F.);
#6133 = ORIENTED_EDGE('',*,*,#6083,.F.);
#6134 = ORIENTED_EDGE('',*,*,#6135,.F.);
#6135 = EDGE_CURVE('',#6136,#6084,#6138,.T.);
#6136 = VERTEX_POINT('',#6137);
#6137 = CARTESIAN_POINT('',(4.25,2.35,-1.68));
#6138 = LINE('',#6139,#6140);
#6139 = CARTESIAN_POINT('',(4.25,2.35,-1.));
#6140 = VECTOR('',#6141,1.);
#6141 = DIRECTION('',(-0.,-0.,1.));
#6142 = ORIENTED_EDGE('',*,*,#6143,.F.);
#6143 = EDGE_CURVE('',#6144,#6136,#6146,.T.);
#6144 = VERTEX_POINT('',#6145);
#6145 = CARTESIAN_POINT('',(4.25,1.6,-1.68));
#6146 = LINE('',#6147,#6148);
#6147 = CARTESIAN_POINT('',(4.25,2.35,-1.68));
#6148 = VECTOR('',#6149,1.);
#6149 = DIRECTION('',(-0.,1.,-0.));
#6150 = ORIENTED_EDGE('',*,*,#6151,.F.);
#6151 = EDGE_CURVE('',#6152,#6144,#6154,.T.);
#6152 = VERTEX_POINT('',#6153);
#6153 = CARTESIAN_POINT('',(4.25,1.6,-0.74));
#6154 = LINE('',#6155,#6156);
#6155 = CARTESIAN_POINT('',(4.25,1.6,-1.68));
#6156 = VECTOR('',#6157,1.);
#6157 = DIRECTION('',(-0.,2.306813132948E-16,-1.));
#6158 = ORIENTED_EDGE('',*,*,#6159,.F.);
#6159 = EDGE_CURVE('',#6160,#6152,#6162,.T.);
#6160 = VERTEX_POINT('',#6161);
#6161 = CARTESIAN_POINT('',(4.25,1.84,-0.538616088517));
#6162 = LINE('',#6163,#6164);
#6163 = CARTESIAN_POINT('',(4.25,1.6,-0.74));
#6164 = VECTOR('',#6165,1.);
#6165 = DIRECTION('',(-0.,-0.766044443119,-0.642787609687));
#6166 = ORIENTED_EDGE('',*,*,#6167,.F.);
#6167 = EDGE_CURVE('',#6168,#6160,#6170,.T.);
#6168 = VERTEX_POINT('',#6169);
#6169 = CARTESIAN_POINT('',(4.25,1.84,0.538616088517));
#6170 = LINE('',#6171,#6172);
#6171 = CARTESIAN_POINT('',(4.25,1.84,-0.538616088517));
#6172 = VECTOR('',#6173,1.);
#6173 = DIRECTION('',(-0.,-8.051762252181E-16,-1.));
#6174 = ORIENTED_EDGE('',*,*,#6175,.F.);
#6175 = EDGE_CURVE('',#6176,#6168,#6178,.T.);
#6176 = VERTEX_POINT('',#6177);
#6177 = CARTESIAN_POINT('',(4.25,1.6,0.74));
#6178 = LINE('',#6179,#6180);
#6179 = CARTESIAN_POINT('',(4.25,1.6,0.74));
#6180 = VECTOR('',#6181,1.);
#6181 = DIRECTION('',(0.,0.766044443119,-0.642787609687));
#6182 = ORIENTED_EDGE('',*,*,#6183,.F.);
#6183 = EDGE_CURVE('',#6184,#6176,#6186,.T.);
#6184 = VERTEX_POINT('',#6185);
#6185 = CARTESIAN_POINT('',(4.25,1.6,1.68));
#6186 = LINE('',#6187,#6188);
#6187 = CARTESIAN_POINT('',(4.25,1.6,1.68));
#6188 = VECTOR('',#6189,1.);
#6189 = DIRECTION('',(0.,2.306813132948E-16,-1.));
#6190 = ORIENTED_EDGE('',*,*,#6191,.F.);
#6191 = EDGE_CURVE('',#6192,#6184,#6194,.T.);
#6192 = VERTEX_POINT('',#6193);
#6193 = CARTESIAN_POINT('',(4.25,2.35,1.68));
#6194 = LINE('',#6195,#6196);
#6195 = CARTESIAN_POINT('',(4.25,2.35,1.68));
#6196 = VECTOR('',#6197,1.);
#6197 = DIRECTION('',(0.,-1.,0.));
#6198 = ORIENTED_EDGE('',*,*,#6199,.F.);
#6199 = EDGE_CURVE('',#6112,#6192,#6200,.T.);
#6200 = LINE('',#6201,#6202);
#6201 = CARTESIAN_POINT('',(4.25,2.35,1.));
#6202 = VECTOR('',#6203,1.);
#6203 = DIRECTION('',(0.,0.,1.));
#6204 = ORIENTED_EDGE('',*,*,#6111,.F.);
#6205 = PLANE('',#6206);
#6206 = AXIS2_PLACEMENT_3D('',#6207,#6208,#6209);
#6207 = CARTESIAN_POINT('',(4.25,0.,0.));
#6208 = DIRECTION('',(-1.,0.,-0.));
#6209 = DIRECTION('',(0.,0.,1.));
#6210 = ADVANCED_FACE('',(#6211),#6222,.T.);
#6211 = FACE_BOUND('',#6212,.T.);
#6212 = EDGE_LOOP('',(#6213,#6214,#6220,#6221));
#6213 = ORIENTED_EDGE('',*,*,#5498,.F.);
#6214 = ORIENTED_EDGE('',*,*,#6215,.F.);
#6215 = EDGE_CURVE('',#6136,#5491,#6216,.T.);
#6216 = LINE('',#6217,#6218);
#6217 = CARTESIAN_POINT('',(4.25,2.35,-1.68));
#6218 = VECTOR('',#6219,1.);
#6219 = DIRECTION('',(1.,0.,0.));
#6220 = ORIENTED_EDGE('',*,*,#6135,.T.);
#6221 = ORIENTED_EDGE('',*,*,#6094,.T.);
#6222 = PLANE('',#6223);
#6223 = AXIS2_PLACEMENT_3D('',#6224,#6225,#6226);
#6224 = CARTESIAN_POINT('',(4.25,2.35,-1.));
#6225 = DIRECTION('',(-0.,1.,0.));
#6226 = DIRECTION('',(0.,0.,1.));
#6227 = ADVANCED_FACE('',(#6228),#6239,.T.);
#6228 = FACE_BOUND('',#6229,.T.);
#6229 = EDGE_LOOP('',(#6230,#6231,#6237,#6238));
#6230 = ORIENTED_EDGE('',*,*,#5490,.F.);
#6231 = ORIENTED_EDGE('',*,*,#6232,.F.);
#6232 = EDGE_CURVE('',#6144,#5483,#6233,.T.);
#6233 = LINE('',#6234,#6235);
#6234 = CARTESIAN_POINT('',(4.25,1.6,-1.68));
#6235 = VECTOR('',#6236,1.);
#6236 = DIRECTION('',(1.,0.,0.));
#6237 = ORIENTED_EDGE('',*,*,#6143,.T.);
#6238 = ORIENTED_EDGE('',*,*,#6215,.T.);
#6239 = PLANE('',#6240);
#6240 = AXIS2_PLACEMENT_3D('',#6241,#6242,#6243);
#6241 = CARTESIAN_POINT('',(4.25,2.35,-1.68));
#6242 = DIRECTION('',(0.,0.,-1.));
#6243 = DIRECTION('',(-1.,0.,-0.));
#6244 = ADVANCED_FACE('',(#6245),#6256,.T.);
#6245 = FACE_BOUND('',#6246,.T.);
#6246 = EDGE_LOOP('',(#6247,#6248,#6254,#6255));
#6247 = ORIENTED_EDGE('',*,*,#5482,.F.);
#6248 = ORIENTED_EDGE('',*,*,#6249,.F.);
#6249 = EDGE_CURVE('',#6152,#5475,#6250,.T.);
#6250 = LINE('',#6251,#6252);
#6251 = CARTESIAN_POINT('',(4.25,1.6,-0.74));
#6252 = VECTOR('',#6253,1.);
#6253 = DIRECTION('',(1.,0.,0.));
#6254 = ORIENTED_EDGE('',*,*,#6151,.T.);
#6255 = ORIENTED_EDGE('',*,*,#6232,.T.);
#6256 = PLANE('',#6257);
#6257 = AXIS2_PLACEMENT_3D('',#6258,#6259,#6260);
#6258 = CARTESIAN_POINT('',(4.25,1.6,-1.68));
#6259 = DIRECTION('',(0.,-1.,-2.306813132948E-16));
#6260 = DIRECTION('',(0.,2.306813132948E-16,-1.));
#6261 = ADVANCED_FACE('',(#6262),#6273,.T.);
#6262 = FACE_BOUND('',#6263,.T.);
#6263 = EDGE_LOOP('',(#6264,#6265,#6271,#6272));
#6264 = ORIENTED_EDGE('',*,*,#5474,.F.);
#6265 = ORIENTED_EDGE('',*,*,#6266,.F.);
#6266 = EDGE_CURVE('',#6160,#5467,#6267,.T.);
#6267 = LINE('',#6268,#6269);
#6268 = CARTESIAN_POINT('',(4.25,1.84,-0.538616088517));
#6269 = VECTOR('',#6270,1.);
#6270 = DIRECTION('',(1.,0.,0.));
#6271 = ORIENTED_EDGE('',*,*,#6159,.T.);
#6272 = ORIENTED_EDGE('',*,*,#6249,.T.);
#6273 = PLANE('',#6274);
#6274 = AXIS2_PLACEMENT_3D('',#6275,#6276,#6277);
#6275 = CARTESIAN_POINT('',(4.25,1.6,-0.74));
#6276 = DIRECTION('',(0.,-0.642787609687,0.766044443119));
#6277 = DIRECTION('',(0.,-0.766044443119,-0.642787609687));
#6278 = ADVANCED_FACE('',(#6279),#6290,.T.);
#6279 = FACE_BOUND('',#6280,.T.);
#6280 = EDGE_LOOP('',(#6281,#6282,#6288,#6289));
#6281 = ORIENTED_EDGE('',*,*,#5466,.F.);
#6282 = ORIENTED_EDGE('',*,*,#6283,.F.);
#6283 = EDGE_CURVE('',#6168,#5459,#6284,.T.);
#6284 = LINE('',#6285,#6286);
#6285 = CARTESIAN_POINT('',(4.25,1.84,0.538616088517));
#6286 = VECTOR('',#6287,1.);
#6287 = DIRECTION('',(1.,0.,0.));
#6288 = ORIENTED_EDGE('',*,*,#6167,.T.);
#6289 = ORIENTED_EDGE('',*,*,#6266,.T.);
#6290 = PLANE('',#6291);
#6291 = AXIS2_PLACEMENT_3D('',#6292,#6293,#6294);
#6292 = CARTESIAN_POINT('',(4.25,1.84,-0.538616088517));
#6293 = DIRECTION('',(0.,-1.,8.051762252181E-16));
#6294 = DIRECTION('',(0.,-8.051762252181E-16,-1.));
#6295 = ADVANCED_FACE('',(#6296),#6307,.T.);
#6296 = FACE_BOUND('',#6297,.T.);
#6297 = EDGE_LOOP('',(#6298,#6299,#6305,#6306));
#6298 = ORIENTED_EDGE('',*,*,#5458,.F.);
#6299 = ORIENTED_EDGE('',*,*,#6300,.F.);
#6300 = EDGE_CURVE('',#6176,#5451,#6301,.T.);
#6301 = LINE('',#6302,#6303);
#6302 = CARTESIAN_POINT('',(4.25,1.6,0.74));
#6303 = VECTOR('',#6304,1.);
#6304 = DIRECTION('',(1.,0.,0.));
#6305 = ORIENTED_EDGE('',*,*,#6175,.T.);
#6306 = ORIENTED_EDGE('',*,*,#6283,.T.);
#6307 = PLANE('',#6308);
#6308 = AXIS2_PLACEMENT_3D('',#6309,#6310,#6311);
#6309 = CARTESIAN_POINT('',(4.25,1.6,0.74));
#6310 = DIRECTION('',(0.,-0.642787609687,-0.766044443119));
#6311 = DIRECTION('',(0.,0.766044443119,-0.642787609687));
#6312 = ADVANCED_FACE('',(#6313),#6324,.T.);
#6313 = FACE_BOUND('',#6314,.T.);
#6314 = EDGE_LOOP('',(#6315,#6316,#6322,#6323));
#6315 = ORIENTED_EDGE('',*,*,#5450,.F.);
#6316 = ORIENTED_EDGE('',*,*,#6317,.F.);
#6317 = EDGE_CURVE('',#6184,#5443,#6318,.T.);
#6318 = LINE('',#6319,#6320);
#6319 = CARTESIAN_POINT('',(4.25,1.6,1.68));
#6320 = VECTOR('',#6321,1.);
#6321 = DIRECTION('',(1.,0.,0.));
#6322 = ORIENTED_EDGE('',*,*,#6183,.T.);
#6323 = ORIENTED_EDGE('',*,*,#6300,.T.);
#6324 = PLANE('',#6325);
#6325 = AXIS2_PLACEMENT_3D('',#6326,#6327,#6328);
#6326 = CARTESIAN_POINT('',(4.25,1.6,1.68));
#6327 = DIRECTION('',(0.,-1.,-2.306813132948E-16));
#6328 = DIRECTION('',(0.,2.306813132948E-16,-1.));
#6329 = ADVANCED_FACE('',(#6330),#6341,.T.);
#6330 = FACE_BOUND('',#6331,.T.);
#6331 = EDGE_LOOP('',(#6332,#6333,#6339,#6340));
#6332 = ORIENTED_EDGE('',*,*,#5442,.F.);
#6333 = ORIENTED_EDGE('',*,*,#6334,.F.);
#6334 = EDGE_CURVE('',#6192,#5435,#6335,.T.);
#6335 = LINE('',#6336,#6337);
#6336 = CARTESIAN_POINT('',(4.25,2.35,1.68));
#6337 = VECTOR('',#6338,1.);
#6338 = DIRECTION('',(1.,0.,0.));
#6339 = ORIENTED_EDGE('',*,*,#6191,.T.);
#6340 = ORIENTED_EDGE('',*,*,#6317,.T.);
#6341 = PLANE('',#6342);
#6342 = AXIS2_PLACEMENT_3D('',#6343,#6344,#6345);
#6343 = CARTESIAN_POINT('',(4.25,2.35,1.68));
#6344 = DIRECTION('',(-0.,0.,1.));
#6345 = DIRECTION('',(1.,0.,0.));
#6346 = ADVANCED_FACE('',(#6347),#6353,.T.);
#6347 = FACE_BOUND('',#6348,.T.);
#6348 = EDGE_LOOP('',(#6349,#6350,#6351,#6352));
#6349 = ORIENTED_EDGE('',*,*,#5434,.F.);
#6350 = ORIENTED_EDGE('',*,*,#6119,.F.);
#6351 = ORIENTED_EDGE('',*,*,#6199,.T.);
#6352 = ORIENTED_EDGE('',*,*,#6334,.T.);
#6353 = PLANE('',#6354);
#6354 = AXIS2_PLACEMENT_3D('',#6355,#6356,#6357);
#6355 = CARTESIAN_POINT('',(4.25,2.35,1.));
#6356 = DIRECTION('',(0.,1.,0.));
#6357 = DIRECTION('',(0.,-0.,1.));
#6358 = ADVANCED_FACE('',(#6359),#6378,.T.);
#6359 = FACE_BOUND('',#6360,.T.);
#6360 = EDGE_LOOP('',(#6361,#6362,#6363,#6364,#6372));
#6361 = ORIENTED_EDGE('',*,*,#5743,.F.);
#6362 = ORIENTED_EDGE('',*,*,#5181,.T.);
#6363 = ORIENTED_EDGE('',*,*,#5713,.F.);
#6364 = ORIENTED_EDGE('',*,*,#6365,.T.);
#6365 = EDGE_CURVE('',#5706,#6366,#6368,.T.);
#6366 = VERTEX_POINT('',#6367);
#6367 = CARTESIAN_POINT('',(-4.25,2.35,-1.));
#6368 = LINE('',#6369,#6370);
#6369 = CARTESIAN_POINT('',(-4.25,2.3,-1.));
#6370 = VECTOR('',#6371,1.);
#6371 = DIRECTION('',(0.,-1.,-1.885568995627E-16));
#6372 = ORIENTED_EDGE('',*,*,#6373,.T.);
#6373 = EDGE_CURVE('',#6366,#5744,#6374,.T.);
#6374 = LINE('',#6375,#6376);
#6375 = CARTESIAN_POINT('',(-4.25,2.35,-1.));
#6376 = VECTOR('',#6377,1.);
#6377 = DIRECTION('',(-1.,-0.,-0.));
#6378 = PLANE('',#6379);
#6379 = AXIS2_PLACEMENT_3D('',#6380,#6381,#6382);
#6380 = CARTESIAN_POINT('',(-4.25,2.3,-1.));
#6381 = DIRECTION('',(0.,1.885568995627E-16,-1.));
#6382 = DIRECTION('',(0.,1.,1.885568995627E-16));
#6383 = ADVANCED_FACE('',(#6384),#6403,.T.);
#6384 = FACE_BOUND('',#6385,.T.);
#6385 = EDGE_LOOP('',(#6386,#6394,#6395,#6396,#6397));
#6386 = ORIENTED_EDGE('',*,*,#6387,.T.);
#6387 = EDGE_CURVE('',#6388,#5832,#6390,.T.);
#6388 = VERTEX_POINT('',#6389);
#6389 = CARTESIAN_POINT('',(-4.25,2.35,1.));
#6390 = LINE('',#6391,#6392);
#6391 = CARTESIAN_POINT('',(-4.25,2.3,1.));
#6392 = VECTOR('',#6393,1.);
#6393 = DIRECTION('',(0.,1.,1.885568995627E-16));
#6394 = ORIENTED_EDGE('',*,*,#5853,.F.);
#6395 = ORIENTED_EDGE('',*,*,#5198,.T.);
#6396 = ORIENTED_EDGE('',*,*,#5734,.F.);
#6397 = ORIENTED_EDGE('',*,*,#6398,.F.);
#6398 = EDGE_CURVE('',#6388,#5735,#6399,.T.);
#6399 = LINE('',#6400,#6401);
#6400 = CARTESIAN_POINT('',(-4.25,2.35,1.));
#6401 = VECTOR('',#6402,1.);
#6402 = DIRECTION('',(-1.,-0.,-0.));
#6403 = PLANE('',#6404);
#6404 = AXIS2_PLACEMENT_3D('',#6405,#6406,#6407);
#6405 = CARTESIAN_POINT('',(-4.25,2.3,1.));
#6406 = DIRECTION('',(0.,-1.885568995627E-16,1.));
#6407 = DIRECTION('',(0.,-1.,-1.885568995627E-16));
#6408 = ADVANCED_FACE('',(#6409),#6484,.F.);
#6409 = FACE_BOUND('',#6410,.T.);
#6410 = EDGE_LOOP('',(#6411,#6412,#6413,#6414,#6422,#6430,#6438,#6446,
    #6454,#6462,#6470,#6478));
#6411 = ORIENTED_EDGE('',*,*,#6365,.F.);
#6412 = ORIENTED_EDGE('',*,*,#6043,.T.);
#6413 = ORIENTED_EDGE('',*,*,#6387,.F.);
#6414 = ORIENTED_EDGE('',*,*,#6415,.F.);
#6415 = EDGE_CURVE('',#6416,#6388,#6418,.T.);
#6416 = VERTEX_POINT('',#6417);
#6417 = CARTESIAN_POINT('',(-4.25,2.35,1.68));
#6418 = LINE('',#6419,#6420);
#6419 = CARTESIAN_POINT('',(-4.25,2.35,-1.8));
#6420 = VECTOR('',#6421,1.);
#6421 = DIRECTION('',(0.,0.,-1.));
#6422 = ORIENTED_EDGE('',*,*,#6423,.F.);
#6423 = EDGE_CURVE('',#6424,#6416,#6426,.T.);
#6424 = VERTEX_POINT('',#6425);
#6425 = CARTESIAN_POINT('',(-4.25,1.6,1.68));
#6426 = LINE('',#6427,#6428);
#6427 = CARTESIAN_POINT('',(-4.25,2.3,1.68));
#6428 = VECTOR('',#6429,1.);
#6429 = DIRECTION('',(0.,1.,0.));
#6430 = ORIENTED_EDGE('',*,*,#6431,.F.);
#6431 = EDGE_CURVE('',#6432,#6424,#6434,.T.);
#6432 = VERTEX_POINT('',#6433);
#6433 = CARTESIAN_POINT('',(-4.25,1.6,0.74));
#6434 = LINE('',#6435,#6436);
#6435 = CARTESIAN_POINT('',(-4.25,1.6,-1.8));
#6436 = VECTOR('',#6437,1.);
#6437 = DIRECTION('',(0.,-2.306813132948E-16,1.));
#6438 = ORIENTED_EDGE('',*,*,#6439,.F.);
#6439 = EDGE_CURVE('',#6440,#6432,#6442,.T.);
#6440 = VERTEX_POINT('',#6441);
#6441 = CARTESIAN_POINT('',(-4.25,1.84,0.538616088517));
#6442 = LINE('',#6443,#6444);
#6443 = CARTESIAN_POINT('',(-4.25,3.261482708509,-0.654149527917));
#6444 = VECTOR('',#6445,1.);
#6445 = DIRECTION('',(0.,-0.766044443119,0.642787609687));
#6446 = ORIENTED_EDGE('',*,*,#6447,.F.);
#6447 = EDGE_CURVE('',#6448,#6440,#6450,.T.);
#6448 = VERTEX_POINT('',#6449);
#6449 = CARTESIAN_POINT('',(-4.25,1.84,-0.538616088517));
#6450 = LINE('',#6451,#6452);
#6451 = CARTESIAN_POINT('',(-4.25,1.84,-1.8));
#6452 = VECTOR('',#6453,1.);
#6453 = DIRECTION('',(0.,8.051762252181E-16,1.));
#6454 = ORIENTED_EDGE('',*,*,#6455,.F.);
#6455 = EDGE_CURVE('',#6456,#6448,#6458,.T.);
#6456 = VERTEX_POINT('',#6457);
#6457 = CARTESIAN_POINT('',(-4.25,1.6,-0.74));
#6458 = LINE('',#6459,#6460);
#6459 = CARTESIAN_POINT('',(-4.25,1.488828753087,-0.833283752282));
#6460 = VECTOR('',#6461,1.);
#6461 = DIRECTION('',(0.,0.766044443119,0.642787609687));
#6462 = ORIENTED_EDGE('',*,*,#6463,.F.);
#6463 = EDGE_CURVE('',#6464,#6456,#6466,.T.);
#6464 = VERTEX_POINT('',#6465);
#6465 = CARTESIAN_POINT('',(-4.25,1.6,-1.68));
#6466 = LINE('',#6467,#6468);
#6467 = CARTESIAN_POINT('',(-4.25,1.6,-1.8));
#6468 = VECTOR('',#6469,1.);
#6469 = DIRECTION('',(0.,-2.306813132948E-16,1.));
#6470 = ORIENTED_EDGE('',*,*,#6471,.F.);
#6471 = EDGE_CURVE('',#6472,#6464,#6474,.T.);
#6472 = VERTEX_POINT('',#6473);
#6473 = CARTESIAN_POINT('',(-4.25,2.35,-1.68));
#6474 = LINE('',#6475,#6476);
#6475 = CARTESIAN_POINT('',(-4.25,2.3,-1.68));
#6476 = VECTOR('',#6477,1.);
#6477 = DIRECTION('',(0.,-1.,0.));
#6478 = ORIENTED_EDGE('',*,*,#6479,.F.);
#6479 = EDGE_CURVE('',#6366,#6472,#6480,.T.);
#6480 = LINE('',#6481,#6482);
#6481 = CARTESIAN_POINT('',(-4.25,2.35,-1.8));
#6482 = VECTOR('',#6483,1.);
#6483 = DIRECTION('',(0.,0.,-1.));
#6484 = PLANE('',#6485);
#6485 = AXIS2_PLACEMENT_3D('',#6486,#6487,#6488);
#6486 = CARTESIAN_POINT('',(-4.25,0.,0.));
#6487 = DIRECTION('',(-1.,0.,0.));
#6488 = DIRECTION('',(0.,0.,1.));
#6489 = ADVANCED_FACE('',(#6490),#6506,.T.);
#6490 = FACE_BOUND('',#6491,.T.);
#6491 = EDGE_LOOP('',(#6492,#6493,#6499,#6500));
#6492 = ORIENTED_EDGE('',*,*,#5783,.F.);
#6493 = ORIENTED_EDGE('',*,*,#6494,.F.);
#6494 = EDGE_CURVE('',#6448,#5776,#6495,.T.);
#6495 = LINE('',#6496,#6497);
#6496 = CARTESIAN_POINT('',(-4.25,1.84,-0.538616088517));
#6497 = VECTOR('',#6498,1.);
#6498 = DIRECTION('',(-1.,-0.,-0.));
#6499 = ORIENTED_EDGE('',*,*,#6447,.T.);
#6500 = ORIENTED_EDGE('',*,*,#6501,.T.);
#6501 = EDGE_CURVE('',#6440,#5784,#6502,.T.);
#6502 = LINE('',#6503,#6504);
#6503 = CARTESIAN_POINT('',(-4.25,1.84,0.538616088517));
#6504 = VECTOR('',#6505,1.);
#6505 = DIRECTION('',(-1.,-0.,-0.));
#6506 = PLANE('',#6507);
#6507 = AXIS2_PLACEMENT_3D('',#6508,#6509,#6510);
#6508 = CARTESIAN_POINT('',(-4.25,1.84,-1.8));
#6509 = DIRECTION('',(0.,-1.,8.051762252181E-16));
#6510 = DIRECTION('',(0.,-8.051762252181E-16,-1.));
#6511 = ADVANCED_FACE('',(#6512),#6523,.T.);
#6512 = FACE_BOUND('',#6513,.T.);
#6513 = EDGE_LOOP('',(#6514,#6515,#6521,#6522));
#6514 = ORIENTED_EDGE('',*,*,#5775,.F.);
#6515 = ORIENTED_EDGE('',*,*,#6516,.F.);
#6516 = EDGE_CURVE('',#6456,#5768,#6517,.T.);
#6517 = LINE('',#6518,#6519);
#6518 = CARTESIAN_POINT('',(-4.25,1.6,-0.74));
#6519 = VECTOR('',#6520,1.);
#6520 = DIRECTION('',(-1.,-0.,-0.));
#6521 = ORIENTED_EDGE('',*,*,#6455,.T.);
#6522 = ORIENTED_EDGE('',*,*,#6494,.T.);
#6523 = PLANE('',#6524);
#6524 = AXIS2_PLACEMENT_3D('',#6525,#6526,#6527);
#6525 = CARTESIAN_POINT('',(-4.25,1.488828753087,-0.833283752282));
#6526 = DIRECTION('',(0.,-0.642787609687,0.766044443119));
#6527 = DIRECTION('',(0.,-0.766044443119,-0.642787609687));
#6528 = ADVANCED_FACE('',(#6529),#6540,.T.);
#6529 = FACE_BOUND('',#6530,.T.);
#6530 = EDGE_LOOP('',(#6531,#6532,#6538,#6539));
#6531 = ORIENTED_EDGE('',*,*,#5767,.F.);
#6532 = ORIENTED_EDGE('',*,*,#6533,.F.);
#6533 = EDGE_CURVE('',#6464,#5760,#6534,.T.);
#6534 = LINE('',#6535,#6536);
#6535 = CARTESIAN_POINT('',(-4.25,1.6,-1.68));
#6536 = VECTOR('',#6537,1.);
#6537 = DIRECTION('',(-1.,-0.,-0.));
#6538 = ORIENTED_EDGE('',*,*,#6463,.T.);
#6539 = ORIENTED_EDGE('',*,*,#6516,.T.);
#6540 = PLANE('',#6541);
#6541 = AXIS2_PLACEMENT_3D('',#6542,#6543,#6544);
#6542 = CARTESIAN_POINT('',(-4.25,1.6,-1.8));
#6543 = DIRECTION('',(0.,-1.,-2.306813132948E-16));
#6544 = DIRECTION('',(0.,2.306813132948E-16,-1.));
#6545 = ADVANCED_FACE('',(#6546),#6557,.T.);
#6546 = FACE_BOUND('',#6547,.T.);
#6547 = EDGE_LOOP('',(#6548,#6549,#6555,#6556));
#6548 = ORIENTED_EDGE('',*,*,#5759,.F.);
#6549 = ORIENTED_EDGE('',*,*,#6550,.F.);
#6550 = EDGE_CURVE('',#6472,#5752,#6551,.T.);
#6551 = LINE('',#6552,#6553);
#6552 = CARTESIAN_POINT('',(-4.25,2.35,-1.68));
#6553 = VECTOR('',#6554,1.);
#6554 = DIRECTION('',(-1.,-0.,-0.));
#6555 = ORIENTED_EDGE('',*,*,#6471,.T.);
#6556 = ORIENTED_EDGE('',*,*,#6533,.T.);
#6557 = PLANE('',#6558);
#6558 = AXIS2_PLACEMENT_3D('',#6559,#6560,#6561);
#6559 = CARTESIAN_POINT('',(-4.25,2.3,-1.68));
#6560 = DIRECTION('',(0.,0.,-1.));
#6561 = DIRECTION('',(-1.,0.,-0.));
#6562 = ADVANCED_FACE('',(#6563),#6569,.T.);
#6563 = FACE_BOUND('',#6564,.T.);
#6564 = EDGE_LOOP('',(#6565,#6566,#6567,#6568));
#6565 = ORIENTED_EDGE('',*,*,#5751,.F.);
#6566 = ORIENTED_EDGE('',*,*,#6373,.F.);
#6567 = ORIENTED_EDGE('',*,*,#6479,.T.);
#6568 = ORIENTED_EDGE('',*,*,#6550,.T.);
#6569 = PLANE('',#6570);
#6570 = AXIS2_PLACEMENT_3D('',#6571,#6572,#6573);
#6571 = CARTESIAN_POINT('',(-4.25,2.35,-1.8));
#6572 = DIRECTION('',(-0.,1.,0.));
#6573 = DIRECTION('',(0.,0.,1.));
#6574 = ADVANCED_FACE('',(#6575),#6586,.T.);
#6575 = FACE_BOUND('',#6576,.T.);
#6576 = EDGE_LOOP('',(#6577,#6578,#6584,#6585));
#6577 = ORIENTED_EDGE('',*,*,#5815,.F.);
#6578 = ORIENTED_EDGE('',*,*,#6579,.F.);
#6579 = EDGE_CURVE('',#6416,#5808,#6580,.T.);
#6580 = LINE('',#6581,#6582);
#6581 = CARTESIAN_POINT('',(-4.25,2.35,1.68));
#6582 = VECTOR('',#6583,1.);
#6583 = DIRECTION('',(-1.,-0.,-0.));
#6584 = ORIENTED_EDGE('',*,*,#6415,.T.);
#6585 = ORIENTED_EDGE('',*,*,#6398,.T.);
#6586 = PLANE('',#6587);
#6587 = AXIS2_PLACEMENT_3D('',#6588,#6589,#6590);
#6588 = CARTESIAN_POINT('',(-4.25,2.35,-1.8));
#6589 = DIRECTION('',(-0.,1.,0.));
#6590 = DIRECTION('',(0.,0.,1.));
#6591 = ADVANCED_FACE('',(#6592),#6603,.T.);
#6592 = FACE_BOUND('',#6593,.T.);
#6593 = EDGE_LOOP('',(#6594,#6595,#6601,#6602));
#6594 = ORIENTED_EDGE('',*,*,#5807,.F.);
#6595 = ORIENTED_EDGE('',*,*,#6596,.F.);
#6596 = EDGE_CURVE('',#6424,#5800,#6597,.T.);
#6597 = LINE('',#6598,#6599);
#6598 = CARTESIAN_POINT('',(-4.25,1.6,1.68));
#6599 = VECTOR('',#6600,1.);
#6600 = DIRECTION('',(-1.,-0.,-0.));
#6601 = ORIENTED_EDGE('',*,*,#6423,.T.);
#6602 = ORIENTED_EDGE('',*,*,#6579,.T.);
#6603 = PLANE('',#6604);
#6604 = AXIS2_PLACEMENT_3D('',#6605,#6606,#6607);
#6605 = CARTESIAN_POINT('',(-4.25,2.3,1.68));
#6606 = DIRECTION('',(0.,0.,1.));
#6607 = DIRECTION('',(1.,0.,-0.));
#6608 = ADVANCED_FACE('',(#6609),#6620,.T.);
#6609 = FACE_BOUND('',#6610,.T.);
#6610 = EDGE_LOOP('',(#6611,#6612,#6618,#6619));
#6611 = ORIENTED_EDGE('',*,*,#5799,.F.);
#6612 = ORIENTED_EDGE('',*,*,#6613,.F.);
#6613 = EDGE_CURVE('',#6432,#5792,#6614,.T.);
#6614 = LINE('',#6615,#6616);
#6615 = CARTESIAN_POINT('',(-4.25,1.6,0.74));
#6616 = VECTOR('',#6617,1.);
#6617 = DIRECTION('',(-1.,-0.,-0.));
#6618 = ORIENTED_EDGE('',*,*,#6431,.T.);
#6619 = ORIENTED_EDGE('',*,*,#6596,.T.);
#6620 = PLANE('',#6621);
#6621 = AXIS2_PLACEMENT_3D('',#6622,#6623,#6624);
#6622 = CARTESIAN_POINT('',(-4.25,1.6,-1.8));
#6623 = DIRECTION('',(0.,-1.,-2.306813132948E-16));
#6624 = DIRECTION('',(0.,2.306813132948E-16,-1.));
#6625 = ADVANCED_FACE('',(#6626),#6632,.T.);
#6626 = FACE_BOUND('',#6627,.T.);
#6627 = EDGE_LOOP('',(#6628,#6629,#6630,#6631));
#6628 = ORIENTED_EDGE('',*,*,#5791,.F.);
#6629 = ORIENTED_EDGE('',*,*,#6501,.F.);
#6630 = ORIENTED_EDGE('',*,*,#6439,.T.);
#6631 = ORIENTED_EDGE('',*,*,#6613,.T.);
#6632 = PLANE('',#6633);
#6633 = AXIS2_PLACEMENT_3D('',#6634,#6635,#6636);
#6634 = CARTESIAN_POINT('',(-4.25,3.261482708509,-0.654149527917));
#6635 = DIRECTION('',(0.,-0.642787609687,-0.766044443119));
#6636 = DIRECTION('',(0.,0.766044443119,-0.642787609687));
#6637 = ( GEOMETRIC_REPRESENTATION_CONTEXT(3) 
GLOBAL_UNCERTAINTY_ASSIGNED_CONTEXT((#6641)) 
GLOBAL_UNIT_ASSIGNED_CONTEXT((#6638,#6639,#6640)) REPRESENTATION_CONTEXT
('Context #1','3D Context with UNIT and UNCERTAINTY') );
#6638 = ( LENGTH_UNIT() NAMED_UNIT(*) SI_UNIT(.MILLI.,.METRE.) );
#6639 = ( NAMED_UNIT(*) PLANE_ANGLE_UNIT() SI_UNIT($,.RADIAN.) );
#6640 = ( NAMED_UNIT(*) SI_UNIT($,.STERADIAN.) SOLID_ANGLE_UNIT() );
#6641 = UNCERTAINTY_MEASURE_WITH_UNIT(LENGTH_MEASURE(1.E-07),#6638,
  'distance_accuracy_value','confusion accuracy');
#6642 = CONTEXT_DEPENDENT_SHAPE_REPRESENTATION(#6643,#6645);
#6643 = ( REPRESENTATION_RELATIONSHIP('','',#5164,#32) 
REPRESENTATION_RELATIONSHIP_WITH_TRANSFORMATION(#6644) 
SHAPE_REPRESENTATION_RELATIONSHIP() );
#6644 = ITEM_DEFINED_TRANSFORMATION('','',#11,#61);
#6645 = PRODUCT_DEFINITION_SHAPE('Placement','Placement of an item',
  #6646);
#6646 = NEXT_ASSEMBLY_USAGE_OCCURRENCE('8','JS202011CQN007','',#27,#5159
  ,$);
#6647 = PRODUCT_RELATED_PRODUCT_CATEGORY('part',$,(#5161));
#6648 = MECHANICAL_DESIGN_GEOMETRIC_PRESENTATION_REPRESENTATION('',(
    #6649),#5146);
#6649 = STYLED_ITEM('color',(#6650),#4864);
#6650 = PRESENTATION_STYLE_ASSIGNMENT((#6651,#6657));
#6651 = SURFACE_STYLE_USAGE(.BOTH.,#6652);
#6652 = SURFACE_SIDE_STYLE('',(#6653));
#6653 = SURFACE_STYLE_FILL_AREA(#6654);
#6654 = FILL_AREA_STYLE('',(#6655));
#6655 = FILL_AREA_STYLE_COLOUR('',#6656);
#6656 = COLOUR_RGB('',0.792156867455,0.819607860991,0.933333342953);
#6657 = CURVE_STYLE('',#6658,POSITIVE_LENGTH_MEASURE(0.1),#6659);
#6658 = DRAUGHTING_PRE_DEFINED_CURVE_FONT('continuous');
#6659 = COLOUR_RGB('',9.803921802644E-02,9.803921802644E-02,
  9.803921802644E-02);
#6660 = MECHANICAL_DESIGN_GEOMETRIC_PRESENTATION_REPRESENTATION('',(
    #6661),#4845);
#6661 = STYLED_ITEM('color',(#6662),#4563);
#6662 = PRESENTATION_STYLE_ASSIGNMENT((#6663,#6668));
#6663 = SURFACE_STYLE_USAGE(.BOTH.,#6664);
#6664 = SURFACE_SIDE_STYLE('',(#6665));
#6665 = SURFACE_STYLE_FILL_AREA(#6666);
#6666 = FILL_AREA_STYLE('',(#6667));
#6667 = FILL_AREA_STYLE_COLOUR('',#6656);
#6668 = CURVE_STYLE('',#6669,POSITIVE_LENGTH_MEASURE(0.1),#6659);
#6669 = DRAUGHTING_PRE_DEFINED_CURVE_FONT('continuous');
#6670 = MECHANICAL_DESIGN_GEOMETRIC_PRESENTATION_REPRESENTATION('',(
    #6671),#3340);
#6671 = STYLED_ITEM('color',(#6672),#84);
#6672 = PRESENTATION_STYLE_ASSIGNMENT((#6673,#6679));
#6673 = SURFACE_STYLE_USAGE(.BOTH.,#6674);
#6674 = SURFACE_SIDE_STYLE('',(#6675));
#6675 = SURFACE_STYLE_FILL_AREA(#6676);
#6676 = FILL_AREA_STYLE('',(#6677));
#6677 = FILL_AREA_STYLE_COLOUR('',#6678);
#6678 = COLOUR_RGB('',0.25098037884,0.25098037884,0.25098037884);
#6679 = CURVE_STYLE('',#6680,POSITIVE_LENGTH_MEASURE(0.1),#6659);
#6680 = DRAUGHTING_PRE_DEFINED_CURVE_FONT('continuous');
#6681 = MECHANICAL_DESIGN_GEOMETRIC_PRESENTATION_REPRESENTATION('',(
    #6682),#3641);
#6682 = STYLED_ITEM('color',(#6683),#3359);
#6683 = PRESENTATION_STYLE_ASSIGNMENT((#6684,#6689));
#6684 = SURFACE_STYLE_USAGE(.BOTH.,#6685);
#6685 = SURFACE_SIDE_STYLE('',(#6686));
#6686 = SURFACE_STYLE_FILL_AREA(#6687);
#6687 = FILL_AREA_STYLE('',(#6688));
#6688 = FILL_AREA_STYLE_COLOUR('',#6656);
#6689 = CURVE_STYLE('',#6690,POSITIVE_LENGTH_MEASURE(0.1),#6659);
#6690 = DRAUGHTING_PRE_DEFINED_CURVE_FONT('continuous');
#6691 = MECHANICAL_DESIGN_GEOMETRIC_PRESENTATION_REPRESENTATION('',(
    #6692),#4544);
#6692 = STYLED_ITEM('color',(#6693),#4262);
#6693 = PRESENTATION_STYLE_ASSIGNMENT((#6694,#6699));
#6694 = SURFACE_STYLE_USAGE(.BOTH.,#6695);
#6695 = SURFACE_SIDE_STYLE('',(#6696));
#6696 = SURFACE_STYLE_FILL_AREA(#6697);
#6697 = FILL_AREA_STYLE('',(#6698));
#6698 = FILL_AREA_STYLE_COLOUR('',#6656);
#6699 = CURVE_STYLE('',#6700,POSITIVE_LENGTH_MEASURE(0.1),#6659);
#6700 = DRAUGHTING_PRE_DEFINED_CURVE_FONT('continuous');
#6701 = MECHANICAL_DESIGN_GEOMETRIC_PRESENTATION_REPRESENTATION('',(
    #6702),#4243);
#6702 = STYLED_ITEM('color',(#6703),#3961);
#6703 = PRESENTATION_STYLE_ASSIGNMENT((#6704,#6709));
#6704 = SURFACE_STYLE_USAGE(.BOTH.,#6705);
#6705 = SURFACE_SIDE_STYLE('',(#6706));
#6706 = SURFACE_STYLE_FILL_AREA(#6707);
#6707 = FILL_AREA_STYLE('',(#6708));
#6708 = FILL_AREA_STYLE_COLOUR('',#6656);
#6709 = CURVE_STYLE('',#6710,POSITIVE_LENGTH_MEASURE(0.1),#6659);
#6710 = DRAUGHTING_PRE_DEFINED_CURVE_FONT('continuous');
#6711 = MECHANICAL_DESIGN_GEOMETRIC_PRESENTATION_REPRESENTATION('',(
    #6712),#6637);
#6712 = STYLED_ITEM('color',(#6713),#5165);
#6713 = PRESENTATION_STYLE_ASSIGNMENT((#6714,#6720));
#6714 = SURFACE_STYLE_USAGE(.BOTH.,#6715);
#6715 = SURFACE_SIDE_STYLE('',(#6716));
#6716 = SURFACE_STYLE_FILL_AREA(#6717);
#6717 = FILL_AREA_STYLE('',(#6718));
#6718 = FILL_AREA_STYLE_COLOUR('',#6719);
#6719 = COLOUR_RGB('',0.752941202324,0.752941202324,0.752941202324);
#6720 = CURVE_STYLE('',#6721,POSITIVE_LENGTH_MEASURE(0.1),#6659);
#6721 = DRAUGHTING_PRE_DEFINED_CURVE_FONT('continuous');
#6722 = MECHANICAL_DESIGN_GEOMETRIC_PRESENTATION_REPRESENTATION('',(
    #6723),#3942);
#6723 = STYLED_ITEM('color',(#6724),#3660);
#6724 = PRESENTATION_STYLE_ASSIGNMENT((#6725,#6730));
#6725 = SURFACE_STYLE_USAGE(.BOTH.,#6726);
#6726 = SURFACE_SIDE_STYLE('',(#6727));
#6727 = SURFACE_STYLE_FILL_AREA(#6728);
#6728 = FILL_AREA_STYLE('',(#6729));
#6729 = FILL_AREA_STYLE_COLOUR('',#6656);
#6730 = CURVE_STYLE('',#6731,POSITIVE_LENGTH_MEASURE(0.1),#6659);
#6731 = DRAUGHTING_PRE_DEFINED_CURVE_FONT('continuous');
ENDSEC;
END-ISO-10303-21;
