ISO-10303-21;
HEADER;
FILE_DESCRIPTION(('FreeCAD Model'),'2;1');
FILE_NAME('Open CASCADE Shape Model','2025-11-30T20:25:55',(''),(''),
  'Open CASCADE STEP processor 7.8','FreeCAD','Unknown');
FILE_SCHEMA(('AUTOMOTIVE_DESIGN { 1 0 10303 214 1 1 1 1 }'));
ENDSEC;
DATA;
#1 = APPLICATION_PROTOCOL_DEFINITION('international standard',
  'automotive_design',2000,#2);
#2 = APPLICATION_CONTEXT(
  'core data for automotive mechanical design processes');
#3 = SHAPE_DEFINITION_REPRESENTATION(#4,#10);
#4 = PRODUCT_DEFINITION_SHAPE('','',#5);
#5 = PRODUCT_DEFINITION('design','',#6,#9);
#6 = PRODUCT_DEFINITION_FORMATION('','',#7);
#7 = PRODUCT('Assembly','Assembly','',(#8));
#8 = PRODUCT_CONTEXT('',#2,'mechanical');
#9 = PRODUCT_DEFINITION_CONTEXT('part definition',#2,'design');
#10 = SHAPE_REPRESENTATION('',(#11,#15),#19);
#11 = AXIS2_PLACEMENT_3D('',#12,#13,#14);
#12 = CARTESIAN_POINT('',(0.,0.,0.));
#13 = DIRECTION('',(0.,0.,1.));
#14 = DIRECTION('',(1.,0.,-0.));
#15 = AXIS2_PLACEMENT_3D('',#16,#17,#18);
#16 = CARTESIAN_POINT('',(0.,0.,0.));
#17 = DIRECTION('',(0.,-1.,-2.22044604925E-16));
#18 = DIRECTION('',(1.,0.,0.));
#19 = ( GEOMETRIC_REPRESENTATION_CONTEXT(3) 
GLOBAL_UNCERTAINTY_ASSIGNED_CONTEXT((#23)) GLOBAL_UNIT_ASSIGNED_CONTEXT(
(#20,#21,#22)) REPRESENTATION_CONTEXT('Context #1',
  '3D Context with UNIT and UNCERTAINTY') );
#20 = ( LENGTH_UNIT() NAMED_UNIT(*) SI_UNIT(.MILLI.,.METRE.) );
#21 = ( NAMED_UNIT(*) PLANE_ANGLE_UNIT() SI_UNIT($,.RADIAN.) );
#22 = ( NAMED_UNIT(*) SI_UNIT($,.STERADIAN.) SOLID_ANGLE_UNIT() );
#23 = UNCERTAINTY_MEASURE_WITH_UNIT(LENGTH_MEASURE(1.E-07),#20,
  'distance_accuracy_value','confusion accuracy');
#24 = PRODUCT_RELATED_PRODUCT_CATEGORY('part',$,(#7));
#25 = SHAPE_DEFINITION_REPRESENTATION(#26,#32);
#26 = PRODUCT_DEFINITION_SHAPE('','',#27);
#27 = PRODUCT_DEFINITION('design','',#28,#31);
#28 = PRODUCT_DEFINITION_FORMATION('','',#29);
#29 = PRODUCT('B5B-PH-SM4-TB(LF)(SN)','B5B-PH-SM4-TB(LF)(SN)','',(#30));
#30 = PRODUCT_CONTEXT('',#2,'mechanical');
#31 = PRODUCT_DEFINITION_CONTEXT('part definition',#2,'design');
#32 = SHAPE_REPRESENTATION('',(#11,#33,#37,#41,#45,#49,#53,#57,#61),#65
  );
#33 = AXIS2_PLACEMENT_3D('',#34,#35,#36);
#34 = CARTESIAN_POINT('',(-1.,0.,2.25));
#35 = DIRECTION('',(0.,0.,1.));
#36 = DIRECTION('',(1.,0.,0.));
#37 = AXIS2_PLACEMENT_3D('',#38,#39,#40);
#38 = CARTESIAN_POINT('',(1.,1.97230818061E-14,2.25));
#39 = DIRECTION('',(0.,0.,1.));
#40 = DIRECTION('',(1.,0.,0.));
#41 = AXIS2_PLACEMENT_3D('',#42,#43,#44);
#42 = CARTESIAN_POINT('',(-7.,-2.168404344971E-15,2.25));
#43 = DIRECTION('',(0.,0.,1.));
#44 = DIRECTION('',(1.,0.,0.));
#45 = AXIS2_PLACEMENT_3D('',#46,#47,#48);
#46 = CARTESIAN_POINT('',(-5.,-2.168404344971E-15,2.25));
#47 = DIRECTION('',(0.,0.,1.));
#48 = DIRECTION('',(1.,0.,0.));
#49 = AXIS2_PLACEMENT_3D('',#50,#51,#52);
#50 = CARTESIAN_POINT('',(-3.,-2.168404344971E-15,2.25));
#51 = DIRECTION('',(0.,0.,1.));
#52 = DIRECTION('',(1.,0.,0.));
#53 = AXIS2_PLACEMENT_3D('',#54,#55,#56);
#54 = CARTESIAN_POINT('',(-1.,-2.168404344971E-15,2.25));
#55 = DIRECTION('',(0.,0.,1.));
#56 = DIRECTION('',(1.,0.,0.));
#57 = AXIS2_PLACEMENT_3D('',#58,#59,#60);
#58 = CARTESIAN_POINT('',(1.,-2.168404344971E-15,2.25));
#59 = DIRECTION('',(0.,0.,1.));
#60 = DIRECTION('',(1.,0.,0.));
#61 = AXIS2_PLACEMENT_3D('',#62,#63,#64);
#62 = CARTESIAN_POINT('',(-1.,1.951563910474E-14,-2.25));
#63 = DIRECTION('',(0.,0.,-1.));
#64 = DIRECTION('',(-1.,0.,0.));
#65 = ( GEOMETRIC_REPRESENTATION_CONTEXT(3) 
GLOBAL_UNCERTAINTY_ASSIGNED_CONTEXT((#69)) GLOBAL_UNIT_ASSIGNED_CONTEXT(
(#66,#67,#68)) REPRESENTATION_CONTEXT('Context #1',
  '3D Context with UNIT and UNCERTAINTY') );
#66 = ( LENGTH_UNIT() NAMED_UNIT(*) SI_UNIT(.MILLI.,.METRE.) );
#67 = ( NAMED_UNIT(*) PLANE_ANGLE_UNIT() SI_UNIT($,.RADIAN.) );
#68 = ( NAMED_UNIT(*) SI_UNIT($,.STERADIAN.) SOLID_ANGLE_UNIT() );
#69 = UNCERTAINTY_MEASURE_WITH_UNIT(LENGTH_MEASURE(1.E-07),#66,
  'distance_accuracy_value','confusion accuracy');
#70 = CONTEXT_DEPENDENT_SHAPE_REPRESENTATION(#71,#73);
#71 = ( REPRESENTATION_RELATIONSHIP('','',#32,#10) 
REPRESENTATION_RELATIONSHIP_WITH_TRANSFORMATION(#72) 
SHAPE_REPRESENTATION_RELATIONSHIP() );
#72 = ITEM_DEFINED_TRANSFORMATION('','',#11,#15);
#73 = PRODUCT_DEFINITION_SHAPE('Placement','Placement of an item',#74);
#74 = NEXT_ASSEMBLY_USAGE_OCCURRENCE('9','B5B-PH-SM4-TB(LF)(SN)','',#5,
  #27,$);
#75 = PRODUCT_RELATED_PRODUCT_CATEGORY('part',$,(#29));
#76 = SHAPE_DEFINITION_REPRESENTATION(#77,#83);
#77 = PRODUCT_DEFINITION_SHAPE('','',#78);
#78 = PRODUCT_DEFINITION('design','',#79,#82);
#79 = PRODUCT_DEFINITION_FORMATION('','',#80);
#80 = PRODUCT('BxB-PH-SM4 body_5','BxB-PH-SM4 body_5','',(#81));
#81 = PRODUCT_CONTEXT('',#2,'mechanical');
#82 = PRODUCT_DEFINITION_CONTEXT('part definition',#2,'design');
#83 = ADVANCED_BREP_SHAPE_REPRESENTATION('',(#11,#84),#6029);
#84 = MANIFOLD_SOLID_BREP('',#85);
#85 = CLOSED_SHELL('',(#86,#126,#166,#238,#326,#364,#404,#460,#539,#652,
    #676,#732,#788,#888,#936,#960,#984,#1008,#1032,#1057,#1097,#1128,
    #1159,#1184,#1451,#1546,#1620,#1637,#1677,#1980,#2011,#2060,#2258,
    #2270,#2381,#2413,#2437,#2461,#2485,#2509,#2543,#2567,#2591,#2638,
    #2655,#2672,#2684,#2731,#2755,#2795,#2814,#2831,#2843,#2868,#2892,
    #2910,#2927,#2973,#2997,#3014,#3026,#3049,#3071,#3088,#3105,#3117,
    #3141,#3158,#3170,#3182,#3223,#3263,#3294,#3325,#3347,#3387,#3424,
    #3455,#3486,#3517,#3535,#3557,#3579,#3595,#3612,#3763,#3775,#3788,
    #3816,#3840,#3857,#3874,#3914,#3945,#3969,#3993,#4033,#4064,#4095,
    #4117,#4198,#4238,#4269,#4293,#4339,#4370,#4402,#4426,#4451,#4482,
    #4506,#4537,#4568,#4585,#4606,#4637,#4659,#4681,#4702,#4719,#4731,
    #4748,#4765,#4782,#4799,#4817,#4848,#4876,#4900,#4917,#4934,#4959,
    #4991,#5015,#5039,#5056,#5079,#5096,#5113,#5130,#5147,#5162,#5183,
    #5200,#5224,#5255,#5279,#5303,#5320,#5360,#5397,#5419,#5450,#5481,
    #5499,#5521,#5543,#5559,#5571,#5583,#5596,#5624,#5648,#5665,#5682,
    #5713,#5737,#5761,#5778,#5818,#5855,#5877,#5890,#5912,#5934,#5950,
    #5962,#5974,#5987,#6003,#6016));
#86 = ADVANCED_FACE('',(#87),#121,.F.);
#87 = FACE_BOUND('',#88,.T.);
#88 = EDGE_LOOP('',(#89,#99,#107,#115));
#89 = ORIENTED_EDGE('',*,*,#90,.F.);
#90 = EDGE_CURVE('',#91,#93,#95,.T.);
#91 = VERTEX_POINT('',#92);
#92 = CARTESIAN_POINT('',(2.241956087166,2.5,-3.95));
#93 = VERTEX_POINT('',#94);
#94 = CARTESIAN_POINT('',(2.2,1.9,-3.95));
#95 = LINE('',#96,#97);
#96 = CARTESIAN_POINT('',(2.187835085927,1.7260336238,-3.95));
#97 = VECTOR('',#98,1.);
#98 = DIRECTION('',(-6.975647374413E-02,-0.99756405026,
    -4.775030278723E-16));
#99 = ORIENTED_EDGE('',*,*,#100,.F.);
#100 = EDGE_CURVE('',#101,#91,#103,.T.);
#101 = VERTEX_POINT('',#102);
#102 = CARTESIAN_POINT('',(1.758043912834,2.5,-3.95));
#103 = LINE('',#104,#105);
#104 = CARTESIAN_POINT('',(-1.8,2.5,-3.95));
#105 = VECTOR('',#106,1.);
#106 = DIRECTION('',(1.,0.,2.323290369612E-15));
#107 = ORIENTED_EDGE('',*,*,#108,.F.);
#108 = EDGE_CURVE('',#109,#101,#111,.T.);
#109 = VERTEX_POINT('',#110);
#110 = CARTESIAN_POINT('',(1.8,1.9,-3.95));
#111 = LINE('',#112,#113);
#112 = CARTESIAN_POINT('',(1.78004954092,2.185304856968,-3.95));
#113 = VECTOR('',#114,1.);
#114 = DIRECTION('',(-6.975647374413E-02,0.99756405026,
    -4.775030278723E-16));
#115 = ORIENTED_EDGE('',*,*,#116,.F.);
#116 = EDGE_CURVE('',#93,#109,#117,.T.);
#117 = LINE('',#118,#119);
#118 = CARTESIAN_POINT('',(7.8,1.9,-3.95));
#119 = VECTOR('',#120,1.);
#120 = DIRECTION('',(-1.,0.,-6.982962677686E-15));
#121 = PLANE('',#122);
#122 = AXIS2_PLACEMENT_3D('',#123,#124,#125);
#123 = CARTESIAN_POINT('',(-4.3,1.9,-3.95));
#124 = DIRECTION('',(6.845286211339E-15,0.,-1.));
#125 = DIRECTION('',(0.,-1.,0.));
#126 = ADVANCED_FACE('',(#127),#161,.F.);
#127 = FACE_BOUND('',#128,.T.);
#128 = EDGE_LOOP('',(#129,#139,#147,#155));
#129 = ORIENTED_EDGE('',*,*,#130,.F.);
#130 = EDGE_CURVE('',#131,#133,#135,.T.);
#131 = VERTEX_POINT('',#132);
#132 = CARTESIAN_POINT('',(0.241956087166,2.5,-3.95));
#133 = VERTEX_POINT('',#134);
#134 = CARTESIAN_POINT('',(0.2,1.9,-3.95));
#135 = LINE('',#136,#137);
#136 = CARTESIAN_POINT('',(0.187835085927,1.7260336238,-3.95));
#137 = VECTOR('',#138,1.);
#138 = DIRECTION('',(-6.975647374413E-02,-0.99756405026,
    -4.775030278723E-16));
#139 = ORIENTED_EDGE('',*,*,#140,.F.);
#140 = EDGE_CURVE('',#141,#131,#143,.T.);
#141 = VERTEX_POINT('',#142);
#142 = CARTESIAN_POINT('',(-0.241956087166,2.5,-3.95));
#143 = LINE('',#144,#145);
#144 = CARTESIAN_POINT('',(-1.8,2.5,-3.95));
#145 = VECTOR('',#146,1.);
#146 = DIRECTION('',(1.,0.,2.323290369612E-15));
#147 = ORIENTED_EDGE('',*,*,#148,.F.);
#148 = EDGE_CURVE('',#149,#141,#151,.T.);
#149 = VERTEX_POINT('',#150);
#150 = CARTESIAN_POINT('',(-0.2,1.9,-3.95));
#151 = LINE('',#152,#153);
#152 = CARTESIAN_POINT('',(-0.21995045908,2.185304856968,-3.95));
#153 = VECTOR('',#154,1.);
#154 = DIRECTION('',(-6.975647374413E-02,0.99756405026,
    -4.775030278723E-16));
#155 = ORIENTED_EDGE('',*,*,#156,.F.);
#156 = EDGE_CURVE('',#133,#149,#157,.T.);
#157 = LINE('',#158,#159);
#158 = CARTESIAN_POINT('',(5.8,1.9,-3.95));
#159 = VECTOR('',#160,1.);
#160 = DIRECTION('',(-1.,0.,-6.982962677686E-15));
#161 = PLANE('',#162);
#162 = AXIS2_PLACEMENT_3D('',#163,#164,#165);
#163 = CARTESIAN_POINT('',(-4.3,1.9,-3.95));
#164 = DIRECTION('',(6.845286211339E-15,0.,-1.));
#165 = DIRECTION('',(0.,-1.,0.));
#166 = ADVANCED_FACE('',(#167),#233,.F.);
#167 = FACE_BOUND('',#168,.T.);
#168 = EDGE_LOOP('',(#169,#179,#187,#195,#203,#211,#219,#227));
#169 = ORIENTED_EDGE('',*,*,#170,.F.);
#170 = EDGE_CURVE('',#171,#173,#175,.T.);
#171 = VERTEX_POINT('',#172);
#172 = CARTESIAN_POINT('',(3.8,2.5,-3.95));
#173 = VERTEX_POINT('',#174);
#174 = CARTESIAN_POINT('',(3.8,6.4,-3.95));
#175 = LINE('',#176,#177);
#176 = CARTESIAN_POINT('',(3.8,-3.156854249492,-3.95));
#177 = VECTOR('',#178,1.);
#178 = DIRECTION('',(-0.,1.,-0.));
#179 = ORIENTED_EDGE('',*,*,#180,.F.);
#180 = EDGE_CURVE('',#181,#171,#183,.T.);
#181 = VERTEX_POINT('',#182);
#182 = CARTESIAN_POINT('',(3.758043912834,2.5,-3.95));
#183 = LINE('',#184,#185);
#184 = CARTESIAN_POINT('',(-1.8,2.5,-3.95));
#185 = VECTOR('',#186,1.);
#186 = DIRECTION('',(1.,0.,2.323290369612E-15));
#187 = ORIENTED_EDGE('',*,*,#188,.F.);
#188 = EDGE_CURVE('',#189,#181,#191,.T.);
#189 = VERTEX_POINT('',#190);
#190 = CARTESIAN_POINT('',(3.8,1.9,-3.95));
#191 = LINE('',#192,#193);
#192 = CARTESIAN_POINT('',(3.78004954092,2.185304856968,-3.95));
#193 = VECTOR('',#194,1.);
#194 = DIRECTION('',(-6.975647374413E-02,0.99756405026,
    -4.775030278723E-16));
#195 = ORIENTED_EDGE('',*,*,#196,.T.);
#196 = EDGE_CURVE('',#189,#197,#199,.T.);
#197 = VERTEX_POINT('',#198);
#198 = CARTESIAN_POINT('',(4.2,1.9,-3.95));
#199 = LINE('',#200,#201);
#200 = CARTESIAN_POINT('',(6.3,1.9,-3.95));
#201 = VECTOR('',#202,1.);
#202 = DIRECTION('',(1.,0.,7.120639144034E-15));
#203 = ORIENTED_EDGE('',*,*,#204,.T.);
#204 = EDGE_CURVE('',#197,#205,#207,.T.);
#205 = VERTEX_POINT('',#206);
#206 = CARTESIAN_POINT('',(4.241956087166,2.5,-3.95));
#207 = LINE('',#208,#209);
#208 = CARTESIAN_POINT('',(4.210218527821,2.046131756008,-3.95));
#209 = VECTOR('',#210,1.);
#210 = DIRECTION('',(6.975647374413E-02,0.99756405026,4.967106774922E-16
    ));
#211 = ORIENTED_EDGE('',*,*,#212,.T.);
#212 = EDGE_CURVE('',#205,#213,#215,.T.);
#213 = VERTEX_POINT('',#214);
#214 = CARTESIAN_POINT('',(5.3,2.5,-3.95));
#215 = LINE('',#216,#217);
#216 = CARTESIAN_POINT('',(6.3,2.5,-3.95));
#217 = VECTOR('',#218,1.);
#218 = DIRECTION('',(1.,0.,7.120639144034E-15));
#219 = ORIENTED_EDGE('',*,*,#220,.T.);
#220 = EDGE_CURVE('',#213,#221,#223,.T.);
#221 = VERTEX_POINT('',#222);
#222 = CARTESIAN_POINT('',(5.3,6.4,-3.95));
#223 = LINE('',#224,#225);
#224 = CARTESIAN_POINT('',(5.3,0.891585402724,-3.95));
#225 = VECTOR('',#226,1.);
#226 = DIRECTION('',(0.,1.,0.));
#227 = ORIENTED_EDGE('',*,*,#228,.T.);
#228 = EDGE_CURVE('',#221,#173,#229,.T.);
#229 = LINE('',#230,#231);
#230 = CARTESIAN_POINT('',(-4.3,6.4,-3.95));
#231 = VECTOR('',#232,1.);
#232 = DIRECTION('',(-1.,0.,-6.845286211339E-15));
#233 = PLANE('',#234);
#234 = AXIS2_PLACEMENT_3D('',#235,#236,#237);
#235 = CARTESIAN_POINT('',(-4.3,1.9,-3.95));
#236 = DIRECTION('',(6.845286211339E-15,0.,-1.));
#237 = DIRECTION('',(0.,-1.,0.));
#238 = ADVANCED_FACE('',(#239),#321,.T.);
#239 = FACE_BOUND('',#240,.T.);
#240 = EDGE_LOOP('',(#241,#251,#259,#267,#275,#283,#291,#299,#307,#315)
  );
#241 = ORIENTED_EDGE('',*,*,#242,.F.);
#242 = EDGE_CURVE('',#243,#245,#247,.T.);
#243 = VERTEX_POINT('',#244);
#244 = CARTESIAN_POINT('',(3.8,6.75,-4.152072594216));
#245 = VERTEX_POINT('',#246);
#246 = CARTESIAN_POINT('',(3.8,6.75,-4.75));
#247 = LINE('',#248,#249);
#248 = CARTESIAN_POINT('',(3.8,6.75,-4.75));
#249 = VECTOR('',#250,1.);
#250 = DIRECTION('',(-1.084202172486E-15,-0.,-1.));
#251 = ORIENTED_EDGE('',*,*,#252,.T.);
#252 = EDGE_CURVE('',#243,#253,#255,.T.);
#253 = VERTEX_POINT('',#254);
#254 = CARTESIAN_POINT('',(6.3,6.75,-4.152072594216));
#255 = LINE('',#256,#257);
#256 = CARTESIAN_POINT('',(8.3,6.75,-4.152072594216));
#257 = VECTOR('',#258,1.);
#258 = DIRECTION('',(1.,0.,6.845286211339E-15));
#259 = ORIENTED_EDGE('',*,*,#260,.T.);
#260 = EDGE_CURVE('',#253,#261,#263,.T.);
#261 = VERTEX_POINT('',#262);
#262 = CARTESIAN_POINT('',(6.3,6.75,-3.1));
#263 = LINE('',#264,#265);
#264 = CARTESIAN_POINT('',(6.3,6.75,-0.45));
#265 = VECTOR('',#266,1.);
#266 = DIRECTION('',(-6.982962677686E-15,0.,1.));
#267 = ORIENTED_EDGE('',*,*,#268,.T.);
#268 = EDGE_CURVE('',#261,#269,#271,.T.);
#269 = VERTEX_POINT('',#270);
#270 = CARTESIAN_POINT('',(6.85,6.75,-3.1));
#271 = LINE('',#272,#273);
#272 = CARTESIAN_POINT('',(-7.975,6.75,-3.1));
#273 = VECTOR('',#274,1.);
#274 = DIRECTION('',(1.,0.,6.982962677686E-15));
#275 = ORIENTED_EDGE('',*,*,#276,.F.);
#276 = EDGE_CURVE('',#277,#269,#279,.T.);
#277 = VERTEX_POINT('',#278);
#278 = CARTESIAN_POINT('',(6.85,6.75,-4.15));
#279 = LINE('',#280,#281);
#280 = CARTESIAN_POINT('',(6.85,6.75,-0.55));
#281 = VECTOR('',#282,1.);
#282 = DIRECTION('',(-6.982962677686E-15,0.,1.));
#283 = ORIENTED_EDGE('',*,*,#284,.F.);
#284 = EDGE_CURVE('',#285,#277,#287,.T.);
#285 = VERTEX_POINT('',#286);
#286 = CARTESIAN_POINT('',(7.55,6.75,-4.15));
#287 = LINE('',#288,#289);
#288 = CARTESIAN_POINT('',(7.05,6.75,-4.15));
#289 = VECTOR('',#290,1.);
#290 = DIRECTION('',(-1.,0.,-6.982962677686E-15));
#291 = ORIENTED_EDGE('',*,*,#292,.F.);
#292 = EDGE_CURVE('',#293,#285,#295,.T.);
#293 = VERTEX_POINT('',#294);
#294 = CARTESIAN_POINT('',(7.55,6.75,-3.65));
#295 = LINE('',#296,#297);
#296 = CARTESIAN_POINT('',(7.55,6.75,-3.95));
#297 = VECTOR('',#298,1.);
#298 = DIRECTION('',(6.982962677686E-15,0.,-1.));
#299 = ORIENTED_EDGE('',*,*,#300,.F.);
#300 = EDGE_CURVE('',#301,#293,#303,.T.);
#301 = VERTEX_POINT('',#302);
#302 = CARTESIAN_POINT('',(7.975,6.75,-3.65));
#303 = LINE('',#304,#305);
#304 = CARTESIAN_POINT('',(7.35,6.75,-3.65));
#305 = VECTOR('',#306,1.);
#306 = DIRECTION('',(-1.,0.,-6.636017982491E-15));
#307 = ORIENTED_EDGE('',*,*,#308,.F.);
#308 = EDGE_CURVE('',#309,#301,#311,.T.);
#309 = VERTEX_POINT('',#310);
#310 = CARTESIAN_POINT('',(7.975,6.75,-4.75));
#311 = LINE('',#312,#313);
#312 = CARTESIAN_POINT('',(7.975,6.75,-4.75));
#313 = VECTOR('',#314,1.);
#314 = DIRECTION('',(-6.982962677686E-15,0.,1.));
#315 = ORIENTED_EDGE('',*,*,#316,.T.);
#316 = EDGE_CURVE('',#309,#245,#317,.T.);
#317 = LINE('',#318,#319);
#318 = CARTESIAN_POINT('',(-5.975,6.75,-4.75));
#319 = VECTOR('',#320,1.);
#320 = DIRECTION('',(-1.,0.,-6.847012562014E-15));
#321 = PLANE('',#322);
#322 = AXIS2_PLACEMENT_3D('',#323,#324,#325);
#323 = CARTESIAN_POINT('',(2.,6.75,-2.25));
#324 = DIRECTION('',(-0.,1.,0.));
#325 = DIRECTION('',(1.,0.,0.));
#326 = ADVANCED_FACE('',(#327),#359,.T.);
#327 = FACE_BOUND('',#328,.T.);
#328 = EDGE_LOOP('',(#329,#335,#336,#344,#352,#358));
#329 = ORIENTED_EDGE('',*,*,#330,.F.);
#330 = EDGE_CURVE('',#173,#243,#331,.T.);
#331 = LINE('',#332,#333);
#332 = CARTESIAN_POINT('',(3.8,6.4,-3.95));
#333 = VECTOR('',#334,1.);
#334 = DIRECTION('',(-5.421010862428E-16,0.866025403784,-0.5));
#335 = ORIENTED_EDGE('',*,*,#228,.F.);
#336 = ORIENTED_EDGE('',*,*,#337,.T.);
#337 = EDGE_CURVE('',#221,#338,#340,.T.);
#338 = VERTEX_POINT('',#339);
#339 = CARTESIAN_POINT('',(5.3,6.625166604984,-4.08));
#340 = LINE('',#341,#342);
#341 = CARTESIAN_POINT('',(5.3,6.4,-3.95));
#342 = VECTOR('',#343,1.);
#343 = DIRECTION('',(3.491481338843E-15,0.866025403784,-0.5));
#344 = ORIENTED_EDGE('',*,*,#345,.T.);
#345 = EDGE_CURVE('',#338,#346,#348,.T.);
#346 = VERTEX_POINT('',#347);
#347 = CARTESIAN_POINT('',(6.3,6.625166604984,-4.08));
#348 = LINE('',#349,#350);
#349 = CARTESIAN_POINT('',(6.3,6.625166604984,-4.08));
#350 = VECTOR('',#351,1.);
#351 = DIRECTION('',(1.,6.140412844045E-16,6.766122243189E-15));
#352 = ORIENTED_EDGE('',*,*,#353,.T.);
#353 = EDGE_CURVE('',#346,#253,#354,.T.);
#354 = LINE('',#355,#356);
#355 = CARTESIAN_POINT('',(6.3,1.509455543377,-1.126442841485));
#356 = VECTOR('',#357,1.);
#357 = DIRECTION('',(3.491481338843E-15,0.866025403784,-0.5));
#358 = ORIENTED_EDGE('',*,*,#252,.F.);
#359 = PLANE('',#360);
#360 = AXIS2_PLACEMENT_3D('',#361,#362,#363);
#361 = CARTESIAN_POINT('',(-4.3,6.4,-3.95));
#362 = DIRECTION('',(-5.928191755195E-15,0.5,0.866025403784));
#363 = DIRECTION('',(1.,1.185638351039E-14,1.577721810442E-30));
#364 = ADVANCED_FACE('',(#365),#399,.T.);
#365 = FACE_BOUND('',#366,.T.);
#366 = EDGE_LOOP('',(#367,#377,#385,#393));
#367 = ORIENTED_EDGE('',*,*,#368,.F.);
#368 = EDGE_CURVE('',#369,#371,#373,.T.);
#369 = VERTEX_POINT('',#370);
#370 = CARTESIAN_POINT('',(6.3,6.75,-0.305662432703));
#371 = VERTEX_POINT('',#372);
#372 = CARTESIAN_POINT('',(-4.3,6.75,-0.305662432703));
#373 = LINE('',#374,#375);
#374 = CARTESIAN_POINT('',(-4.3,6.75,-0.305662432703));
#375 = VECTOR('',#376,1.);
#376 = DIRECTION('',(-1.,0.,-6.845286211339E-15));
#377 = ORIENTED_EDGE('',*,*,#378,.T.);
#378 = EDGE_CURVE('',#369,#379,#381,.T.);
#379 = VERTEX_POINT('',#380);
#380 = CARTESIAN_POINT('',(6.3,6.5,-0.45));
#381 = LINE('',#382,#383);
#382 = CARTESIAN_POINT('',(6.3,3.05,-2.441858428704));
#383 = VECTOR('',#384,1.);
#384 = DIRECTION('',(3.491481338843E-15,-0.866025403784,-0.5));
#385 = ORIENTED_EDGE('',*,*,#386,.F.);
#386 = EDGE_CURVE('',#387,#379,#389,.T.);
#387 = VERTEX_POINT('',#388);
#388 = CARTESIAN_POINT('',(-4.3,6.5,-0.45));
#389 = LINE('',#390,#391);
#390 = CARTESIAN_POINT('',(8.3,6.5,-0.45));
#391 = VECTOR('',#392,1.);
#392 = DIRECTION('',(1.,0.,6.845286211339E-15));
#393 = ORIENTED_EDGE('',*,*,#394,.F.);
#394 = EDGE_CURVE('',#371,#387,#395,.T.);
#395 = LINE('',#396,#397);
#396 = CARTESIAN_POINT('',(-4.3,3.05,-2.441858428704));
#397 = VECTOR('',#398,1.);
#398 = DIRECTION('',(3.491481338843E-15,-0.866025403784,-0.5));
#399 = PLANE('',#400);
#400 = AXIS2_PLACEMENT_3D('',#401,#402,#403);
#401 = CARTESIAN_POINT('',(-4.3,6.5,-0.45));
#402 = DIRECTION('',(5.928191755195E-15,0.5,-0.866025403784));
#403 = DIRECTION('',(-1.,-3.944304526105E-31,-6.845286211339E-15));
#404 = ADVANCED_FACE('',(#405),#455,.T.);
#405 = FACE_BOUND('',#406,.T.);
#406 = EDGE_LOOP('',(#407,#417,#425,#433,#441,#449));
#407 = ORIENTED_EDGE('',*,*,#408,.F.);
#408 = EDGE_CURVE('',#409,#411,#413,.T.);
#409 = VERTEX_POINT('',#410);
#410 = CARTESIAN_POINT('',(-1.8,6.75,-4.152072594216));
#411 = VERTEX_POINT('',#412);
#412 = CARTESIAN_POINT('',(-1.8,6.4,-3.95));
#413 = LINE('',#414,#415);
#414 = CARTESIAN_POINT('',(-1.8,6.4,-3.95));
#415 = VECTOR('',#416,1.);
#416 = DIRECTION('',(0.,-0.866025403784,0.5));
#417 = ORIENTED_EDGE('',*,*,#418,.F.);
#418 = EDGE_CURVE('',#419,#409,#421,.T.);
#419 = VERTEX_POINT('',#420);
#420 = CARTESIAN_POINT('',(-4.3,6.75,-4.152072594216));
#421 = LINE('',#422,#423);
#422 = CARTESIAN_POINT('',(8.3,6.75,-4.152072594216));
#423 = VECTOR('',#424,1.);
#424 = DIRECTION('',(1.,0.,6.845286211339E-15));
#425 = ORIENTED_EDGE('',*,*,#426,.F.);
#426 = EDGE_CURVE('',#427,#419,#429,.T.);
#427 = VERTEX_POINT('',#428);
#428 = CARTESIAN_POINT('',(-4.3,6.625166604984,-4.08));
#429 = LINE('',#430,#431);
#430 = CARTESIAN_POINT('',(-4.3,1.509455543377,-1.126442841485));
#431 = VECTOR('',#432,1.);
#432 = DIRECTION('',(3.491481338843E-15,0.866025403784,-0.5));
#433 = ORIENTED_EDGE('',*,*,#434,.F.);
#434 = EDGE_CURVE('',#435,#427,#437,.T.);
#435 = VERTEX_POINT('',#436);
#436 = CARTESIAN_POINT('',(-3.3,6.625166604984,-4.08));
#437 = LINE('',#438,#439);
#438 = CARTESIAN_POINT('',(-4.3,6.625166604984,-4.08));
#439 = VECTOR('',#440,1.);
#440 = DIRECTION('',(-1.,6.140412844045E-16,-7.199803112183E-15));
#441 = ORIENTED_EDGE('',*,*,#442,.F.);
#442 = EDGE_CURVE('',#443,#435,#445,.T.);
#443 = VERTEX_POINT('',#444);
#444 = CARTESIAN_POINT('',(-3.3,6.4,-3.95));
#445 = LINE('',#446,#447);
#446 = CARTESIAN_POINT('',(-3.3,6.4,-3.95));
#447 = VECTOR('',#448,1.);
#448 = DIRECTION('',(3.491481338843E-15,0.866025403784,-0.5));
#449 = ORIENTED_EDGE('',*,*,#450,.F.);
#450 = EDGE_CURVE('',#411,#443,#451,.T.);
#451 = LINE('',#452,#453);
#452 = CARTESIAN_POINT('',(-4.3,6.4,-3.95));
#453 = VECTOR('',#454,1.);
#454 = DIRECTION('',(-1.,0.,-6.845286211339E-15));
#455 = PLANE('',#456);
#456 = AXIS2_PLACEMENT_3D('',#457,#458,#459);
#457 = CARTESIAN_POINT('',(-4.3,6.4,-3.95));
#458 = DIRECTION('',(-5.928191755195E-15,0.5,0.866025403784));
#459 = DIRECTION('',(1.,1.185638351039E-14,1.577721810442E-30));
#460 = ADVANCED_FACE('',(#461),#534,.T.);
#461 = FACE_BOUND('',#462,.T.);
#462 = EDGE_LOOP('',(#463,#471,#479,#487,#495,#503,#511,#519,#527,#533)
  );
#463 = ORIENTED_EDGE('',*,*,#464,.F.);
#464 = EDGE_CURVE('',#465,#409,#467,.T.);
#465 = VERTEX_POINT('',#466);
#466 = CARTESIAN_POINT('',(-1.8,6.75,-4.75));
#467 = LINE('',#468,#469);
#468 = CARTESIAN_POINT('',(-1.8,6.75,-4.75));
#469 = VECTOR('',#470,1.);
#470 = DIRECTION('',(0.,0.,1.));
#471 = ORIENTED_EDGE('',*,*,#472,.T.);
#472 = EDGE_CURVE('',#465,#473,#475,.T.);
#473 = VERTEX_POINT('',#474);
#474 = CARTESIAN_POINT('',(-5.975,6.75,-4.75));
#475 = LINE('',#476,#477);
#476 = CARTESIAN_POINT('',(-5.975,6.75,-4.75));
#477 = VECTOR('',#478,1.);
#478 = DIRECTION('',(-1.,0.,-6.847012562014E-15));
#479 = ORIENTED_EDGE('',*,*,#480,.T.);
#480 = EDGE_CURVE('',#473,#481,#483,.T.);
#481 = VERTEX_POINT('',#482);
#482 = CARTESIAN_POINT('',(-5.975,6.75,-3.65));
#483 = LINE('',#484,#485);
#484 = CARTESIAN_POINT('',(-5.975,6.75,-4.75));
#485 = VECTOR('',#486,1.);
#486 = DIRECTION('',(-6.982962677686E-15,0.,1.));
#487 = ORIENTED_EDGE('',*,*,#488,.T.);
#488 = EDGE_CURVE('',#481,#489,#491,.T.);
#489 = VERTEX_POINT('',#490);
#490 = CARTESIAN_POINT('',(-5.55,6.75,-3.65));
#491 = LINE('',#492,#493);
#492 = CARTESIAN_POINT('',(-5.35,6.75,-3.65));
#493 = VECTOR('',#494,1.);
#494 = DIRECTION('',(1.,0.,7.329907372882E-15));
#495 = ORIENTED_EDGE('',*,*,#496,.T.);
#496 = EDGE_CURVE('',#489,#497,#499,.T.);
#497 = VERTEX_POINT('',#498);
#498 = CARTESIAN_POINT('',(-5.55,6.75,-4.15));
#499 = LINE('',#500,#501);
#500 = CARTESIAN_POINT('',(-5.55,6.75,-3.95));
#501 = VECTOR('',#502,1.);
#502 = DIRECTION('',(6.982962677686E-15,0.,-1.));
#503 = ORIENTED_EDGE('',*,*,#504,.T.);
#504 = EDGE_CURVE('',#497,#505,#507,.T.);
#505 = VERTEX_POINT('',#506);
#506 = CARTESIAN_POINT('',(-4.85,6.75,-4.15));
#507 = LINE('',#508,#509);
#508 = CARTESIAN_POINT('',(-5.05,6.75,-4.15));
#509 = VECTOR('',#510,1.);
#510 = DIRECTION('',(1.,0.,6.982962677686E-15));
#511 = ORIENTED_EDGE('',*,*,#512,.T.);
#512 = EDGE_CURVE('',#505,#513,#515,.T.);
#513 = VERTEX_POINT('',#514);
#514 = CARTESIAN_POINT('',(-4.85,6.75,-3.1));
#515 = LINE('',#516,#517);
#516 = CARTESIAN_POINT('',(-4.85,6.75,-0.55));
#517 = VECTOR('',#518,1.);
#518 = DIRECTION('',(-6.982962677686E-15,0.,1.));
#519 = ORIENTED_EDGE('',*,*,#520,.F.);
#520 = EDGE_CURVE('',#521,#513,#523,.T.);
#521 = VERTEX_POINT('',#522);
#522 = CARTESIAN_POINT('',(-4.3,6.75,-3.1));
#523 = LINE('',#524,#525);
#524 = CARTESIAN_POINT('',(9.975,6.75,-3.1));
#525 = VECTOR('',#526,1.);
#526 = DIRECTION('',(-1.,0.,-6.982962677686E-15));
#527 = ORIENTED_EDGE('',*,*,#528,.F.);
#528 = EDGE_CURVE('',#419,#521,#529,.T.);
#529 = LINE('',#530,#531);
#530 = CARTESIAN_POINT('',(-4.3,6.75,-0.45));
#531 = VECTOR('',#532,1.);
#532 = DIRECTION('',(-6.982962677686E-15,0.,1.));
#533 = ORIENTED_EDGE('',*,*,#418,.T.);
#534 = PLANE('',#535);
#535 = AXIS2_PLACEMENT_3D('',#536,#537,#538);
#536 = CARTESIAN_POINT('',(2.,6.75,-2.25));
#537 = DIRECTION('',(-0.,1.,0.));
#538 = DIRECTION('',(1.,0.,0.));
#539 = ADVANCED_FACE('',(#540),#647,.F.);
#540 = FACE_BOUND('',#541,.T.);
#541 = EDGE_LOOP('',(#542,#543,#551,#560,#568,#577,#585,#591,#592,#600,
    #608,#616,#624,#632,#640,#646));
#542 = ORIENTED_EDGE('',*,*,#528,.T.);
#543 = ORIENTED_EDGE('',*,*,#544,.T.);
#544 = EDGE_CURVE('',#521,#545,#547,.T.);
#545 = VERTEX_POINT('',#546);
#546 = CARTESIAN_POINT('',(-4.3,5.15,-3.1));
#547 = LINE('',#548,#549);
#548 = CARTESIAN_POINT('',(-4.3,1.9,-3.1));
#549 = VECTOR('',#550,1.);
#550 = DIRECTION('',(-9.463679131916E-31,-1.,1.355252715607E-16));
#551 = ORIENTED_EDGE('',*,*,#552,.T.);
#552 = EDGE_CURVE('',#545,#553,#555,.T.);
#553 = VERTEX_POINT('',#554);
#554 = CARTESIAN_POINT('',(-4.3,4.85,-2.8));
#555 = CIRCLE('',#556,0.3);
#556 = AXIS2_PLACEMENT_3D('',#557,#558,#559);
#557 = CARTESIAN_POINT('',(-4.3,5.15,-2.8));
#558 = DIRECTION('',(-1.,0.,-5.782411586589E-15));
#559 = DIRECTION('',(-5.782411586589E-15,0.,1.));
#560 = ORIENTED_EDGE('',*,*,#561,.T.);
#561 = EDGE_CURVE('',#553,#562,#564,.T.);
#562 = VERTEX_POINT('',#563);
#563 = CARTESIAN_POINT('',(-4.3,4.85,-2.6));
#564 = LINE('',#565,#566);
#565 = CARTESIAN_POINT('',(-4.3,4.85,-0.45));
#566 = VECTOR('',#567,1.);
#567 = DIRECTION('',(-6.982962677686E-15,0.,1.));
#568 = ORIENTED_EDGE('',*,*,#569,.T.);
#569 = EDGE_CURVE('',#562,#570,#572,.T.);
#570 = VERTEX_POINT('',#571);
#571 = CARTESIAN_POINT('',(-4.3,5.15,-2.3));
#572 = CIRCLE('',#573,0.3);
#573 = AXIS2_PLACEMENT_3D('',#574,#575,#576);
#574 = CARTESIAN_POINT('',(-4.3,5.15,-2.6));
#575 = DIRECTION('',(-1.,0.,-5.782411586589E-15));
#576 = DIRECTION('',(-5.782411586589E-15,0.,1.));
#577 = ORIENTED_EDGE('',*,*,#578,.T.);
#578 = EDGE_CURVE('',#570,#579,#581,.T.);
#579 = VERTEX_POINT('',#580);
#580 = CARTESIAN_POINT('',(-4.3,6.75,-2.3));
#581 = LINE('',#582,#583);
#582 = CARTESIAN_POINT('',(-4.3,1.9,-2.3));
#583 = VECTOR('',#584,1.);
#584 = DIRECTION('',(8.576459213299E-31,1.,-1.228197773519E-16));
#585 = ORIENTED_EDGE('',*,*,#586,.T.);
#586 = EDGE_CURVE('',#579,#371,#587,.T.);
#587 = LINE('',#588,#589);
#588 = CARTESIAN_POINT('',(-4.3,6.75,-0.45));
#589 = VECTOR('',#590,1.);
#590 = DIRECTION('',(-6.982962677686E-15,0.,1.));
#591 = ORIENTED_EDGE('',*,*,#394,.T.);
#592 = ORIENTED_EDGE('',*,*,#593,.F.);
#593 = EDGE_CURVE('',#594,#387,#596,.T.);
#594 = VERTEX_POINT('',#595);
#595 = CARTESIAN_POINT('',(-4.3,1.9,-0.45));
#596 = LINE('',#597,#598);
#597 = CARTESIAN_POINT('',(-4.3,1.9,-0.45));
#598 = VECTOR('',#599,1.);
#599 = DIRECTION('',(0.,1.,0.));
#600 = ORIENTED_EDGE('',*,*,#601,.F.);
#601 = EDGE_CURVE('',#602,#594,#604,.T.);
#602 = VERTEX_POINT('',#603);
#603 = CARTESIAN_POINT('',(-4.3,1.9,-4.08));
#604 = LINE('',#605,#606);
#605 = CARTESIAN_POINT('',(-4.3,1.9,-0.45));
#606 = VECTOR('',#607,1.);
#607 = DIRECTION('',(-6.982962677686E-15,0.,1.));
#608 = ORIENTED_EDGE('',*,*,#609,.T.);
#609 = EDGE_CURVE('',#602,#610,#612,.T.);
#610 = VERTEX_POINT('',#611);
#611 = CARTESIAN_POINT('',(-4.3,0.15,-4.08));
#612 = LINE('',#613,#614);
#613 = CARTESIAN_POINT('',(-4.3,0.15,-4.08));
#614 = VECTOR('',#615,1.);
#615 = DIRECTION('',(0.,-1.,0.));
#616 = ORIENTED_EDGE('',*,*,#617,.T.);
#617 = EDGE_CURVE('',#610,#618,#620,.T.);
#618 = VERTEX_POINT('',#619);
#619 = CARTESIAN_POINT('',(-4.3,0.15,-4.75));
#620 = LINE('',#621,#622);
#621 = CARTESIAN_POINT('',(-4.3,0.15,0.627440918376));
#622 = VECTOR('',#623,1.);
#623 = DIRECTION('',(6.982962677686E-15,0.,-1.));
#624 = ORIENTED_EDGE('',*,*,#625,.T.);
#625 = EDGE_CURVE('',#618,#626,#628,.T.);
#626 = VERTEX_POINT('',#627);
#627 = CARTESIAN_POINT('',(-4.3,4.75,-4.75));
#628 = LINE('',#629,#630);
#629 = CARTESIAN_POINT('',(-4.3,0.15,-4.75));
#630 = VECTOR('',#631,1.);
#631 = DIRECTION('',(0.,1.,0.));
#632 = ORIENTED_EDGE('',*,*,#633,.F.);
#633 = EDGE_CURVE('',#634,#626,#636,.T.);
#634 = VERTEX_POINT('',#635);
#635 = CARTESIAN_POINT('',(-4.3,4.75,-4.08));
#636 = LINE('',#637,#638);
#637 = CARTESIAN_POINT('',(-4.3,4.75,0.627440918376));
#638 = VECTOR('',#639,1.);
#639 = DIRECTION('',(6.982962677686E-15,0.,-1.));
#640 = ORIENTED_EDGE('',*,*,#641,.T.);
#641 = EDGE_CURVE('',#634,#427,#642,.T.);
#642 = LINE('',#643,#644);
#643 = CARTESIAN_POINT('',(-4.3,0.891585402724,-4.08));
#644 = VECTOR('',#645,1.);
#645 = DIRECTION('',(0.,1.,0.));
#646 = ORIENTED_EDGE('',*,*,#426,.T.);
#647 = PLANE('',#648);
#648 = AXIS2_PLACEMENT_3D('',#649,#650,#651);
#649 = CARTESIAN_POINT('',(-4.3,1.9,-0.45));
#650 = DIRECTION('',(-1.,0.,-6.982962677686E-15));
#651 = DIRECTION('',(-6.982962677686E-15,0.,1.));
#652 = ADVANCED_FACE('',(#653),#671,.F.);
#653 = FACE_BOUND('',#654,.T.);
#654 = EDGE_LOOP('',(#655,#656,#664,#670));
#655 = ORIENTED_EDGE('',*,*,#641,.F.);
#656 = ORIENTED_EDGE('',*,*,#657,.F.);
#657 = EDGE_CURVE('',#658,#634,#660,.T.);
#658 = VERTEX_POINT('',#659);
#659 = CARTESIAN_POINT('',(-3.3,4.75,-4.08));
#660 = LINE('',#661,#662);
#661 = CARTESIAN_POINT('',(-4.3,4.75,-4.08));
#662 = VECTOR('',#663,1.);
#663 = DIRECTION('',(-1.,0.,-6.766122243189E-15));
#664 = ORIENTED_EDGE('',*,*,#665,.T.);
#665 = EDGE_CURVE('',#658,#435,#666,.T.);
#666 = LINE('',#667,#668);
#667 = CARTESIAN_POINT('',(-3.3,0.891585402724,-4.08));
#668 = VECTOR('',#669,1.);
#669 = DIRECTION('',(0.,1.,0.));
#670 = ORIENTED_EDGE('',*,*,#434,.T.);
#671 = PLANE('',#672);
#672 = AXIS2_PLACEMENT_3D('',#673,#674,#675);
#673 = CARTESIAN_POINT('',(-3.3,0.891585402724,-4.08));
#674 = DIRECTION('',(7.199803112183E-15,0.,-1.));
#675 = DIRECTION('',(0.,-1.,0.));
#676 = ADVANCED_FACE('',(#677),#727,.F.);
#677 = FACE_BOUND('',#678,.T.);
#678 = EDGE_LOOP('',(#679,#689,#695,#696,#697,#705,#713,#721));
#679 = ORIENTED_EDGE('',*,*,#680,.F.);
#680 = EDGE_CURVE('',#681,#683,#685,.T.);
#681 = VERTEX_POINT('',#682);
#682 = CARTESIAN_POINT('',(-3.3,2.5,-3.95));
#683 = VERTEX_POINT('',#684);
#684 = CARTESIAN_POINT('',(-3.3,2.5,-4.08));
#685 = LINE('',#686,#687);
#686 = CARTESIAN_POINT('',(-3.3,2.5,-3.95));
#687 = VECTOR('',#688,1.);
#688 = DIRECTION('',(6.982962677686E-15,0.,-1.));
#689 = ORIENTED_EDGE('',*,*,#690,.T.);
#690 = EDGE_CURVE('',#681,#443,#691,.T.);
#691 = LINE('',#692,#693);
#692 = CARTESIAN_POINT('',(-3.3,0.891585402724,-3.95));
#693 = VECTOR('',#694,1.);
#694 = DIRECTION('',(0.,1.,0.));
#695 = ORIENTED_EDGE('',*,*,#442,.T.);
#696 = ORIENTED_EDGE('',*,*,#665,.F.);
#697 = ORIENTED_EDGE('',*,*,#698,.T.);
#698 = EDGE_CURVE('',#658,#699,#701,.T.);
#699 = VERTEX_POINT('',#700);
#700 = CARTESIAN_POINT('',(-3.3,4.75,-4.75));
#701 = LINE('',#702,#703);
#702 = CARTESIAN_POINT('',(-3.3,4.75,0.627440918376));
#703 = VECTOR('',#704,1.);
#704 = DIRECTION('',(6.982962677686E-15,0.,-1.));
#705 = ORIENTED_EDGE('',*,*,#706,.T.);
#706 = EDGE_CURVE('',#699,#707,#709,.T.);
#707 = VERTEX_POINT('',#708);
#708 = CARTESIAN_POINT('',(-3.3,0.15,-4.75));
#709 = LINE('',#710,#711);
#710 = CARTESIAN_POINT('',(-3.3,0.15,-4.75));
#711 = VECTOR('',#712,1.);
#712 = DIRECTION('',(0.,-1.,0.));
#713 = ORIENTED_EDGE('',*,*,#714,.F.);
#714 = EDGE_CURVE('',#715,#707,#717,.T.);
#715 = VERTEX_POINT('',#716);
#716 = CARTESIAN_POINT('',(-3.3,0.15,-4.08));
#717 = LINE('',#718,#719);
#718 = CARTESIAN_POINT('',(-3.3,0.15,0.627440918376));
#719 = VECTOR('',#720,1.);
#720 = DIRECTION('',(6.982962677686E-15,0.,-1.));
#721 = ORIENTED_EDGE('',*,*,#722,.T.);
#722 = EDGE_CURVE('',#715,#683,#723,.T.);
#723 = LINE('',#724,#725);
#724 = CARTESIAN_POINT('',(-3.3,0.15,-4.08));
#725 = VECTOR('',#726,1.);
#726 = DIRECTION('',(0.,1.,0.));
#727 = PLANE('',#728);
#728 = AXIS2_PLACEMENT_3D('',#729,#730,#731);
#729 = CARTESIAN_POINT('',(-3.3,0.891585402724,-3.95));
#730 = DIRECTION('',(1.,0.,6.982962677686E-15));
#731 = DIRECTION('',(-6.982962677686E-15,0.,1.));
#732 = ADVANCED_FACE('',(#733),#783,.F.);
#733 = FACE_BOUND('',#734,.T.);
#734 = EDGE_LOOP('',(#735,#745,#753,#759,#760,#761,#769,#777));
#735 = ORIENTED_EDGE('',*,*,#736,.F.);
#736 = EDGE_CURVE('',#737,#739,#741,.T.);
#737 = VERTEX_POINT('',#738);
#738 = CARTESIAN_POINT('',(-1.758043912834,2.5,-3.95));
#739 = VERTEX_POINT('',#740);
#740 = CARTESIAN_POINT('',(-1.8,1.9,-3.95));
#741 = LINE('',#742,#743);
#742 = CARTESIAN_POINT('',(-1.812164914073,1.7260336238,-3.95));
#743 = VECTOR('',#744,1.);
#744 = DIRECTION('',(-6.975647374413E-02,-0.99756405026,
    -4.775030278723E-16));
#745 = ORIENTED_EDGE('',*,*,#746,.F.);
#746 = EDGE_CURVE('',#747,#737,#749,.T.);
#747 = VERTEX_POINT('',#748);
#748 = CARTESIAN_POINT('',(-1.8,2.5,-3.95));
#749 = LINE('',#750,#751);
#750 = CARTESIAN_POINT('',(-1.8,2.5,-3.95));
#751 = VECTOR('',#752,1.);
#752 = DIRECTION('',(1.,0.,2.323290369612E-15));
#753 = ORIENTED_EDGE('',*,*,#754,.T.);
#754 = EDGE_CURVE('',#747,#411,#755,.T.);
#755 = LINE('',#756,#757);
#756 = CARTESIAN_POINT('',(-1.8,-3.156854249492,-3.95));
#757 = VECTOR('',#758,1.);
#758 = DIRECTION('',(-0.,1.,-0.));
#759 = ORIENTED_EDGE('',*,*,#450,.T.);
#760 = ORIENTED_EDGE('',*,*,#690,.F.);
#761 = ORIENTED_EDGE('',*,*,#762,.F.);
#762 = EDGE_CURVE('',#763,#681,#765,.T.);
#763 = VERTEX_POINT('',#764);
#764 = CARTESIAN_POINT('',(-2.241956087166,2.5,-3.95));
#765 = LINE('',#766,#767);
#766 = CARTESIAN_POINT('',(-4.3,2.5,-3.95));
#767 = VECTOR('',#768,1.);
#768 = DIRECTION('',(-1.,0.,-6.845286211339E-15));
#769 = ORIENTED_EDGE('',*,*,#770,.F.);
#770 = EDGE_CURVE('',#771,#763,#773,.T.);
#771 = VERTEX_POINT('',#772);
#772 = CARTESIAN_POINT('',(-2.2,1.9,-3.95));
#773 = LINE('',#774,#775);
#774 = CARTESIAN_POINT('',(-2.210218527821,2.046131756008,-3.95));
#775 = VECTOR('',#776,1.);
#776 = DIRECTION('',(-6.975647374413E-02,0.99756405026,
    -4.775030278723E-16));
#777 = ORIENTED_EDGE('',*,*,#778,.F.);
#778 = EDGE_CURVE('',#739,#771,#779,.T.);
#779 = LINE('',#780,#781);
#780 = CARTESIAN_POINT('',(-4.3,1.9,-3.95));
#781 = VECTOR('',#782,1.);
#782 = DIRECTION('',(-1.,0.,-6.845286211339E-15));
#783 = PLANE('',#784);
#784 = AXIS2_PLACEMENT_3D('',#785,#786,#787);
#785 = CARTESIAN_POINT('',(-4.3,1.9,-3.95));
#786 = DIRECTION('',(6.845286211339E-15,0.,-1.));
#787 = DIRECTION('',(0.,-1.,0.));
#788 = ADVANCED_FACE('',(#789),#883,.F.);
#789 = FACE_BOUND('',#790,.T.);
#790 = EDGE_LOOP('',(#791,#801,#807,#808,#816,#824,#832,#840,#848,#854,
    #855,#861,#862,#870,#876,#877));
#791 = ORIENTED_EDGE('',*,*,#792,.F.);
#792 = EDGE_CURVE('',#793,#795,#797,.T.);
#793 = VERTEX_POINT('',#794);
#794 = CARTESIAN_POINT('',(3.8,2.5,-4.75));
#795 = VERTEX_POINT('',#796);
#796 = CARTESIAN_POINT('',(-1.8,2.5,-4.75));
#797 = LINE('',#798,#799);
#798 = CARTESIAN_POINT('',(-1.8,2.5,-4.75));
#799 = VECTOR('',#800,1.);
#800 = DIRECTION('',(-1.,0.,-2.323290369612E-15));
#801 = ORIENTED_EDGE('',*,*,#802,.T.);
#802 = EDGE_CURVE('',#793,#245,#803,.T.);
#803 = LINE('',#804,#805);
#804 = CARTESIAN_POINT('',(3.8,-3.156854249492,-4.75));
#805 = VECTOR('',#806,1.);
#806 = DIRECTION('',(-0.,1.,-0.));
#807 = ORIENTED_EDGE('',*,*,#316,.F.);
#808 = ORIENTED_EDGE('',*,*,#809,.T.);
#809 = EDGE_CURVE('',#309,#810,#812,.T.);
#810 = VERTEX_POINT('',#811);
#811 = CARTESIAN_POINT('',(7.975,0.15,-4.75));
#812 = LINE('',#813,#814);
#813 = CARTESIAN_POINT('',(7.975,6.75,-4.75));
#814 = VECTOR('',#815,1.);
#815 = DIRECTION('',(-0.,-1.,0.));
#816 = ORIENTED_EDGE('',*,*,#817,.F.);
#817 = EDGE_CURVE('',#818,#810,#820,.T.);
#818 = VERTEX_POINT('',#819);
#819 = CARTESIAN_POINT('',(6.3,0.15,-4.75));
#820 = LINE('',#821,#822);
#821 = CARTESIAN_POINT('',(7.975,0.15,-4.75));
#822 = VECTOR('',#823,1.);
#823 = DIRECTION('',(1.,0.,7.118912793358E-15));
#824 = ORIENTED_EDGE('',*,*,#825,.T.);
#825 = EDGE_CURVE('',#818,#826,#828,.T.);
#826 = VERTEX_POINT('',#827);
#827 = CARTESIAN_POINT('',(6.3,4.75,-4.75));
#828 = LINE('',#829,#830);
#829 = CARTESIAN_POINT('',(6.3,0.15,-4.75));
#830 = VECTOR('',#831,1.);
#831 = DIRECTION('',(0.,1.,0.));
#832 = ORIENTED_EDGE('',*,*,#833,.T.);
#833 = EDGE_CURVE('',#826,#834,#836,.T.);
#834 = VERTEX_POINT('',#835);
#835 = CARTESIAN_POINT('',(5.3,4.75,-4.75));
#836 = LINE('',#837,#838);
#837 = CARTESIAN_POINT('',(6.3,4.75,-4.75));
#838 = VECTOR('',#839,1.);
#839 = DIRECTION('',(-1.,0.,-6.982962677686E-15));
#840 = ORIENTED_EDGE('',*,*,#841,.T.);
#841 = EDGE_CURVE('',#834,#842,#844,.T.);
#842 = VERTEX_POINT('',#843);
#843 = CARTESIAN_POINT('',(5.3,0.15,-4.75));
#844 = LINE('',#845,#846);
#845 = CARTESIAN_POINT('',(5.3,0.15,-4.75));
#846 = VECTOR('',#847,1.);
#847 = DIRECTION('',(-0.,-1.,0.));
#848 = ORIENTED_EDGE('',*,*,#849,.T.);
#849 = EDGE_CURVE('',#842,#707,#850,.T.);
#850 = LINE('',#851,#852);
#851 = CARTESIAN_POINT('',(-5.975,0.15,-4.75));
#852 = VECTOR('',#853,1.);
#853 = DIRECTION('',(-1.,0.,-6.847012562014E-15));
#854 = ORIENTED_EDGE('',*,*,#706,.F.);
#855 = ORIENTED_EDGE('',*,*,#856,.F.);
#856 = EDGE_CURVE('',#626,#699,#857,.T.);
#857 = LINE('',#858,#859);
#858 = CARTESIAN_POINT('',(-4.3,4.75,-4.75));
#859 = VECTOR('',#860,1.);
#860 = DIRECTION('',(1.,0.,6.982962677686E-15));
#861 = ORIENTED_EDGE('',*,*,#625,.F.);
#862 = ORIENTED_EDGE('',*,*,#863,.T.);
#863 = EDGE_CURVE('',#618,#864,#866,.T.);
#864 = VERTEX_POINT('',#865);
#865 = CARTESIAN_POINT('',(-5.975,0.15,-4.75));
#866 = LINE('',#867,#868);
#867 = CARTESIAN_POINT('',(-5.975,0.15,-4.75));
#868 = VECTOR('',#869,1.);
#869 = DIRECTION('',(-1.,0.,-6.847012562014E-15));
#870 = ORIENTED_EDGE('',*,*,#871,.F.);
#871 = EDGE_CURVE('',#473,#864,#872,.T.);
#872 = LINE('',#873,#874);
#873 = CARTESIAN_POINT('',(-5.975,6.75,-4.75));
#874 = VECTOR('',#875,1.);
#875 = DIRECTION('',(0.,-1.,0.));
#876 = ORIENTED_EDGE('',*,*,#472,.F.);
#877 = ORIENTED_EDGE('',*,*,#878,.F.);
#878 = EDGE_CURVE('',#795,#465,#879,.T.);
#879 = LINE('',#880,#881);
#880 = CARTESIAN_POINT('',(-1.8,-3.156854249492,-4.75));
#881 = VECTOR('',#882,1.);
#882 = DIRECTION('',(-0.,1.,-0.));
#883 = PLANE('',#884);
#884 = AXIS2_PLACEMENT_3D('',#885,#886,#887);
#885 = CARTESIAN_POINT('',(-5.975,6.75,-4.75));
#886 = DIRECTION('',(-6.847012562014E-15,0.,1.));
#887 = DIRECTION('',(1.,0.,6.847012562014E-15));
#888 = ADVANCED_FACE('',(#889),#931,.F.);
#889 = FACE_BOUND('',#890,.T.);
#890 = EDGE_LOOP('',(#891,#899,#907,#915,#923,#929,#930));
#891 = ORIENTED_EDGE('',*,*,#892,.T.);
#892 = EDGE_CURVE('',#864,#893,#895,.T.);
#893 = VERTEX_POINT('',#894);
#894 = CARTESIAN_POINT('',(-5.975,0.15,-3.95));
#895 = LINE('',#896,#897);
#896 = CARTESIAN_POINT('',(-5.975,0.15,-4.75));
#897 = VECTOR('',#898,1.);
#898 = DIRECTION('',(-6.982962677686E-15,0.,1.));
#899 = ORIENTED_EDGE('',*,*,#900,.F.);
#900 = EDGE_CURVE('',#901,#893,#903,.T.);
#901 = VERTEX_POINT('',#902);
#902 = CARTESIAN_POINT('',(-5.975,0.65,-3.95));
#903 = LINE('',#904,#905);
#904 = CARTESIAN_POINT('',(-5.975,-0.35,-3.95));
#905 = VECTOR('',#906,1.);
#906 = DIRECTION('',(0.,-1.,0.));
#907 = ORIENTED_EDGE('',*,*,#908,.F.);
#908 = EDGE_CURVE('',#909,#901,#911,.T.);
#909 = VERTEX_POINT('',#910);
#910 = CARTESIAN_POINT('',(-5.975,0.65,-3.45));
#911 = LINE('',#912,#913);
#912 = CARTESIAN_POINT('',(-5.975,0.65,-0.55));
#913 = VECTOR('',#914,1.);
#914 = DIRECTION('',(6.982962677686E-15,0.,-1.));
#915 = ORIENTED_EDGE('',*,*,#916,.T.);
#916 = EDGE_CURVE('',#909,#917,#919,.T.);
#917 = VERTEX_POINT('',#918);
#918 = CARTESIAN_POINT('',(-5.975,6.55,-3.45));
#919 = LINE('',#920,#921);
#920 = CARTESIAN_POINT('',(-5.975,0.15,-3.45));
#921 = VECTOR('',#922,1.);
#922 = DIRECTION('',(0.,1.,0.));
#923 = ORIENTED_EDGE('',*,*,#924,.T.);
#924 = EDGE_CURVE('',#917,#481,#925,.T.);
#925 = LINE('',#926,#927);
#926 = CARTESIAN_POINT('',(-5.975,6.55,-3.45));
#927 = VECTOR('',#928,1.);
#928 = DIRECTION('',(4.937700262165E-15,0.707106781187,-0.707106781187)
  );
#929 = ORIENTED_EDGE('',*,*,#480,.F.);
#930 = ORIENTED_EDGE('',*,*,#871,.T.);
#931 = PLANE('',#932);
#932 = AXIS2_PLACEMENT_3D('',#933,#934,#935);
#933 = CARTESIAN_POINT('',(-5.975,6.75,-4.75));
#934 = DIRECTION('',(1.,0.,6.982962677686E-15));
#935 = DIRECTION('',(-6.982962677686E-15,0.,1.));
#936 = ADVANCED_FACE('',(#937),#955,.T.);
#937 = FACE_BOUND('',#938,.T.);
#938 = EDGE_LOOP('',(#939,#947,#948,#949));
#939 = ORIENTED_EDGE('',*,*,#940,.T.);
#940 = EDGE_CURVE('',#941,#489,#943,.T.);
#941 = VERTEX_POINT('',#942);
#942 = CARTESIAN_POINT('',(-5.35,6.55,-3.45));
#943 = LINE('',#944,#945);
#944 = CARTESIAN_POINT('',(-5.35,6.55,-3.45));
#945 = VECTOR('',#946,1.);
#946 = DIRECTION('',(-0.57735026919,0.57735026919,-0.57735026919));
#947 = ORIENTED_EDGE('',*,*,#488,.F.);
#948 = ORIENTED_EDGE('',*,*,#924,.F.);
#949 = ORIENTED_EDGE('',*,*,#950,.F.);
#950 = EDGE_CURVE('',#941,#917,#951,.T.);
#951 = LINE('',#952,#953);
#952 = CARTESIAN_POINT('',(-5.975,6.55,-3.45));
#953 = VECTOR('',#954,1.);
#954 = DIRECTION('',(-1.,0.,-7.329907372882E-15));
#955 = PLANE('',#956);
#956 = AXIS2_PLACEMENT_3D('',#957,#958,#959);
#957 = CARTESIAN_POINT('',(-5.975,6.55,-3.45));
#958 = DIRECTION('',(-5.183027208834E-15,0.707106781187,0.707106781187)
  );
#959 = DIRECTION('',(1.,7.329907372882E-15,0.));
#960 = ADVANCED_FACE('',(#961),#979,.T.);
#961 = FACE_BOUND('',#962,.T.);
#962 = EDGE_LOOP('',(#963,#971,#972,#973));
#963 = ORIENTED_EDGE('',*,*,#964,.T.);
#964 = EDGE_CURVE('',#965,#497,#967,.T.);
#965 = VERTEX_POINT('',#966);
#966 = CARTESIAN_POINT('',(-5.35,6.55,-3.95));
#967 = LINE('',#968,#969);
#968 = CARTESIAN_POINT('',(-5.183333333333,6.383333333333,
    -3.783333333333));
#969 = VECTOR('',#970,1.);
#970 = DIRECTION('',(-0.57735026919,0.57735026919,-0.57735026919));
#971 = ORIENTED_EDGE('',*,*,#496,.F.);
#972 = ORIENTED_EDGE('',*,*,#940,.F.);
#973 = ORIENTED_EDGE('',*,*,#974,.F.);
#974 = EDGE_CURVE('',#965,#941,#975,.T.);
#975 = LINE('',#976,#977);
#976 = CARTESIAN_POINT('',(-5.35,6.55,-3.45));
#977 = VECTOR('',#978,1.);
#978 = DIRECTION('',(-6.982962677686E-15,0.,1.));
#979 = PLANE('',#980);
#980 = AXIS2_PLACEMENT_3D('',#981,#982,#983);
#981 = CARTESIAN_POINT('',(-5.35,6.55,-3.45));
#982 = DIRECTION('',(0.707106781187,0.707106781187,4.937700262165E-15));
#983 = DIRECTION('',(0.,6.982962677686E-15,-1.));
#984 = ADVANCED_FACE('',(#985),#1003,.T.);
#985 = FACE_BOUND('',#986,.T.);
#986 = EDGE_LOOP('',(#987,#995,#996,#997));
#987 = ORIENTED_EDGE('',*,*,#988,.T.);
#988 = EDGE_CURVE('',#989,#505,#991,.T.);
#989 = VERTEX_POINT('',#990);
#990 = CARTESIAN_POINT('',(-5.05,6.55,-3.95));
#991 = LINE('',#992,#993);
#992 = CARTESIAN_POINT('',(-5.15,6.45,-3.85));
#993 = VECTOR('',#994,1.);
#994 = DIRECTION('',(0.57735026919,0.57735026919,-0.57735026919));
#995 = ORIENTED_EDGE('',*,*,#504,.F.);
#996 = ORIENTED_EDGE('',*,*,#964,.F.);
#997 = ORIENTED_EDGE('',*,*,#998,.F.);
#998 = EDGE_CURVE('',#989,#965,#999,.T.);
#999 = LINE('',#1000,#1001);
#1000 = CARTESIAN_POINT('',(-5.35,6.55,-3.95));
#1001 = VECTOR('',#1002,1.);
#1002 = DIRECTION('',(-1.,0.,-6.982962677686E-15));
#1003 = PLANE('',#1004);
#1004 = AXIS2_PLACEMENT_3D('',#1005,#1006,#1007);
#1005 = CARTESIAN_POINT('',(-5.35,6.55,-3.95));
#1006 = DIRECTION('',(-4.937700262165E-15,0.707106781187,0.707106781187)
  );
#1007 = DIRECTION('',(1.,0.,6.982962677686E-15));
#1008 = ADVANCED_FACE('',(#1009),#1027,.T.);
#1009 = FACE_BOUND('',#1010,.T.);
#1010 = EDGE_LOOP('',(#1011,#1019,#1020,#1021));
#1011 = ORIENTED_EDGE('',*,*,#1012,.F.);
#1012 = EDGE_CURVE('',#513,#1013,#1015,.T.);
#1013 = VERTEX_POINT('',#1014);
#1014 = CARTESIAN_POINT('',(-5.05,6.55,-3.1));
#1015 = LINE('',#1016,#1017);
#1016 = CARTESIAN_POINT('',(-5.05,6.55,-3.1));
#1017 = VECTOR('',#1018,1.);
#1018 = DIRECTION('',(-0.707106781187,-0.707106781187,
    -4.841869423622E-15));
#1019 = ORIENTED_EDGE('',*,*,#512,.F.);
#1020 = ORIENTED_EDGE('',*,*,#988,.F.);
#1021 = ORIENTED_EDGE('',*,*,#1022,.F.);
#1022 = EDGE_CURVE('',#1013,#989,#1023,.T.);
#1023 = LINE('',#1024,#1025);
#1024 = CARTESIAN_POINT('',(-5.05,6.55,-3.95));
#1025 = VECTOR('',#1026,1.);
#1026 = DIRECTION('',(6.982962677686E-15,0.,-1.));
#1027 = PLANE('',#1028);
#1028 = AXIS2_PLACEMENT_3D('',#1029,#1030,#1031);
#1029 = CARTESIAN_POINT('',(-5.05,6.55,-0.55));
#1030 = DIRECTION('',(-0.707106781187,0.707106781187,-4.937700262165E-15
    ));
#1031 = DIRECTION('',(-6.982962677686E-15,0.,1.));
#1032 = ADVANCED_FACE('',(#1033),#1052,.F.);
#1033 = FACE_BOUND('',#1034,.T.);
#1034 = EDGE_LOOP('',(#1035,#1036,#1037,#1045,#1051));
#1035 = ORIENTED_EDGE('',*,*,#520,.T.);
#1036 = ORIENTED_EDGE('',*,*,#1012,.T.);
#1037 = ORIENTED_EDGE('',*,*,#1038,.T.);
#1038 = EDGE_CURVE('',#1013,#1039,#1041,.T.);
#1039 = VERTEX_POINT('',#1040);
#1040 = CARTESIAN_POINT('',(-5.05,5.15,-3.1));
#1041 = LINE('',#1042,#1043);
#1042 = CARTESIAN_POINT('',(-5.05,6.75,-3.1));
#1043 = VECTOR('',#1044,1.);
#1044 = DIRECTION('',(-9.463679131916E-31,-1.,1.355252715607E-16));
#1045 = ORIENTED_EDGE('',*,*,#1046,.F.);
#1046 = EDGE_CURVE('',#545,#1039,#1047,.T.);
#1047 = LINE('',#1048,#1049);
#1048 = CARTESIAN_POINT('',(9.975,5.15,-3.1));
#1049 = VECTOR('',#1050,1.);
#1050 = DIRECTION('',(-1.,0.,-6.982962677686E-15));
#1051 = ORIENTED_EDGE('',*,*,#544,.F.);
#1052 = PLANE('',#1053);
#1053 = AXIS2_PLACEMENT_3D('',#1054,#1055,#1056);
#1054 = CARTESIAN_POINT('',(9.975,6.75,-3.1));
#1055 = DIRECTION('',(6.982962677686E-15,-1.355252715607E-16,-1.));
#1056 = DIRECTION('',(0.,-1.,1.355252715607E-16));
#1057 = ADVANCED_FACE('',(#1058),#1092,.F.);
#1058 = FACE_BOUND('',#1059,.T.);
#1059 = EDGE_LOOP('',(#1060,#1070,#1078,#1086));
#1060 = ORIENTED_EDGE('',*,*,#1061,.T.);
#1061 = EDGE_CURVE('',#1062,#1064,#1066,.T.);
#1062 = VERTEX_POINT('',#1063);
#1063 = CARTESIAN_POINT('',(-2.2,4.2,-0.6));
#1064 = VERTEX_POINT('',#1065);
#1065 = CARTESIAN_POINT('',(-1.8,4.2,-0.6));
#1066 = LINE('',#1067,#1068);
#1067 = CARTESIAN_POINT('',(-2.2,4.2,-0.6));
#1068 = VECTOR('',#1069,1.);
#1069 = DIRECTION('',(1.,0.,6.982962677686E-15));
#1070 = ORIENTED_EDGE('',*,*,#1071,.T.);
#1071 = EDGE_CURVE('',#1064,#1072,#1074,.T.);
#1072 = VERTEX_POINT('',#1073);
#1073 = CARTESIAN_POINT('',(-1.8,3.940192378865,-0.75));
#1074 = LINE('',#1075,#1076);
#1075 = CARTESIAN_POINT('',(-1.8,3.940192378865,-0.75));
#1076 = VECTOR('',#1077,1.);
#1077 = DIRECTION('',(3.491481338843E-15,-0.866025403784,-0.5));
#1078 = ORIENTED_EDGE('',*,*,#1079,.F.);
#1079 = EDGE_CURVE('',#1080,#1072,#1082,.T.);
#1080 = VERTEX_POINT('',#1081);
#1081 = CARTESIAN_POINT('',(-2.2,3.940192378865,-0.75));
#1082 = LINE('',#1083,#1084);
#1083 = CARTESIAN_POINT('',(-2.2,3.940192378865,-0.75));
#1084 = VECTOR('',#1085,1.);
#1085 = DIRECTION('',(1.,0.,6.982962677686E-15));
#1086 = ORIENTED_EDGE('',*,*,#1087,.F.);
#1087 = EDGE_CURVE('',#1062,#1080,#1088,.T.);
#1088 = LINE('',#1089,#1090);
#1089 = CARTESIAN_POINT('',(-2.2,3.940192378865,-0.75));
#1090 = VECTOR('',#1091,1.);
#1091 = DIRECTION('',(3.491481338843E-15,-0.866025403784,-0.5));
#1092 = PLANE('',#1093);
#1093 = AXIS2_PLACEMENT_3D('',#1094,#1095,#1096);
#1094 = CARTESIAN_POINT('',(-2.2,3.940192378865,-0.75));
#1095 = DIRECTION('',(-6.047423072555E-15,-0.5,0.866025403784));
#1096 = DIRECTION('',(-1.,1.209484614511E-14,-7.88860905221E-31));
#1097 = ADVANCED_FACE('',(#1098),#1123,.F.);
#1098 = FACE_BOUND('',#1099,.T.);
#1099 = EDGE_LOOP('',(#1100,#1110,#1116,#1117));
#1100 = ORIENTED_EDGE('',*,*,#1101,.T.);
#1101 = EDGE_CURVE('',#1102,#1104,#1106,.T.);
#1102 = VERTEX_POINT('',#1103);
#1103 = CARTESIAN_POINT('',(-2.2,4.2,-0.45));
#1104 = VERTEX_POINT('',#1105);
#1105 = CARTESIAN_POINT('',(-1.8,4.2,-0.45));
#1106 = LINE('',#1107,#1108);
#1107 = CARTESIAN_POINT('',(-2.2,4.2,-0.45));
#1108 = VECTOR('',#1109,1.);
#1109 = DIRECTION('',(1.,0.,6.982962677686E-15));
#1110 = ORIENTED_EDGE('',*,*,#1111,.T.);
#1111 = EDGE_CURVE('',#1104,#1064,#1112,.T.);
#1112 = LINE('',#1113,#1114);
#1113 = CARTESIAN_POINT('',(-1.8,4.2,-0.6));
#1114 = VECTOR('',#1115,1.);
#1115 = DIRECTION('',(6.982962677686E-15,0.,-1.));
#1116 = ORIENTED_EDGE('',*,*,#1061,.F.);
#1117 = ORIENTED_EDGE('',*,*,#1118,.F.);
#1118 = EDGE_CURVE('',#1102,#1062,#1119,.T.);
#1119 = LINE('',#1120,#1121);
#1120 = CARTESIAN_POINT('',(-2.2,4.2,-0.6));
#1121 = VECTOR('',#1122,1.);
#1122 = DIRECTION('',(6.982962677686E-15,0.,-1.));
#1123 = PLANE('',#1124);
#1124 = AXIS2_PLACEMENT_3D('',#1125,#1126,#1127);
#1125 = CARTESIAN_POINT('',(-2.2,4.2,-0.6));
#1126 = DIRECTION('',(0.,-1.,0.));
#1127 = DIRECTION('',(0.,0.,-1.));
#1128 = ADVANCED_FACE('',(#1129),#1154,.F.);
#1129 = FACE_BOUND('',#1130,.T.);
#1130 = EDGE_LOOP('',(#1131,#1132,#1140,#1148));
#1131 = ORIENTED_EDGE('',*,*,#1079,.T.);
#1132 = ORIENTED_EDGE('',*,*,#1133,.T.);
#1133 = EDGE_CURVE('',#1072,#1134,#1136,.T.);
#1134 = VERTEX_POINT('',#1135);
#1135 = CARTESIAN_POINT('',(-1.8,1.9,-0.75));
#1136 = LINE('',#1137,#1138);
#1137 = CARTESIAN_POINT('',(-1.8,1.9,-0.75));
#1138 = VECTOR('',#1139,1.);
#1139 = DIRECTION('',(0.,-1.,0.));
#1140 = ORIENTED_EDGE('',*,*,#1141,.F.);
#1141 = EDGE_CURVE('',#1142,#1134,#1144,.T.);
#1142 = VERTEX_POINT('',#1143);
#1143 = CARTESIAN_POINT('',(-2.2,1.9,-0.75));
#1144 = LINE('',#1145,#1146);
#1145 = CARTESIAN_POINT('',(-2.2,1.9,-0.75));
#1146 = VECTOR('',#1147,1.);
#1147 = DIRECTION('',(1.,0.,6.982962677686E-15));
#1148 = ORIENTED_EDGE('',*,*,#1149,.F.);
#1149 = EDGE_CURVE('',#1080,#1142,#1150,.T.);
#1150 = LINE('',#1151,#1152);
#1151 = CARTESIAN_POINT('',(-2.2,1.9,-0.75));
#1152 = VECTOR('',#1153,1.);
#1153 = DIRECTION('',(0.,-1.,0.));
#1154 = PLANE('',#1155);
#1155 = AXIS2_PLACEMENT_3D('',#1156,#1157,#1158);
#1156 = CARTESIAN_POINT('',(-2.2,1.9,-0.75));
#1157 = DIRECTION('',(-6.982962677686E-15,0.,1.));
#1158 = DIRECTION('',(1.,0.,6.982962677686E-15));
#1159 = ADVANCED_FACE('',(#1160),#1179,.F.);
#1160 = FACE_BOUND('',#1161,.T.);
#1161 = EDGE_LOOP('',(#1162,#1170,#1171,#1172,#1173));
#1162 = ORIENTED_EDGE('',*,*,#1163,.T.);
#1163 = EDGE_CURVE('',#1164,#1102,#1166,.T.);
#1164 = VERTEX_POINT('',#1165);
#1165 = CARTESIAN_POINT('',(-2.2,1.9,-0.45));
#1166 = LINE('',#1167,#1168);
#1167 = CARTESIAN_POINT('',(-2.2,4.2,-0.45));
#1168 = VECTOR('',#1169,1.);
#1169 = DIRECTION('',(0.,1.,0.));
#1170 = ORIENTED_EDGE('',*,*,#1118,.T.);
#1171 = ORIENTED_EDGE('',*,*,#1087,.T.);
#1172 = ORIENTED_EDGE('',*,*,#1149,.T.);
#1173 = ORIENTED_EDGE('',*,*,#1174,.T.);
#1174 = EDGE_CURVE('',#1142,#1164,#1175,.T.);
#1175 = LINE('',#1176,#1177);
#1176 = CARTESIAN_POINT('',(-2.2,1.9,-0.45));
#1177 = VECTOR('',#1178,1.);
#1178 = DIRECTION('',(-6.982962677686E-15,0.,1.));
#1179 = PLANE('',#1180);
#1180 = AXIS2_PLACEMENT_3D('',#1181,#1182,#1183);
#1181 = CARTESIAN_POINT('',(-2.2,0.15,-2.25));
#1182 = DIRECTION('',(1.,0.,6.982962677686E-15));
#1183 = DIRECTION('',(-6.982962677686E-15,0.,1.));
#1184 = ADVANCED_FACE('',(#1185),#1446,.F.);
#1185 = FACE_BOUND('',#1186,.T.);
#1186 = EDGE_LOOP('',(#1187,#1188,#1196,#1204,#1212,#1220,#1228,#1236,
    #1244,#1252,#1260,#1268,#1276,#1284,#1292,#1300,#1308,#1316,#1324,
    #1332,#1338,#1339,#1347,#1355,#1361,#1362,#1370,#1378,#1384,#1385,
    #1393,#1401,#1407,#1408,#1416,#1424,#1432,#1438,#1439,#1445));
#1187 = ORIENTED_EDGE('',*,*,#1141,.T.);
#1188 = ORIENTED_EDGE('',*,*,#1189,.T.);
#1189 = EDGE_CURVE('',#1134,#1190,#1192,.T.);
#1190 = VERTEX_POINT('',#1191);
#1191 = CARTESIAN_POINT('',(-1.8,1.9,-0.45));
#1192 = LINE('',#1193,#1194);
#1193 = CARTESIAN_POINT('',(-1.8,1.9,-0.45));
#1194 = VECTOR('',#1195,1.);
#1195 = DIRECTION('',(-6.982962677686E-15,0.,1.));
#1196 = ORIENTED_EDGE('',*,*,#1197,.T.);
#1197 = EDGE_CURVE('',#1190,#1198,#1200,.T.);
#1198 = VERTEX_POINT('',#1199);
#1199 = CARTESIAN_POINT('',(-0.2,1.9,-0.45));
#1200 = LINE('',#1201,#1202);
#1201 = CARTESIAN_POINT('',(-4.3,1.9,-0.45));
#1202 = VECTOR('',#1203,1.);
#1203 = DIRECTION('',(1.,0.,6.845286211339E-15));
#1204 = ORIENTED_EDGE('',*,*,#1205,.F.);
#1205 = EDGE_CURVE('',#1206,#1198,#1208,.T.);
#1206 = VERTEX_POINT('',#1207);
#1207 = CARTESIAN_POINT('',(-0.2,1.9,-0.75));
#1208 = LINE('',#1209,#1210);
#1209 = CARTESIAN_POINT('',(-0.2,1.9,-0.45));
#1210 = VECTOR('',#1211,1.);
#1211 = DIRECTION('',(-6.982962677686E-15,0.,1.));
#1212 = ORIENTED_EDGE('',*,*,#1213,.T.);
#1213 = EDGE_CURVE('',#1206,#1214,#1216,.T.);
#1214 = VERTEX_POINT('',#1215);
#1215 = CARTESIAN_POINT('',(0.2,1.9,-0.75));
#1216 = LINE('',#1217,#1218);
#1217 = CARTESIAN_POINT('',(-0.2,1.9,-0.75));
#1218 = VECTOR('',#1219,1.);
#1219 = DIRECTION('',(1.,0.,6.982962677686E-15));
#1220 = ORIENTED_EDGE('',*,*,#1221,.T.);
#1221 = EDGE_CURVE('',#1214,#1222,#1224,.T.);
#1222 = VERTEX_POINT('',#1223);
#1223 = CARTESIAN_POINT('',(0.2,1.9,-0.45));
#1224 = LINE('',#1225,#1226);
#1225 = CARTESIAN_POINT('',(0.2,1.9,-0.45));
#1226 = VECTOR('',#1227,1.);
#1227 = DIRECTION('',(-6.982962677686E-15,0.,1.));
#1228 = ORIENTED_EDGE('',*,*,#1229,.T.);
#1229 = EDGE_CURVE('',#1222,#1230,#1232,.T.);
#1230 = VERTEX_POINT('',#1231);
#1231 = CARTESIAN_POINT('',(1.8,1.9,-0.45));
#1232 = LINE('',#1233,#1234);
#1233 = CARTESIAN_POINT('',(-2.3,1.9,-0.45));
#1234 = VECTOR('',#1235,1.);
#1235 = DIRECTION('',(1.,0.,6.845286211339E-15));
#1236 = ORIENTED_EDGE('',*,*,#1237,.F.);
#1237 = EDGE_CURVE('',#1238,#1230,#1240,.T.);
#1238 = VERTEX_POINT('',#1239);
#1239 = CARTESIAN_POINT('',(1.8,1.9,-0.75));
#1240 = LINE('',#1241,#1242);
#1241 = CARTESIAN_POINT('',(1.8,1.9,-0.45));
#1242 = VECTOR('',#1243,1.);
#1243 = DIRECTION('',(-6.982962677686E-15,0.,1.));
#1244 = ORIENTED_EDGE('',*,*,#1245,.T.);
#1245 = EDGE_CURVE('',#1238,#1246,#1248,.T.);
#1246 = VERTEX_POINT('',#1247);
#1247 = CARTESIAN_POINT('',(2.2,1.9,-0.75));
#1248 = LINE('',#1249,#1250);
#1249 = CARTESIAN_POINT('',(1.8,1.9,-0.75));
#1250 = VECTOR('',#1251,1.);
#1251 = DIRECTION('',(1.,0.,6.982962677686E-15));
#1252 = ORIENTED_EDGE('',*,*,#1253,.T.);
#1253 = EDGE_CURVE('',#1246,#1254,#1256,.T.);
#1254 = VERTEX_POINT('',#1255);
#1255 = CARTESIAN_POINT('',(2.2,1.9,-0.45));
#1256 = LINE('',#1257,#1258);
#1257 = CARTESIAN_POINT('',(2.2,1.9,-0.45));
#1258 = VECTOR('',#1259,1.);
#1259 = DIRECTION('',(-6.982962677686E-15,0.,1.));
#1260 = ORIENTED_EDGE('',*,*,#1261,.T.);
#1261 = EDGE_CURVE('',#1254,#1262,#1264,.T.);
#1262 = VERTEX_POINT('',#1263);
#1263 = CARTESIAN_POINT('',(3.8,1.9,-0.45));
#1264 = LINE('',#1265,#1266);
#1265 = CARTESIAN_POINT('',(-0.3,1.9,-0.45));
#1266 = VECTOR('',#1267,1.);
#1267 = DIRECTION('',(1.,0.,6.845286211339E-15));
#1268 = ORIENTED_EDGE('',*,*,#1269,.F.);
#1269 = EDGE_CURVE('',#1270,#1262,#1272,.T.);
#1270 = VERTEX_POINT('',#1271);
#1271 = CARTESIAN_POINT('',(3.8,1.9,-0.75));
#1272 = LINE('',#1273,#1274);
#1273 = CARTESIAN_POINT('',(3.8,1.9,-0.45));
#1274 = VECTOR('',#1275,1.);
#1275 = DIRECTION('',(-6.982962677686E-15,0.,1.));
#1276 = ORIENTED_EDGE('',*,*,#1277,.F.);
#1277 = EDGE_CURVE('',#1278,#1270,#1280,.T.);
#1278 = VERTEX_POINT('',#1279);
#1279 = CARTESIAN_POINT('',(4.2,1.9,-0.75));
#1280 = LINE('',#1281,#1282);
#1281 = CARTESIAN_POINT('',(4.2,1.9,-0.75));
#1282 = VECTOR('',#1283,1.);
#1283 = DIRECTION('',(-1.,0.,-6.982962677686E-15));
#1284 = ORIENTED_EDGE('',*,*,#1285,.T.);
#1285 = EDGE_CURVE('',#1278,#1286,#1288,.T.);
#1286 = VERTEX_POINT('',#1287);
#1287 = CARTESIAN_POINT('',(4.2,1.9,-0.45));
#1288 = LINE('',#1289,#1290);
#1289 = CARTESIAN_POINT('',(4.2,1.9,-0.45));
#1290 = VECTOR('',#1291,1.);
#1291 = DIRECTION('',(-6.982962677686E-15,0.,1.));
#1292 = ORIENTED_EDGE('',*,*,#1293,.F.);
#1293 = EDGE_CURVE('',#1294,#1286,#1296,.T.);
#1294 = VERTEX_POINT('',#1295);
#1295 = CARTESIAN_POINT('',(6.3,1.9,-0.45));
#1296 = LINE('',#1297,#1298);
#1297 = CARTESIAN_POINT('',(6.3,1.9,-0.45));
#1298 = VECTOR('',#1299,1.);
#1299 = DIRECTION('',(-1.,0.,-7.120639144034E-15));
#1300 = ORIENTED_EDGE('',*,*,#1301,.F.);
#1301 = EDGE_CURVE('',#1302,#1294,#1304,.T.);
#1302 = VERTEX_POINT('',#1303);
#1303 = CARTESIAN_POINT('',(6.3,1.9,-4.08));
#1304 = LINE('',#1305,#1306);
#1305 = CARTESIAN_POINT('',(6.3,1.9,-0.45));
#1306 = VECTOR('',#1307,1.);
#1307 = DIRECTION('',(-6.982962677686E-15,0.,1.));
#1308 = ORIENTED_EDGE('',*,*,#1309,.F.);
#1309 = EDGE_CURVE('',#1310,#1302,#1312,.T.);
#1310 = VERTEX_POINT('',#1311);
#1311 = CARTESIAN_POINT('',(5.8,1.9,-4.08));
#1312 = LINE('',#1313,#1314);
#1313 = CARTESIAN_POINT('',(5.3,1.9,-4.08));
#1314 = VECTOR('',#1315,1.);
#1315 = DIRECTION('',(1.,0.,6.766122243189E-15));
#1316 = ORIENTED_EDGE('',*,*,#1317,.T.);
#1317 = EDGE_CURVE('',#1310,#1318,#1320,.T.);
#1318 = VERTEX_POINT('',#1319);
#1319 = CARTESIAN_POINT('',(5.8,1.9,-1.7));
#1320 = LINE('',#1321,#1322);
#1321 = CARTESIAN_POINT('',(5.8,1.9,-4.4981624039));
#1322 = VECTOR('',#1323,1.);
#1323 = DIRECTION('',(-6.982962677686E-15,0.,1.));
#1324 = ORIENTED_EDGE('',*,*,#1325,.T.);
#1325 = EDGE_CURVE('',#1318,#1326,#1328,.T.);
#1326 = VERTEX_POINT('',#1327);
#1327 = CARTESIAN_POINT('',(4.2,1.9,-1.7));
#1328 = LINE('',#1329,#1330);
#1329 = CARTESIAN_POINT('',(5.8,1.9,-1.7));
#1330 = VECTOR('',#1331,1.);
#1331 = DIRECTION('',(-1.,0.,-7.118487949247E-15));
#1332 = ORIENTED_EDGE('',*,*,#1333,.T.);
#1333 = EDGE_CURVE('',#1326,#197,#1334,.T.);
#1334 = LINE('',#1335,#1336);
#1335 = CARTESIAN_POINT('',(4.2,1.9,-4.4981624039));
#1336 = VECTOR('',#1337,1.);
#1337 = DIRECTION('',(6.982962677686E-15,0.,-1.));
#1338 = ORIENTED_EDGE('',*,*,#196,.F.);
#1339 = ORIENTED_EDGE('',*,*,#1340,.F.);
#1340 = EDGE_CURVE('',#1341,#189,#1343,.T.);
#1341 = VERTEX_POINT('',#1342);
#1342 = CARTESIAN_POINT('',(3.8,1.9,-1.7));
#1343 = LINE('',#1344,#1345);
#1344 = CARTESIAN_POINT('',(3.8,1.9,-4.4981624039));
#1345 = VECTOR('',#1346,1.);
#1346 = DIRECTION('',(6.982962677686E-15,0.,-1.));
#1347 = ORIENTED_EDGE('',*,*,#1348,.F.);
#1348 = EDGE_CURVE('',#1349,#1341,#1351,.T.);
#1349 = VERTEX_POINT('',#1350);
#1350 = CARTESIAN_POINT('',(2.2,1.9,-1.7));
#1351 = LINE('',#1352,#1353);
#1352 = CARTESIAN_POINT('',(2.2,1.9,-1.7));
#1353 = VECTOR('',#1354,1.);
#1354 = DIRECTION('',(1.,0.,6.847437406126E-15));
#1355 = ORIENTED_EDGE('',*,*,#1356,.F.);
#1356 = EDGE_CURVE('',#93,#1349,#1357,.T.);
#1357 = LINE('',#1358,#1359);
#1358 = CARTESIAN_POINT('',(2.2,1.9,-2.25));
#1359 = VECTOR('',#1360,1.);
#1360 = DIRECTION('',(-6.982962677686E-15,0.,1.));
#1361 = ORIENTED_EDGE('',*,*,#116,.T.);
#1362 = ORIENTED_EDGE('',*,*,#1363,.F.);
#1363 = EDGE_CURVE('',#1364,#109,#1366,.T.);
#1364 = VERTEX_POINT('',#1365);
#1365 = CARTESIAN_POINT('',(1.8,1.9,-1.7));
#1366 = LINE('',#1367,#1368);
#1367 = CARTESIAN_POINT('',(1.8,1.9,-4.4981624039));
#1368 = VECTOR('',#1369,1.);
#1369 = DIRECTION('',(6.982962677686E-15,0.,-1.));
#1370 = ORIENTED_EDGE('',*,*,#1371,.F.);
#1371 = EDGE_CURVE('',#1372,#1364,#1374,.T.);
#1372 = VERTEX_POINT('',#1373);
#1373 = CARTESIAN_POINT('',(0.2,1.9,-1.7));
#1374 = LINE('',#1375,#1376);
#1375 = CARTESIAN_POINT('',(0.2,1.9,-1.7));
#1376 = VECTOR('',#1377,1.);
#1377 = DIRECTION('',(1.,0.,6.847437406126E-15));
#1378 = ORIENTED_EDGE('',*,*,#1379,.F.);
#1379 = EDGE_CURVE('',#133,#1372,#1380,.T.);
#1380 = LINE('',#1381,#1382);
#1381 = CARTESIAN_POINT('',(0.2,1.9,-2.25));
#1382 = VECTOR('',#1383,1.);
#1383 = DIRECTION('',(-6.982962677686E-15,0.,1.));
#1384 = ORIENTED_EDGE('',*,*,#156,.T.);
#1385 = ORIENTED_EDGE('',*,*,#1386,.F.);
#1386 = EDGE_CURVE('',#1387,#149,#1389,.T.);
#1387 = VERTEX_POINT('',#1388);
#1388 = CARTESIAN_POINT('',(-0.2,1.9,-1.7));
#1389 = LINE('',#1390,#1391);
#1390 = CARTESIAN_POINT('',(-0.2,1.9,-4.4981624039));
#1391 = VECTOR('',#1392,1.);
#1392 = DIRECTION('',(6.982962677686E-15,0.,-1.));
#1393 = ORIENTED_EDGE('',*,*,#1394,.F.);
#1394 = EDGE_CURVE('',#1395,#1387,#1397,.T.);
#1395 = VERTEX_POINT('',#1396);
#1396 = CARTESIAN_POINT('',(-1.8,1.9,-1.7));
#1397 = LINE('',#1398,#1399);
#1398 = CARTESIAN_POINT('',(-1.8,1.9,-1.7));
#1399 = VECTOR('',#1400,1.);
#1400 = DIRECTION('',(1.,0.,6.847437406126E-15));
#1401 = ORIENTED_EDGE('',*,*,#1402,.F.);
#1402 = EDGE_CURVE('',#739,#1395,#1403,.T.);
#1403 = LINE('',#1404,#1405);
#1404 = CARTESIAN_POINT('',(-1.8,1.9,-2.25));
#1405 = VECTOR('',#1406,1.);
#1406 = DIRECTION('',(-6.982962677686E-15,0.,1.));
#1407 = ORIENTED_EDGE('',*,*,#778,.T.);
#1408 = ORIENTED_EDGE('',*,*,#1409,.F.);
#1409 = EDGE_CURVE('',#1410,#771,#1412,.T.);
#1410 = VERTEX_POINT('',#1411);
#1411 = CARTESIAN_POINT('',(-2.2,1.9,-1.7));
#1412 = LINE('',#1413,#1414);
#1413 = CARTESIAN_POINT('',(-2.2,1.9,-4.4981624039));
#1414 = VECTOR('',#1415,1.);
#1415 = DIRECTION('',(6.982962677686E-15,0.,-1.));
#1416 = ORIENTED_EDGE('',*,*,#1417,.F.);
#1417 = EDGE_CURVE('',#1418,#1410,#1420,.T.);
#1418 = VERTEX_POINT('',#1419);
#1419 = CARTESIAN_POINT('',(-3.8,1.9,-1.7));
#1420 = LINE('',#1421,#1422);
#1421 = CARTESIAN_POINT('',(-3.8,1.9,-1.7));
#1422 = VECTOR('',#1423,1.);
#1423 = DIRECTION('',(1.,0.,6.847437406126E-15));
#1424 = ORIENTED_EDGE('',*,*,#1425,.F.);
#1425 = EDGE_CURVE('',#1426,#1418,#1428,.T.);
#1426 = VERTEX_POINT('',#1427);
#1427 = CARTESIAN_POINT('',(-3.8,1.9,-4.08));
#1428 = LINE('',#1429,#1430);
#1429 = CARTESIAN_POINT('',(-3.8,1.9,-4.4981624039));
#1430 = VECTOR('',#1431,1.);
#1431 = DIRECTION('',(-6.982962677686E-15,0.,1.));
#1432 = ORIENTED_EDGE('',*,*,#1433,.T.);
#1433 = EDGE_CURVE('',#1426,#602,#1434,.T.);
#1434 = LINE('',#1435,#1436);
#1435 = CARTESIAN_POINT('',(-3.3,1.9,-4.08));
#1436 = VECTOR('',#1437,1.);
#1437 = DIRECTION('',(-1.,0.,-7.199803112183E-15));
#1438 = ORIENTED_EDGE('',*,*,#601,.T.);
#1439 = ORIENTED_EDGE('',*,*,#1440,.T.);
#1440 = EDGE_CURVE('',#594,#1164,#1441,.T.);
#1441 = LINE('',#1442,#1443);
#1442 = CARTESIAN_POINT('',(-4.3,1.9,-0.45));
#1443 = VECTOR('',#1444,1.);
#1444 = DIRECTION('',(1.,0.,6.845286211339E-15));
#1445 = ORIENTED_EDGE('',*,*,#1174,.F.);
#1446 = PLANE('',#1447);
#1447 = AXIS2_PLACEMENT_3D('',#1448,#1449,#1450);
#1448 = CARTESIAN_POINT('',(2.,1.9,-2.25));
#1449 = DIRECTION('',(0.,-1.,0.));
#1450 = DIRECTION('',(0.,0.,-1.));
#1451 = ADVANCED_FACE('',(#1452),#1541,.F.);
#1452 = FACE_BOUND('',#1453,.T.);
#1453 = EDGE_LOOP('',(#1454,#1455,#1461,#1462,#1470,#1478,#1484,#1485,
    #1493,#1501,#1507,#1508,#1516,#1524,#1530,#1531,#1537,#1538,#1539,
    #1540));
#1454 = ORIENTED_EDGE('',*,*,#386,.T.);
#1455 = ORIENTED_EDGE('',*,*,#1456,.F.);
#1456 = EDGE_CURVE('',#1294,#379,#1457,.T.);
#1457 = LINE('',#1458,#1459);
#1458 = CARTESIAN_POINT('',(6.3,1.9,-0.45));
#1459 = VECTOR('',#1460,1.);
#1460 = DIRECTION('',(0.,1.,0.));
#1461 = ORIENTED_EDGE('',*,*,#1293,.T.);
#1462 = ORIENTED_EDGE('',*,*,#1463,.T.);
#1463 = EDGE_CURVE('',#1286,#1464,#1466,.T.);
#1464 = VERTEX_POINT('',#1465);
#1465 = CARTESIAN_POINT('',(4.2,4.2,-0.45));
#1466 = LINE('',#1467,#1468);
#1467 = CARTESIAN_POINT('',(4.2,4.2,-0.45));
#1468 = VECTOR('',#1469,1.);
#1469 = DIRECTION('',(0.,1.,0.));
#1470 = ORIENTED_EDGE('',*,*,#1471,.T.);
#1471 = EDGE_CURVE('',#1464,#1472,#1474,.T.);
#1472 = VERTEX_POINT('',#1473);
#1473 = CARTESIAN_POINT('',(3.8,4.2,-0.45));
#1474 = LINE('',#1475,#1476);
#1475 = CARTESIAN_POINT('',(4.2,4.2,-0.45));
#1476 = VECTOR('',#1477,1.);
#1477 = DIRECTION('',(-1.,0.,-6.982962677686E-15));
#1478 = ORIENTED_EDGE('',*,*,#1479,.F.);
#1479 = EDGE_CURVE('',#1262,#1472,#1480,.T.);
#1480 = LINE('',#1481,#1482);
#1481 = CARTESIAN_POINT('',(3.8,4.2,-0.45));
#1482 = VECTOR('',#1483,1.);
#1483 = DIRECTION('',(0.,1.,0.));
#1484 = ORIENTED_EDGE('',*,*,#1261,.F.);
#1485 = ORIENTED_EDGE('',*,*,#1486,.T.);
#1486 = EDGE_CURVE('',#1254,#1487,#1489,.T.);
#1487 = VERTEX_POINT('',#1488);
#1488 = CARTESIAN_POINT('',(2.2,4.2,-0.45));
#1489 = LINE('',#1490,#1491);
#1490 = CARTESIAN_POINT('',(2.2,4.2,-0.45));
#1491 = VECTOR('',#1492,1.);
#1492 = DIRECTION('',(0.,1.,0.));
#1493 = ORIENTED_EDGE('',*,*,#1494,.F.);
#1494 = EDGE_CURVE('',#1495,#1487,#1497,.T.);
#1495 = VERTEX_POINT('',#1496);
#1496 = CARTESIAN_POINT('',(1.8,4.2,-0.45));
#1497 = LINE('',#1498,#1499);
#1498 = CARTESIAN_POINT('',(1.8,4.2,-0.45));
#1499 = VECTOR('',#1500,1.);
#1500 = DIRECTION('',(1.,0.,6.982962677686E-15));
#1501 = ORIENTED_EDGE('',*,*,#1502,.F.);
#1502 = EDGE_CURVE('',#1230,#1495,#1503,.T.);
#1503 = LINE('',#1504,#1505);
#1504 = CARTESIAN_POINT('',(1.8,4.2,-0.45));
#1505 = VECTOR('',#1506,1.);
#1506 = DIRECTION('',(0.,1.,0.));
#1507 = ORIENTED_EDGE('',*,*,#1229,.F.);
#1508 = ORIENTED_EDGE('',*,*,#1509,.T.);
#1509 = EDGE_CURVE('',#1222,#1510,#1512,.T.);
#1510 = VERTEX_POINT('',#1511);
#1511 = CARTESIAN_POINT('',(0.2,4.2,-0.45));
#1512 = LINE('',#1513,#1514);
#1513 = CARTESIAN_POINT('',(0.2,4.2,-0.45));
#1514 = VECTOR('',#1515,1.);
#1515 = DIRECTION('',(0.,1.,0.));
#1516 = ORIENTED_EDGE('',*,*,#1517,.F.);
#1517 = EDGE_CURVE('',#1518,#1510,#1520,.T.);
#1518 = VERTEX_POINT('',#1519);
#1519 = CARTESIAN_POINT('',(-0.2,4.2,-0.45));
#1520 = LINE('',#1521,#1522);
#1521 = CARTESIAN_POINT('',(-0.2,4.2,-0.45));
#1522 = VECTOR('',#1523,1.);
#1523 = DIRECTION('',(1.,0.,6.982962677686E-15));
#1524 = ORIENTED_EDGE('',*,*,#1525,.F.);
#1525 = EDGE_CURVE('',#1198,#1518,#1526,.T.);
#1526 = LINE('',#1527,#1528);
#1527 = CARTESIAN_POINT('',(-0.2,4.2,-0.45));
#1528 = VECTOR('',#1529,1.);
#1529 = DIRECTION('',(0.,1.,0.));
#1530 = ORIENTED_EDGE('',*,*,#1197,.F.);
#1531 = ORIENTED_EDGE('',*,*,#1532,.T.);
#1532 = EDGE_CURVE('',#1190,#1104,#1533,.T.);
#1533 = LINE('',#1534,#1535);
#1534 = CARTESIAN_POINT('',(-1.8,4.2,-0.45));
#1535 = VECTOR('',#1536,1.);
#1536 = DIRECTION('',(0.,1.,0.));
#1537 = ORIENTED_EDGE('',*,*,#1101,.F.);
#1538 = ORIENTED_EDGE('',*,*,#1163,.F.);
#1539 = ORIENTED_EDGE('',*,*,#1440,.F.);
#1540 = ORIENTED_EDGE('',*,*,#593,.T.);
#1541 = PLANE('',#1542);
#1542 = AXIS2_PLACEMENT_3D('',#1543,#1544,#1545);
#1543 = CARTESIAN_POINT('',(-4.3,1.9,-0.45));
#1544 = DIRECTION('',(-6.845286211339E-15,0.,1.));
#1545 = DIRECTION('',(1.,0.,6.845286211339E-15));
#1546 = ADVANCED_FACE('',(#1547,#1581),#1615,.F.);
#1547 = FACE_BOUND('',#1548,.T.);
#1548 = EDGE_LOOP('',(#1549,#1559,#1567,#1575));
#1549 = ORIENTED_EDGE('',*,*,#1550,.F.);
#1550 = EDGE_CURVE('',#1551,#1553,#1555,.T.);
#1551 = VERTEX_POINT('',#1552);
#1552 = CARTESIAN_POINT('',(-2.75,2.5,-2.6));
#1553 = VERTEX_POINT('',#1554);
#1554 = CARTESIAN_POINT('',(-2.75,2.5,-3.1));
#1555 = LINE('',#1556,#1557);
#1556 = CARTESIAN_POINT('',(-2.75,2.5,-3.1));
#1557 = VECTOR('',#1558,1.);
#1558 = DIRECTION('',(6.982962677686E-15,0.,-1.));
#1559 = ORIENTED_EDGE('',*,*,#1560,.F.);
#1560 = EDGE_CURVE('',#1561,#1551,#1563,.T.);
#1561 = VERTEX_POINT('',#1562);
#1562 = CARTESIAN_POINT('',(-3.25,2.5,-2.6));
#1563 = LINE('',#1564,#1565);
#1564 = CARTESIAN_POINT('',(-3.25,2.5,-2.6));
#1565 = VECTOR('',#1566,1.);
#1566 = DIRECTION('',(1.,0.,6.982962677686E-15));
#1567 = ORIENTED_EDGE('',*,*,#1568,.F.);
#1568 = EDGE_CURVE('',#1569,#1561,#1571,.T.);
#1569 = VERTEX_POINT('',#1570);
#1570 = CARTESIAN_POINT('',(-3.25,2.5,-3.1));
#1571 = LINE('',#1572,#1573);
#1572 = CARTESIAN_POINT('',(-3.25,2.5,-3.1));
#1573 = VECTOR('',#1574,1.);
#1574 = DIRECTION('',(-6.982962677686E-15,0.,1.));
#1575 = ORIENTED_EDGE('',*,*,#1576,.F.);
#1576 = EDGE_CURVE('',#1553,#1569,#1577,.T.);
#1577 = LINE('',#1578,#1579);
#1578 = CARTESIAN_POINT('',(-3.25,2.5,-3.1));
#1579 = VECTOR('',#1580,1.);
#1580 = DIRECTION('',(-1.,0.,-6.549281808692E-15));
#1581 = FACE_BOUND('',#1582,.T.);
#1582 = EDGE_LOOP('',(#1583,#1593,#1601,#1607,#1608,#1609));
#1583 = ORIENTED_EDGE('',*,*,#1584,.T.);
#1584 = EDGE_CURVE('',#1585,#1587,#1589,.T.);
#1585 = VERTEX_POINT('',#1586);
#1586 = CARTESIAN_POINT('',(-3.758043912834,2.5,-4.08));
#1587 = VERTEX_POINT('',#1588);
#1588 = CARTESIAN_POINT('',(-3.758043912834,2.5,-2.3));
#1589 = LINE('',#1590,#1591);
#1590 = CARTESIAN_POINT('',(-3.758043912834,2.5,-2.25));
#1591 = VECTOR('',#1592,1.);
#1592 = DIRECTION('',(-6.982962677686E-15,0.,1.));
#1593 = ORIENTED_EDGE('',*,*,#1594,.F.);
#1594 = EDGE_CURVE('',#1595,#1587,#1597,.T.);
#1595 = VERTEX_POINT('',#1596);
#1596 = CARTESIAN_POINT('',(-2.241956087166,2.5,-2.3));
#1597 = LINE('',#1598,#1599);
#1598 = CARTESIAN_POINT('',(8.,2.5,-2.3));
#1599 = VECTOR('',#1600,1.);
#1600 = DIRECTION('',(-1.,0.,-6.982962677686E-15));
#1601 = ORIENTED_EDGE('',*,*,#1602,.T.);
#1602 = EDGE_CURVE('',#1595,#763,#1603,.T.);
#1603 = LINE('',#1604,#1605);
#1604 = CARTESIAN_POINT('',(-2.241956087166,2.5,-2.25));
#1605 = VECTOR('',#1606,1.);
#1606 = DIRECTION('',(6.982962677686E-15,0.,-1.));
#1607 = ORIENTED_EDGE('',*,*,#762,.T.);
#1608 = ORIENTED_EDGE('',*,*,#680,.T.);
#1609 = ORIENTED_EDGE('',*,*,#1610,.T.);
#1610 = EDGE_CURVE('',#683,#1585,#1611,.T.);
#1611 = LINE('',#1612,#1613);
#1612 = CARTESIAN_POINT('',(-3.3,2.5,-4.08));
#1613 = VECTOR('',#1614,1.);
#1614 = DIRECTION('',(-1.,0.,-7.199803112183E-15));
#1615 = PLANE('',#1616);
#1616 = AXIS2_PLACEMENT_3D('',#1617,#1618,#1619);
#1617 = CARTESIAN_POINT('',(2.,2.5,-2.25));
#1618 = DIRECTION('',(0.,-1.,0.));
#1619 = DIRECTION('',(0.,0.,-1.));
#1620 = ADVANCED_FACE('',(#1621),#1632,.T.);
#1621 = FACE_BOUND('',#1622,.T.);
#1622 = EDGE_LOOP('',(#1623,#1624,#1630,#1631));
#1623 = ORIENTED_EDGE('',*,*,#1602,.F.);
#1624 = ORIENTED_EDGE('',*,*,#1625,.T.);
#1625 = EDGE_CURVE('',#1595,#1410,#1626,.T.);
#1626 = LINE('',#1627,#1628);
#1627 = CARTESIAN_POINT('',(-2.297594680867,3.295668959502,
    -3.095668959502));
#1628 = VECTOR('',#1629,1.);
#1629 = DIRECTION('',(4.938538910366E-02,-0.706243967529,0.706243967529)
  );
#1630 = ORIENTED_EDGE('',*,*,#1409,.T.);
#1631 = ORIENTED_EDGE('',*,*,#770,.T.);
#1632 = PLANE('',#1633);
#1633 = AXIS2_PLACEMENT_3D('',#1634,#1635,#1636);
#1634 = CARTESIAN_POINT('',(-2.2,1.9,-4.4981624039));
#1635 = DIRECTION('',(0.99756405026,6.975647374413E-02,
    6.965952531566E-15));
#1636 = DIRECTION('',(0.,9.986101873667E-14,-1.));
#1637 = ADVANCED_FACE('',(#1638),#1672,.F.);
#1638 = FACE_BOUND('',#1639,.T.);
#1639 = EDGE_LOOP('',(#1640,#1650,#1658,#1666));
#1640 = ORIENTED_EDGE('',*,*,#1641,.F.);
#1641 = EDGE_CURVE('',#1642,#1644,#1646,.T.);
#1642 = VERTEX_POINT('',#1643);
#1643 = CARTESIAN_POINT('',(-1.35,0.15,-0.55));
#1644 = VERTEX_POINT('',#1645);
#1645 = CARTESIAN_POINT('',(-2.65,0.15,-0.55));
#1646 = LINE('',#1647,#1648);
#1647 = CARTESIAN_POINT('',(8.,0.15,-0.55));
#1648 = VECTOR('',#1649,1.);
#1649 = DIRECTION('',(-1.,0.,-6.982962677686E-15));
#1650 = ORIENTED_EDGE('',*,*,#1651,.T.);
#1651 = EDGE_CURVE('',#1642,#1652,#1654,.T.);
#1652 = VERTEX_POINT('',#1653);
#1653 = CARTESIAN_POINT('',(-1.35,0.45,-0.55));
#1654 = LINE('',#1655,#1656);
#1655 = CARTESIAN_POINT('',(-1.35,0.15,-0.55));
#1656 = VECTOR('',#1657,1.);
#1657 = DIRECTION('',(0.,1.,0.));
#1658 = ORIENTED_EDGE('',*,*,#1659,.T.);
#1659 = EDGE_CURVE('',#1652,#1660,#1662,.T.);
#1660 = VERTEX_POINT('',#1661);
#1661 = CARTESIAN_POINT('',(-2.65,0.45,-0.55));
#1662 = LINE('',#1663,#1664);
#1663 = CARTESIAN_POINT('',(8.,0.45,-0.55));
#1664 = VECTOR('',#1665,1.);
#1665 = DIRECTION('',(-1.,0.,-6.982962677686E-15));
#1666 = ORIENTED_EDGE('',*,*,#1667,.F.);
#1667 = EDGE_CURVE('',#1644,#1660,#1668,.T.);
#1668 = LINE('',#1669,#1670);
#1669 = CARTESIAN_POINT('',(-2.65,0.15,-0.55));
#1670 = VECTOR('',#1671,1.);
#1671 = DIRECTION('',(0.,1.,0.));
#1672 = PLANE('',#1673);
#1673 = AXIS2_PLACEMENT_3D('',#1674,#1675,#1676);
#1674 = CARTESIAN_POINT('',(8.,0.15,-0.55));
#1675 = DIRECTION('',(6.982962677686E-15,0.,-1.));
#1676 = DIRECTION('',(0.,-1.,0.));
#1677 = ADVANCED_FACE('',(#1678),#1975,.F.);
#1678 = FACE_BOUND('',#1679,.T.);
#1679 = EDGE_LOOP('',(#1680,#1681,#1689,#1697,#1703,#1704,#1712,#1720,
    #1728,#1736,#1744,#1752,#1760,#1768,#1776,#1784,#1792,#1800,#1808,
    #1816,#1824,#1832,#1840,#1848,#1856,#1864,#1872,#1880,#1886,#1887,
    #1895,#1903,#1911,#1919,#1927,#1935,#1943,#1951,#1959,#1965,#1966,
    #1967,#1968,#1974));
#1680 = ORIENTED_EDGE('',*,*,#849,.F.);
#1681 = ORIENTED_EDGE('',*,*,#1682,.F.);
#1682 = EDGE_CURVE('',#1683,#842,#1685,.T.);
#1683 = VERTEX_POINT('',#1684);
#1684 = CARTESIAN_POINT('',(5.3,0.15,-4.08));
#1685 = LINE('',#1686,#1687);
#1686 = CARTESIAN_POINT('',(5.3,0.15,0.627440918376));
#1687 = VECTOR('',#1688,1.);
#1688 = DIRECTION('',(6.982962677686E-15,0.,-1.));
#1689 = ORIENTED_EDGE('',*,*,#1690,.F.);
#1690 = EDGE_CURVE('',#1691,#1683,#1693,.T.);
#1691 = VERTEX_POINT('',#1692);
#1692 = CARTESIAN_POINT('',(6.3,0.15,-4.08));
#1693 = LINE('',#1694,#1695);
#1694 = CARTESIAN_POINT('',(6.3,0.15,-4.08));
#1695 = VECTOR('',#1696,1.);
#1696 = DIRECTION('',(-1.,0.,-7.199803112183E-15));
#1697 = ORIENTED_EDGE('',*,*,#1698,.T.);
#1698 = EDGE_CURVE('',#1691,#818,#1699,.T.);
#1699 = LINE('',#1700,#1701);
#1700 = CARTESIAN_POINT('',(6.3,0.15,0.627440918376));
#1701 = VECTOR('',#1702,1.);
#1702 = DIRECTION('',(6.982962677686E-15,0.,-1.));
#1703 = ORIENTED_EDGE('',*,*,#817,.T.);
#1704 = ORIENTED_EDGE('',*,*,#1705,.T.);
#1705 = EDGE_CURVE('',#810,#1706,#1708,.T.);
#1706 = VERTEX_POINT('',#1707);
#1707 = CARTESIAN_POINT('',(7.975,0.15,-3.95));
#1708 = LINE('',#1709,#1710);
#1709 = CARTESIAN_POINT('',(7.975,0.15,-4.75));
#1710 = VECTOR('',#1711,1.);
#1711 = DIRECTION('',(-6.982962677686E-15,0.,1.));
#1712 = ORIENTED_EDGE('',*,*,#1713,.F.);
#1713 = EDGE_CURVE('',#1714,#1706,#1716,.T.);
#1714 = VERTEX_POINT('',#1715);
#1715 = CARTESIAN_POINT('',(6.575,0.15,-3.95));
#1716 = LINE('',#1717,#1718);
#1717 = CARTESIAN_POINT('',(7.35,0.15,-3.95));
#1718 = VECTOR('',#1719,1.);
#1719 = DIRECTION('',(1.,0.,6.982962677686E-15));
#1720 = ORIENTED_EDGE('',*,*,#1721,.T.);
#1721 = EDGE_CURVE('',#1714,#1722,#1724,.T.);
#1722 = VERTEX_POINT('',#1723);
#1723 = CARTESIAN_POINT('',(6.575,0.15,-0.55));
#1724 = LINE('',#1725,#1726);
#1725 = CARTESIAN_POINT('',(6.575,0.15,-2.25));
#1726 = VECTOR('',#1727,1.);
#1727 = DIRECTION('',(-6.982962677686E-15,0.,1.));
#1728 = ORIENTED_EDGE('',*,*,#1729,.F.);
#1729 = EDGE_CURVE('',#1730,#1722,#1732,.T.);
#1730 = VERTEX_POINT('',#1731);
#1731 = CARTESIAN_POINT('',(7.975,0.15,-0.55));
#1732 = LINE('',#1733,#1734);
#1733 = CARTESIAN_POINT('',(7.35,0.15,-0.55));
#1734 = VECTOR('',#1735,1.);
#1735 = DIRECTION('',(-1.,0.,-6.982962677686E-15));
#1736 = ORIENTED_EDGE('',*,*,#1737,.T.);
#1737 = EDGE_CURVE('',#1730,#1738,#1740,.T.);
#1738 = VERTEX_POINT('',#1739);
#1739 = CARTESIAN_POINT('',(7.975,0.15,0.25));
#1740 = LINE('',#1741,#1742);
#1741 = CARTESIAN_POINT('',(7.975,0.15,-4.75));
#1742 = VECTOR('',#1743,1.);
#1743 = DIRECTION('',(-6.982962677686E-15,0.,1.));
#1744 = ORIENTED_EDGE('',*,*,#1745,.T.);
#1745 = EDGE_CURVE('',#1738,#1746,#1748,.T.);
#1746 = VERTEX_POINT('',#1747);
#1747 = CARTESIAN_POINT('',(6.,0.15,0.25));
#1748 = LINE('',#1749,#1750);
#1749 = CARTESIAN_POINT('',(7.975,0.15,0.25));
#1750 = VECTOR('',#1751,1.);
#1751 = DIRECTION('',(-1.,0.,-7.091722770224E-15));
#1752 = ORIENTED_EDGE('',*,*,#1753,.F.);
#1753 = EDGE_CURVE('',#1754,#1746,#1756,.T.);
#1754 = VERTEX_POINT('',#1755);
#1755 = CARTESIAN_POINT('',(6.,0.15,-0.55));
#1756 = LINE('',#1757,#1758);
#1757 = CARTESIAN_POINT('',(6.,0.15,0.25));
#1758 = VECTOR('',#1759,1.);
#1759 = DIRECTION('',(-6.982962677686E-15,0.,1.));
#1760 = ORIENTED_EDGE('',*,*,#1761,.F.);
#1761 = EDGE_CURVE('',#1762,#1754,#1764,.T.);
#1762 = VERTEX_POINT('',#1763);
#1763 = CARTESIAN_POINT('',(5.35,0.15,-0.55));
#1764 = LINE('',#1765,#1766);
#1765 = CARTESIAN_POINT('',(-6.,0.15,-0.55));
#1766 = VECTOR('',#1767,1.);
#1767 = DIRECTION('',(1.,0.,6.982962677686E-15));
#1768 = ORIENTED_EDGE('',*,*,#1769,.F.);
#1769 = EDGE_CURVE('',#1770,#1762,#1772,.T.);
#1770 = VERTEX_POINT('',#1771);
#1771 = CARTESIAN_POINT('',(5.35,0.15,-3.85));
#1772 = LINE('',#1773,#1774);
#1773 = CARTESIAN_POINT('',(5.35,0.15,0.25));
#1774 = VECTOR('',#1775,1.);
#1775 = DIRECTION('',(-6.982962677686E-15,0.,1.));
#1776 = ORIENTED_EDGE('',*,*,#1777,.F.);
#1777 = EDGE_CURVE('',#1778,#1770,#1780,.T.);
#1778 = VERTEX_POINT('',#1779);
#1779 = CARTESIAN_POINT('',(4.65,0.15,-3.85));
#1780 = LINE('',#1781,#1782);
#1781 = CARTESIAN_POINT('',(4.65,0.15,-3.85));
#1782 = VECTOR('',#1783,1.);
#1783 = DIRECTION('',(1.,0.,6.982962677686E-15));
#1784 = ORIENTED_EDGE('',*,*,#1785,.T.);
#1785 = EDGE_CURVE('',#1778,#1786,#1788,.T.);
#1786 = VERTEX_POINT('',#1787);
#1787 = CARTESIAN_POINT('',(4.65,0.15,-0.55));
#1788 = LINE('',#1789,#1790);
#1789 = CARTESIAN_POINT('',(4.65,0.15,0.25));
#1790 = VECTOR('',#1791,1.);
#1791 = DIRECTION('',(-6.982962677686E-15,0.,1.));
#1792 = ORIENTED_EDGE('',*,*,#1793,.F.);
#1793 = EDGE_CURVE('',#1794,#1786,#1796,.T.);
#1794 = VERTEX_POINT('',#1795);
#1795 = CARTESIAN_POINT('',(3.35,0.15,-0.55));
#1796 = LINE('',#1797,#1798);
#1797 = CARTESIAN_POINT('',(-6.,0.15,-0.55));
#1798 = VECTOR('',#1799,1.);
#1799 = DIRECTION('',(1.,0.,6.982962677686E-15));
#1800 = ORIENTED_EDGE('',*,*,#1801,.F.);
#1801 = EDGE_CURVE('',#1802,#1794,#1804,.T.);
#1802 = VERTEX_POINT('',#1803);
#1803 = CARTESIAN_POINT('',(3.35,0.15,-3.85));
#1804 = LINE('',#1805,#1806);
#1805 = CARTESIAN_POINT('',(3.35,0.15,0.25));
#1806 = VECTOR('',#1807,1.);
#1807 = DIRECTION('',(-6.982962677686E-15,0.,1.));
#1808 = ORIENTED_EDGE('',*,*,#1809,.T.);
#1809 = EDGE_CURVE('',#1802,#1810,#1812,.T.);
#1810 = VERTEX_POINT('',#1811);
#1811 = CARTESIAN_POINT('',(2.65,0.15,-3.85));
#1812 = LINE('',#1813,#1814);
#1813 = CARTESIAN_POINT('',(3.35,0.15,-3.85));
#1814 = VECTOR('',#1815,1.);
#1815 = DIRECTION('',(-1.,0.,-6.982962677686E-15));
#1816 = ORIENTED_EDGE('',*,*,#1817,.T.);
#1817 = EDGE_CURVE('',#1810,#1818,#1820,.T.);
#1818 = VERTEX_POINT('',#1819);
#1819 = CARTESIAN_POINT('',(2.65,0.15,-0.55));
#1820 = LINE('',#1821,#1822);
#1821 = CARTESIAN_POINT('',(2.65,0.15,0.25));
#1822 = VECTOR('',#1823,1.);
#1823 = DIRECTION('',(-6.982962677686E-15,0.,1.));
#1824 = ORIENTED_EDGE('',*,*,#1825,.T.);
#1825 = EDGE_CURVE('',#1818,#1826,#1828,.T.);
#1826 = VERTEX_POINT('',#1827);
#1827 = CARTESIAN_POINT('',(1.35,0.15,-0.55));
#1828 = LINE('',#1829,#1830);
#1829 = CARTESIAN_POINT('',(10.,0.15,-0.55));
#1830 = VECTOR('',#1831,1.);
#1831 = DIRECTION('',(-1.,0.,-6.982962677686E-15));
#1832 = ORIENTED_EDGE('',*,*,#1833,.F.);
#1833 = EDGE_CURVE('',#1834,#1826,#1836,.T.);
#1834 = VERTEX_POINT('',#1835);
#1835 = CARTESIAN_POINT('',(1.35,0.15,-3.85));
#1836 = LINE('',#1837,#1838);
#1837 = CARTESIAN_POINT('',(1.35,0.15,0.25));
#1838 = VECTOR('',#1839,1.);
#1839 = DIRECTION('',(-6.982962677686E-15,0.,1.));
#1840 = ORIENTED_EDGE('',*,*,#1841,.T.);
#1841 = EDGE_CURVE('',#1834,#1842,#1844,.T.);
#1842 = VERTEX_POINT('',#1843);
#1843 = CARTESIAN_POINT('',(0.65,0.15,-3.85));
#1844 = LINE('',#1845,#1846);
#1845 = CARTESIAN_POINT('',(1.35,0.15,-3.85));
#1846 = VECTOR('',#1847,1.);
#1847 = DIRECTION('',(-1.,0.,-6.982962677686E-15));
#1848 = ORIENTED_EDGE('',*,*,#1849,.T.);
#1849 = EDGE_CURVE('',#1842,#1850,#1852,.T.);
#1850 = VERTEX_POINT('',#1851);
#1851 = CARTESIAN_POINT('',(0.65,0.15,-0.55));
#1852 = LINE('',#1853,#1854);
#1853 = CARTESIAN_POINT('',(0.65,0.15,0.25));
#1854 = VECTOR('',#1855,1.);
#1855 = DIRECTION('',(-6.982962677686E-15,0.,1.));
#1856 = ORIENTED_EDGE('',*,*,#1857,.T.);
#1857 = EDGE_CURVE('',#1850,#1858,#1860,.T.);
#1858 = VERTEX_POINT('',#1859);
#1859 = CARTESIAN_POINT('',(-0.65,0.15,-0.55));
#1860 = LINE('',#1861,#1862);
#1861 = CARTESIAN_POINT('',(8.,0.15,-0.55));
#1862 = VECTOR('',#1863,1.);
#1863 = DIRECTION('',(-1.,0.,-6.982962677686E-15));
#1864 = ORIENTED_EDGE('',*,*,#1865,.F.);
#1865 = EDGE_CURVE('',#1866,#1858,#1868,.T.);
#1866 = VERTEX_POINT('',#1867);
#1867 = CARTESIAN_POINT('',(-0.65,0.15,-3.85));
#1868 = LINE('',#1869,#1870);
#1869 = CARTESIAN_POINT('',(-0.65,0.15,0.25));
#1870 = VECTOR('',#1871,1.);
#1871 = DIRECTION('',(-6.982962677686E-15,0.,1.));
#1872 = ORIENTED_EDGE('',*,*,#1873,.T.);
#1873 = EDGE_CURVE('',#1866,#1874,#1876,.T.);
#1874 = VERTEX_POINT('',#1875);
#1875 = CARTESIAN_POINT('',(-1.35,0.15,-3.85));
#1876 = LINE('',#1877,#1878);
#1877 = CARTESIAN_POINT('',(-0.65,0.15,-3.85));
#1878 = VECTOR('',#1879,1.);
#1879 = DIRECTION('',(-1.,0.,-6.982962677686E-15));
#1880 = ORIENTED_EDGE('',*,*,#1881,.T.);
#1881 = EDGE_CURVE('',#1874,#1642,#1882,.T.);
#1882 = LINE('',#1883,#1884);
#1883 = CARTESIAN_POINT('',(-1.35,0.15,0.25));
#1884 = VECTOR('',#1885,1.);
#1885 = DIRECTION('',(-6.982962677686E-15,0.,1.));
#1886 = ORIENTED_EDGE('',*,*,#1641,.T.);
#1887 = ORIENTED_EDGE('',*,*,#1888,.F.);
#1888 = EDGE_CURVE('',#1889,#1644,#1891,.T.);
#1889 = VERTEX_POINT('',#1890);
#1890 = CARTESIAN_POINT('',(-2.65,0.15,-3.85));
#1891 = LINE('',#1892,#1893);
#1892 = CARTESIAN_POINT('',(-2.65,0.15,0.25));
#1893 = VECTOR('',#1894,1.);
#1894 = DIRECTION('',(-6.982962677686E-15,0.,1.));
#1895 = ORIENTED_EDGE('',*,*,#1896,.T.);
#1896 = EDGE_CURVE('',#1889,#1897,#1899,.T.);
#1897 = VERTEX_POINT('',#1898);
#1898 = CARTESIAN_POINT('',(-3.35,0.15,-3.85));
#1899 = LINE('',#1900,#1901);
#1900 = CARTESIAN_POINT('',(-2.65,0.15,-3.85));
#1901 = VECTOR('',#1902,1.);
#1902 = DIRECTION('',(-1.,0.,-6.982962677686E-15));
#1903 = ORIENTED_EDGE('',*,*,#1904,.T.);
#1904 = EDGE_CURVE('',#1897,#1905,#1907,.T.);
#1905 = VERTEX_POINT('',#1906);
#1906 = CARTESIAN_POINT('',(-3.35,0.15,-0.55));
#1907 = LINE('',#1908,#1909);
#1908 = CARTESIAN_POINT('',(-3.35,0.15,0.25));
#1909 = VECTOR('',#1910,1.);
#1910 = DIRECTION('',(-6.982962677686E-15,0.,1.));
#1911 = ORIENTED_EDGE('',*,*,#1912,.T.);
#1912 = EDGE_CURVE('',#1905,#1913,#1915,.T.);
#1913 = VERTEX_POINT('',#1914);
#1914 = CARTESIAN_POINT('',(-4.,0.15,-0.55));
#1915 = LINE('',#1916,#1917);
#1916 = CARTESIAN_POINT('',(8.,0.15,-0.55));
#1917 = VECTOR('',#1918,1.);
#1918 = DIRECTION('',(-1.,0.,-6.982962677686E-15));
#1919 = ORIENTED_EDGE('',*,*,#1920,.T.);
#1920 = EDGE_CURVE('',#1913,#1921,#1923,.T.);
#1921 = VERTEX_POINT('',#1922);
#1922 = CARTESIAN_POINT('',(-4.,0.15,0.25));
#1923 = LINE('',#1924,#1925);
#1924 = CARTESIAN_POINT('',(-4.,0.15,0.25));
#1925 = VECTOR('',#1926,1.);
#1926 = DIRECTION('',(-6.982962677686E-15,0.,1.));
#1927 = ORIENTED_EDGE('',*,*,#1928,.F.);
#1928 = EDGE_CURVE('',#1929,#1921,#1931,.T.);
#1929 = VERTEX_POINT('',#1930);
#1930 = CARTESIAN_POINT('',(-5.975,0.15,0.25));
#1931 = LINE('',#1932,#1933);
#1932 = CARTESIAN_POINT('',(-5.975,0.15,0.25));
#1933 = VECTOR('',#1934,1.);
#1934 = DIRECTION('',(1.,0.,6.874202585149E-15));
#1935 = ORIENTED_EDGE('',*,*,#1936,.F.);
#1936 = EDGE_CURVE('',#1937,#1929,#1939,.T.);
#1937 = VERTEX_POINT('',#1938);
#1938 = CARTESIAN_POINT('',(-5.975,0.15,-0.55));
#1939 = LINE('',#1940,#1941);
#1940 = CARTESIAN_POINT('',(-5.975,0.15,-4.75));
#1941 = VECTOR('',#1942,1.);
#1942 = DIRECTION('',(-6.982962677686E-15,0.,1.));
#1943 = ORIENTED_EDGE('',*,*,#1944,.T.);
#1944 = EDGE_CURVE('',#1937,#1945,#1947,.T.);
#1945 = VERTEX_POINT('',#1946);
#1946 = CARTESIAN_POINT('',(-4.575,0.15,-0.55));
#1947 = LINE('',#1948,#1949);
#1948 = CARTESIAN_POINT('',(-5.35,0.15,-0.55));
#1949 = VECTOR('',#1950,1.);
#1950 = DIRECTION('',(1.,0.,6.982962677686E-15));
#1951 = ORIENTED_EDGE('',*,*,#1952,.F.);
#1952 = EDGE_CURVE('',#1953,#1945,#1955,.T.);
#1953 = VERTEX_POINT('',#1954);
#1954 = CARTESIAN_POINT('',(-4.575,0.15,-3.95));
#1955 = LINE('',#1956,#1957);
#1956 = CARTESIAN_POINT('',(-4.575,0.15,-2.25));
#1957 = VECTOR('',#1958,1.);
#1958 = DIRECTION('',(-6.982962677686E-15,0.,1.));
#1959 = ORIENTED_EDGE('',*,*,#1960,.T.);
#1960 = EDGE_CURVE('',#1953,#893,#1961,.T.);
#1961 = LINE('',#1962,#1963);
#1962 = CARTESIAN_POINT('',(-5.35,0.15,-3.95));
#1963 = VECTOR('',#1964,1.);
#1964 = DIRECTION('',(-1.,0.,-6.982962677686E-15));
#1965 = ORIENTED_EDGE('',*,*,#892,.F.);
#1966 = ORIENTED_EDGE('',*,*,#863,.F.);
#1967 = ORIENTED_EDGE('',*,*,#617,.F.);
#1968 = ORIENTED_EDGE('',*,*,#1969,.T.);
#1969 = EDGE_CURVE('',#610,#715,#1970,.T.);
#1970 = LINE('',#1971,#1972);
#1971 = CARTESIAN_POINT('',(-4.3,0.15,-4.08));
#1972 = VECTOR('',#1973,1.);
#1973 = DIRECTION('',(1.,0.,6.766122243189E-15));
#1974 = ORIENTED_EDGE('',*,*,#714,.T.);
#1975 = PLANE('',#1976);
#1976 = AXIS2_PLACEMENT_3D('',#1977,#1978,#1979);
#1977 = CARTESIAN_POINT('',(2.,0.15,-2.25));
#1978 = DIRECTION('',(-0.,1.,0.));
#1979 = DIRECTION('',(1.,0.,0.));
#1980 = ADVANCED_FACE('',(#1981),#2006,.F.);
#1981 = FACE_BOUND('',#1982,.T.);
#1982 = EDGE_LOOP('',(#1983,#1984,#1992,#2000));
#1983 = ORIENTED_EDGE('',*,*,#1659,.F.);
#1984 = ORIENTED_EDGE('',*,*,#1985,.T.);
#1985 = EDGE_CURVE('',#1652,#1986,#1988,.T.);
#1986 = VERTEX_POINT('',#1987);
#1987 = CARTESIAN_POINT('',(-1.35,0.45,0.25));
#1988 = LINE('',#1989,#1990);
#1989 = CARTESIAN_POINT('',(-1.35,0.45,-2.25));
#1990 = VECTOR('',#1991,1.);
#1991 = DIRECTION('',(-6.982962677686E-15,1.355252715607E-16,1.));
#1992 = ORIENTED_EDGE('',*,*,#1993,.T.);
#1993 = EDGE_CURVE('',#1986,#1994,#1996,.T.);
#1994 = VERTEX_POINT('',#1995);
#1995 = CARTESIAN_POINT('',(-2.65,0.45,0.25));
#1996 = LINE('',#1997,#1998);
#1997 = CARTESIAN_POINT('',(8.,0.45,0.25));
#1998 = VECTOR('',#1999,1.);
#1999 = DIRECTION('',(-1.,0.,-6.982962677686E-15));
#2000 = ORIENTED_EDGE('',*,*,#2001,.F.);
#2001 = EDGE_CURVE('',#1660,#1994,#2002,.T.);
#2002 = LINE('',#2003,#2004);
#2003 = CARTESIAN_POINT('',(-2.65,0.45,-2.25));
#2004 = VECTOR('',#2005,1.);
#2005 = DIRECTION('',(-6.982962677686E-15,1.355252715607E-16,1.));
#2006 = PLANE('',#2007);
#2007 = AXIS2_PLACEMENT_3D('',#2008,#2009,#2010);
#2008 = CARTESIAN_POINT('',(8.,0.45,0.25));
#2009 = DIRECTION('',(9.463679131916E-31,1.,-1.355252715607E-16));
#2010 = DIRECTION('',(0.,-1.355252715607E-16,-1.));
#2011 = ADVANCED_FACE('',(#2012),#2055,.F.);
#2012 = FACE_BOUND('',#2013,.T.);
#2013 = EDGE_LOOP('',(#2014,#2015,#2016,#2017,#2025,#2033,#2041,#2049));
#2014 = ORIENTED_EDGE('',*,*,#1888,.T.);
#2015 = ORIENTED_EDGE('',*,*,#1667,.T.);
#2016 = ORIENTED_EDGE('',*,*,#2001,.T.);
#2017 = ORIENTED_EDGE('',*,*,#2018,.T.);
#2018 = EDGE_CURVE('',#1994,#2019,#2021,.T.);
#2019 = VERTEX_POINT('',#2020);
#2020 = CARTESIAN_POINT('',(-2.65,1.4,0.25));
#2021 = LINE('',#2022,#2023);
#2022 = CARTESIAN_POINT('',(-2.65,1.4,0.25));
#2023 = VECTOR('',#2024,1.);
#2024 = DIRECTION('',(0.,1.,0.));
#2025 = ORIENTED_EDGE('',*,*,#2026,.T.);
#2026 = EDGE_CURVE('',#2019,#2027,#2029,.T.);
#2027 = VERTEX_POINT('',#2028);
#2028 = CARTESIAN_POINT('',(-2.65,1.4,-1.9));
#2029 = LINE('',#2030,#2031);
#2030 = CARTESIAN_POINT('',(-2.65,1.4,-1.9));
#2031 = VECTOR('',#2032,1.);
#2032 = DIRECTION('',(6.982962677686E-15,0.,-1.));
#2033 = ORIENTED_EDGE('',*,*,#2034,.T.);
#2034 = EDGE_CURVE('',#2027,#2035,#2037,.T.);
#2035 = VERTEX_POINT('',#2036);
#2036 = CARTESIAN_POINT('',(-2.65,0.95,-2.35));
#2037 = LINE('',#2038,#2039);
#2038 = CARTESIAN_POINT('',(-2.65,0.95,-2.35));
#2039 = VECTOR('',#2040,1.);
#2040 = DIRECTION('',(4.937700262165E-15,-0.707106781187,-0.707106781187
    ));
#2041 = ORIENTED_EDGE('',*,*,#2042,.T.);
#2042 = EDGE_CURVE('',#2035,#2043,#2045,.T.);
#2043 = VERTEX_POINT('',#2044);
#2044 = CARTESIAN_POINT('',(-2.65,0.95,-3.85));
#2045 = LINE('',#2046,#2047);
#2046 = CARTESIAN_POINT('',(-2.65,0.95,-3.85));
#2047 = VECTOR('',#2048,1.);
#2048 = DIRECTION('',(6.982962677686E-15,0.,-1.));
#2049 = ORIENTED_EDGE('',*,*,#2050,.T.);
#2050 = EDGE_CURVE('',#2043,#1889,#2051,.T.);
#2051 = LINE('',#2052,#2053);
#2052 = CARTESIAN_POINT('',(-2.65,0.15,-3.85));
#2053 = VECTOR('',#2054,1.);
#2054 = DIRECTION('',(0.,-1.,0.));
#2055 = PLANE('',#2056);
#2056 = AXIS2_PLACEMENT_3D('',#2057,#2058,#2059);
#2057 = CARTESIAN_POINT('',(-2.65,0.15,-2.25));
#2058 = DIRECTION('',(1.,0.,6.982962677686E-15));
#2059 = DIRECTION('',(-6.982962677686E-15,0.,1.));
#2060 = ADVANCED_FACE('',(#2061),#2253,.F.);
#2061 = FACE_BOUND('',#2062,.T.);
#2062 = EDGE_LOOP('',(#2063,#2073,#2081,#2089,#2097,#2105,#2113,#2121,
    #2129,#2137,#2143,#2144,#2152,#2160,#2166,#2167,#2175,#2183,#2191,
    #2197,#2198,#2199,#2207,#2215,#2223,#2231,#2239,#2247));
#2063 = ORIENTED_EDGE('',*,*,#2064,.F.);
#2064 = EDGE_CURVE('',#2065,#2067,#2069,.T.);
#2065 = VERTEX_POINT('',#2066);
#2066 = CARTESIAN_POINT('',(2.65,0.45,0.25));
#2067 = VERTEX_POINT('',#2068);
#2068 = CARTESIAN_POINT('',(1.35,0.45,0.25));
#2069 = LINE('',#2070,#2071);
#2070 = CARTESIAN_POINT('',(10.,0.45,0.25));
#2071 = VECTOR('',#2072,1.);
#2072 = DIRECTION('',(-1.,0.,-6.982962677686E-15));
#2073 = ORIENTED_EDGE('',*,*,#2074,.T.);
#2074 = EDGE_CURVE('',#2065,#2075,#2077,.T.);
#2075 = VERTEX_POINT('',#2076);
#2076 = CARTESIAN_POINT('',(2.65,1.4,0.25));
#2077 = LINE('',#2078,#2079);
#2078 = CARTESIAN_POINT('',(2.65,1.4,0.25));
#2079 = VECTOR('',#2080,1.);
#2080 = DIRECTION('',(0.,1.,0.));
#2081 = ORIENTED_EDGE('',*,*,#2082,.F.);
#2082 = EDGE_CURVE('',#2083,#2075,#2085,.T.);
#2083 = VERTEX_POINT('',#2084);
#2084 = CARTESIAN_POINT('',(3.35,1.4,0.25));
#2085 = LINE('',#2086,#2087);
#2086 = CARTESIAN_POINT('',(3.35,1.4,0.25));
#2087 = VECTOR('',#2088,1.);
#2088 = DIRECTION('',(-1.,0.,-6.982962677686E-15));
#2089 = ORIENTED_EDGE('',*,*,#2090,.F.);
#2090 = EDGE_CURVE('',#2091,#2083,#2093,.T.);
#2091 = VERTEX_POINT('',#2092);
#2092 = CARTESIAN_POINT('',(3.35,0.45,0.25));
#2093 = LINE('',#2094,#2095);
#2094 = CARTESIAN_POINT('',(3.35,1.4,0.25));
#2095 = VECTOR('',#2096,1.);
#2096 = DIRECTION('',(0.,1.,0.));
#2097 = ORIENTED_EDGE('',*,*,#2098,.T.);
#2098 = EDGE_CURVE('',#2091,#2099,#2101,.T.);
#2099 = VERTEX_POINT('',#2100);
#2100 = CARTESIAN_POINT('',(4.65,0.45,0.25));
#2101 = LINE('',#2102,#2103);
#2102 = CARTESIAN_POINT('',(-6.,0.45,0.25));
#2103 = VECTOR('',#2104,1.);
#2104 = DIRECTION('',(1.,0.,6.982962677686E-15));
#2105 = ORIENTED_EDGE('',*,*,#2106,.T.);
#2106 = EDGE_CURVE('',#2099,#2107,#2109,.T.);
#2107 = VERTEX_POINT('',#2108);
#2108 = CARTESIAN_POINT('',(4.65,1.4,0.25));
#2109 = LINE('',#2110,#2111);
#2110 = CARTESIAN_POINT('',(4.65,1.4,0.25));
#2111 = VECTOR('',#2112,1.);
#2112 = DIRECTION('',(0.,1.,0.));
#2113 = ORIENTED_EDGE('',*,*,#2114,.T.);
#2114 = EDGE_CURVE('',#2107,#2115,#2117,.T.);
#2115 = VERTEX_POINT('',#2116);
#2116 = CARTESIAN_POINT('',(5.35,1.4,0.25));
#2117 = LINE('',#2118,#2119);
#2118 = CARTESIAN_POINT('',(4.65,1.4,0.25));
#2119 = VECTOR('',#2120,1.);
#2120 = DIRECTION('',(1.,0.,6.982962677686E-15));
#2121 = ORIENTED_EDGE('',*,*,#2122,.F.);
#2122 = EDGE_CURVE('',#2123,#2115,#2125,.T.);
#2123 = VERTEX_POINT('',#2124);
#2124 = CARTESIAN_POINT('',(5.35,0.45,0.25));
#2125 = LINE('',#2126,#2127);
#2126 = CARTESIAN_POINT('',(5.35,1.4,0.25));
#2127 = VECTOR('',#2128,1.);
#2128 = DIRECTION('',(0.,1.,0.));
#2129 = ORIENTED_EDGE('',*,*,#2130,.T.);
#2130 = EDGE_CURVE('',#2123,#2131,#2133,.T.);
#2131 = VERTEX_POINT('',#2132);
#2132 = CARTESIAN_POINT('',(6.,0.45,0.25));
#2133 = LINE('',#2134,#2135);
#2134 = CARTESIAN_POINT('',(-6.,0.45,0.25));
#2135 = VECTOR('',#2136,1.);
#2136 = DIRECTION('',(1.,0.,6.982962677686E-15));
#2137 = ORIENTED_EDGE('',*,*,#2138,.F.);
#2138 = EDGE_CURVE('',#1746,#2131,#2139,.T.);
#2139 = LINE('',#2140,#2141);
#2140 = CARTESIAN_POINT('',(6.,0.15,0.25));
#2141 = VECTOR('',#2142,1.);
#2142 = DIRECTION('',(0.,1.,0.));
#2143 = ORIENTED_EDGE('',*,*,#1745,.F.);
#2144 = ORIENTED_EDGE('',*,*,#2145,.F.);
#2145 = EDGE_CURVE('',#2146,#1738,#2148,.T.);
#2146 = VERTEX_POINT('',#2147);
#2147 = CARTESIAN_POINT('',(7.975,6.75,0.25));
#2148 = LINE('',#2149,#2150);
#2149 = CARTESIAN_POINT('',(7.975,6.75,0.25));
#2150 = VECTOR('',#2151,1.);
#2151 = DIRECTION('',(0.,-1.,0.));
#2152 = ORIENTED_EDGE('',*,*,#2153,.F.);
#2153 = EDGE_CURVE('',#2154,#2146,#2156,.T.);
#2154 = VERTEX_POINT('',#2155);
#2155 = CARTESIAN_POINT('',(-5.975,6.75,0.25));
#2156 = LINE('',#2157,#2158);
#2157 = CARTESIAN_POINT('',(-5.975,6.75,0.25));
#2158 = VECTOR('',#2159,1.);
#2159 = DIRECTION('',(1.,0.,6.874202585149E-15));
#2160 = ORIENTED_EDGE('',*,*,#2161,.T.);
#2161 = EDGE_CURVE('',#2154,#1929,#2162,.T.);
#2162 = LINE('',#2163,#2164);
#2163 = CARTESIAN_POINT('',(-5.975,6.75,0.25));
#2164 = VECTOR('',#2165,1.);
#2165 = DIRECTION('',(0.,-1.,0.));
#2166 = ORIENTED_EDGE('',*,*,#1928,.T.);
#2167 = ORIENTED_EDGE('',*,*,#2168,.T.);
#2168 = EDGE_CURVE('',#1921,#2169,#2171,.T.);
#2169 = VERTEX_POINT('',#2170);
#2170 = CARTESIAN_POINT('',(-4.,0.45,0.25));
#2171 = LINE('',#2172,#2173);
#2172 = CARTESIAN_POINT('',(-4.,0.15,0.25));
#2173 = VECTOR('',#2174,1.);
#2174 = DIRECTION('',(0.,1.,0.));
#2175 = ORIENTED_EDGE('',*,*,#2176,.F.);
#2176 = EDGE_CURVE('',#2177,#2169,#2179,.T.);
#2177 = VERTEX_POINT('',#2178);
#2178 = CARTESIAN_POINT('',(-3.35,0.45,0.25));
#2179 = LINE('',#2180,#2181);
#2180 = CARTESIAN_POINT('',(8.,0.45,0.25));
#2181 = VECTOR('',#2182,1.);
#2182 = DIRECTION('',(-1.,0.,-6.982962677686E-15));
#2183 = ORIENTED_EDGE('',*,*,#2184,.T.);
#2184 = EDGE_CURVE('',#2177,#2185,#2187,.T.);
#2185 = VERTEX_POINT('',#2186);
#2186 = CARTESIAN_POINT('',(-3.35,1.4,0.25));
#2187 = LINE('',#2188,#2189);
#2188 = CARTESIAN_POINT('',(-3.35,1.4,0.25));
#2189 = VECTOR('',#2190,1.);
#2190 = DIRECTION('',(0.,1.,0.));
#2191 = ORIENTED_EDGE('',*,*,#2192,.F.);
#2192 = EDGE_CURVE('',#2019,#2185,#2193,.T.);
#2193 = LINE('',#2194,#2195);
#2194 = CARTESIAN_POINT('',(-2.65,1.4,0.25));
#2195 = VECTOR('',#2196,1.);
#2196 = DIRECTION('',(-1.,0.,-6.982962677686E-15));
#2197 = ORIENTED_EDGE('',*,*,#2018,.F.);
#2198 = ORIENTED_EDGE('',*,*,#1993,.F.);
#2199 = ORIENTED_EDGE('',*,*,#2200,.T.);
#2200 = EDGE_CURVE('',#1986,#2201,#2203,.T.);
#2201 = VERTEX_POINT('',#2202);
#2202 = CARTESIAN_POINT('',(-1.35,1.4,0.25));
#2203 = LINE('',#2204,#2205);
#2204 = CARTESIAN_POINT('',(-1.35,1.4,0.25));
#2205 = VECTOR('',#2206,1.);
#2206 = DIRECTION('',(0.,1.,0.));
#2207 = ORIENTED_EDGE('',*,*,#2208,.F.);
#2208 = EDGE_CURVE('',#2209,#2201,#2211,.T.);
#2209 = VERTEX_POINT('',#2210);
#2210 = CARTESIAN_POINT('',(-0.65,1.4,0.25));
#2211 = LINE('',#2212,#2213);
#2212 = CARTESIAN_POINT('',(-0.65,1.4,0.25));
#2213 = VECTOR('',#2214,1.);
#2214 = DIRECTION('',(-1.,0.,-6.982962677686E-15));
#2215 = ORIENTED_EDGE('',*,*,#2216,.F.);
#2216 = EDGE_CURVE('',#2217,#2209,#2219,.T.);
#2217 = VERTEX_POINT('',#2218);
#2218 = CARTESIAN_POINT('',(-0.65,0.45,0.25));
#2219 = LINE('',#2220,#2221);
#2220 = CARTESIAN_POINT('',(-0.65,1.4,0.25));
#2221 = VECTOR('',#2222,1.);
#2222 = DIRECTION('',(0.,1.,0.));
#2223 = ORIENTED_EDGE('',*,*,#2224,.F.);
#2224 = EDGE_CURVE('',#2225,#2217,#2227,.T.);
#2225 = VERTEX_POINT('',#2226);
#2226 = CARTESIAN_POINT('',(0.65,0.45,0.25));
#2227 = LINE('',#2228,#2229);
#2228 = CARTESIAN_POINT('',(8.,0.45,0.25));
#2229 = VECTOR('',#2230,1.);
#2230 = DIRECTION('',(-1.,0.,-6.982962677686E-15));
#2231 = ORIENTED_EDGE('',*,*,#2232,.T.);
#2232 = EDGE_CURVE('',#2225,#2233,#2235,.T.);
#2233 = VERTEX_POINT('',#2234);
#2234 = CARTESIAN_POINT('',(0.65,1.4,0.25));
#2235 = LINE('',#2236,#2237);
#2236 = CARTESIAN_POINT('',(0.65,1.4,0.25));
#2237 = VECTOR('',#2238,1.);
#2238 = DIRECTION('',(0.,1.,0.));
#2239 = ORIENTED_EDGE('',*,*,#2240,.F.);
#2240 = EDGE_CURVE('',#2241,#2233,#2243,.T.);
#2241 = VERTEX_POINT('',#2242);
#2242 = CARTESIAN_POINT('',(1.35,1.4,0.25));
#2243 = LINE('',#2244,#2245);
#2244 = CARTESIAN_POINT('',(1.35,1.4,0.25));
#2245 = VECTOR('',#2246,1.);
#2246 = DIRECTION('',(-1.,0.,-6.982962677686E-15));
#2247 = ORIENTED_EDGE('',*,*,#2248,.F.);
#2248 = EDGE_CURVE('',#2067,#2241,#2249,.T.);
#2249 = LINE('',#2250,#2251);
#2250 = CARTESIAN_POINT('',(1.35,1.4,0.25));
#2251 = VECTOR('',#2252,1.);
#2252 = DIRECTION('',(0.,1.,0.));
#2253 = PLANE('',#2254);
#2254 = AXIS2_PLACEMENT_3D('',#2255,#2256,#2257);
#2255 = CARTESIAN_POINT('',(-5.975,6.75,0.25));
#2256 = DIRECTION('',(6.874202585149E-15,0.,-1.));
#2257 = DIRECTION('',(0.,-1.,0.));
#2258 = ADVANCED_FACE('',(#2259),#2265,.F.);
#2259 = FACE_BOUND('',#2260,.T.);
#2260 = EDGE_LOOP('',(#2261,#2262,#2263,#2264));
#2261 = ORIENTED_EDGE('',*,*,#657,.T.);
#2262 = ORIENTED_EDGE('',*,*,#633,.T.);
#2263 = ORIENTED_EDGE('',*,*,#856,.T.);
#2264 = ORIENTED_EDGE('',*,*,#698,.F.);
#2265 = PLANE('',#2266);
#2266 = AXIS2_PLACEMENT_3D('',#2267,#2268,#2269);
#2267 = CARTESIAN_POINT('',(-4.3,4.75,0.627440918376));
#2268 = DIRECTION('',(-0.,1.,0.));
#2269 = DIRECTION('',(1.,0.,0.));
#2270 = ADVANCED_FACE('',(#2271),#2376,.T.);
#2271 = FACE_BOUND('',#2272,.T.);
#2272 = EDGE_LOOP('',(#2273,#2274,#2282,#2290,#2298,#2306,#2314,#2322,
    #2328,#2329,#2330,#2338,#2346,#2354,#2362,#2370));
#2273 = ORIENTED_EDGE('',*,*,#2153,.T.);
#2274 = ORIENTED_EDGE('',*,*,#2275,.F.);
#2275 = EDGE_CURVE('',#2276,#2146,#2278,.T.);
#2276 = VERTEX_POINT('',#2277);
#2277 = CARTESIAN_POINT('',(7.975,6.75,-0.85));
#2278 = LINE('',#2279,#2280);
#2279 = CARTESIAN_POINT('',(7.975,6.75,5.568912735455E-14));
#2280 = VECTOR('',#2281,1.);
#2281 = DIRECTION('',(-6.938893903907E-15,0.,1.));
#2282 = ORIENTED_EDGE('',*,*,#2283,.F.);
#2283 = EDGE_CURVE('',#2284,#2276,#2286,.T.);
#2284 = VERTEX_POINT('',#2285);
#2285 = CARTESIAN_POINT('',(7.55,6.75,-0.85));
#2286 = LINE('',#2287,#2288);
#2287 = CARTESIAN_POINT('',(7.975,6.75,-0.85));
#2288 = VECTOR('',#2289,1.);
#2289 = DIRECTION('',(1.,0.,8.023796763272E-15));
#2290 = ORIENTED_EDGE('',*,*,#2291,.F.);
#2291 = EDGE_CURVE('',#2292,#2284,#2294,.T.);
#2292 = VERTEX_POINT('',#2293);
#2293 = CARTESIAN_POINT('',(7.55,6.75,-0.35));
#2294 = LINE('',#2295,#2296);
#2295 = CARTESIAN_POINT('',(7.55,6.75,-1.05));
#2296 = VECTOR('',#2297,1.);
#2297 = DIRECTION('',(6.982962677686E-15,0.,-1.));
#2298 = ORIENTED_EDGE('',*,*,#2299,.F.);
#2299 = EDGE_CURVE('',#2300,#2292,#2302,.T.);
#2300 = VERTEX_POINT('',#2301);
#2301 = CARTESIAN_POINT('',(6.85,6.75,-0.35));
#2302 = LINE('',#2303,#2304);
#2303 = CARTESIAN_POINT('',(7.35,6.75,-0.35));
#2304 = VECTOR('',#2305,1.);
#2305 = DIRECTION('',(1.,0.,6.982962677686E-15));
#2306 = ORIENTED_EDGE('',*,*,#2307,.F.);
#2307 = EDGE_CURVE('',#2308,#2300,#2310,.T.);
#2308 = VERTEX_POINT('',#2309);
#2309 = CARTESIAN_POINT('',(6.85,6.75,-2.3));
#2310 = LINE('',#2311,#2312);
#2311 = CARTESIAN_POINT('',(6.85,6.75,-0.55));
#2312 = VECTOR('',#2313,1.);
#2313 = DIRECTION('',(-6.982962677686E-15,0.,1.));
#2314 = ORIENTED_EDGE('',*,*,#2315,.F.);
#2315 = EDGE_CURVE('',#2316,#2308,#2318,.T.);
#2316 = VERTEX_POINT('',#2317);
#2317 = CARTESIAN_POINT('',(6.3,6.75,-2.3));
#2318 = LINE('',#2319,#2320);
#2319 = CARTESIAN_POINT('',(-7.975,6.75,-2.3));
#2320 = VECTOR('',#2321,1.);
#2321 = DIRECTION('',(1.,0.,6.982962677686E-15));
#2322 = ORIENTED_EDGE('',*,*,#2323,.T.);
#2323 = EDGE_CURVE('',#2316,#369,#2324,.T.);
#2324 = LINE('',#2325,#2326);
#2325 = CARTESIAN_POINT('',(6.3,6.75,-0.45));
#2326 = VECTOR('',#2327,1.);
#2327 = DIRECTION('',(-6.982962677686E-15,0.,1.));
#2328 = ORIENTED_EDGE('',*,*,#368,.T.);
#2329 = ORIENTED_EDGE('',*,*,#586,.F.);
#2330 = ORIENTED_EDGE('',*,*,#2331,.T.);
#2331 = EDGE_CURVE('',#579,#2332,#2334,.T.);
#2332 = VERTEX_POINT('',#2333);
#2333 = CARTESIAN_POINT('',(-4.85,6.75,-2.3));
#2334 = LINE('',#2335,#2336);
#2335 = CARTESIAN_POINT('',(9.975,6.75,-2.3));
#2336 = VECTOR('',#2337,1.);
#2337 = DIRECTION('',(-1.,0.,-6.982962677686E-15));
#2338 = ORIENTED_EDGE('',*,*,#2339,.T.);
#2339 = EDGE_CURVE('',#2332,#2340,#2342,.T.);
#2340 = VERTEX_POINT('',#2341);
#2341 = CARTESIAN_POINT('',(-4.85,6.75,-0.35));
#2342 = LINE('',#2343,#2344);
#2343 = CARTESIAN_POINT('',(-4.85,6.75,-0.55));
#2344 = VECTOR('',#2345,1.);
#2345 = DIRECTION('',(-6.982962677686E-15,0.,1.));
#2346 = ORIENTED_EDGE('',*,*,#2347,.T.);
#2347 = EDGE_CURVE('',#2340,#2348,#2350,.T.);
#2348 = VERTEX_POINT('',#2349);
#2349 = CARTESIAN_POINT('',(-5.55,6.75,-0.35));
#2350 = LINE('',#2351,#2352);
#2351 = CARTESIAN_POINT('',(-5.35,6.75,-0.35));
#2352 = VECTOR('',#2353,1.);
#2353 = DIRECTION('',(-1.,0.,-6.982962677686E-15));
#2354 = ORIENTED_EDGE('',*,*,#2355,.T.);
#2355 = EDGE_CURVE('',#2348,#2356,#2358,.T.);
#2356 = VERTEX_POINT('',#2357);
#2357 = CARTESIAN_POINT('',(-5.55,6.75,-0.85));
#2358 = LINE('',#2359,#2360);
#2359 = CARTESIAN_POINT('',(-5.55,6.75,-1.05));
#2360 = VECTOR('',#2361,1.);
#2361 = DIRECTION('',(6.982962677686E-15,0.,-1.));
#2362 = ORIENTED_EDGE('',*,*,#2363,.T.);
#2363 = EDGE_CURVE('',#2356,#2364,#2366,.T.);
#2364 = VERTEX_POINT('',#2365);
#2365 = CARTESIAN_POINT('',(-5.975,6.75,-0.85));
#2366 = LINE('',#2367,#2368);
#2367 = CARTESIAN_POINT('',(-5.975,6.75,-0.85));
#2368 = VECTOR('',#2369,1.);
#2369 = DIRECTION('',(-1.,0.,-5.9421285921E-15));
#2370 = ORIENTED_EDGE('',*,*,#2371,.T.);
#2371 = EDGE_CURVE('',#2364,#2154,#2372,.T.);
#2372 = LINE('',#2373,#2374);
#2373 = CARTESIAN_POINT('',(-5.975,6.75,-4.75));
#2374 = VECTOR('',#2375,1.);
#2375 = DIRECTION('',(-6.982962677686E-15,0.,1.));
#2376 = PLANE('',#2377);
#2377 = AXIS2_PLACEMENT_3D('',#2378,#2379,#2380);
#2378 = CARTESIAN_POINT('',(2.,6.75,-2.25));
#2379 = DIRECTION('',(-0.,1.,0.));
#2380 = DIRECTION('',(1.,0.,0.));
#2381 = ADVANCED_FACE('',(#2382),#2408,.F.);
#2382 = FACE_BOUND('',#2383,.T.);
#2383 = EDGE_LOOP('',(#2384,#2392,#2400,#2406,#2407));
#2384 = ORIENTED_EDGE('',*,*,#2385,.T.);
#2385 = EDGE_CURVE('',#570,#2386,#2388,.T.);
#2386 = VERTEX_POINT('',#2387);
#2387 = CARTESIAN_POINT('',(-5.05,5.15,-2.3));
#2388 = LINE('',#2389,#2390);
#2389 = CARTESIAN_POINT('',(9.975,5.15,-2.3));
#2390 = VECTOR('',#2391,1.);
#2391 = DIRECTION('',(-1.,0.,-6.982962677686E-15));
#2392 = ORIENTED_EDGE('',*,*,#2393,.T.);
#2393 = EDGE_CURVE('',#2386,#2394,#2396,.T.);
#2394 = VERTEX_POINT('',#2395);
#2395 = CARTESIAN_POINT('',(-5.05,6.55,-2.3));
#2396 = LINE('',#2397,#2398);
#2397 = CARTESIAN_POINT('',(-5.05,6.75,-2.3));
#2398 = VECTOR('',#2399,1.);
#2399 = DIRECTION('',(8.576459213299E-31,1.,-1.228197773519E-16));
#2400 = ORIENTED_EDGE('',*,*,#2401,.T.);
#2401 = EDGE_CURVE('',#2394,#2332,#2402,.T.);
#2402 = LINE('',#2403,#2404);
#2403 = CARTESIAN_POINT('',(-5.05,6.55,-2.3));
#2404 = VECTOR('',#2405,1.);
#2405 = DIRECTION('',(0.707106781187,0.707106781187,4.850853564735E-15)
  );
#2406 = ORIENTED_EDGE('',*,*,#2331,.F.);
#2407 = ORIENTED_EDGE('',*,*,#578,.F.);
#2408 = PLANE('',#2409);
#2409 = AXIS2_PLACEMENT_3D('',#2410,#2411,#2412);
#2410 = CARTESIAN_POINT('',(9.975,6.75,-2.3));
#2411 = DIRECTION('',(-6.982962677686E-15,1.228197773519E-16,1.));
#2412 = DIRECTION('',(1.,0.,6.982962677686E-15));
#2413 = ADVANCED_FACE('',(#2414),#2432,.T.);
#2414 = FACE_BOUND('',#2415,.T.);
#2415 = EDGE_LOOP('',(#2416,#2417,#2425,#2431));
#2416 = ORIENTED_EDGE('',*,*,#2401,.F.);
#2417 = ORIENTED_EDGE('',*,*,#2418,.F.);
#2418 = EDGE_CURVE('',#2419,#2394,#2421,.T.);
#2419 = VERTEX_POINT('',#2420);
#2420 = CARTESIAN_POINT('',(-5.05,6.55,-0.55));
#2421 = LINE('',#2422,#2423);
#2422 = CARTESIAN_POINT('',(-5.05,6.55,-3.95));
#2423 = VECTOR('',#2424,1.);
#2424 = DIRECTION('',(6.982962677686E-15,0.,-1.));
#2425 = ORIENTED_EDGE('',*,*,#2426,.T.);
#2426 = EDGE_CURVE('',#2419,#2340,#2427,.T.);
#2427 = LINE('',#2428,#2429);
#2428 = CARTESIAN_POINT('',(-5.15,6.45,-0.65));
#2429 = VECTOR('',#2430,1.);
#2430 = DIRECTION('',(0.57735026919,0.57735026919,0.57735026919));
#2431 = ORIENTED_EDGE('',*,*,#2339,.F.);
#2432 = PLANE('',#2433);
#2433 = AXIS2_PLACEMENT_3D('',#2434,#2435,#2436);
#2434 = CARTESIAN_POINT('',(-5.05,6.55,-0.55));
#2435 = DIRECTION('',(-0.707106781187,0.707106781187,-4.937700262165E-15
    ));
#2436 = DIRECTION('',(-6.982962677686E-15,0.,1.));
#2437 = ADVANCED_FACE('',(#2438),#2456,.T.);
#2438 = FACE_BOUND('',#2439,.T.);
#2439 = EDGE_LOOP('',(#2440,#2448,#2449,#2450));
#2440 = ORIENTED_EDGE('',*,*,#2441,.T.);
#2441 = EDGE_CURVE('',#2442,#2348,#2444,.T.);
#2442 = VERTEX_POINT('',#2443);
#2443 = CARTESIAN_POINT('',(-5.35,6.55,-0.55));
#2444 = LINE('',#2445,#2446);
#2445 = CARTESIAN_POINT('',(-5.183333333333,6.383333333333,
    -0.716666666667));
#2446 = VECTOR('',#2447,1.);
#2447 = DIRECTION('',(-0.57735026919,0.57735026919,0.57735026919));
#2448 = ORIENTED_EDGE('',*,*,#2347,.F.);
#2449 = ORIENTED_EDGE('',*,*,#2426,.F.);
#2450 = ORIENTED_EDGE('',*,*,#2451,.F.);
#2451 = EDGE_CURVE('',#2442,#2419,#2452,.T.);
#2452 = LINE('',#2453,#2454);
#2453 = CARTESIAN_POINT('',(-5.05,6.55,-0.55));
#2454 = VECTOR('',#2455,1.);
#2455 = DIRECTION('',(1.,0.,6.982962677686E-15));
#2456 = PLANE('',#2457);
#2457 = AXIS2_PLACEMENT_3D('',#2458,#2459,#2460);
#2458 = CARTESIAN_POINT('',(-5.35,6.55,-0.55));
#2459 = DIRECTION('',(4.937700262165E-15,0.707106781187,-0.707106781187)
  );
#2460 = DIRECTION('',(-1.,0.,-6.982962677686E-15));
#2461 = ADVANCED_FACE('',(#2462),#2480,.T.);
#2462 = FACE_BOUND('',#2463,.T.);
#2463 = EDGE_LOOP('',(#2464,#2472,#2473,#2474));
#2464 = ORIENTED_EDGE('',*,*,#2465,.T.);
#2465 = EDGE_CURVE('',#2466,#2356,#2468,.T.);
#2466 = VERTEX_POINT('',#2467);
#2467 = CARTESIAN_POINT('',(-5.35,6.55,-1.05));
#2468 = LINE('',#2469,#2470);
#2469 = CARTESIAN_POINT('',(-5.35,6.55,-1.05));
#2470 = VECTOR('',#2471,1.);
#2471 = DIRECTION('',(-0.57735026919,0.57735026919,0.57735026919));
#2472 = ORIENTED_EDGE('',*,*,#2355,.F.);
#2473 = ORIENTED_EDGE('',*,*,#2441,.F.);
#2474 = ORIENTED_EDGE('',*,*,#2475,.F.);
#2475 = EDGE_CURVE('',#2466,#2442,#2476,.T.);
#2476 = LINE('',#2477,#2478);
#2477 = CARTESIAN_POINT('',(-5.35,6.55,-0.55));
#2478 = VECTOR('',#2479,1.);
#2479 = DIRECTION('',(-6.982962677686E-15,0.,1.));
#2480 = PLANE('',#2481);
#2481 = AXIS2_PLACEMENT_3D('',#2482,#2483,#2484);
#2482 = CARTESIAN_POINT('',(-5.35,6.55,-1.05));
#2483 = DIRECTION('',(0.707106781187,0.707106781187,4.937700262165E-15)
  );
#2484 = DIRECTION('',(0.,6.982962677686E-15,-1.));
#2485 = ADVANCED_FACE('',(#2486),#2504,.T.);
#2486 = FACE_BOUND('',#2487,.T.);
#2487 = EDGE_LOOP('',(#2488,#2496,#2497,#2498));
#2488 = ORIENTED_EDGE('',*,*,#2489,.F.);
#2489 = EDGE_CURVE('',#2364,#2490,#2492,.T.);
#2490 = VERTEX_POINT('',#2491);
#2491 = CARTESIAN_POINT('',(-5.975,6.55,-1.05));
#2492 = LINE('',#2493,#2494);
#2493 = CARTESIAN_POINT('',(-5.975,6.55,-1.05));
#2494 = VECTOR('',#2495,1.);
#2495 = DIRECTION('',(4.937700262165E-15,-0.707106781187,-0.707106781187
    ));
#2496 = ORIENTED_EDGE('',*,*,#2363,.F.);
#2497 = ORIENTED_EDGE('',*,*,#2465,.F.);
#2498 = ORIENTED_EDGE('',*,*,#2499,.F.);
#2499 = EDGE_CURVE('',#2490,#2466,#2500,.T.);
#2500 = LINE('',#2501,#2502);
#2501 = CARTESIAN_POINT('',(-5.35,6.55,-1.05));
#2502 = VECTOR('',#2503,1.);
#2503 = DIRECTION('',(1.,0.,5.9421285921E-15));
#2504 = PLANE('',#2505);
#2505 = AXIS2_PLACEMENT_3D('',#2506,#2507,#2508);
#2506 = CARTESIAN_POINT('',(-5.975,6.55,-1.05));
#2507 = DIRECTION('',(4.201719422157E-15,0.707106781187,-0.707106781187)
  );
#2508 = DIRECTION('',(-1.,0.,-5.9421285921E-15));
#2509 = ADVANCED_FACE('',(#2510),#2538,.F.);
#2510 = FACE_BOUND('',#2511,.T.);
#2511 = EDGE_LOOP('',(#2512,#2513,#2514,#2515,#2523,#2531,#2537));
#2512 = ORIENTED_EDGE('',*,*,#2161,.F.);
#2513 = ORIENTED_EDGE('',*,*,#2371,.F.);
#2514 = ORIENTED_EDGE('',*,*,#2489,.T.);
#2515 = ORIENTED_EDGE('',*,*,#2516,.F.);
#2516 = EDGE_CURVE('',#2517,#2490,#2519,.T.);
#2517 = VERTEX_POINT('',#2518);
#2518 = CARTESIAN_POINT('',(-5.975,0.65,-1.05));
#2519 = LINE('',#2520,#2521);
#2520 = CARTESIAN_POINT('',(-5.975,0.15,-1.05));
#2521 = VECTOR('',#2522,1.);
#2522 = DIRECTION('',(0.,1.,0.));
#2523 = ORIENTED_EDGE('',*,*,#2524,.F.);
#2524 = EDGE_CURVE('',#2525,#2517,#2527,.T.);
#2525 = VERTEX_POINT('',#2526);
#2526 = CARTESIAN_POINT('',(-5.975,0.65,-0.55));
#2527 = LINE('',#2528,#2529);
#2528 = CARTESIAN_POINT('',(-5.975,0.65,-0.55));
#2529 = VECTOR('',#2530,1.);
#2530 = DIRECTION('',(6.982962677686E-15,0.,-1.));
#2531 = ORIENTED_EDGE('',*,*,#2532,.F.);
#2532 = EDGE_CURVE('',#1937,#2525,#2533,.T.);
#2533 = LINE('',#2534,#2535);
#2534 = CARTESIAN_POINT('',(-5.975,-0.35,-0.55));
#2535 = VECTOR('',#2536,1.);
#2536 = DIRECTION('',(0.,1.,0.));
#2537 = ORIENTED_EDGE('',*,*,#1936,.T.);
#2538 = PLANE('',#2539);
#2539 = AXIS2_PLACEMENT_3D('',#2540,#2541,#2542);
#2540 = CARTESIAN_POINT('',(-5.975,6.75,-4.75));
#2541 = DIRECTION('',(1.,0.,6.982962677686E-15));
#2542 = DIRECTION('',(-6.982962677686E-15,0.,1.));
#2543 = ADVANCED_FACE('',(#2544),#2562,.F.);
#2544 = FACE_BOUND('',#2545,.T.);
#2545 = EDGE_LOOP('',(#2546,#2547,#2548,#2556));
#2546 = ORIENTED_EDGE('',*,*,#2168,.F.);
#2547 = ORIENTED_EDGE('',*,*,#1920,.F.);
#2548 = ORIENTED_EDGE('',*,*,#2549,.F.);
#2549 = EDGE_CURVE('',#2550,#1913,#2552,.T.);
#2550 = VERTEX_POINT('',#2551);
#2551 = CARTESIAN_POINT('',(-4.,0.45,-0.55));
#2552 = LINE('',#2553,#2554);
#2553 = CARTESIAN_POINT('',(-4.,0.15,-0.55));
#2554 = VECTOR('',#2555,1.);
#2555 = DIRECTION('',(0.,-1.,0.));
#2556 = ORIENTED_EDGE('',*,*,#2557,.F.);
#2557 = EDGE_CURVE('',#2169,#2550,#2558,.T.);
#2558 = LINE('',#2559,#2560);
#2559 = CARTESIAN_POINT('',(-4.,0.45,0.25));
#2560 = VECTOR('',#2561,1.);
#2561 = DIRECTION('',(6.982962677686E-15,-1.355252715607E-16,-1.));
#2562 = PLANE('',#2563);
#2563 = AXIS2_PLACEMENT_3D('',#2564,#2565,#2566);
#2564 = CARTESIAN_POINT('',(-4.,0.15,-2.25));
#2565 = DIRECTION('',(-1.,0.,-6.982962677686E-15));
#2566 = DIRECTION('',(-6.982962677686E-15,0.,1.));
#2567 = ADVANCED_FACE('',(#2568),#2586,.F.);
#2568 = FACE_BOUND('',#2569,.T.);
#2569 = EDGE_LOOP('',(#2570,#2578,#2579,#2580));
#2570 = ORIENTED_EDGE('',*,*,#2571,.T.);
#2571 = EDGE_CURVE('',#2572,#2177,#2574,.T.);
#2572 = VERTEX_POINT('',#2573);
#2573 = CARTESIAN_POINT('',(-3.35,0.45,-0.55));
#2574 = LINE('',#2575,#2576);
#2575 = CARTESIAN_POINT('',(-3.35,0.45,-2.25));
#2576 = VECTOR('',#2577,1.);
#2577 = DIRECTION('',(-6.982962677686E-15,1.355252715607E-16,1.));
#2578 = ORIENTED_EDGE('',*,*,#2176,.T.);
#2579 = ORIENTED_EDGE('',*,*,#2557,.T.);
#2580 = ORIENTED_EDGE('',*,*,#2581,.F.);
#2581 = EDGE_CURVE('',#2572,#2550,#2582,.T.);
#2582 = LINE('',#2583,#2584);
#2583 = CARTESIAN_POINT('',(8.,0.45,-0.55));
#2584 = VECTOR('',#2585,1.);
#2585 = DIRECTION('',(-1.,0.,-6.982962677686E-15));
#2586 = PLANE('',#2587);
#2587 = AXIS2_PLACEMENT_3D('',#2588,#2589,#2590);
#2588 = CARTESIAN_POINT('',(8.,0.45,0.25));
#2589 = DIRECTION('',(9.463679131916E-31,1.,-1.355252715607E-16));
#2590 = DIRECTION('',(0.,-1.355252715607E-16,-1.));
#2591 = ADVANCED_FACE('',(#2592),#2633,.T.);
#2592 = FACE_BOUND('',#2593,.T.);
#2593 = EDGE_LOOP('',(#2594,#2600,#2601,#2609,#2617,#2625,#2631,#2632));
#2594 = ORIENTED_EDGE('',*,*,#2595,.F.);
#2595 = EDGE_CURVE('',#1905,#2572,#2596,.T.);
#2596 = LINE('',#2597,#2598);
#2597 = CARTESIAN_POINT('',(-3.35,0.15,-0.55));
#2598 = VECTOR('',#2599,1.);
#2599 = DIRECTION('',(0.,1.,0.));
#2600 = ORIENTED_EDGE('',*,*,#1904,.F.);
#2601 = ORIENTED_EDGE('',*,*,#2602,.F.);
#2602 = EDGE_CURVE('',#2603,#1897,#2605,.T.);
#2603 = VERTEX_POINT('',#2604);
#2604 = CARTESIAN_POINT('',(-3.35,0.95,-3.85));
#2605 = LINE('',#2606,#2607);
#2606 = CARTESIAN_POINT('',(-3.35,0.15,-3.85));
#2607 = VECTOR('',#2608,1.);
#2608 = DIRECTION('',(0.,-1.,0.));
#2609 = ORIENTED_EDGE('',*,*,#2610,.F.);
#2610 = EDGE_CURVE('',#2611,#2603,#2613,.T.);
#2611 = VERTEX_POINT('',#2612);
#2612 = CARTESIAN_POINT('',(-3.35,0.95,-2.35));
#2613 = LINE('',#2614,#2615);
#2614 = CARTESIAN_POINT('',(-3.35,0.95,-3.85));
#2615 = VECTOR('',#2616,1.);
#2616 = DIRECTION('',(6.982962677686E-15,0.,-1.));
#2617 = ORIENTED_EDGE('',*,*,#2618,.F.);
#2618 = EDGE_CURVE('',#2619,#2611,#2621,.T.);
#2619 = VERTEX_POINT('',#2620);
#2620 = CARTESIAN_POINT('',(-3.35,1.4,-1.9));
#2621 = LINE('',#2622,#2623);
#2622 = CARTESIAN_POINT('',(-3.35,0.95,-2.35));
#2623 = VECTOR('',#2624,1.);
#2624 = DIRECTION('',(4.937700262165E-15,-0.707106781187,-0.707106781187
    ));
#2625 = ORIENTED_EDGE('',*,*,#2626,.F.);
#2626 = EDGE_CURVE('',#2185,#2619,#2627,.T.);
#2627 = LINE('',#2628,#2629);
#2628 = CARTESIAN_POINT('',(-3.35,1.4,-1.9));
#2629 = VECTOR('',#2630,1.);
#2630 = DIRECTION('',(6.982962677686E-15,0.,-1.));
#2631 = ORIENTED_EDGE('',*,*,#2184,.F.);
#2632 = ORIENTED_EDGE('',*,*,#2571,.F.);
#2633 = PLANE('',#2634);
#2634 = AXIS2_PLACEMENT_3D('',#2635,#2636,#2637);
#2635 = CARTESIAN_POINT('',(-3.35,0.15,-2.25));
#2636 = DIRECTION('',(1.,0.,6.982962677686E-15));
#2637 = DIRECTION('',(-6.982962677686E-15,0.,1.));
#2638 = ADVANCED_FACE('',(#2639),#2650,.F.);
#2639 = FACE_BOUND('',#2640,.T.);
#2640 = EDGE_LOOP('',(#2641,#2642,#2648,#2649));
#2641 = ORIENTED_EDGE('',*,*,#2626,.T.);
#2642 = ORIENTED_EDGE('',*,*,#2643,.F.);
#2643 = EDGE_CURVE('',#2027,#2619,#2644,.T.);
#2644 = LINE('',#2645,#2646);
#2645 = CARTESIAN_POINT('',(-2.65,1.4,-1.9));
#2646 = VECTOR('',#2647,1.);
#2647 = DIRECTION('',(-1.,0.,-6.982962677686E-15));
#2648 = ORIENTED_EDGE('',*,*,#2026,.F.);
#2649 = ORIENTED_EDGE('',*,*,#2192,.T.);
#2650 = PLANE('',#2651);
#2651 = AXIS2_PLACEMENT_3D('',#2652,#2653,#2654);
#2652 = CARTESIAN_POINT('',(-2.65,1.4,-1.9));
#2653 = DIRECTION('',(-0.,1.,0.));
#2654 = DIRECTION('',(1.,0.,0.));
#2655 = ADVANCED_FACE('',(#2656),#2667,.F.);
#2656 = FACE_BOUND('',#2657,.T.);
#2657 = EDGE_LOOP('',(#2658,#2659,#2660,#2661));
#2658 = ORIENTED_EDGE('',*,*,#2602,.T.);
#2659 = ORIENTED_EDGE('',*,*,#1896,.F.);
#2660 = ORIENTED_EDGE('',*,*,#2050,.F.);
#2661 = ORIENTED_EDGE('',*,*,#2662,.T.);
#2662 = EDGE_CURVE('',#2043,#2603,#2663,.T.);
#2663 = LINE('',#2664,#2665);
#2664 = CARTESIAN_POINT('',(-2.65,0.95,-3.85));
#2665 = VECTOR('',#2666,1.);
#2666 = DIRECTION('',(-1.,0.,-6.982962677686E-15));
#2667 = PLANE('',#2668);
#2668 = AXIS2_PLACEMENT_3D('',#2669,#2670,#2671);
#2669 = CARTESIAN_POINT('',(-2.65,0.15,-3.85));
#2670 = DIRECTION('',(6.982962677686E-15,0.,-1.));
#2671 = DIRECTION('',(0.,-1.,0.));
#2672 = ADVANCED_FACE('',(#2673),#2679,.F.);
#2673 = FACE_BOUND('',#2674,.T.);
#2674 = EDGE_LOOP('',(#2675,#2676,#2677,#2678));
#2675 = ORIENTED_EDGE('',*,*,#2595,.T.);
#2676 = ORIENTED_EDGE('',*,*,#2581,.T.);
#2677 = ORIENTED_EDGE('',*,*,#2549,.T.);
#2678 = ORIENTED_EDGE('',*,*,#1912,.F.);
#2679 = PLANE('',#2680);
#2680 = AXIS2_PLACEMENT_3D('',#2681,#2682,#2683);
#2681 = CARTESIAN_POINT('',(8.,0.15,-0.55));
#2682 = DIRECTION('',(6.982962677686E-15,0.,-1.));
#2683 = DIRECTION('',(0.,-1.,0.));
#2684 = ADVANCED_FACE('',(#2685),#2726,.F.);
#2685 = FACE_BOUND('',#2686,.T.);
#2686 = EDGE_LOOP('',(#2687,#2695,#2703,#2709,#2710,#2711,#2719,#2725));
#2687 = ORIENTED_EDGE('',*,*,#2688,.F.);
#2688 = EDGE_CURVE('',#2689,#2419,#2691,.T.);
#2689 = VERTEX_POINT('',#2690);
#2690 = CARTESIAN_POINT('',(-5.05,0.65,-0.55));
#2691 = LINE('',#2692,#2693);
#2692 = CARTESIAN_POINT('',(-5.05,0.15,-0.55));
#2693 = VECTOR('',#2694,1.);
#2694 = DIRECTION('',(0.,1.,0.));
#2695 = ORIENTED_EDGE('',*,*,#2696,.F.);
#2696 = EDGE_CURVE('',#2697,#2689,#2699,.T.);
#2697 = VERTEX_POINT('',#2698);
#2698 = CARTESIAN_POINT('',(-4.575,0.65,-0.55));
#2699 = LINE('',#2700,#2701);
#2700 = CARTESIAN_POINT('',(-4.575,0.65,-0.55));
#2701 = VECTOR('',#2702,1.);
#2702 = DIRECTION('',(-1.,0.,-6.982962677686E-15));
#2703 = ORIENTED_EDGE('',*,*,#2704,.F.);
#2704 = EDGE_CURVE('',#1945,#2697,#2705,.T.);
#2705 = LINE('',#2706,#2707);
#2706 = CARTESIAN_POINT('',(-4.575,-0.35,-0.55));
#2707 = VECTOR('',#2708,1.);
#2708 = DIRECTION('',(0.,1.,0.));
#2709 = ORIENTED_EDGE('',*,*,#1944,.F.);
#2710 = ORIENTED_EDGE('',*,*,#2532,.T.);
#2711 = ORIENTED_EDGE('',*,*,#2712,.F.);
#2712 = EDGE_CURVE('',#2713,#2525,#2715,.T.);
#2713 = VERTEX_POINT('',#2714);
#2714 = CARTESIAN_POINT('',(-5.35,0.65,-0.55));
#2715 = LINE('',#2716,#2717);
#2716 = CARTESIAN_POINT('',(-4.575,0.65,-0.55));
#2717 = VECTOR('',#2718,1.);
#2718 = DIRECTION('',(-1.,0.,-6.982962677686E-15));
#2719 = ORIENTED_EDGE('',*,*,#2720,.T.);
#2720 = EDGE_CURVE('',#2713,#2442,#2721,.T.);
#2721 = LINE('',#2722,#2723);
#2722 = CARTESIAN_POINT('',(-5.35,0.15,-0.55));
#2723 = VECTOR('',#2724,1.);
#2724 = DIRECTION('',(0.,1.,0.));
#2725 = ORIENTED_EDGE('',*,*,#2451,.T.);
#2726 = PLANE('',#2727);
#2727 = AXIS2_PLACEMENT_3D('',#2728,#2729,#2730);
#2728 = CARTESIAN_POINT('',(-5.35,0.15,-0.55));
#2729 = DIRECTION('',(-6.982962677686E-15,0.,1.));
#2730 = DIRECTION('',(1.,0.,6.982962677686E-15));
#2731 = ADVANCED_FACE('',(#2732),#2750,.T.);
#2732 = FACE_BOUND('',#2733,.T.);
#2733 = EDGE_LOOP('',(#2734,#2735,#2736,#2744));
#2734 = ORIENTED_EDGE('',*,*,#1952,.T.);
#2735 = ORIENTED_EDGE('',*,*,#2704,.T.);
#2736 = ORIENTED_EDGE('',*,*,#2737,.T.);
#2737 = EDGE_CURVE('',#2697,#2738,#2740,.T.);
#2738 = VERTEX_POINT('',#2739);
#2739 = CARTESIAN_POINT('',(-4.575,0.65,-3.95));
#2740 = LINE('',#2741,#2742);
#2741 = CARTESIAN_POINT('',(-4.575,0.65,-0.55));
#2742 = VECTOR('',#2743,1.);
#2743 = DIRECTION('',(6.982962677686E-15,0.,-1.));
#2744 = ORIENTED_EDGE('',*,*,#2745,.T.);
#2745 = EDGE_CURVE('',#2738,#1953,#2746,.T.);
#2746 = LINE('',#2747,#2748);
#2747 = CARTESIAN_POINT('',(-4.575,-0.35,-3.95));
#2748 = VECTOR('',#2749,1.);
#2749 = DIRECTION('',(0.,-1.,0.));
#2750 = PLANE('',#2751);
#2751 = AXIS2_PLACEMENT_3D('',#2752,#2753,#2754);
#2752 = CARTESIAN_POINT('',(-4.575,0.15,-2.25));
#2753 = DIRECTION('',(-1.,0.,-6.982962677686E-15));
#2754 = DIRECTION('',(-6.982962677686E-15,0.,1.));
#2755 = ADVANCED_FACE('',(#2756),#2790,.F.);
#2756 = FACE_BOUND('',#2757,.T.);
#2757 = EDGE_LOOP('',(#2758,#2766,#2772,#2773,#2774,#2775,#2783,#2789));
#2758 = ORIENTED_EDGE('',*,*,#2759,.F.);
#2759 = EDGE_CURVE('',#2760,#965,#2762,.T.);
#2760 = VERTEX_POINT('',#2761);
#2761 = CARTESIAN_POINT('',(-5.35,0.65,-3.95));
#2762 = LINE('',#2763,#2764);
#2763 = CARTESIAN_POINT('',(-5.35,0.15,-3.95));
#2764 = VECTOR('',#2765,1.);
#2765 = DIRECTION('',(0.,1.,0.));
#2766 = ORIENTED_EDGE('',*,*,#2767,.T.);
#2767 = EDGE_CURVE('',#2760,#901,#2768,.T.);
#2768 = LINE('',#2769,#2770);
#2769 = CARTESIAN_POINT('',(-4.575,0.65,-3.95));
#2770 = VECTOR('',#2771,1.);
#2771 = DIRECTION('',(-1.,0.,-6.982962677686E-15));
#2772 = ORIENTED_EDGE('',*,*,#900,.T.);
#2773 = ORIENTED_EDGE('',*,*,#1960,.F.);
#2774 = ORIENTED_EDGE('',*,*,#2745,.F.);
#2775 = ORIENTED_EDGE('',*,*,#2776,.T.);
#2776 = EDGE_CURVE('',#2738,#2777,#2779,.T.);
#2777 = VERTEX_POINT('',#2778);
#2778 = CARTESIAN_POINT('',(-5.05,0.65,-3.95));
#2779 = LINE('',#2780,#2781);
#2780 = CARTESIAN_POINT('',(-4.575,0.65,-3.95));
#2781 = VECTOR('',#2782,1.);
#2782 = DIRECTION('',(-1.,0.,-6.982962677686E-15));
#2783 = ORIENTED_EDGE('',*,*,#2784,.T.);
#2784 = EDGE_CURVE('',#2777,#989,#2785,.T.);
#2785 = LINE('',#2786,#2787);
#2786 = CARTESIAN_POINT('',(-5.05,0.15,-3.95));
#2787 = VECTOR('',#2788,1.);
#2788 = DIRECTION('',(0.,1.,0.));
#2789 = ORIENTED_EDGE('',*,*,#998,.T.);
#2790 = PLANE('',#2791);
#2791 = AXIS2_PLACEMENT_3D('',#2792,#2793,#2794);
#2792 = CARTESIAN_POINT('',(-5.35,0.15,-3.95));
#2793 = DIRECTION('',(6.982962677686E-15,0.,-1.));
#2794 = DIRECTION('',(0.,-1.,0.));
#2795 = ADVANCED_FACE('',(#2796),#2809,.T.);
#2796 = FACE_BOUND('',#2797,.T.);
#2797 = EDGE_LOOP('',(#2798,#2799,#2805,#2806,#2807,#2808));
#2798 = ORIENTED_EDGE('',*,*,#1433,.F.);
#2799 = ORIENTED_EDGE('',*,*,#2800,.F.);
#2800 = EDGE_CURVE('',#1585,#1426,#2801,.T.);
#2801 = LINE('',#2802,#2803);
#2802 = CARTESIAN_POINT('',(-3.867739110464,0.931285588734,-4.08));
#2803 = VECTOR('',#2804,1.);
#2804 = DIRECTION('',(-6.975647374413E-02,-0.99756405026,
    -5.022328767579E-16));
#2805 = ORIENTED_EDGE('',*,*,#1610,.F.);
#2806 = ORIENTED_EDGE('',*,*,#722,.F.);
#2807 = ORIENTED_EDGE('',*,*,#1969,.F.);
#2808 = ORIENTED_EDGE('',*,*,#609,.F.);
#2809 = PLANE('',#2810);
#2810 = AXIS2_PLACEMENT_3D('',#2811,#2812,#2813);
#2811 = CARTESIAN_POINT('',(7.3,0.891585402724,-4.08));
#2812 = DIRECTION('',(6.766122243189E-15,0.,-1.));
#2813 = DIRECTION('',(0.,-1.,0.));
#2814 = ADVANCED_FACE('',(#2815),#2826,.F.);
#2815 = FACE_BOUND('',#2816,.T.);
#2816 = EDGE_LOOP('',(#2817,#2818,#2824,#2825));
#2817 = ORIENTED_EDGE('',*,*,#1594,.T.);
#2818 = ORIENTED_EDGE('',*,*,#2819,.F.);
#2819 = EDGE_CURVE('',#1418,#1587,#2820,.T.);
#2820 = LINE('',#2821,#2822);
#2821 = CARTESIAN_POINT('',(-3.702405319134,3.295668959502,
    -3.095668959502));
#2822 = VECTOR('',#2823,1.);
#2823 = DIRECTION('',(4.938538910367E-02,0.706243967529,-0.706243967529)
  );
#2824 = ORIENTED_EDGE('',*,*,#1417,.T.);
#2825 = ORIENTED_EDGE('',*,*,#1625,.F.);
#2826 = PLANE('',#2827);
#2827 = AXIS2_PLACEMENT_3D('',#2828,#2829,#2830);
#2828 = CARTESIAN_POINT('',(8.,1.9,-1.7));
#2829 = DIRECTION('',(4.937700262165E-15,-0.707106781187,-0.707106781187
    ));
#2830 = DIRECTION('',(0.,0.707106781187,-0.707106781187));
#2831 = ADVANCED_FACE('',(#2832),#2838,.T.);
#2832 = FACE_BOUND('',#2833,.T.);
#2833 = EDGE_LOOP('',(#2834,#2835,#2836,#2837));
#2834 = ORIENTED_EDGE('',*,*,#1425,.T.);
#2835 = ORIENTED_EDGE('',*,*,#2819,.T.);
#2836 = ORIENTED_EDGE('',*,*,#1584,.F.);
#2837 = ORIENTED_EDGE('',*,*,#2800,.T.);
#2838 = PLANE('',#2839);
#2839 = AXIS2_PLACEMENT_3D('',#2840,#2841,#2842);
#2840 = CARTESIAN_POINT('',(-3.8,1.9,-4.4981624039));
#2841 = DIRECTION('',(-0.99756405026,6.975647374413E-02,
    -6.965952531566E-15));
#2842 = DIRECTION('',(-6.982962677686E-15,9.860761315263E-32,1.));
#2843 = ADVANCED_FACE('',(#2844),#2863,.F.);
#2844 = FACE_BOUND('',#2845,.F.);
#2845 = EDGE_LOOP('',(#2846,#2847,#2855,#2862));
#2846 = ORIENTED_EDGE('',*,*,#552,.T.);
#2847 = ORIENTED_EDGE('',*,*,#2848,.T.);
#2848 = EDGE_CURVE('',#553,#2849,#2851,.T.);
#2849 = VERTEX_POINT('',#2850);
#2850 = CARTESIAN_POINT('',(-5.05,4.85,-2.8));
#2851 = LINE('',#2852,#2853);
#2852 = CARTESIAN_POINT('',(9.975,4.85,-2.8));
#2853 = VECTOR('',#2854,1.);
#2854 = DIRECTION('',(-1.,0.,-6.982962677686E-15));
#2855 = ORIENTED_EDGE('',*,*,#2856,.F.);
#2856 = EDGE_CURVE('',#1039,#2849,#2857,.T.);
#2857 = CIRCLE('',#2858,0.3);
#2858 = AXIS2_PLACEMENT_3D('',#2859,#2860,#2861);
#2859 = CARTESIAN_POINT('',(-5.05,5.15,-2.8));
#2860 = DIRECTION('',(-1.,0.,-5.782411586589E-15));
#2861 = DIRECTION('',(-5.782411586589E-15,0.,1.));
#2862 = ORIENTED_EDGE('',*,*,#1046,.F.);
#2863 = CYLINDRICAL_SURFACE('',#2864,0.3);
#2864 = AXIS2_PLACEMENT_3D('',#2865,#2866,#2867);
#2865 = CARTESIAN_POINT('',(9.975,5.15,-2.8));
#2866 = DIRECTION('',(-1.,0.,-5.782411586589E-15));
#2867 = DIRECTION('',(-5.782411586589E-15,0.,1.));
#2868 = ADVANCED_FACE('',(#2869),#2887,.F.);
#2869 = FACE_BOUND('',#2870,.T.);
#2870 = EDGE_LOOP('',(#2871,#2872,#2880,#2886));
#2871 = ORIENTED_EDGE('',*,*,#2848,.T.);
#2872 = ORIENTED_EDGE('',*,*,#2873,.T.);
#2873 = EDGE_CURVE('',#2849,#2874,#2876,.T.);
#2874 = VERTEX_POINT('',#2875);
#2875 = CARTESIAN_POINT('',(-5.05,4.85,-2.6));
#2876 = LINE('',#2877,#2878);
#2877 = CARTESIAN_POINT('',(-5.05,4.85,-2.8));
#2878 = VECTOR('',#2879,1.);
#2879 = DIRECTION('',(-6.982962677686E-15,0.,1.));
#2880 = ORIENTED_EDGE('',*,*,#2881,.F.);
#2881 = EDGE_CURVE('',#562,#2874,#2882,.T.);
#2882 = LINE('',#2883,#2884);
#2883 = CARTESIAN_POINT('',(9.975,4.85,-2.6));
#2884 = VECTOR('',#2885,1.);
#2885 = DIRECTION('',(-1.,0.,-6.982962677686E-15));
#2886 = ORIENTED_EDGE('',*,*,#561,.F.);
#2887 = PLANE('',#2888);
#2888 = AXIS2_PLACEMENT_3D('',#2889,#2890,#2891);
#2889 = CARTESIAN_POINT('',(9.975,4.85,-2.8));
#2890 = DIRECTION('',(0.,-1.,0.));
#2891 = DIRECTION('',(0.,0.,-1.));
#2892 = ADVANCED_FACE('',(#2893),#2905,.F.);
#2893 = FACE_BOUND('',#2894,.F.);
#2894 = EDGE_LOOP('',(#2895,#2896,#2897,#2904));
#2895 = ORIENTED_EDGE('',*,*,#569,.T.);
#2896 = ORIENTED_EDGE('',*,*,#2385,.T.);
#2897 = ORIENTED_EDGE('',*,*,#2898,.F.);
#2898 = EDGE_CURVE('',#2874,#2386,#2899,.T.);
#2899 = CIRCLE('',#2900,0.3);
#2900 = AXIS2_PLACEMENT_3D('',#2901,#2902,#2903);
#2901 = CARTESIAN_POINT('',(-5.05,5.15,-2.6));
#2902 = DIRECTION('',(-1.,0.,-5.782411586589E-15));
#2903 = DIRECTION('',(-5.782411586589E-15,0.,1.));
#2904 = ORIENTED_EDGE('',*,*,#2881,.F.);
#2905 = CYLINDRICAL_SURFACE('',#2906,0.3);
#2906 = AXIS2_PLACEMENT_3D('',#2907,#2908,#2909);
#2907 = CARTESIAN_POINT('',(9.975,5.15,-2.6));
#2908 = DIRECTION('',(-1.,0.,-5.782411586589E-15));
#2909 = DIRECTION('',(-5.782411586589E-15,0.,1.));
#2910 = ADVANCED_FACE('',(#2911),#2922,.F.);
#2911 = FACE_BOUND('',#2912,.T.);
#2912 = EDGE_LOOP('',(#2913,#2914,#2920,#2921));
#2913 = ORIENTED_EDGE('',*,*,#2618,.T.);
#2914 = ORIENTED_EDGE('',*,*,#2915,.F.);
#2915 = EDGE_CURVE('',#2035,#2611,#2916,.T.);
#2916 = LINE('',#2917,#2918);
#2917 = CARTESIAN_POINT('',(-2.65,0.95,-2.35));
#2918 = VECTOR('',#2919,1.);
#2919 = DIRECTION('',(-1.,0.,-6.982962677686E-15));
#2920 = ORIENTED_EDGE('',*,*,#2034,.F.);
#2921 = ORIENTED_EDGE('',*,*,#2643,.T.);
#2922 = PLANE('',#2923);
#2923 = AXIS2_PLACEMENT_3D('',#2924,#2925,#2926);
#2924 = CARTESIAN_POINT('',(-2.65,0.95,-2.35));
#2925 = DIRECTION('',(4.937700262165E-15,0.707106781187,-0.707106781187)
  );
#2926 = DIRECTION('',(-1.,-3.944304526105E-31,-6.982962677686E-15));
#2927 = ADVANCED_FACE('',(#2928,#2962),#2968,.F.);
#2928 = FACE_BOUND('',#2929,.T.);
#2929 = EDGE_LOOP('',(#2930,#2940,#2948,#2956));
#2930 = ORIENTED_EDGE('',*,*,#2931,.F.);
#2931 = EDGE_CURVE('',#2932,#2934,#2936,.T.);
#2932 = VERTEX_POINT('',#2933);
#2933 = CARTESIAN_POINT('',(-2.75,0.95,-3.1));
#2934 = VERTEX_POINT('',#2935);
#2935 = CARTESIAN_POINT('',(-2.75,0.95,-2.6));
#2936 = LINE('',#2937,#2938);
#2937 = CARTESIAN_POINT('',(-2.75,0.95,-3.1));
#2938 = VECTOR('',#2939,1.);
#2939 = DIRECTION('',(-6.982962677686E-15,0.,1.));
#2940 = ORIENTED_EDGE('',*,*,#2941,.F.);
#2941 = EDGE_CURVE('',#2942,#2932,#2944,.T.);
#2942 = VERTEX_POINT('',#2943);
#2943 = CARTESIAN_POINT('',(-3.25,0.95,-3.1));
#2944 = LINE('',#2945,#2946);
#2945 = CARTESIAN_POINT('',(-3.25,0.95,-3.1));
#2946 = VECTOR('',#2947,1.);
#2947 = DIRECTION('',(1.,0.,6.549281808692E-15));
#2948 = ORIENTED_EDGE('',*,*,#2949,.F.);
#2949 = EDGE_CURVE('',#2950,#2942,#2952,.T.);
#2950 = VERTEX_POINT('',#2951);
#2951 = CARTESIAN_POINT('',(-3.25,0.95,-2.6));
#2952 = LINE('',#2953,#2954);
#2953 = CARTESIAN_POINT('',(-3.25,0.95,-3.1));
#2954 = VECTOR('',#2955,1.);
#2955 = DIRECTION('',(6.982962677686E-15,0.,-1.));
#2956 = ORIENTED_EDGE('',*,*,#2957,.F.);
#2957 = EDGE_CURVE('',#2934,#2950,#2958,.T.);
#2958 = LINE('',#2959,#2960);
#2959 = CARTESIAN_POINT('',(-3.25,0.95,-2.6));
#2960 = VECTOR('',#2961,1.);
#2961 = DIRECTION('',(-1.,0.,-6.982962677686E-15));
#2962 = FACE_BOUND('',#2963,.T.);
#2963 = EDGE_LOOP('',(#2964,#2965,#2966,#2967));
#2964 = ORIENTED_EDGE('',*,*,#2610,.T.);
#2965 = ORIENTED_EDGE('',*,*,#2662,.F.);
#2966 = ORIENTED_EDGE('',*,*,#2042,.F.);
#2967 = ORIENTED_EDGE('',*,*,#2915,.T.);
#2968 = PLANE('',#2969);
#2969 = AXIS2_PLACEMENT_3D('',#2970,#2971,#2972);
#2970 = CARTESIAN_POINT('',(-2.65,0.95,-3.85));
#2971 = DIRECTION('',(-0.,1.,0.));
#2972 = DIRECTION('',(1.,0.,0.));
#2973 = ADVANCED_FACE('',(#2974),#2992,.F.);
#2974 = FACE_BOUND('',#2975,.T.);
#2975 = EDGE_LOOP('',(#2976,#2977,#2978,#2986));
#2976 = ORIENTED_EDGE('',*,*,#908,.T.);
#2977 = ORIENTED_EDGE('',*,*,#2767,.F.);
#2978 = ORIENTED_EDGE('',*,*,#2979,.F.);
#2979 = EDGE_CURVE('',#2980,#2760,#2982,.T.);
#2980 = VERTEX_POINT('',#2981);
#2981 = CARTESIAN_POINT('',(-5.35,0.65,-3.45));
#2982 = LINE('',#2983,#2984);
#2983 = CARTESIAN_POINT('',(-5.35,0.65,-3.45));
#2984 = VECTOR('',#2985,1.);
#2985 = DIRECTION('',(6.982962677686E-15,0.,-1.));
#2986 = ORIENTED_EDGE('',*,*,#2987,.F.);
#2987 = EDGE_CURVE('',#909,#2980,#2988,.T.);
#2988 = LINE('',#2989,#2990);
#2989 = CARTESIAN_POINT('',(-5.975,0.65,-3.45));
#2990 = VECTOR('',#2991,1.);
#2991 = DIRECTION('',(1.,0.,7.329907372882E-15));
#2992 = PLANE('',#2993);
#2993 = AXIS2_PLACEMENT_3D('',#2994,#2995,#2996);
#2994 = CARTESIAN_POINT('',(-4.575,0.65,-0.55));
#2995 = DIRECTION('',(-0.,1.,0.));
#2996 = DIRECTION('',(1.,0.,0.));
#2997 = ADVANCED_FACE('',(#2998),#3009,.F.);
#2998 = FACE_BOUND('',#2999,.T.);
#2999 = EDGE_LOOP('',(#3000,#3001,#3002,#3008));
#3000 = ORIENTED_EDGE('',*,*,#916,.F.);
#3001 = ORIENTED_EDGE('',*,*,#2987,.T.);
#3002 = ORIENTED_EDGE('',*,*,#3003,.T.);
#3003 = EDGE_CURVE('',#2980,#941,#3004,.T.);
#3004 = LINE('',#3005,#3006);
#3005 = CARTESIAN_POINT('',(-5.35,0.15,-3.45));
#3006 = VECTOR('',#3007,1.);
#3007 = DIRECTION('',(0.,1.,0.));
#3008 = ORIENTED_EDGE('',*,*,#950,.T.);
#3009 = PLANE('',#3010);
#3010 = AXIS2_PLACEMENT_3D('',#3011,#3012,#3013);
#3011 = CARTESIAN_POINT('',(-5.975,0.15,-3.45));
#3012 = DIRECTION('',(7.329907372882E-15,0.,-1.));
#3013 = DIRECTION('',(0.,-1.,0.));
#3014 = ADVANCED_FACE('',(#3015),#3021,.F.);
#3015 = FACE_BOUND('',#3016,.T.);
#3016 = EDGE_LOOP('',(#3017,#3018,#3019,#3020));
#3017 = ORIENTED_EDGE('',*,*,#3003,.F.);
#3018 = ORIENTED_EDGE('',*,*,#2979,.T.);
#3019 = ORIENTED_EDGE('',*,*,#2759,.T.);
#3020 = ORIENTED_EDGE('',*,*,#974,.T.);
#3021 = PLANE('',#3022);
#3022 = AXIS2_PLACEMENT_3D('',#3023,#3024,#3025);
#3023 = CARTESIAN_POINT('',(-5.35,0.15,-3.45));
#3024 = DIRECTION('',(-1.,0.,-6.982962677686E-15));
#3025 = DIRECTION('',(-6.982962677686E-15,0.,1.));
#3026 = ADVANCED_FACE('',(#3027),#3044,.F.);
#3027 = FACE_BOUND('',#3028,.T.);
#3028 = EDGE_LOOP('',(#3029,#3030,#3036,#3037,#3038,#3039,#3040,#3041,
    #3042,#3043));
#3029 = ORIENTED_EDGE('',*,*,#2784,.F.);
#3030 = ORIENTED_EDGE('',*,*,#3031,.T.);
#3031 = EDGE_CURVE('',#2777,#2689,#3032,.T.);
#3032 = LINE('',#3033,#3034);
#3033 = CARTESIAN_POINT('',(-5.05,0.65,-0.55));
#3034 = VECTOR('',#3035,1.);
#3035 = DIRECTION('',(-6.982962677686E-15,0.,1.));
#3036 = ORIENTED_EDGE('',*,*,#2688,.T.);
#3037 = ORIENTED_EDGE('',*,*,#2418,.T.);
#3038 = ORIENTED_EDGE('',*,*,#2393,.F.);
#3039 = ORIENTED_EDGE('',*,*,#2898,.F.);
#3040 = ORIENTED_EDGE('',*,*,#2873,.F.);
#3041 = ORIENTED_EDGE('',*,*,#2856,.F.);
#3042 = ORIENTED_EDGE('',*,*,#1038,.F.);
#3043 = ORIENTED_EDGE('',*,*,#1022,.T.);
#3044 = PLANE('',#3045);
#3045 = AXIS2_PLACEMENT_3D('',#3046,#3047,#3048);
#3046 = CARTESIAN_POINT('',(-5.05,0.15,-0.55));
#3047 = DIRECTION('',(1.,0.,6.982962677686E-15));
#3048 = DIRECTION('',(-6.982962677686E-15,0.,1.));
#3049 = ADVANCED_FACE('',(#3050),#3066,.F.);
#3050 = FACE_BOUND('',#3051,.T.);
#3051 = EDGE_LOOP('',(#3052,#3058,#3059,#3065));
#3052 = ORIENTED_EDGE('',*,*,#3053,.F.);
#3053 = EDGE_CURVE('',#2932,#1553,#3054,.T.);
#3054 = LINE('',#3055,#3056);
#3055 = CARTESIAN_POINT('',(-2.75,2.141299290659E-15,-3.1));
#3056 = VECTOR('',#3057,1.);
#3057 = DIRECTION('',(0.,1.,0.));
#3058 = ORIENTED_EDGE('',*,*,#2931,.T.);
#3059 = ORIENTED_EDGE('',*,*,#3060,.T.);
#3060 = EDGE_CURVE('',#2934,#1551,#3061,.T.);
#3061 = LINE('',#3062,#3063);
#3062 = CARTESIAN_POINT('',(-2.75,2.141299290659E-15,-2.6));
#3063 = VECTOR('',#3064,1.);
#3064 = DIRECTION('',(0.,1.,0.));
#3065 = ORIENTED_EDGE('',*,*,#1550,.T.);
#3066 = PLANE('',#3067);
#3067 = AXIS2_PLACEMENT_3D('',#3068,#3069,#3070);
#3068 = CARTESIAN_POINT('',(-2.75,2.141299290659E-15,-3.1));
#3069 = DIRECTION('',(1.,0.,6.982962677686E-15));
#3070 = DIRECTION('',(-6.982962677686E-15,0.,1.));
#3071 = ADVANCED_FACE('',(#3072),#3083,.F.);
#3072 = FACE_BOUND('',#3073,.T.);
#3073 = EDGE_LOOP('',(#3074,#3075,#3076,#3082));
#3074 = ORIENTED_EDGE('',*,*,#3060,.F.);
#3075 = ORIENTED_EDGE('',*,*,#2957,.T.);
#3076 = ORIENTED_EDGE('',*,*,#3077,.T.);
#3077 = EDGE_CURVE('',#2950,#1561,#3078,.T.);
#3078 = LINE('',#3079,#3080);
#3079 = CARTESIAN_POINT('',(-3.25,2.141299290659E-15,-2.6));
#3080 = VECTOR('',#3081,1.);
#3081 = DIRECTION('',(0.,1.,0.));
#3082 = ORIENTED_EDGE('',*,*,#1560,.T.);
#3083 = PLANE('',#3084);
#3084 = AXIS2_PLACEMENT_3D('',#3085,#3086,#3087);
#3085 = CARTESIAN_POINT('',(-3.25,2.141299290659E-15,-2.6));
#3086 = DIRECTION('',(-6.982962677686E-15,0.,1.));
#3087 = DIRECTION('',(1.,0.,6.982962677686E-15));
#3088 = ADVANCED_FACE('',(#3089),#3100,.F.);
#3089 = FACE_BOUND('',#3090,.T.);
#3090 = EDGE_LOOP('',(#3091,#3092,#3093,#3099));
#3091 = ORIENTED_EDGE('',*,*,#3077,.F.);
#3092 = ORIENTED_EDGE('',*,*,#2949,.T.);
#3093 = ORIENTED_EDGE('',*,*,#3094,.T.);
#3094 = EDGE_CURVE('',#2942,#1569,#3095,.T.);
#3095 = LINE('',#3096,#3097);
#3096 = CARTESIAN_POINT('',(-3.25,2.141299290659E-15,-3.1));
#3097 = VECTOR('',#3098,1.);
#3098 = DIRECTION('',(0.,1.,0.));
#3099 = ORIENTED_EDGE('',*,*,#1568,.T.);
#3100 = PLANE('',#3101);
#3101 = AXIS2_PLACEMENT_3D('',#3102,#3103,#3104);
#3102 = CARTESIAN_POINT('',(-3.25,2.141299290659E-15,-3.1));
#3103 = DIRECTION('',(-1.,0.,-6.982962677686E-15));
#3104 = DIRECTION('',(-6.982962677686E-15,0.,1.));
#3105 = ADVANCED_FACE('',(#3106),#3112,.F.);
#3106 = FACE_BOUND('',#3107,.T.);
#3107 = EDGE_LOOP('',(#3108,#3109,#3110,#3111));
#3108 = ORIENTED_EDGE('',*,*,#3094,.F.);
#3109 = ORIENTED_EDGE('',*,*,#2941,.T.);
#3110 = ORIENTED_EDGE('',*,*,#3053,.T.);
#3111 = ORIENTED_EDGE('',*,*,#1576,.T.);
#3112 = PLANE('',#3113);
#3113 = AXIS2_PLACEMENT_3D('',#3114,#3115,#3116);
#3114 = CARTESIAN_POINT('',(-3.25,2.141299290659E-15,-3.1));
#3115 = DIRECTION('',(6.549281808692E-15,0.,-1.));
#3116 = DIRECTION('',(0.,-1.,0.));
#3117 = ADVANCED_FACE('',(#3118),#3136,.F.);
#3118 = FACE_BOUND('',#3119,.T.);
#3119 = EDGE_LOOP('',(#3120,#3121,#3129,#3135));
#3120 = ORIENTED_EDGE('',*,*,#2720,.F.);
#3121 = ORIENTED_EDGE('',*,*,#3122,.T.);
#3122 = EDGE_CURVE('',#2713,#3123,#3125,.T.);
#3123 = VERTEX_POINT('',#3124);
#3124 = CARTESIAN_POINT('',(-5.35,0.65,-1.05));
#3125 = LINE('',#3126,#3127);
#3126 = CARTESIAN_POINT('',(-5.35,0.65,-1.05));
#3127 = VECTOR('',#3128,1.);
#3128 = DIRECTION('',(6.982962677686E-15,0.,-1.));
#3129 = ORIENTED_EDGE('',*,*,#3130,.T.);
#3130 = EDGE_CURVE('',#3123,#2466,#3131,.T.);
#3131 = LINE('',#3132,#3133);
#3132 = CARTESIAN_POINT('',(-5.35,0.15,-1.05));
#3133 = VECTOR('',#3134,1.);
#3134 = DIRECTION('',(0.,1.,0.));
#3135 = ORIENTED_EDGE('',*,*,#2475,.T.);
#3136 = PLANE('',#3137);
#3137 = AXIS2_PLACEMENT_3D('',#3138,#3139,#3140);
#3138 = CARTESIAN_POINT('',(-5.35,0.15,-1.05));
#3139 = DIRECTION('',(-1.,0.,-6.982962677686E-15));
#3140 = DIRECTION('',(-6.982962677686E-15,0.,1.));
#3141 = ADVANCED_FACE('',(#3142),#3153,.F.);
#3142 = FACE_BOUND('',#3143,.T.);
#3143 = EDGE_LOOP('',(#3144,#3145,#3151,#3152));
#3144 = ORIENTED_EDGE('',*,*,#3130,.F.);
#3145 = ORIENTED_EDGE('',*,*,#3146,.T.);
#3146 = EDGE_CURVE('',#3123,#2517,#3147,.T.);
#3147 = LINE('',#3148,#3149);
#3148 = CARTESIAN_POINT('',(-5.975,0.65,-1.05));
#3149 = VECTOR('',#3150,1.);
#3150 = DIRECTION('',(-1.,0.,-5.9421285921E-15));
#3151 = ORIENTED_EDGE('',*,*,#2516,.T.);
#3152 = ORIENTED_EDGE('',*,*,#2499,.T.);
#3153 = PLANE('',#3154);
#3154 = AXIS2_PLACEMENT_3D('',#3155,#3156,#3157);
#3155 = CARTESIAN_POINT('',(-5.975,0.15,-1.05));
#3156 = DIRECTION('',(-5.9421285921E-15,0.,1.));
#3157 = DIRECTION('',(1.,0.,5.9421285921E-15));
#3158 = ADVANCED_FACE('',(#3159),#3165,.F.);
#3159 = FACE_BOUND('',#3160,.T.);
#3160 = EDGE_LOOP('',(#3161,#3162,#3163,#3164));
#3161 = ORIENTED_EDGE('',*,*,#2712,.T.);
#3162 = ORIENTED_EDGE('',*,*,#2524,.T.);
#3163 = ORIENTED_EDGE('',*,*,#3146,.F.);
#3164 = ORIENTED_EDGE('',*,*,#3122,.F.);
#3165 = PLANE('',#3166);
#3166 = AXIS2_PLACEMENT_3D('',#3167,#3168,#3169);
#3167 = CARTESIAN_POINT('',(-4.575,0.65,-0.55));
#3168 = DIRECTION('',(-0.,1.,0.));
#3169 = DIRECTION('',(1.,0.,0.));
#3170 = ADVANCED_FACE('',(#3171),#3177,.F.);
#3171 = FACE_BOUND('',#3172,.T.);
#3172 = EDGE_LOOP('',(#3173,#3174,#3175,#3176));
#3173 = ORIENTED_EDGE('',*,*,#2776,.F.);
#3174 = ORIENTED_EDGE('',*,*,#2737,.F.);
#3175 = ORIENTED_EDGE('',*,*,#2696,.T.);
#3176 = ORIENTED_EDGE('',*,*,#3031,.F.);
#3177 = PLANE('',#3178);
#3178 = AXIS2_PLACEMENT_3D('',#3179,#3180,#3181);
#3179 = CARTESIAN_POINT('',(-4.575,0.65,-0.55));
#3180 = DIRECTION('',(-0.,1.,0.));
#3181 = DIRECTION('',(1.,0.,0.));
#3182 = ADVANCED_FACE('',(#3183),#3218,.F.);
#3183 = FACE_BOUND('',#3184,.T.);
#3184 = EDGE_LOOP('',(#3185,#3193,#3194,#3195,#3196,#3204,#3212));
#3185 = ORIENTED_EDGE('',*,*,#3186,.F.);
#3186 = EDGE_CURVE('',#2276,#3187,#3189,.T.);
#3187 = VERTEX_POINT('',#3188);
#3188 = CARTESIAN_POINT('',(7.975,6.55,-1.05));
#3189 = LINE('',#3190,#3191);
#3190 = CARTESIAN_POINT('',(7.975,6.55,-1.05));
#3191 = VECTOR('',#3192,1.);
#3192 = DIRECTION('',(4.937700262165E-15,-0.707106781187,-0.707106781187
    ));
#3193 = ORIENTED_EDGE('',*,*,#2275,.T.);
#3194 = ORIENTED_EDGE('',*,*,#2145,.T.);
#3195 = ORIENTED_EDGE('',*,*,#1737,.F.);
#3196 = ORIENTED_EDGE('',*,*,#3197,.T.);
#3197 = EDGE_CURVE('',#1730,#3198,#3200,.T.);
#3198 = VERTEX_POINT('',#3199);
#3199 = CARTESIAN_POINT('',(7.975,0.65,-0.55));
#3200 = LINE('',#3201,#3202);
#3201 = CARTESIAN_POINT('',(7.975,-0.35,-0.55));
#3202 = VECTOR('',#3203,1.);
#3203 = DIRECTION('',(0.,1.,0.));
#3204 = ORIENTED_EDGE('',*,*,#3205,.T.);
#3205 = EDGE_CURVE('',#3198,#3206,#3208,.T.);
#3206 = VERTEX_POINT('',#3207);
#3207 = CARTESIAN_POINT('',(7.975,0.65,-1.05));
#3208 = LINE('',#3209,#3210);
#3209 = CARTESIAN_POINT('',(7.975,0.65,-0.55));
#3210 = VECTOR('',#3211,1.);
#3211 = DIRECTION('',(6.982962677686E-15,0.,-1.));
#3212 = ORIENTED_EDGE('',*,*,#3213,.T.);
#3213 = EDGE_CURVE('',#3206,#3187,#3214,.T.);
#3214 = LINE('',#3215,#3216);
#3215 = CARTESIAN_POINT('',(7.975,0.15,-1.05));
#3216 = VECTOR('',#3217,1.);
#3217 = DIRECTION('',(0.,1.,0.));
#3218 = PLANE('',#3219);
#3219 = AXIS2_PLACEMENT_3D('',#3220,#3221,#3222);
#3220 = CARTESIAN_POINT('',(7.975,0.,5.533767888366E-14));
#3221 = DIRECTION('',(-1.,0.,-6.938893903907E-15));
#3222 = DIRECTION('',(-6.938893903907E-15,0.,1.));
#3223 = ADVANCED_FACE('',(#3224),#3258,.F.);
#3224 = FACE_BOUND('',#3225,.T.);
#3225 = EDGE_LOOP('',(#3226,#3236,#3244,#3252));
#3226 = ORIENTED_EDGE('',*,*,#3227,.F.);
#3227 = EDGE_CURVE('',#3228,#3230,#3232,.T.);
#3228 = VERTEX_POINT('',#3229);
#3229 = CARTESIAN_POINT('',(-1.25,0.95,-3.1));
#3230 = VERTEX_POINT('',#3231);
#3231 = CARTESIAN_POINT('',(-1.25,2.5,-3.1));
#3232 = LINE('',#3233,#3234);
#3233 = CARTESIAN_POINT('',(-1.25,2.141299290659E-15,-3.1));
#3234 = VECTOR('',#3235,1.);
#3235 = DIRECTION('',(0.,1.,0.));
#3236 = ORIENTED_EDGE('',*,*,#3237,.T.);
#3237 = EDGE_CURVE('',#3228,#3238,#3240,.T.);
#3238 = VERTEX_POINT('',#3239);
#3239 = CARTESIAN_POINT('',(-0.75,0.95,-3.1));
#3240 = LINE('',#3241,#3242);
#3241 = CARTESIAN_POINT('',(-1.25,0.95,-3.1));
#3242 = VECTOR('',#3243,1.);
#3243 = DIRECTION('',(1.,0.,6.549281808692E-15));
#3244 = ORIENTED_EDGE('',*,*,#3245,.T.);
#3245 = EDGE_CURVE('',#3238,#3246,#3248,.T.);
#3246 = VERTEX_POINT('',#3247);
#3247 = CARTESIAN_POINT('',(-0.75,2.5,-3.1));
#3248 = LINE('',#3249,#3250);
#3249 = CARTESIAN_POINT('',(-0.75,2.141299290659E-15,-3.1));
#3250 = VECTOR('',#3251,1.);
#3251 = DIRECTION('',(0.,1.,0.));
#3252 = ORIENTED_EDGE('',*,*,#3253,.T.);
#3253 = EDGE_CURVE('',#3246,#3230,#3254,.T.);
#3254 = LINE('',#3255,#3256);
#3255 = CARTESIAN_POINT('',(-1.25,2.5,-3.1));
#3256 = VECTOR('',#3257,1.);
#3257 = DIRECTION('',(-1.,0.,-6.549281808692E-15));
#3258 = PLANE('',#3259);
#3259 = AXIS2_PLACEMENT_3D('',#3260,#3261,#3262);
#3260 = CARTESIAN_POINT('',(-1.25,2.141299290659E-15,-3.1));
#3261 = DIRECTION('',(6.549281808692E-15,0.,-1.));
#3262 = DIRECTION('',(0.,-1.,0.));
#3263 = ADVANCED_FACE('',(#3264),#3289,.F.);
#3264 = FACE_BOUND('',#3265,.T.);
#3265 = EDGE_LOOP('',(#3266,#3276,#3282,#3283));
#3266 = ORIENTED_EDGE('',*,*,#3267,.F.);
#3267 = EDGE_CURVE('',#3268,#3270,#3272,.T.);
#3268 = VERTEX_POINT('',#3269);
#3269 = CARTESIAN_POINT('',(-1.25,0.95,-2.6));
#3270 = VERTEX_POINT('',#3271);
#3271 = CARTESIAN_POINT('',(-1.25,2.5,-2.6));
#3272 = LINE('',#3273,#3274);
#3273 = CARTESIAN_POINT('',(-1.25,2.141299290659E-15,-2.6));
#3274 = VECTOR('',#3275,1.);
#3275 = DIRECTION('',(0.,1.,0.));
#3276 = ORIENTED_EDGE('',*,*,#3277,.T.);
#3277 = EDGE_CURVE('',#3268,#3228,#3278,.T.);
#3278 = LINE('',#3279,#3280);
#3279 = CARTESIAN_POINT('',(-1.25,0.95,-3.1));
#3280 = VECTOR('',#3281,1.);
#3281 = DIRECTION('',(6.982962677686E-15,0.,-1.));
#3282 = ORIENTED_EDGE('',*,*,#3227,.T.);
#3283 = ORIENTED_EDGE('',*,*,#3284,.T.);
#3284 = EDGE_CURVE('',#3230,#3270,#3285,.T.);
#3285 = LINE('',#3286,#3287);
#3286 = CARTESIAN_POINT('',(-1.25,2.5,-3.1));
#3287 = VECTOR('',#3288,1.);
#3288 = DIRECTION('',(-6.982962677686E-15,0.,1.));
#3289 = PLANE('',#3290);
#3290 = AXIS2_PLACEMENT_3D('',#3291,#3292,#3293);
#3291 = CARTESIAN_POINT('',(-1.25,2.141299290659E-15,-3.1));
#3292 = DIRECTION('',(-1.,0.,-6.982962677686E-15));
#3293 = DIRECTION('',(-6.982962677686E-15,0.,1.));
#3294 = ADVANCED_FACE('',(#3295),#3320,.F.);
#3295 = FACE_BOUND('',#3296,.T.);
#3296 = EDGE_LOOP('',(#3297,#3307,#3313,#3314));
#3297 = ORIENTED_EDGE('',*,*,#3298,.F.);
#3298 = EDGE_CURVE('',#3299,#3301,#3303,.T.);
#3299 = VERTEX_POINT('',#3300);
#3300 = CARTESIAN_POINT('',(-0.75,0.95,-2.6));
#3301 = VERTEX_POINT('',#3302);
#3302 = CARTESIAN_POINT('',(-0.75,2.5,-2.6));
#3303 = LINE('',#3304,#3305);
#3304 = CARTESIAN_POINT('',(-0.75,2.141299290659E-15,-2.6));
#3305 = VECTOR('',#3306,1.);
#3306 = DIRECTION('',(0.,1.,0.));
#3307 = ORIENTED_EDGE('',*,*,#3308,.T.);
#3308 = EDGE_CURVE('',#3299,#3268,#3309,.T.);
#3309 = LINE('',#3310,#3311);
#3310 = CARTESIAN_POINT('',(-1.25,0.95,-2.6));
#3311 = VECTOR('',#3312,1.);
#3312 = DIRECTION('',(-1.,0.,-6.982962677686E-15));
#3313 = ORIENTED_EDGE('',*,*,#3267,.T.);
#3314 = ORIENTED_EDGE('',*,*,#3315,.T.);
#3315 = EDGE_CURVE('',#3270,#3301,#3316,.T.);
#3316 = LINE('',#3317,#3318);
#3317 = CARTESIAN_POINT('',(-1.25,2.5,-2.6));
#3318 = VECTOR('',#3319,1.);
#3319 = DIRECTION('',(1.,0.,6.982962677686E-15));
#3320 = PLANE('',#3321);
#3321 = AXIS2_PLACEMENT_3D('',#3322,#3323,#3324);
#3322 = CARTESIAN_POINT('',(-1.25,2.141299290659E-15,-2.6));
#3323 = DIRECTION('',(-6.982962677686E-15,0.,1.));
#3324 = DIRECTION('',(1.,0.,6.982962677686E-15));
#3325 = ADVANCED_FACE('',(#3326),#3342,.F.);
#3326 = FACE_BOUND('',#3327,.T.);
#3327 = EDGE_LOOP('',(#3328,#3329,#3335,#3336));
#3328 = ORIENTED_EDGE('',*,*,#3245,.F.);
#3329 = ORIENTED_EDGE('',*,*,#3330,.T.);
#3330 = EDGE_CURVE('',#3238,#3299,#3331,.T.);
#3331 = LINE('',#3332,#3333);
#3332 = CARTESIAN_POINT('',(-0.75,0.95,-3.1));
#3333 = VECTOR('',#3334,1.);
#3334 = DIRECTION('',(-6.982962677686E-15,0.,1.));
#3335 = ORIENTED_EDGE('',*,*,#3298,.T.);
#3336 = ORIENTED_EDGE('',*,*,#3337,.T.);
#3337 = EDGE_CURVE('',#3301,#3246,#3338,.T.);
#3338 = LINE('',#3339,#3340);
#3339 = CARTESIAN_POINT('',(-0.75,2.5,-3.1));
#3340 = VECTOR('',#3341,1.);
#3341 = DIRECTION('',(6.982962677686E-15,0.,-1.));
#3342 = PLANE('',#3343);
#3343 = AXIS2_PLACEMENT_3D('',#3344,#3345,#3346);
#3344 = CARTESIAN_POINT('',(-0.75,2.141299290659E-15,-3.1));
#3345 = DIRECTION('',(1.,0.,6.982962677686E-15));
#3346 = DIRECTION('',(-6.982962677686E-15,0.,1.));
#3347 = ADVANCED_FACE('',(#3348),#3382,.F.);
#3348 = FACE_BOUND('',#3349,.T.);
#3349 = EDGE_LOOP('',(#3350,#3360,#3368,#3376));
#3350 = ORIENTED_EDGE('',*,*,#3351,.T.);
#3351 = EDGE_CURVE('',#3352,#3354,#3356,.T.);
#3352 = VERTEX_POINT('',#3353);
#3353 = CARTESIAN_POINT('',(-1.35,1.4,-1.9));
#3354 = VERTEX_POINT('',#3355);
#3355 = CARTESIAN_POINT('',(-1.35,0.95,-2.35));
#3356 = LINE('',#3357,#3358);
#3357 = CARTESIAN_POINT('',(-1.35,0.95,-2.35));
#3358 = VECTOR('',#3359,1.);
#3359 = DIRECTION('',(4.937700262165E-15,-0.707106781187,-0.707106781187
    ));
#3360 = ORIENTED_EDGE('',*,*,#3361,.F.);
#3361 = EDGE_CURVE('',#3362,#3354,#3364,.T.);
#3362 = VERTEX_POINT('',#3363);
#3363 = CARTESIAN_POINT('',(-0.65,0.95,-2.35));
#3364 = LINE('',#3365,#3366);
#3365 = CARTESIAN_POINT('',(-0.65,0.95,-2.35));
#3366 = VECTOR('',#3367,1.);
#3367 = DIRECTION('',(-1.,0.,-6.982962677686E-15));
#3368 = ORIENTED_EDGE('',*,*,#3369,.F.);
#3369 = EDGE_CURVE('',#3370,#3362,#3372,.T.);
#3370 = VERTEX_POINT('',#3371);
#3371 = CARTESIAN_POINT('',(-0.65,1.4,-1.9));
#3372 = LINE('',#3373,#3374);
#3373 = CARTESIAN_POINT('',(-0.65,0.95,-2.35));
#3374 = VECTOR('',#3375,1.);
#3375 = DIRECTION('',(4.937700262165E-15,-0.707106781187,-0.707106781187
    ));
#3376 = ORIENTED_EDGE('',*,*,#3377,.T.);
#3377 = EDGE_CURVE('',#3370,#3352,#3378,.T.);
#3378 = LINE('',#3379,#3380);
#3379 = CARTESIAN_POINT('',(-0.65,1.4,-1.9));
#3380 = VECTOR('',#3381,1.);
#3381 = DIRECTION('',(-1.,0.,-6.982962677686E-15));
#3382 = PLANE('',#3383);
#3383 = AXIS2_PLACEMENT_3D('',#3384,#3385,#3386);
#3384 = CARTESIAN_POINT('',(-0.65,0.95,-2.35));
#3385 = DIRECTION('',(4.937700262165E-15,0.707106781187,-0.707106781187)
  );
#3386 = DIRECTION('',(-1.,-3.944304526105E-31,-6.982962677686E-15));
#3387 = ADVANCED_FACE('',(#3388,#3394),#3419,.F.);
#3388 = FACE_BOUND('',#3389,.T.);
#3389 = EDGE_LOOP('',(#3390,#3391,#3392,#3393));
#3390 = ORIENTED_EDGE('',*,*,#3330,.F.);
#3391 = ORIENTED_EDGE('',*,*,#3237,.F.);
#3392 = ORIENTED_EDGE('',*,*,#3277,.F.);
#3393 = ORIENTED_EDGE('',*,*,#3308,.F.);
#3394 = FACE_BOUND('',#3395,.T.);
#3395 = EDGE_LOOP('',(#3396,#3404,#3412,#3418));
#3396 = ORIENTED_EDGE('',*,*,#3397,.T.);
#3397 = EDGE_CURVE('',#3354,#3398,#3400,.T.);
#3398 = VERTEX_POINT('',#3399);
#3399 = CARTESIAN_POINT('',(-1.35,0.95,-3.85));
#3400 = LINE('',#3401,#3402);
#3401 = CARTESIAN_POINT('',(-1.35,0.95,-3.85));
#3402 = VECTOR('',#3403,1.);
#3403 = DIRECTION('',(6.982962677686E-15,0.,-1.));
#3404 = ORIENTED_EDGE('',*,*,#3405,.F.);
#3405 = EDGE_CURVE('',#3406,#3398,#3408,.T.);
#3406 = VERTEX_POINT('',#3407);
#3407 = CARTESIAN_POINT('',(-0.65,0.95,-3.85));
#3408 = LINE('',#3409,#3410);
#3409 = CARTESIAN_POINT('',(-0.65,0.95,-3.85));
#3410 = VECTOR('',#3411,1.);
#3411 = DIRECTION('',(-1.,0.,-6.982962677686E-15));
#3412 = ORIENTED_EDGE('',*,*,#3413,.F.);
#3413 = EDGE_CURVE('',#3362,#3406,#3414,.T.);
#3414 = LINE('',#3415,#3416);
#3415 = CARTESIAN_POINT('',(-0.65,0.95,-3.85));
#3416 = VECTOR('',#3417,1.);
#3417 = DIRECTION('',(6.982962677686E-15,0.,-1.));
#3418 = ORIENTED_EDGE('',*,*,#3361,.T.);
#3419 = PLANE('',#3420);
#3420 = AXIS2_PLACEMENT_3D('',#3421,#3422,#3423);
#3421 = CARTESIAN_POINT('',(-0.65,0.95,-3.85));
#3422 = DIRECTION('',(-0.,1.,0.));
#3423 = DIRECTION('',(1.,0.,0.));
#3424 = ADVANCED_FACE('',(#3425),#3450,.F.);
#3425 = FACE_BOUND('',#3426,.T.);
#3426 = EDGE_LOOP('',(#3427,#3437,#3443,#3444));
#3427 = ORIENTED_EDGE('',*,*,#3428,.T.);
#3428 = EDGE_CURVE('',#3429,#3431,#3433,.T.);
#3429 = VERTEX_POINT('',#3430);
#3430 = CARTESIAN_POINT('',(-0.241956087166,2.5,-2.3));
#3431 = VERTEX_POINT('',#3432);
#3432 = CARTESIAN_POINT('',(-1.758043912834,2.5,-2.3));
#3433 = LINE('',#3434,#3435);
#3434 = CARTESIAN_POINT('',(8.,2.5,-2.3));
#3435 = VECTOR('',#3436,1.);
#3436 = DIRECTION('',(-1.,0.,-6.982962677686E-15));
#3437 = ORIENTED_EDGE('',*,*,#3438,.F.);
#3438 = EDGE_CURVE('',#1395,#3431,#3439,.T.);
#3439 = LINE('',#3440,#3441);
#3440 = CARTESIAN_POINT('',(-1.702405319134,3.295668959502,
    -3.095668959502));
#3441 = VECTOR('',#3442,1.);
#3442 = DIRECTION('',(4.938538910367E-02,0.706243967529,-0.706243967529)
  );
#3443 = ORIENTED_EDGE('',*,*,#1394,.T.);
#3444 = ORIENTED_EDGE('',*,*,#3445,.F.);
#3445 = EDGE_CURVE('',#3429,#1387,#3446,.T.);
#3446 = LINE('',#3447,#3448);
#3447 = CARTESIAN_POINT('',(-0.297594680867,3.295668959502,
    -3.095668959502));
#3448 = VECTOR('',#3449,1.);
#3449 = DIRECTION('',(4.938538910366E-02,-0.706243967529,0.706243967529)
  );
#3450 = PLANE('',#3451);
#3451 = AXIS2_PLACEMENT_3D('',#3452,#3453,#3454);
#3452 = CARTESIAN_POINT('',(8.,1.9,-1.7));
#3453 = DIRECTION('',(4.937700262165E-15,-0.707106781187,-0.707106781187
    ));
#3454 = DIRECTION('',(0.,0.707106781187,-0.707106781187));
#3455 = ADVANCED_FACE('',(#3456),#3481,.F.);
#3456 = FACE_BOUND('',#3457,.T.);
#3457 = EDGE_LOOP('',(#3458,#3459,#3467,#3475));
#3458 = ORIENTED_EDGE('',*,*,#1517,.T.);
#3459 = ORIENTED_EDGE('',*,*,#3460,.T.);
#3460 = EDGE_CURVE('',#1510,#3461,#3463,.T.);
#3461 = VERTEX_POINT('',#3462);
#3462 = CARTESIAN_POINT('',(0.2,4.2,-0.6));
#3463 = LINE('',#3464,#3465);
#3464 = CARTESIAN_POINT('',(0.2,4.2,-0.6));
#3465 = VECTOR('',#3466,1.);
#3466 = DIRECTION('',(6.982962677686E-15,0.,-1.));
#3467 = ORIENTED_EDGE('',*,*,#3468,.F.);
#3468 = EDGE_CURVE('',#3469,#3461,#3471,.T.);
#3469 = VERTEX_POINT('',#3470);
#3470 = CARTESIAN_POINT('',(-0.2,4.2,-0.6));
#3471 = LINE('',#3472,#3473);
#3472 = CARTESIAN_POINT('',(-0.2,4.2,-0.6));
#3473 = VECTOR('',#3474,1.);
#3474 = DIRECTION('',(1.,0.,6.982962677686E-15));
#3475 = ORIENTED_EDGE('',*,*,#3476,.F.);
#3476 = EDGE_CURVE('',#1518,#3469,#3477,.T.);
#3477 = LINE('',#3478,#3479);
#3478 = CARTESIAN_POINT('',(-0.2,4.2,-0.6));
#3479 = VECTOR('',#3480,1.);
#3480 = DIRECTION('',(6.982962677686E-15,0.,-1.));
#3481 = PLANE('',#3482);
#3482 = AXIS2_PLACEMENT_3D('',#3483,#3484,#3485);
#3483 = CARTESIAN_POINT('',(-0.2,4.2,-0.6));
#3484 = DIRECTION('',(0.,-1.,0.));
#3485 = DIRECTION('',(0.,0.,-1.));
#3486 = ADVANCED_FACE('',(#3487),#3512,.F.);
#3487 = FACE_BOUND('',#3488,.T.);
#3488 = EDGE_LOOP('',(#3489,#3490,#3498,#3506));
#3489 = ORIENTED_EDGE('',*,*,#3468,.T.);
#3490 = ORIENTED_EDGE('',*,*,#3491,.T.);
#3491 = EDGE_CURVE('',#3461,#3492,#3494,.T.);
#3492 = VERTEX_POINT('',#3493);
#3493 = CARTESIAN_POINT('',(0.2,3.940192378865,-0.75));
#3494 = LINE('',#3495,#3496);
#3495 = CARTESIAN_POINT('',(0.2,3.940192378865,-0.75));
#3496 = VECTOR('',#3497,1.);
#3497 = DIRECTION('',(3.491481338843E-15,-0.866025403784,-0.5));
#3498 = ORIENTED_EDGE('',*,*,#3499,.F.);
#3499 = EDGE_CURVE('',#3500,#3492,#3502,.T.);
#3500 = VERTEX_POINT('',#3501);
#3501 = CARTESIAN_POINT('',(-0.2,3.940192378865,-0.75));
#3502 = LINE('',#3503,#3504);
#3503 = CARTESIAN_POINT('',(-0.2,3.940192378865,-0.75));
#3504 = VECTOR('',#3505,1.);
#3505 = DIRECTION('',(1.,0.,6.982962677686E-15));
#3506 = ORIENTED_EDGE('',*,*,#3507,.F.);
#3507 = EDGE_CURVE('',#3469,#3500,#3508,.T.);
#3508 = LINE('',#3509,#3510);
#3509 = CARTESIAN_POINT('',(-0.2,3.940192378865,-0.75));
#3510 = VECTOR('',#3511,1.);
#3511 = DIRECTION('',(3.491481338843E-15,-0.866025403784,-0.5));
#3512 = PLANE('',#3513);
#3513 = AXIS2_PLACEMENT_3D('',#3514,#3515,#3516);
#3514 = CARTESIAN_POINT('',(-0.2,3.940192378865,-0.75));
#3515 = DIRECTION('',(-6.047423072555E-15,-0.5,0.866025403784));
#3516 = DIRECTION('',(-1.,1.209484614511E-14,-7.88860905221E-31));
#3517 = ADVANCED_FACE('',(#3518),#3530,.F.);
#3518 = FACE_BOUND('',#3519,.T.);
#3519 = EDGE_LOOP('',(#3520,#3521,#3522,#3523,#3529));
#3520 = ORIENTED_EDGE('',*,*,#1525,.T.);
#3521 = ORIENTED_EDGE('',*,*,#3476,.T.);
#3522 = ORIENTED_EDGE('',*,*,#3507,.T.);
#3523 = ORIENTED_EDGE('',*,*,#3524,.T.);
#3524 = EDGE_CURVE('',#3500,#1206,#3525,.T.);
#3525 = LINE('',#3526,#3527);
#3526 = CARTESIAN_POINT('',(-0.2,1.9,-0.75));
#3527 = VECTOR('',#3528,1.);
#3528 = DIRECTION('',(0.,-1.,0.));
#3529 = ORIENTED_EDGE('',*,*,#1205,.T.);
#3530 = PLANE('',#3531);
#3531 = AXIS2_PLACEMENT_3D('',#3532,#3533,#3534);
#3532 = CARTESIAN_POINT('',(-0.2,0.15,-2.25));
#3533 = DIRECTION('',(1.,0.,6.982962677686E-15));
#3534 = DIRECTION('',(-6.982962677686E-15,0.,1.));
#3535 = ADVANCED_FACE('',(#3536),#3552,.F.);
#3536 = FACE_BOUND('',#3537,.T.);
#3537 = EDGE_LOOP('',(#3538,#3544,#3545,#3551));
#3538 = ORIENTED_EDGE('',*,*,#3539,.T.);
#3539 = EDGE_CURVE('',#3398,#1874,#3540,.T.);
#3540 = LINE('',#3541,#3542);
#3541 = CARTESIAN_POINT('',(-1.35,0.15,-3.85));
#3542 = VECTOR('',#3543,1.);
#3543 = DIRECTION('',(0.,-1.,0.));
#3544 = ORIENTED_EDGE('',*,*,#1873,.F.);
#3545 = ORIENTED_EDGE('',*,*,#3546,.F.);
#3546 = EDGE_CURVE('',#3406,#1866,#3547,.T.);
#3547 = LINE('',#3548,#3549);
#3548 = CARTESIAN_POINT('',(-0.65,0.15,-3.85));
#3549 = VECTOR('',#3550,1.);
#3550 = DIRECTION('',(0.,-1.,0.));
#3551 = ORIENTED_EDGE('',*,*,#3405,.T.);
#3552 = PLANE('',#3553);
#3553 = AXIS2_PLACEMENT_3D('',#3554,#3555,#3556);
#3554 = CARTESIAN_POINT('',(-0.65,0.15,-3.85));
#3555 = DIRECTION('',(6.982962677686E-15,0.,-1.));
#3556 = DIRECTION('',(0.,-1.,0.));
#3557 = ADVANCED_FACE('',(#3558),#3574,.F.);
#3558 = FACE_BOUND('',#3559,.T.);
#3559 = EDGE_LOOP('',(#3560,#3566,#3567,#3573));
#3560 = ORIENTED_EDGE('',*,*,#3561,.T.);
#3561 = EDGE_CURVE('',#2201,#3352,#3562,.T.);
#3562 = LINE('',#3563,#3564);
#3563 = CARTESIAN_POINT('',(-1.35,1.4,-1.9));
#3564 = VECTOR('',#3565,1.);
#3565 = DIRECTION('',(6.982962677686E-15,0.,-1.));
#3566 = ORIENTED_EDGE('',*,*,#3377,.F.);
#3567 = ORIENTED_EDGE('',*,*,#3568,.F.);
#3568 = EDGE_CURVE('',#2209,#3370,#3569,.T.);
#3569 = LINE('',#3570,#3571);
#3570 = CARTESIAN_POINT('',(-0.65,1.4,-1.9));
#3571 = VECTOR('',#3572,1.);
#3572 = DIRECTION('',(6.982962677686E-15,0.,-1.));
#3573 = ORIENTED_EDGE('',*,*,#2208,.T.);
#3574 = PLANE('',#3575);
#3575 = AXIS2_PLACEMENT_3D('',#3576,#3577,#3578);
#3576 = CARTESIAN_POINT('',(-0.65,1.4,-1.9));
#3577 = DIRECTION('',(-0.,1.,0.));
#3578 = DIRECTION('',(1.,0.,0.));
#3579 = ADVANCED_FACE('',(#3580),#3590,.T.);
#3580 = FACE_BOUND('',#3581,.T.);
#3581 = EDGE_LOOP('',(#3582,#3583,#3584,#3585,#3586,#3587,#3588,#3589));
#3582 = ORIENTED_EDGE('',*,*,#1651,.F.);
#3583 = ORIENTED_EDGE('',*,*,#1881,.F.);
#3584 = ORIENTED_EDGE('',*,*,#3539,.F.);
#3585 = ORIENTED_EDGE('',*,*,#3397,.F.);
#3586 = ORIENTED_EDGE('',*,*,#3351,.F.);
#3587 = ORIENTED_EDGE('',*,*,#3561,.F.);
#3588 = ORIENTED_EDGE('',*,*,#2200,.F.);
#3589 = ORIENTED_EDGE('',*,*,#1985,.F.);
#3590 = PLANE('',#3591);
#3591 = AXIS2_PLACEMENT_3D('',#3592,#3593,#3594);
#3592 = CARTESIAN_POINT('',(-1.35,0.15,-2.25));
#3593 = DIRECTION('',(1.,0.,6.982962677686E-15));
#3594 = DIRECTION('',(-6.982962677686E-15,0.,1.));
#3595 = ADVANCED_FACE('',(#3596),#3607,.T.);
#3596 = FACE_BOUND('',#3597,.T.);
#3597 = EDGE_LOOP('',(#3598,#3604,#3605,#3606));
#3598 = ORIENTED_EDGE('',*,*,#3599,.F.);
#3599 = EDGE_CURVE('',#3429,#141,#3600,.T.);
#3600 = LINE('',#3601,#3602);
#3601 = CARTESIAN_POINT('',(-0.241956087166,2.5,-2.25));
#3602 = VECTOR('',#3603,1.);
#3603 = DIRECTION('',(6.982962677686E-15,0.,-1.));
#3604 = ORIENTED_EDGE('',*,*,#3445,.T.);
#3605 = ORIENTED_EDGE('',*,*,#1386,.T.);
#3606 = ORIENTED_EDGE('',*,*,#148,.T.);
#3607 = PLANE('',#3608);
#3608 = AXIS2_PLACEMENT_3D('',#3609,#3610,#3611);
#3609 = CARTESIAN_POINT('',(-0.2,1.9,-4.4981624039));
#3610 = DIRECTION('',(0.99756405026,6.975647374413E-02,
    6.965952531566E-15));
#3611 = DIRECTION('',(0.,9.986101873667E-14,-1.));
#3612 = ADVANCED_FACE('',(#3613,#3619,#3690,#3724),#3758,.F.);
#3613 = FACE_BOUND('',#3614,.T.);
#3614 = EDGE_LOOP('',(#3615,#3616,#3617,#3618));
#3615 = ORIENTED_EDGE('',*,*,#3337,.F.);
#3616 = ORIENTED_EDGE('',*,*,#3315,.F.);
#3617 = ORIENTED_EDGE('',*,*,#3284,.F.);
#3618 = ORIENTED_EDGE('',*,*,#3253,.F.);
#3619 = FACE_BOUND('',#3620,.T.);
#3620 = EDGE_LOOP('',(#3621,#3622,#3623,#3631,#3639,#3645,#3646,#3654,
    #3662,#3668,#3669,#3675,#3676,#3682,#3683,#3689));
#3621 = ORIENTED_EDGE('',*,*,#3599,.T.);
#3622 = ORIENTED_EDGE('',*,*,#140,.T.);
#3623 = ORIENTED_EDGE('',*,*,#3624,.T.);
#3624 = EDGE_CURVE('',#131,#3625,#3627,.T.);
#3625 = VERTEX_POINT('',#3626);
#3626 = CARTESIAN_POINT('',(0.241956087166,2.5,-2.3));
#3627 = LINE('',#3628,#3629);
#3628 = CARTESIAN_POINT('',(0.241956087166,2.5,-2.25));
#3629 = VECTOR('',#3630,1.);
#3630 = DIRECTION('',(-6.982962677686E-15,0.,1.));
#3631 = ORIENTED_EDGE('',*,*,#3632,.F.);
#3632 = EDGE_CURVE('',#3633,#3625,#3635,.T.);
#3633 = VERTEX_POINT('',#3634);
#3634 = CARTESIAN_POINT('',(1.758043912834,2.5,-2.3));
#3635 = LINE('',#3636,#3637);
#3636 = CARTESIAN_POINT('',(10.,2.5,-2.3));
#3637 = VECTOR('',#3638,1.);
#3638 = DIRECTION('',(-1.,0.,-6.982962677686E-15));
#3639 = ORIENTED_EDGE('',*,*,#3640,.T.);
#3640 = EDGE_CURVE('',#3633,#101,#3641,.T.);
#3641 = LINE('',#3642,#3643);
#3642 = CARTESIAN_POINT('',(1.758043912834,2.5,-2.25));
#3643 = VECTOR('',#3644,1.);
#3644 = DIRECTION('',(6.982962677686E-15,0.,-1.));
#3645 = ORIENTED_EDGE('',*,*,#100,.T.);
#3646 = ORIENTED_EDGE('',*,*,#3647,.T.);
#3647 = EDGE_CURVE('',#91,#3648,#3650,.T.);
#3648 = VERTEX_POINT('',#3649);
#3649 = CARTESIAN_POINT('',(2.241956087166,2.5,-2.3));
#3650 = LINE('',#3651,#3652);
#3651 = CARTESIAN_POINT('',(2.241956087166,2.5,-2.25));
#3652 = VECTOR('',#3653,1.);
#3653 = DIRECTION('',(-6.982962677686E-15,0.,1.));
#3654 = ORIENTED_EDGE('',*,*,#3655,.F.);
#3655 = EDGE_CURVE('',#3656,#3648,#3658,.T.);
#3656 = VERTEX_POINT('',#3657);
#3657 = CARTESIAN_POINT('',(3.758043912834,2.5,-2.3));
#3658 = LINE('',#3659,#3660);
#3659 = CARTESIAN_POINT('',(12.,2.5,-2.3));
#3660 = VECTOR('',#3661,1.);
#3661 = DIRECTION('',(-1.,0.,-6.982962677686E-15));
#3662 = ORIENTED_EDGE('',*,*,#3663,.T.);
#3663 = EDGE_CURVE('',#3656,#181,#3664,.T.);
#3664 = LINE('',#3665,#3666);
#3665 = CARTESIAN_POINT('',(3.758043912834,2.5,-2.25));
#3666 = VECTOR('',#3667,1.);
#3667 = DIRECTION('',(6.982962677686E-15,0.,-1.));
#3668 = ORIENTED_EDGE('',*,*,#180,.T.);
#3669 = ORIENTED_EDGE('',*,*,#3670,.T.);
#3670 = EDGE_CURVE('',#171,#793,#3671,.T.);
#3671 = LINE('',#3672,#3673);
#3672 = CARTESIAN_POINT('',(3.8,2.5,-4.75));
#3673 = VECTOR('',#3674,1.);
#3674 = DIRECTION('',(-1.084202172486E-15,0.,-1.));
#3675 = ORIENTED_EDGE('',*,*,#792,.T.);
#3676 = ORIENTED_EDGE('',*,*,#3677,.T.);
#3677 = EDGE_CURVE('',#795,#747,#3678,.T.);
#3678 = LINE('',#3679,#3680);
#3679 = CARTESIAN_POINT('',(-1.8,2.5,-4.75));
#3680 = VECTOR('',#3681,1.);
#3681 = DIRECTION('',(0.,0.,1.));
#3682 = ORIENTED_EDGE('',*,*,#746,.T.);
#3683 = ORIENTED_EDGE('',*,*,#3684,.T.);
#3684 = EDGE_CURVE('',#737,#3431,#3685,.T.);
#3685 = LINE('',#3686,#3687);
#3686 = CARTESIAN_POINT('',(-1.758043912834,2.5,-2.25));
#3687 = VECTOR('',#3688,1.);
#3688 = DIRECTION('',(-6.982962677686E-15,0.,1.));
#3689 = ORIENTED_EDGE('',*,*,#3428,.F.);
#3690 = FACE_BOUND('',#3691,.T.);
#3691 = EDGE_LOOP('',(#3692,#3702,#3710,#3718));
#3692 = ORIENTED_EDGE('',*,*,#3693,.F.);
#3693 = EDGE_CURVE('',#3694,#3696,#3698,.T.);
#3694 = VERTEX_POINT('',#3695);
#3695 = CARTESIAN_POINT('',(1.25,2.5,-2.6));
#3696 = VERTEX_POINT('',#3697);
#3697 = CARTESIAN_POINT('',(1.25,2.5,-3.1));
#3698 = LINE('',#3699,#3700);
#3699 = CARTESIAN_POINT('',(1.25,2.5,-3.1));
#3700 = VECTOR('',#3701,1.);
#3701 = DIRECTION('',(6.982962677686E-15,0.,-1.));
#3702 = ORIENTED_EDGE('',*,*,#3703,.F.);
#3703 = EDGE_CURVE('',#3704,#3694,#3706,.T.);
#3704 = VERTEX_POINT('',#3705);
#3705 = CARTESIAN_POINT('',(0.75,2.5,-2.6));
#3706 = LINE('',#3707,#3708);
#3707 = CARTESIAN_POINT('',(0.75,2.5,-2.6));
#3708 = VECTOR('',#3709,1.);
#3709 = DIRECTION('',(1.,0.,6.982962677686E-15));
#3710 = ORIENTED_EDGE('',*,*,#3711,.F.);
#3711 = EDGE_CURVE('',#3712,#3704,#3714,.T.);
#3712 = VERTEX_POINT('',#3713);
#3713 = CARTESIAN_POINT('',(0.75,2.5,-3.1));
#3714 = LINE('',#3715,#3716);
#3715 = CARTESIAN_POINT('',(0.75,2.5,-3.1));
#3716 = VECTOR('',#3717,1.);
#3717 = DIRECTION('',(-6.982962677686E-15,0.,1.));
#3718 = ORIENTED_EDGE('',*,*,#3719,.F.);
#3719 = EDGE_CURVE('',#3696,#3712,#3720,.T.);
#3720 = LINE('',#3721,#3722);
#3721 = CARTESIAN_POINT('',(0.75,2.5,-3.1));
#3722 = VECTOR('',#3723,1.);
#3723 = DIRECTION('',(-1.,0.,-6.549281808692E-15));
#3724 = FACE_BOUND('',#3725,.T.);
#3725 = EDGE_LOOP('',(#3726,#3736,#3744,#3752));
#3726 = ORIENTED_EDGE('',*,*,#3727,.F.);
#3727 = EDGE_CURVE('',#3728,#3730,#3732,.T.);
#3728 = VERTEX_POINT('',#3729);
#3729 = CARTESIAN_POINT('',(3.25,2.5,-2.6));
#3730 = VERTEX_POINT('',#3731);
#3731 = CARTESIAN_POINT('',(3.25,2.5,-3.1));
#3732 = LINE('',#3733,#3734);
#3733 = CARTESIAN_POINT('',(3.25,2.5,-3.1));
#3734 = VECTOR('',#3735,1.);
#3735 = DIRECTION('',(6.982962677686E-15,0.,-1.));
#3736 = ORIENTED_EDGE('',*,*,#3737,.F.);
#3737 = EDGE_CURVE('',#3738,#3728,#3740,.T.);
#3738 = VERTEX_POINT('',#3739);
#3739 = CARTESIAN_POINT('',(2.75,2.5,-2.6));
#3740 = LINE('',#3741,#3742);
#3741 = CARTESIAN_POINT('',(2.75,2.5,-2.6));
#3742 = VECTOR('',#3743,1.);
#3743 = DIRECTION('',(1.,0.,6.982962677686E-15));
#3744 = ORIENTED_EDGE('',*,*,#3745,.F.);
#3745 = EDGE_CURVE('',#3746,#3738,#3748,.T.);
#3746 = VERTEX_POINT('',#3747);
#3747 = CARTESIAN_POINT('',(2.75,2.5,-3.1));
#3748 = LINE('',#3749,#3750);
#3749 = CARTESIAN_POINT('',(2.75,2.5,-3.1));
#3750 = VECTOR('',#3751,1.);
#3751 = DIRECTION('',(-6.982962677686E-15,0.,1.));
#3752 = ORIENTED_EDGE('',*,*,#3753,.F.);
#3753 = EDGE_CURVE('',#3730,#3746,#3754,.T.);
#3754 = LINE('',#3755,#3756);
#3755 = CARTESIAN_POINT('',(2.75,2.5,-3.1));
#3756 = VECTOR('',#3757,1.);
#3757 = DIRECTION('',(-1.,0.,-6.549281808692E-15));
#3758 = PLANE('',#3759);
#3759 = AXIS2_PLACEMENT_3D('',#3760,#3761,#3762);
#3760 = CARTESIAN_POINT('',(2.,2.5,-2.25));
#3761 = DIRECTION('',(0.,-1.,0.));
#3762 = DIRECTION('',(0.,0.,-1.));
#3763 = ADVANCED_FACE('',(#3764),#3770,.T.);
#3764 = FACE_BOUND('',#3765,.T.);
#3765 = EDGE_LOOP('',(#3766,#3767,#3768,#3769));
#3766 = ORIENTED_EDGE('',*,*,#1402,.T.);
#3767 = ORIENTED_EDGE('',*,*,#3438,.T.);
#3768 = ORIENTED_EDGE('',*,*,#3684,.F.);
#3769 = ORIENTED_EDGE('',*,*,#736,.T.);
#3770 = PLANE('',#3771);
#3771 = AXIS2_PLACEMENT_3D('',#3772,#3773,#3774);
#3772 = CARTESIAN_POINT('',(-1.8,1.9,-4.4981624039));
#3773 = DIRECTION('',(-0.99756405026,6.975647374413E-02,
    -6.965952531566E-15));
#3774 = DIRECTION('',(-6.982962677686E-15,9.860761315263E-32,1.));
#3775 = ADVANCED_FACE('',(#3776),#3783,.T.);
#3776 = FACE_BOUND('',#3777,.T.);
#3777 = EDGE_LOOP('',(#3778,#3779,#3780,#3781,#3782));
#3778 = ORIENTED_EDGE('',*,*,#1532,.F.);
#3779 = ORIENTED_EDGE('',*,*,#1189,.F.);
#3780 = ORIENTED_EDGE('',*,*,#1133,.F.);
#3781 = ORIENTED_EDGE('',*,*,#1071,.F.);
#3782 = ORIENTED_EDGE('',*,*,#1111,.F.);
#3783 = PLANE('',#3784);
#3784 = AXIS2_PLACEMENT_3D('',#3785,#3786,#3787);
#3785 = CARTESIAN_POINT('',(-1.8,0.15,-2.25));
#3786 = DIRECTION('',(1.,0.,6.982962677686E-15));
#3787 = DIRECTION('',(-6.982962677686E-15,0.,1.));
#3788 = ADVANCED_FACE('',(#3789),#3811,.F.);
#3789 = FACE_BOUND('',#3790,.T.);
#3790 = EDGE_LOOP('',(#3791,#3792,#3800,#3806,#3807,#3808,#3809,#3810));
#3791 = ORIENTED_EDGE('',*,*,#1865,.T.);
#3792 = ORIENTED_EDGE('',*,*,#3793,.T.);
#3793 = EDGE_CURVE('',#1858,#3794,#3796,.T.);
#3794 = VERTEX_POINT('',#3795);
#3795 = CARTESIAN_POINT('',(-0.65,0.45,-0.55));
#3796 = LINE('',#3797,#3798);
#3797 = CARTESIAN_POINT('',(-0.65,0.15,-0.55));
#3798 = VECTOR('',#3799,1.);
#3799 = DIRECTION('',(0.,1.,0.));
#3800 = ORIENTED_EDGE('',*,*,#3801,.T.);
#3801 = EDGE_CURVE('',#3794,#2217,#3802,.T.);
#3802 = LINE('',#3803,#3804);
#3803 = CARTESIAN_POINT('',(-0.65,0.45,-2.25));
#3804 = VECTOR('',#3805,1.);
#3805 = DIRECTION('',(-6.982962677686E-15,1.355252715607E-16,1.));
#3806 = ORIENTED_EDGE('',*,*,#2216,.T.);
#3807 = ORIENTED_EDGE('',*,*,#3568,.T.);
#3808 = ORIENTED_EDGE('',*,*,#3369,.T.);
#3809 = ORIENTED_EDGE('',*,*,#3413,.T.);
#3810 = ORIENTED_EDGE('',*,*,#3546,.T.);
#3811 = PLANE('',#3812);
#3812 = AXIS2_PLACEMENT_3D('',#3813,#3814,#3815);
#3813 = CARTESIAN_POINT('',(-0.65,0.15,-2.25));
#3814 = DIRECTION('',(1.,0.,6.982962677686E-15));
#3815 = DIRECTION('',(-6.982962677686E-15,0.,1.));
#3816 = ADVANCED_FACE('',(#3817),#3835,.F.);
#3817 = FACE_BOUND('',#3818,.T.);
#3818 = EDGE_LOOP('',(#3819,#3827,#3833,#3834));
#3819 = ORIENTED_EDGE('',*,*,#3820,.F.);
#3820 = EDGE_CURVE('',#3821,#3794,#3823,.T.);
#3821 = VERTEX_POINT('',#3822);
#3822 = CARTESIAN_POINT('',(0.65,0.45,-0.55));
#3823 = LINE('',#3824,#3825);
#3824 = CARTESIAN_POINT('',(8.,0.45,-0.55));
#3825 = VECTOR('',#3826,1.);
#3826 = DIRECTION('',(-1.,0.,-6.982962677686E-15));
#3827 = ORIENTED_EDGE('',*,*,#3828,.T.);
#3828 = EDGE_CURVE('',#3821,#2225,#3829,.T.);
#3829 = LINE('',#3830,#3831);
#3830 = CARTESIAN_POINT('',(0.65,0.45,-2.25));
#3831 = VECTOR('',#3832,1.);
#3832 = DIRECTION('',(-6.982962677686E-15,1.355252715607E-16,1.));
#3833 = ORIENTED_EDGE('',*,*,#2224,.T.);
#3834 = ORIENTED_EDGE('',*,*,#3801,.F.);
#3835 = PLANE('',#3836);
#3836 = AXIS2_PLACEMENT_3D('',#3837,#3838,#3839);
#3837 = CARTESIAN_POINT('',(8.,0.45,0.25));
#3838 = DIRECTION('',(9.463679131916E-31,1.,-1.355252715607E-16));
#3839 = DIRECTION('',(0.,-1.355252715607E-16,-1.));
#3840 = ADVANCED_FACE('',(#3841),#3852,.F.);
#3841 = FACE_BOUND('',#3842,.T.);
#3842 = EDGE_LOOP('',(#3843,#3844,#3850,#3851));
#3843 = ORIENTED_EDGE('',*,*,#1857,.F.);
#3844 = ORIENTED_EDGE('',*,*,#3845,.T.);
#3845 = EDGE_CURVE('',#1850,#3821,#3846,.T.);
#3846 = LINE('',#3847,#3848);
#3847 = CARTESIAN_POINT('',(0.65,0.15,-0.55));
#3848 = VECTOR('',#3849,1.);
#3849 = DIRECTION('',(0.,1.,0.));
#3850 = ORIENTED_EDGE('',*,*,#3820,.T.);
#3851 = ORIENTED_EDGE('',*,*,#3793,.F.);
#3852 = PLANE('',#3853);
#3853 = AXIS2_PLACEMENT_3D('',#3854,#3855,#3856);
#3854 = CARTESIAN_POINT('',(8.,0.15,-0.55));
#3855 = DIRECTION('',(6.982962677686E-15,0.,-1.));
#3856 = DIRECTION('',(0.,-1.,0.));
#3857 = ADVANCED_FACE('',(#3858),#3869,.F.);
#3858 = FACE_BOUND('',#3859,.T.);
#3859 = EDGE_LOOP('',(#3860,#3861,#3867,#3868));
#3860 = ORIENTED_EDGE('',*,*,#3499,.T.);
#3861 = ORIENTED_EDGE('',*,*,#3862,.T.);
#3862 = EDGE_CURVE('',#3492,#1214,#3863,.T.);
#3863 = LINE('',#3864,#3865);
#3864 = CARTESIAN_POINT('',(0.2,1.9,-0.75));
#3865 = VECTOR('',#3866,1.);
#3866 = DIRECTION('',(0.,-1.,0.));
#3867 = ORIENTED_EDGE('',*,*,#1213,.F.);
#3868 = ORIENTED_EDGE('',*,*,#3524,.F.);
#3869 = PLANE('',#3870);
#3870 = AXIS2_PLACEMENT_3D('',#3871,#3872,#3873);
#3871 = CARTESIAN_POINT('',(-0.2,1.9,-0.75));
#3872 = DIRECTION('',(-6.982962677686E-15,0.,1.));
#3873 = DIRECTION('',(1.,0.,6.982962677686E-15));
#3874 = ADVANCED_FACE('',(#3875),#3909,.F.);
#3875 = FACE_BOUND('',#3876,.T.);
#3876 = EDGE_LOOP('',(#3877,#3887,#3895,#3903));
#3877 = ORIENTED_EDGE('',*,*,#3878,.T.);
#3878 = EDGE_CURVE('',#3879,#3881,#3883,.T.);
#3879 = VERTEX_POINT('',#3880);
#3880 = CARTESIAN_POINT('',(6.575,0.65,-3.95));
#3881 = VERTEX_POINT('',#3882);
#3882 = CARTESIAN_POINT('',(7.05,0.65,-3.95));
#3883 = LINE('',#3884,#3885);
#3884 = CARTESIAN_POINT('',(6.575,0.65,-3.95));
#3885 = VECTOR('',#3886,1.);
#3886 = DIRECTION('',(1.,0.,6.982962677686E-15));
#3887 = ORIENTED_EDGE('',*,*,#3888,.T.);
#3888 = EDGE_CURVE('',#3881,#3889,#3891,.T.);
#3889 = VERTEX_POINT('',#3890);
#3890 = CARTESIAN_POINT('',(7.05,0.65,-0.55));
#3891 = LINE('',#3892,#3893);
#3892 = CARTESIAN_POINT('',(7.05,0.65,-0.55));
#3893 = VECTOR('',#3894,1.);
#3894 = DIRECTION('',(-6.982962677686E-15,0.,1.));
#3895 = ORIENTED_EDGE('',*,*,#3896,.F.);
#3896 = EDGE_CURVE('',#3897,#3889,#3899,.T.);
#3897 = VERTEX_POINT('',#3898);
#3898 = CARTESIAN_POINT('',(6.575,0.65,-0.55));
#3899 = LINE('',#3900,#3901);
#3900 = CARTESIAN_POINT('',(6.575,0.65,-0.55));
#3901 = VECTOR('',#3902,1.);
#3902 = DIRECTION('',(1.,0.,6.982962677686E-15));
#3903 = ORIENTED_EDGE('',*,*,#3904,.T.);
#3904 = EDGE_CURVE('',#3897,#3879,#3905,.T.);
#3905 = LINE('',#3906,#3907);
#3906 = CARTESIAN_POINT('',(6.575,0.65,-0.55));
#3907 = VECTOR('',#3908,1.);
#3908 = DIRECTION('',(6.982962677686E-15,0.,-1.));
#3909 = PLANE('',#3910);
#3910 = AXIS2_PLACEMENT_3D('',#3911,#3912,#3913);
#3911 = CARTESIAN_POINT('',(6.575,0.65,-0.55));
#3912 = DIRECTION('',(0.,1.,0.));
#3913 = DIRECTION('',(-1.,0.,-1.396592535537E-14));
#3914 = ADVANCED_FACE('',(#3915),#3940,.F.);
#3915 = FACE_BOUND('',#3916,.T.);
#3916 = EDGE_LOOP('',(#3917,#3925,#3933,#3939));
#3917 = ORIENTED_EDGE('',*,*,#3918,.F.);
#3918 = EDGE_CURVE('',#3919,#3198,#3921,.T.);
#3919 = VERTEX_POINT('',#3920);
#3920 = CARTESIAN_POINT('',(7.35,0.65,-0.55));
#3921 = LINE('',#3922,#3923);
#3922 = CARTESIAN_POINT('',(6.575,0.65,-0.55));
#3923 = VECTOR('',#3924,1.);
#3924 = DIRECTION('',(1.,0.,6.982962677686E-15));
#3925 = ORIENTED_EDGE('',*,*,#3926,.T.);
#3926 = EDGE_CURVE('',#3919,#3927,#3929,.T.);
#3927 = VERTEX_POINT('',#3928);
#3928 = CARTESIAN_POINT('',(7.35,0.65,-1.05));
#3929 = LINE('',#3930,#3931);
#3930 = CARTESIAN_POINT('',(7.35,0.65,-1.05));
#3931 = VECTOR('',#3932,1.);
#3932 = DIRECTION('',(6.982962677686E-15,0.,-1.));
#3933 = ORIENTED_EDGE('',*,*,#3934,.T.);
#3934 = EDGE_CURVE('',#3927,#3206,#3935,.T.);
#3935 = LINE('',#3936,#3937);
#3936 = CARTESIAN_POINT('',(7.975,0.65,-1.05));
#3937 = VECTOR('',#3938,1.);
#3938 = DIRECTION('',(1.,0.,8.023796763272E-15));
#3939 = ORIENTED_EDGE('',*,*,#3205,.F.);
#3940 = PLANE('',#3941);
#3941 = AXIS2_PLACEMENT_3D('',#3942,#3943,#3944);
#3942 = CARTESIAN_POINT('',(6.575,0.65,-0.55));
#3943 = DIRECTION('',(0.,1.,0.));
#3944 = DIRECTION('',(-1.,0.,-1.396592535537E-14));
#3945 = ADVANCED_FACE('',(#3946),#3964,.F.);
#3946 = FACE_BOUND('',#3947,.T.);
#3947 = EDGE_LOOP('',(#3948,#3956,#3962,#3963));
#3948 = ORIENTED_EDGE('',*,*,#3949,.T.);
#3949 = EDGE_CURVE('',#3927,#3950,#3952,.T.);
#3950 = VERTEX_POINT('',#3951);
#3951 = CARTESIAN_POINT('',(7.35,6.55,-1.05));
#3952 = LINE('',#3953,#3954);
#3953 = CARTESIAN_POINT('',(7.35,0.15,-1.05));
#3954 = VECTOR('',#3955,1.);
#3955 = DIRECTION('',(0.,1.,0.));
#3956 = ORIENTED_EDGE('',*,*,#3957,.F.);
#3957 = EDGE_CURVE('',#3187,#3950,#3958,.T.);
#3958 = LINE('',#3959,#3960);
#3959 = CARTESIAN_POINT('',(7.35,6.55,-1.05));
#3960 = VECTOR('',#3961,1.);
#3961 = DIRECTION('',(-1.,0.,-8.023796763272E-15));
#3962 = ORIENTED_EDGE('',*,*,#3213,.F.);
#3963 = ORIENTED_EDGE('',*,*,#3934,.F.);
#3964 = PLANE('',#3965);
#3965 = AXIS2_PLACEMENT_3D('',#3966,#3967,#3968);
#3966 = CARTESIAN_POINT('',(7.975,0.15,-1.05));
#3967 = DIRECTION('',(-8.023796763272E-15,0.,1.));
#3968 = DIRECTION('',(-1.,0.,-8.023796763272E-15));
#3969 = ADVANCED_FACE('',(#3970),#3988,.F.);
#3970 = FACE_BOUND('',#3971,.T.);
#3971 = EDGE_LOOP('',(#3972,#3980,#3986,#3987));
#3972 = ORIENTED_EDGE('',*,*,#3973,.T.);
#3973 = EDGE_CURVE('',#3919,#3974,#3976,.T.);
#3974 = VERTEX_POINT('',#3975);
#3975 = CARTESIAN_POINT('',(7.35,6.55,-0.55));
#3976 = LINE('',#3977,#3978);
#3977 = CARTESIAN_POINT('',(7.35,0.15,-0.55));
#3978 = VECTOR('',#3979,1.);
#3979 = DIRECTION('',(0.,1.,0.));
#3980 = ORIENTED_EDGE('',*,*,#3981,.F.);
#3981 = EDGE_CURVE('',#3950,#3974,#3982,.T.);
#3982 = LINE('',#3983,#3984);
#3983 = CARTESIAN_POINT('',(7.35,6.55,-0.55));
#3984 = VECTOR('',#3985,1.);
#3985 = DIRECTION('',(-6.982962677686E-15,0.,1.));
#3986 = ORIENTED_EDGE('',*,*,#3949,.F.);
#3987 = ORIENTED_EDGE('',*,*,#3926,.F.);
#3988 = PLANE('',#3989);
#3989 = AXIS2_PLACEMENT_3D('',#3990,#3991,#3992);
#3990 = CARTESIAN_POINT('',(7.35,0.15,-1.05));
#3991 = DIRECTION('',(1.,0.,6.982962677686E-15));
#3992 = DIRECTION('',(-6.982962677686E-15,0.,1.));
#3993 = ADVANCED_FACE('',(#3994),#4028,.F.);
#3994 = FACE_BOUND('',#3995,.T.);
#3995 = EDGE_LOOP('',(#3996,#4006,#4014,#4022));
#3996 = ORIENTED_EDGE('',*,*,#3997,.T.);
#3997 = EDGE_CURVE('',#3998,#4000,#4002,.T.);
#3998 = VERTEX_POINT('',#3999);
#3999 = CARTESIAN_POINT('',(5.25,0.95,-3.1));
#4000 = VERTEX_POINT('',#4001);
#4001 = CARTESIAN_POINT('',(5.25,2.5,-3.1));
#4002 = LINE('',#4003,#4004);
#4003 = CARTESIAN_POINT('',(5.25,2.141299290659E-15,-3.1));
#4004 = VECTOR('',#4005,1.);
#4005 = DIRECTION('',(0.,1.,0.));
#4006 = ORIENTED_EDGE('',*,*,#4007,.F.);
#4007 = EDGE_CURVE('',#4008,#4000,#4010,.T.);
#4008 = VERTEX_POINT('',#4009);
#4009 = CARTESIAN_POINT('',(4.75,2.5,-3.1));
#4010 = LINE('',#4011,#4012);
#4011 = CARTESIAN_POINT('',(5.25,2.5,-3.1));
#4012 = VECTOR('',#4013,1.);
#4013 = DIRECTION('',(1.,0.,7.41664354668E-15));
#4014 = ORIENTED_EDGE('',*,*,#4015,.F.);
#4015 = EDGE_CURVE('',#4016,#4008,#4018,.T.);
#4016 = VERTEX_POINT('',#4017);
#4017 = CARTESIAN_POINT('',(4.75,0.95,-3.1));
#4018 = LINE('',#4019,#4020);
#4019 = CARTESIAN_POINT('',(4.75,2.141299290659E-15,-3.1));
#4020 = VECTOR('',#4021,1.);
#4021 = DIRECTION('',(0.,1.,0.));
#4022 = ORIENTED_EDGE('',*,*,#4023,.F.);
#4023 = EDGE_CURVE('',#3998,#4016,#4024,.T.);
#4024 = LINE('',#4025,#4026);
#4025 = CARTESIAN_POINT('',(5.25,0.95,-3.1));
#4026 = VECTOR('',#4027,1.);
#4027 = DIRECTION('',(-1.,0.,-7.41664354668E-15));
#4028 = PLANE('',#4029);
#4029 = AXIS2_PLACEMENT_3D('',#4030,#4031,#4032);
#4030 = CARTESIAN_POINT('',(5.25,2.141299290659E-15,-3.1));
#4031 = DIRECTION('',(7.41664354668E-15,-0.,-1.));
#4032 = DIRECTION('',(0.,-1.,0.));
#4033 = ADVANCED_FACE('',(#4034),#4059,.F.);
#4034 = FACE_BOUND('',#4035,.T.);
#4035 = EDGE_LOOP('',(#4036,#4046,#4052,#4053));
#4036 = ORIENTED_EDGE('',*,*,#4037,.T.);
#4037 = EDGE_CURVE('',#4038,#4040,#4042,.T.);
#4038 = VERTEX_POINT('',#4039);
#4039 = CARTESIAN_POINT('',(5.25,0.95,-2.6));
#4040 = VERTEX_POINT('',#4041);
#4041 = CARTESIAN_POINT('',(5.25,2.5,-2.6));
#4042 = LINE('',#4043,#4044);
#4043 = CARTESIAN_POINT('',(5.25,2.141299290659E-15,-2.6));
#4044 = VECTOR('',#4045,1.);
#4045 = DIRECTION('',(0.,1.,0.));
#4046 = ORIENTED_EDGE('',*,*,#4047,.F.);
#4047 = EDGE_CURVE('',#4000,#4040,#4048,.T.);
#4048 = LINE('',#4049,#4050);
#4049 = CARTESIAN_POINT('',(5.25,2.5,-3.1));
#4050 = VECTOR('',#4051,1.);
#4051 = DIRECTION('',(-6.982962677686E-15,0.,1.));
#4052 = ORIENTED_EDGE('',*,*,#3997,.F.);
#4053 = ORIENTED_EDGE('',*,*,#4054,.F.);
#4054 = EDGE_CURVE('',#4038,#3998,#4055,.T.);
#4055 = LINE('',#4056,#4057);
#4056 = CARTESIAN_POINT('',(5.25,0.95,-3.1));
#4057 = VECTOR('',#4058,1.);
#4058 = DIRECTION('',(6.982962677686E-15,0.,-1.));
#4059 = PLANE('',#4060);
#4060 = AXIS2_PLACEMENT_3D('',#4061,#4062,#4063);
#4061 = CARTESIAN_POINT('',(5.25,2.141299290659E-15,-3.1));
#4062 = DIRECTION('',(1.,0.,6.982962677686E-15));
#4063 = DIRECTION('',(-6.982962677686E-15,0.,1.));
#4064 = ADVANCED_FACE('',(#4065),#4090,.F.);
#4065 = FACE_BOUND('',#4066,.T.);
#4066 = EDGE_LOOP('',(#4067,#4077,#4083,#4084));
#4067 = ORIENTED_EDGE('',*,*,#4068,.T.);
#4068 = EDGE_CURVE('',#4069,#4071,#4073,.T.);
#4069 = VERTEX_POINT('',#4070);
#4070 = CARTESIAN_POINT('',(4.75,0.95,-2.6));
#4071 = VERTEX_POINT('',#4072);
#4072 = CARTESIAN_POINT('',(4.75,2.5,-2.6));
#4073 = LINE('',#4074,#4075);
#4074 = CARTESIAN_POINT('',(4.75,2.141299290659E-15,-2.6));
#4075 = VECTOR('',#4076,1.);
#4076 = DIRECTION('',(0.,1.,0.));
#4077 = ORIENTED_EDGE('',*,*,#4078,.F.);
#4078 = EDGE_CURVE('',#4040,#4071,#4079,.T.);
#4079 = LINE('',#4080,#4081);
#4080 = CARTESIAN_POINT('',(5.25,2.5,-2.6));
#4081 = VECTOR('',#4082,1.);
#4082 = DIRECTION('',(-1.,0.,-6.982962677686E-15));
#4083 = ORIENTED_EDGE('',*,*,#4037,.F.);
#4084 = ORIENTED_EDGE('',*,*,#4085,.F.);
#4085 = EDGE_CURVE('',#4069,#4038,#4086,.T.);
#4086 = LINE('',#4087,#4088);
#4087 = CARTESIAN_POINT('',(5.25,0.95,-2.6));
#4088 = VECTOR('',#4089,1.);
#4089 = DIRECTION('',(1.,0.,6.982962677686E-15));
#4090 = PLANE('',#4091);
#4091 = AXIS2_PLACEMENT_3D('',#4092,#4093,#4094);
#4092 = CARTESIAN_POINT('',(5.25,2.141299290659E-15,-2.6));
#4093 = DIRECTION('',(-6.982962677686E-15,0.,1.));
#4094 = DIRECTION('',(-1.,0.,-6.982962677686E-15));
#4095 = ADVANCED_FACE('',(#4096),#4112,.F.);
#4096 = FACE_BOUND('',#4097,.T.);
#4097 = EDGE_LOOP('',(#4098,#4099,#4105,#4106));
#4098 = ORIENTED_EDGE('',*,*,#4015,.T.);
#4099 = ORIENTED_EDGE('',*,*,#4100,.F.);
#4100 = EDGE_CURVE('',#4071,#4008,#4101,.T.);
#4101 = LINE('',#4102,#4103);
#4102 = CARTESIAN_POINT('',(4.75,2.5,-3.1));
#4103 = VECTOR('',#4104,1.);
#4104 = DIRECTION('',(6.982962677686E-15,0.,-1.));
#4105 = ORIENTED_EDGE('',*,*,#4068,.F.);
#4106 = ORIENTED_EDGE('',*,*,#4107,.F.);
#4107 = EDGE_CURVE('',#4016,#4069,#4108,.T.);
#4108 = LINE('',#4109,#4110);
#4109 = CARTESIAN_POINT('',(4.75,0.95,-3.1));
#4110 = VECTOR('',#4111,1.);
#4111 = DIRECTION('',(-6.982962677686E-15,0.,1.));
#4112 = PLANE('',#4113);
#4113 = AXIS2_PLACEMENT_3D('',#4114,#4115,#4116);
#4114 = CARTESIAN_POINT('',(4.75,2.141299290659E-15,-3.1));
#4115 = DIRECTION('',(-1.,0.,-6.982962677686E-15));
#4116 = DIRECTION('',(-6.982962677686E-15,0.,1.));
#4117 = ADVANCED_FACE('',(#4118),#4193,.F.);
#4118 = FACE_BOUND('',#4119,.T.);
#4119 = EDGE_LOOP('',(#4120,#4128,#4136,#4144,#4153,#4161,#4170,#4178,
    #4186,#4192));
#4120 = ORIENTED_EDGE('',*,*,#4121,.T.);
#4121 = EDGE_CURVE('',#3881,#4122,#4124,.T.);
#4122 = VERTEX_POINT('',#4123);
#4123 = CARTESIAN_POINT('',(7.05,6.55,-3.95));
#4124 = LINE('',#4125,#4126);
#4125 = CARTESIAN_POINT('',(7.05,0.15,-3.95));
#4126 = VECTOR('',#4127,1.);
#4127 = DIRECTION('',(0.,1.,0.));
#4128 = ORIENTED_EDGE('',*,*,#4129,.F.);
#4129 = EDGE_CURVE('',#4130,#4122,#4132,.T.);
#4130 = VERTEX_POINT('',#4131);
#4131 = CARTESIAN_POINT('',(7.05,6.55,-3.1));
#4132 = LINE('',#4133,#4134);
#4133 = CARTESIAN_POINT('',(7.05,6.55,-3.95));
#4134 = VECTOR('',#4135,1.);
#4135 = DIRECTION('',(6.982962677686E-15,0.,-1.));
#4136 = ORIENTED_EDGE('',*,*,#4137,.T.);
#4137 = EDGE_CURVE('',#4130,#4138,#4140,.T.);
#4138 = VERTEX_POINT('',#4139);
#4139 = CARTESIAN_POINT('',(7.05,5.15,-3.1));
#4140 = LINE('',#4141,#4142);
#4141 = CARTESIAN_POINT('',(7.05,6.75,-3.1));
#4142 = VECTOR('',#4143,1.);
#4143 = DIRECTION('',(-9.463679131916E-31,-1.,1.355252715607E-16));
#4144 = ORIENTED_EDGE('',*,*,#4145,.T.);
#4145 = EDGE_CURVE('',#4138,#4146,#4148,.T.);
#4146 = VERTEX_POINT('',#4147);
#4147 = CARTESIAN_POINT('',(7.05,4.85,-2.8));
#4148 = CIRCLE('',#4149,0.3);
#4149 = AXIS2_PLACEMENT_3D('',#4150,#4151,#4152);
#4150 = CARTESIAN_POINT('',(7.05,5.15,-2.8));
#4151 = DIRECTION('',(-1.,0.,-8.183513768783E-15));
#4152 = DIRECTION('',(-8.183513768783E-15,0.,1.));
#4153 = ORIENTED_EDGE('',*,*,#4154,.T.);
#4154 = EDGE_CURVE('',#4146,#4155,#4157,.T.);
#4155 = VERTEX_POINT('',#4156);
#4156 = CARTESIAN_POINT('',(7.05,4.85,-2.6));
#4157 = LINE('',#4158,#4159);
#4158 = CARTESIAN_POINT('',(7.05,4.85,-2.8));
#4159 = VECTOR('',#4160,1.);
#4160 = DIRECTION('',(-6.982962677686E-15,0.,1.));
#4161 = ORIENTED_EDGE('',*,*,#4162,.T.);
#4162 = EDGE_CURVE('',#4155,#4163,#4165,.T.);
#4163 = VERTEX_POINT('',#4164);
#4164 = CARTESIAN_POINT('',(7.05,5.15,-2.3));
#4165 = CIRCLE('',#4166,0.3);
#4166 = AXIS2_PLACEMENT_3D('',#4167,#4168,#4169);
#4167 = CARTESIAN_POINT('',(7.05,5.15,-2.6));
#4168 = DIRECTION('',(-1.,0.,-8.183513768783E-15));
#4169 = DIRECTION('',(-8.183513768783E-15,0.,1.));
#4170 = ORIENTED_EDGE('',*,*,#4171,.T.);
#4171 = EDGE_CURVE('',#4163,#4172,#4174,.T.);
#4172 = VERTEX_POINT('',#4173);
#4173 = CARTESIAN_POINT('',(7.05,6.55,-2.3));
#4174 = LINE('',#4175,#4176);
#4175 = CARTESIAN_POINT('',(7.05,6.75,-2.3));
#4176 = VECTOR('',#4177,1.);
#4177 = DIRECTION('',(8.576459213299E-31,1.,-1.228197773519E-16));
#4178 = ORIENTED_EDGE('',*,*,#4179,.F.);
#4179 = EDGE_CURVE('',#4180,#4172,#4182,.T.);
#4180 = VERTEX_POINT('',#4181);
#4181 = CARTESIAN_POINT('',(7.05,6.55,-0.55));
#4182 = LINE('',#4183,#4184);
#4183 = CARTESIAN_POINT('',(7.05,6.55,-3.95));
#4184 = VECTOR('',#4185,1.);
#4185 = DIRECTION('',(6.982962677686E-15,0.,-1.));
#4186 = ORIENTED_EDGE('',*,*,#4187,.F.);
#4187 = EDGE_CURVE('',#3889,#4180,#4188,.T.);
#4188 = LINE('',#4189,#4190);
#4189 = CARTESIAN_POINT('',(7.05,0.15,-0.55));
#4190 = VECTOR('',#4191,1.);
#4191 = DIRECTION('',(0.,1.,0.));
#4192 = ORIENTED_EDGE('',*,*,#3888,.F.);
#4193 = PLANE('',#4194);
#4194 = AXIS2_PLACEMENT_3D('',#4195,#4196,#4197);
#4195 = CARTESIAN_POINT('',(7.05,0.15,-0.55));
#4196 = DIRECTION('',(-1.,0.,-6.982962677686E-15));
#4197 = DIRECTION('',(-6.982962677686E-15,0.,1.));
#4198 = ADVANCED_FACE('',(#4199),#4233,.F.);
#4199 = FACE_BOUND('',#4200,.T.);
#4200 = EDGE_LOOP('',(#4201,#4211,#4219,#4227));
#4201 = ORIENTED_EDGE('',*,*,#4202,.T.);
#4202 = EDGE_CURVE('',#4203,#4205,#4207,.T.);
#4203 = VERTEX_POINT('',#4204);
#4204 = CARTESIAN_POINT('',(7.35,0.65,-3.45));
#4205 = VERTEX_POINT('',#4206);
#4206 = CARTESIAN_POINT('',(7.35,6.55,-3.45));
#4207 = LINE('',#4208,#4209);
#4208 = CARTESIAN_POINT('',(7.35,0.15,-3.45));
#4209 = VECTOR('',#4210,1.);
#4210 = DIRECTION('',(0.,1.,0.));
#4211 = ORIENTED_EDGE('',*,*,#4212,.F.);
#4212 = EDGE_CURVE('',#4213,#4205,#4215,.T.);
#4213 = VERTEX_POINT('',#4214);
#4214 = CARTESIAN_POINT('',(7.35,6.55,-3.95));
#4215 = LINE('',#4216,#4217);
#4216 = CARTESIAN_POINT('',(7.35,6.55,-3.45));
#4217 = VECTOR('',#4218,1.);
#4218 = DIRECTION('',(-6.982962677686E-15,0.,1.));
#4219 = ORIENTED_EDGE('',*,*,#4220,.F.);
#4220 = EDGE_CURVE('',#4221,#4213,#4223,.T.);
#4221 = VERTEX_POINT('',#4222);
#4222 = CARTESIAN_POINT('',(7.35,0.65,-3.95));
#4223 = LINE('',#4224,#4225);
#4224 = CARTESIAN_POINT('',(7.35,0.15,-3.95));
#4225 = VECTOR('',#4226,1.);
#4226 = DIRECTION('',(0.,1.,0.));
#4227 = ORIENTED_EDGE('',*,*,#4228,.F.);
#4228 = EDGE_CURVE('',#4203,#4221,#4229,.T.);
#4229 = LINE('',#4230,#4231);
#4230 = CARTESIAN_POINT('',(7.35,0.65,-3.45));
#4231 = VECTOR('',#4232,1.);
#4232 = DIRECTION('',(6.982962677686E-15,0.,-1.));
#4233 = PLANE('',#4234);
#4234 = AXIS2_PLACEMENT_3D('',#4235,#4236,#4237);
#4235 = CARTESIAN_POINT('',(7.35,0.15,-3.45));
#4236 = DIRECTION('',(1.,0.,6.982962677686E-15));
#4237 = DIRECTION('',(-6.982962677686E-15,0.,1.));
#4238 = ADVANCED_FACE('',(#4239),#4264,.F.);
#4239 = FACE_BOUND('',#4240,.T.);
#4240 = EDGE_LOOP('',(#4241,#4251,#4257,#4258));
#4241 = ORIENTED_EDGE('',*,*,#4242,.T.);
#4242 = EDGE_CURVE('',#4243,#4245,#4247,.T.);
#4243 = VERTEX_POINT('',#4244);
#4244 = CARTESIAN_POINT('',(7.975,0.65,-3.45));
#4245 = VERTEX_POINT('',#4246);
#4246 = CARTESIAN_POINT('',(7.975,6.55,-3.45));
#4247 = LINE('',#4248,#4249);
#4248 = CARTESIAN_POINT('',(7.975,0.15,-3.45));
#4249 = VECTOR('',#4250,1.);
#4250 = DIRECTION('',(0.,1.,0.));
#4251 = ORIENTED_EDGE('',*,*,#4252,.F.);
#4252 = EDGE_CURVE('',#4205,#4245,#4253,.T.);
#4253 = LINE('',#4254,#4255);
#4254 = CARTESIAN_POINT('',(7.975,6.55,-3.45));
#4255 = VECTOR('',#4256,1.);
#4256 = DIRECTION('',(1.,0.,6.636017982491E-15));
#4257 = ORIENTED_EDGE('',*,*,#4202,.F.);
#4258 = ORIENTED_EDGE('',*,*,#4259,.F.);
#4259 = EDGE_CURVE('',#4243,#4203,#4260,.T.);
#4260 = LINE('',#4261,#4262);
#4261 = CARTESIAN_POINT('',(7.975,0.65,-3.45));
#4262 = VECTOR('',#4263,1.);
#4263 = DIRECTION('',(-1.,0.,-6.636017982491E-15));
#4264 = PLANE('',#4265);
#4265 = AXIS2_PLACEMENT_3D('',#4266,#4267,#4268);
#4266 = CARTESIAN_POINT('',(7.975,0.15,-3.45));
#4267 = DIRECTION('',(6.636017982491E-15,-0.,-1.));
#4268 = DIRECTION('',(0.,-1.,0.));
#4269 = ADVANCED_FACE('',(#4270),#4288,.F.);
#4270 = FACE_BOUND('',#4271,.T.);
#4271 = EDGE_LOOP('',(#4272,#4280,#4281,#4282));
#4272 = ORIENTED_EDGE('',*,*,#4273,.F.);
#4273 = EDGE_CURVE('',#4243,#4274,#4276,.T.);
#4274 = VERTEX_POINT('',#4275);
#4275 = CARTESIAN_POINT('',(7.975,0.65,-3.95));
#4276 = LINE('',#4277,#4278);
#4277 = CARTESIAN_POINT('',(7.975,0.65,-0.55));
#4278 = VECTOR('',#4279,1.);
#4279 = DIRECTION('',(6.982962677686E-15,0.,-1.));
#4280 = ORIENTED_EDGE('',*,*,#4259,.T.);
#4281 = ORIENTED_EDGE('',*,*,#4228,.T.);
#4282 = ORIENTED_EDGE('',*,*,#4283,.T.);
#4283 = EDGE_CURVE('',#4221,#4274,#4284,.T.);
#4284 = LINE('',#4285,#4286);
#4285 = CARTESIAN_POINT('',(6.575,0.65,-3.95));
#4286 = VECTOR('',#4287,1.);
#4287 = DIRECTION('',(1.,0.,6.982962677686E-15));
#4288 = PLANE('',#4289);
#4289 = AXIS2_PLACEMENT_3D('',#4290,#4291,#4292);
#4290 = CARTESIAN_POINT('',(6.575,0.65,-0.55));
#4291 = DIRECTION('',(0.,1.,0.));
#4292 = DIRECTION('',(-1.,0.,-1.396592535537E-14));
#4293 = ADVANCED_FACE('',(#4294,#4300),#4334,.F.);
#4294 = FACE_BOUND('',#4295,.T.);
#4295 = EDGE_LOOP('',(#4296,#4297,#4298,#4299));
#4296 = ORIENTED_EDGE('',*,*,#4107,.T.);
#4297 = ORIENTED_EDGE('',*,*,#4085,.T.);
#4298 = ORIENTED_EDGE('',*,*,#4054,.T.);
#4299 = ORIENTED_EDGE('',*,*,#4023,.T.);
#4300 = FACE_BOUND('',#4301,.T.);
#4301 = EDGE_LOOP('',(#4302,#4312,#4320,#4328));
#4302 = ORIENTED_EDGE('',*,*,#4303,.F.);
#4303 = EDGE_CURVE('',#4304,#4306,#4308,.T.);
#4304 = VERTEX_POINT('',#4305);
#4305 = CARTESIAN_POINT('',(5.35,0.95,-2.35));
#4306 = VERTEX_POINT('',#4307);
#4307 = CARTESIAN_POINT('',(5.35,0.95,-3.85));
#4308 = LINE('',#4309,#4310);
#4309 = CARTESIAN_POINT('',(5.35,0.95,-3.85));
#4310 = VECTOR('',#4311,1.);
#4311 = DIRECTION('',(6.982962677686E-15,0.,-1.));
#4312 = ORIENTED_EDGE('',*,*,#4313,.F.);
#4313 = EDGE_CURVE('',#4314,#4304,#4316,.T.);
#4314 = VERTEX_POINT('',#4315);
#4315 = CARTESIAN_POINT('',(4.65,0.95,-2.35));
#4316 = LINE('',#4317,#4318);
#4317 = CARTESIAN_POINT('',(4.65,0.95,-2.35));
#4318 = VECTOR('',#4319,1.);
#4319 = DIRECTION('',(1.,0.,6.982962677686E-15));
#4320 = ORIENTED_EDGE('',*,*,#4321,.T.);
#4321 = EDGE_CURVE('',#4314,#4322,#4324,.T.);
#4322 = VERTEX_POINT('',#4323);
#4323 = CARTESIAN_POINT('',(4.65,0.95,-3.85));
#4324 = LINE('',#4325,#4326);
#4325 = CARTESIAN_POINT('',(4.65,0.95,-3.85));
#4326 = VECTOR('',#4327,1.);
#4327 = DIRECTION('',(6.982962677686E-15,0.,-1.));
#4328 = ORIENTED_EDGE('',*,*,#4329,.T.);
#4329 = EDGE_CURVE('',#4322,#4306,#4330,.T.);
#4330 = LINE('',#4331,#4332);
#4331 = CARTESIAN_POINT('',(4.65,0.95,-3.85));
#4332 = VECTOR('',#4333,1.);
#4333 = DIRECTION('',(1.,0.,6.982962677686E-15));
#4334 = PLANE('',#4335);
#4335 = AXIS2_PLACEMENT_3D('',#4336,#4337,#4338);
#4336 = CARTESIAN_POINT('',(4.65,0.95,-3.85));
#4337 = DIRECTION('',(0.,1.,0.));
#4338 = DIRECTION('',(-1.,0.,-1.396592535537E-14));
#4339 = ADVANCED_FACE('',(#4340),#4365,.F.);
#4340 = FACE_BOUND('',#4341,.T.);
#4341 = EDGE_LOOP('',(#4342,#4350,#4358,#4364));
#4342 = ORIENTED_EDGE('',*,*,#4343,.F.);
#4343 = EDGE_CURVE('',#4344,#4304,#4346,.T.);
#4344 = VERTEX_POINT('',#4345);
#4345 = CARTESIAN_POINT('',(5.35,1.4,-1.9));
#4346 = LINE('',#4347,#4348);
#4347 = CARTESIAN_POINT('',(5.35,0.95,-2.35));
#4348 = VECTOR('',#4349,1.);
#4349 = DIRECTION('',(4.937700262165E-15,-0.707106781187,-0.707106781187
    ));
#4350 = ORIENTED_EDGE('',*,*,#4351,.F.);
#4351 = EDGE_CURVE('',#4352,#4344,#4354,.T.);
#4352 = VERTEX_POINT('',#4353);
#4353 = CARTESIAN_POINT('',(4.65,1.4,-1.9));
#4354 = LINE('',#4355,#4356);
#4355 = CARTESIAN_POINT('',(4.65,1.4,-1.9));
#4356 = VECTOR('',#4357,1.);
#4357 = DIRECTION('',(1.,0.,6.982962677686E-15));
#4358 = ORIENTED_EDGE('',*,*,#4359,.T.);
#4359 = EDGE_CURVE('',#4352,#4314,#4360,.T.);
#4360 = LINE('',#4361,#4362);
#4361 = CARTESIAN_POINT('',(4.65,0.95,-2.35));
#4362 = VECTOR('',#4363,1.);
#4363 = DIRECTION('',(4.937700262165E-15,-0.707106781187,-0.707106781187
    ));
#4364 = ORIENTED_EDGE('',*,*,#4313,.T.);
#4365 = PLANE('',#4366);
#4366 = AXIS2_PLACEMENT_3D('',#4367,#4368,#4369);
#4367 = CARTESIAN_POINT('',(4.65,0.95,-2.35));
#4368 = DIRECTION('',(4.937700262165E-15,0.707106781187,-0.707106781187)
  );
#4369 = DIRECTION('',(1.,3.944304526105E-31,6.982962677686E-15));
#4370 = ADVANCED_FACE('',(#4371),#4397,.F.);
#4371 = FACE_BOUND('',#4372,.F.);
#4372 = EDGE_LOOP('',(#4373,#4374,#4382,#4391));
#4373 = ORIENTED_EDGE('',*,*,#4162,.T.);
#4374 = ORIENTED_EDGE('',*,*,#4375,.F.);
#4375 = EDGE_CURVE('',#4376,#4163,#4378,.T.);
#4376 = VERTEX_POINT('',#4377);
#4377 = CARTESIAN_POINT('',(6.3,5.15,-2.3));
#4378 = LINE('',#4379,#4380);
#4379 = CARTESIAN_POINT('',(-7.975,5.15,-2.3));
#4380 = VECTOR('',#4381,1.);
#4381 = DIRECTION('',(1.,0.,6.982962677686E-15));
#4382 = ORIENTED_EDGE('',*,*,#4383,.F.);
#4383 = EDGE_CURVE('',#4384,#4376,#4386,.T.);
#4384 = VERTEX_POINT('',#4385);
#4385 = CARTESIAN_POINT('',(6.3,4.85,-2.6));
#4386 = CIRCLE('',#4387,0.3);
#4387 = AXIS2_PLACEMENT_3D('',#4388,#4389,#4390);
#4388 = CARTESIAN_POINT('',(6.3,5.15,-2.6));
#4389 = DIRECTION('',(-1.,0.,-8.183513768783E-15));
#4390 = DIRECTION('',(-8.183513768783E-15,0.,1.));
#4391 = ORIENTED_EDGE('',*,*,#4392,.T.);
#4392 = EDGE_CURVE('',#4384,#4155,#4393,.T.);
#4393 = LINE('',#4394,#4395);
#4394 = CARTESIAN_POINT('',(-7.975,4.85,-2.6));
#4395 = VECTOR('',#4396,1.);
#4396 = DIRECTION('',(1.,0.,6.982962677686E-15));
#4397 = CYLINDRICAL_SURFACE('',#4398,0.3);
#4398 = AXIS2_PLACEMENT_3D('',#4399,#4400,#4401);
#4399 = CARTESIAN_POINT('',(-7.975,5.15,-2.6));
#4400 = DIRECTION('',(1.,0.,8.183513768783E-15));
#4401 = DIRECTION('',(-8.183513768783E-15,0.,1.));
#4402 = ADVANCED_FACE('',(#4403),#4421,.F.);
#4403 = FACE_BOUND('',#4404,.T.);
#4404 = EDGE_LOOP('',(#4405,#4413,#4419,#4420));
#4405 = ORIENTED_EDGE('',*,*,#4406,.F.);
#4406 = EDGE_CURVE('',#4407,#4146,#4409,.T.);
#4407 = VERTEX_POINT('',#4408);
#4408 = CARTESIAN_POINT('',(6.3,4.85,-2.8));
#4409 = LINE('',#4410,#4411);
#4410 = CARTESIAN_POINT('',(-7.975,4.85,-2.8));
#4411 = VECTOR('',#4412,1.);
#4412 = DIRECTION('',(1.,0.,6.982962677686E-15));
#4413 = ORIENTED_EDGE('',*,*,#4414,.T.);
#4414 = EDGE_CURVE('',#4407,#4384,#4415,.T.);
#4415 = LINE('',#4416,#4417);
#4416 = CARTESIAN_POINT('',(6.3,4.85,-0.45));
#4417 = VECTOR('',#4418,1.);
#4418 = DIRECTION('',(-6.982962677686E-15,0.,1.));
#4419 = ORIENTED_EDGE('',*,*,#4392,.T.);
#4420 = ORIENTED_EDGE('',*,*,#4154,.F.);
#4421 = PLANE('',#4422);
#4422 = AXIS2_PLACEMENT_3D('',#4423,#4424,#4425);
#4423 = CARTESIAN_POINT('',(-7.975,4.85,-2.8));
#4424 = DIRECTION('',(0.,-1.,0.));
#4425 = DIRECTION('',(1.396592535537E-14,0.,-1.));
#4426 = ADVANCED_FACE('',(#4427),#4446,.F.);
#4427 = FACE_BOUND('',#4428,.F.);
#4428 = EDGE_LOOP('',(#4429,#4430,#4431,#4440));
#4429 = ORIENTED_EDGE('',*,*,#4145,.T.);
#4430 = ORIENTED_EDGE('',*,*,#4406,.F.);
#4431 = ORIENTED_EDGE('',*,*,#4432,.F.);
#4432 = EDGE_CURVE('',#4433,#4407,#4435,.T.);
#4433 = VERTEX_POINT('',#4434);
#4434 = CARTESIAN_POINT('',(6.3,5.15,-3.1));
#4435 = CIRCLE('',#4436,0.3);
#4436 = AXIS2_PLACEMENT_3D('',#4437,#4438,#4439);
#4437 = CARTESIAN_POINT('',(6.3,5.15,-2.8));
#4438 = DIRECTION('',(-1.,0.,-8.183513768783E-15));
#4439 = DIRECTION('',(-8.183513768783E-15,0.,1.));
#4440 = ORIENTED_EDGE('',*,*,#4441,.T.);
#4441 = EDGE_CURVE('',#4433,#4138,#4442,.T.);
#4442 = LINE('',#4443,#4444);
#4443 = CARTESIAN_POINT('',(-7.975,5.15,-3.1));
#4444 = VECTOR('',#4445,1.);
#4445 = DIRECTION('',(1.,0.,6.982962677686E-15));
#4446 = CYLINDRICAL_SURFACE('',#4447,0.3);
#4447 = AXIS2_PLACEMENT_3D('',#4448,#4449,#4450);
#4448 = CARTESIAN_POINT('',(-7.975,5.15,-2.8));
#4449 = DIRECTION('',(1.,0.,8.183513768783E-15));
#4450 = DIRECTION('',(-8.183513768783E-15,0.,1.));
#4451 = ADVANCED_FACE('',(#4452),#4477,.T.);
#4452 = FACE_BOUND('',#4453,.T.);
#4453 = EDGE_LOOP('',(#4454,#4455,#4463,#4471));
#4454 = ORIENTED_EDGE('',*,*,#1317,.F.);
#4455 = ORIENTED_EDGE('',*,*,#4456,.F.);
#4456 = EDGE_CURVE('',#4457,#1310,#4459,.T.);
#4457 = VERTEX_POINT('',#4458);
#4458 = CARTESIAN_POINT('',(5.758043912834,2.5,-4.08));
#4459 = LINE('',#4460,#4461);
#4460 = CARTESIAN_POINT('',(5.867739110464,0.931285588734,-4.08));
#4461 = VECTOR('',#4462,1.);
#4462 = DIRECTION('',(6.975647374413E-02,-0.99756405026,
    4.719808286066E-16));
#4463 = ORIENTED_EDGE('',*,*,#4464,.T.);
#4464 = EDGE_CURVE('',#4457,#4465,#4467,.T.);
#4465 = VERTEX_POINT('',#4466);
#4466 = CARTESIAN_POINT('',(5.758043912834,2.5,-2.3));
#4467 = LINE('',#4468,#4469);
#4468 = CARTESIAN_POINT('',(5.758043912834,2.5,-2.25));
#4469 = VECTOR('',#4470,1.);
#4470 = DIRECTION('',(-6.982962677686E-15,0.,1.));
#4471 = ORIENTED_EDGE('',*,*,#4472,.F.);
#4472 = EDGE_CURVE('',#1318,#4465,#4473,.T.);
#4473 = LINE('',#4474,#4475);
#4474 = CARTESIAN_POINT('',(5.702405319133,3.295668959502,
    -3.095668959502));
#4475 = VECTOR('',#4476,1.);
#4476 = DIRECTION('',(-4.938538910366E-02,0.706243967529,-0.706243967529
    ));
#4477 = PLANE('',#4478);
#4478 = AXIS2_PLACEMENT_3D('',#4479,#4480,#4481);
#4479 = CARTESIAN_POINT('',(5.8,1.9,-4.4981624039));
#4480 = DIRECTION('',(0.99756405026,6.975647374413E-02,
    6.965952531566E-15));
#4481 = DIRECTION('',(-6.982962677686E-15,-9.860761315263E-32,1.));
#4482 = ADVANCED_FACE('',(#4483),#4501,.F.);
#4483 = FACE_BOUND('',#4484,.T.);
#4484 = EDGE_LOOP('',(#4485,#4493,#4499,#4500));
#4485 = ORIENTED_EDGE('',*,*,#4486,.F.);
#4486 = EDGE_CURVE('',#4487,#4465,#4489,.T.);
#4487 = VERTEX_POINT('',#4488);
#4488 = CARTESIAN_POINT('',(4.241956087166,2.5,-2.3));
#4489 = LINE('',#4490,#4491);
#4490 = CARTESIAN_POINT('',(-6.,2.5,-2.3));
#4491 = VECTOR('',#4492,1.);
#4492 = DIRECTION('',(1.,0.,6.982962677686E-15));
#4493 = ORIENTED_EDGE('',*,*,#4494,.T.);
#4494 = EDGE_CURVE('',#4487,#1326,#4495,.T.);
#4495 = LINE('',#4496,#4497);
#4496 = CARTESIAN_POINT('',(4.297594680866,3.295668959502,
    -3.095668959502));
#4497 = VECTOR('',#4498,1.);
#4498 = DIRECTION('',(-4.938538910367E-02,-0.706243967529,0.706243967529
    ));
#4499 = ORIENTED_EDGE('',*,*,#1325,.F.);
#4500 = ORIENTED_EDGE('',*,*,#4472,.T.);
#4501 = PLANE('',#4502);
#4502 = AXIS2_PLACEMENT_3D('',#4503,#4504,#4505);
#4503 = CARTESIAN_POINT('',(-6.,1.9,-1.7));
#4504 = DIRECTION('',(4.937700262165E-15,-0.707106781187,-0.707106781187
    ));
#4505 = DIRECTION('',(9.875400524329E-15,0.707106781187,-0.707106781187)
  );
#4506 = ADVANCED_FACE('',(#4507),#4532,.T.);
#4507 = FACE_BOUND('',#4508,.T.);
#4508 = EDGE_LOOP('',(#4509,#4510,#4516,#4517,#4525,#4531));
#4509 = ORIENTED_EDGE('',*,*,#1309,.T.);
#4510 = ORIENTED_EDGE('',*,*,#4511,.T.);
#4511 = EDGE_CURVE('',#1302,#1691,#4512,.T.);
#4512 = LINE('',#4513,#4514);
#4513 = CARTESIAN_POINT('',(6.3,0.15,-4.08));
#4514 = VECTOR('',#4515,1.);
#4515 = DIRECTION('',(-0.,-1.,0.));
#4516 = ORIENTED_EDGE('',*,*,#1690,.T.);
#4517 = ORIENTED_EDGE('',*,*,#4518,.T.);
#4518 = EDGE_CURVE('',#1683,#4519,#4521,.T.);
#4519 = VERTEX_POINT('',#4520);
#4520 = CARTESIAN_POINT('',(5.3,2.5,-4.08));
#4521 = LINE('',#4522,#4523);
#4522 = CARTESIAN_POINT('',(5.3,0.15,-4.08));
#4523 = VECTOR('',#4524,1.);
#4524 = DIRECTION('',(0.,1.,0.));
#4525 = ORIENTED_EDGE('',*,*,#4526,.T.);
#4526 = EDGE_CURVE('',#4519,#4457,#4527,.T.);
#4527 = LINE('',#4528,#4529);
#4528 = CARTESIAN_POINT('',(5.3,2.5,-4.08));
#4529 = VECTOR('',#4530,1.);
#4530 = DIRECTION('',(1.,0.,6.766122243189E-15));
#4531 = ORIENTED_EDGE('',*,*,#4456,.T.);
#4532 = PLANE('',#4533);
#4533 = AXIS2_PLACEMENT_3D('',#4534,#4535,#4536);
#4534 = CARTESIAN_POINT('',(-5.3,0.891585402724,-4.08));
#4535 = DIRECTION('',(7.199803112183E-15,-0.,-1.));
#4536 = DIRECTION('',(0.,-1.,0.));
#4537 = ADVANCED_FACE('',(#4538),#4563,.F.);
#4538 = FACE_BOUND('',#4539,.T.);
#4539 = EDGE_LOOP('',(#4540,#4541,#4547,#4548,#4549,#4555,#4556,#4562));
#4540 = ORIENTED_EDGE('',*,*,#4220,.T.);
#4541 = ORIENTED_EDGE('',*,*,#4542,.F.);
#4542 = EDGE_CURVE('',#4122,#4213,#4543,.T.);
#4543 = LINE('',#4544,#4545);
#4544 = CARTESIAN_POINT('',(7.35,6.55,-3.95));
#4545 = VECTOR('',#4546,1.);
#4546 = DIRECTION('',(1.,0.,6.982962677686E-15));
#4547 = ORIENTED_EDGE('',*,*,#4121,.F.);
#4548 = ORIENTED_EDGE('',*,*,#3878,.F.);
#4549 = ORIENTED_EDGE('',*,*,#4550,.T.);
#4550 = EDGE_CURVE('',#3879,#1714,#4551,.T.);
#4551 = LINE('',#4552,#4553);
#4552 = CARTESIAN_POINT('',(6.575,-0.35,-3.95));
#4553 = VECTOR('',#4554,1.);
#4554 = DIRECTION('',(-0.,-1.,0.));
#4555 = ORIENTED_EDGE('',*,*,#1713,.T.);
#4556 = ORIENTED_EDGE('',*,*,#4557,.F.);
#4557 = EDGE_CURVE('',#4274,#1706,#4558,.T.);
#4558 = LINE('',#4559,#4560);
#4559 = CARTESIAN_POINT('',(7.975,-0.35,-3.95));
#4560 = VECTOR('',#4561,1.);
#4561 = DIRECTION('',(-0.,-1.,0.));
#4562 = ORIENTED_EDGE('',*,*,#4283,.F.);
#4563 = PLANE('',#4564);
#4564 = AXIS2_PLACEMENT_3D('',#4565,#4566,#4567);
#4565 = CARTESIAN_POINT('',(7.35,0.15,-3.95));
#4566 = DIRECTION('',(6.982962677686E-15,-0.,-1.));
#4567 = DIRECTION('',(0.,-1.,0.));
#4568 = ADVANCED_FACE('',(#4569),#4580,.T.);
#4569 = FACE_BOUND('',#4570,.T.);
#4570 = EDGE_LOOP('',(#4571,#4572,#4573,#4574));
#4571 = ORIENTED_EDGE('',*,*,#1721,.F.);
#4572 = ORIENTED_EDGE('',*,*,#4550,.F.);
#4573 = ORIENTED_EDGE('',*,*,#3904,.F.);
#4574 = ORIENTED_EDGE('',*,*,#4575,.F.);
#4575 = EDGE_CURVE('',#1722,#3897,#4576,.T.);
#4576 = LINE('',#4577,#4578);
#4577 = CARTESIAN_POINT('',(6.575,-0.35,-0.55));
#4578 = VECTOR('',#4579,1.);
#4579 = DIRECTION('',(0.,1.,0.));
#4580 = PLANE('',#4581);
#4581 = AXIS2_PLACEMENT_3D('',#4582,#4583,#4584);
#4582 = CARTESIAN_POINT('',(6.575,0.15,-2.25));
#4583 = DIRECTION('',(1.,0.,6.982962677686E-15));
#4584 = DIRECTION('',(-6.982962677686E-15,0.,1.));
#4585 = ADVANCED_FACE('',(#4586),#4601,.F.);
#4586 = FACE_BOUND('',#4587,.T.);
#4587 = EDGE_LOOP('',(#4588,#4589,#4595,#4596,#4597,#4598,#4599,#4600));
#4588 = ORIENTED_EDGE('',*,*,#4187,.T.);
#4589 = ORIENTED_EDGE('',*,*,#4590,.F.);
#4590 = EDGE_CURVE('',#3974,#4180,#4591,.T.);
#4591 = LINE('',#4592,#4593);
#4592 = CARTESIAN_POINT('',(7.05,6.55,-0.55));
#4593 = VECTOR('',#4594,1.);
#4594 = DIRECTION('',(-1.,0.,-6.982962677686E-15));
#4595 = ORIENTED_EDGE('',*,*,#3973,.F.);
#4596 = ORIENTED_EDGE('',*,*,#3918,.T.);
#4597 = ORIENTED_EDGE('',*,*,#3197,.F.);
#4598 = ORIENTED_EDGE('',*,*,#1729,.T.);
#4599 = ORIENTED_EDGE('',*,*,#4575,.T.);
#4600 = ORIENTED_EDGE('',*,*,#3896,.T.);
#4601 = PLANE('',#4602);
#4602 = AXIS2_PLACEMENT_3D('',#4603,#4604,#4605);
#4603 = CARTESIAN_POINT('',(7.35,0.15,-0.55));
#4604 = DIRECTION('',(-6.982962677686E-15,0.,1.));
#4605 = DIRECTION('',(-1.,0.,-6.982962677686E-15));
#4606 = ADVANCED_FACE('',(#4607),#4632,.F.);
#4607 = FACE_BOUND('',#4608,.T.);
#4608 = EDGE_LOOP('',(#4609,#4617,#4618,#4626));
#4609 = ORIENTED_EDGE('',*,*,#4610,.F.);
#4610 = EDGE_CURVE('',#1762,#4611,#4613,.T.);
#4611 = VERTEX_POINT('',#4612);
#4612 = CARTESIAN_POINT('',(5.35,0.45,-0.55));
#4613 = LINE('',#4614,#4615);
#4614 = CARTESIAN_POINT('',(5.35,0.15,-0.55));
#4615 = VECTOR('',#4616,1.);
#4616 = DIRECTION('',(0.,1.,0.));
#4617 = ORIENTED_EDGE('',*,*,#1761,.T.);
#4618 = ORIENTED_EDGE('',*,*,#4619,.F.);
#4619 = EDGE_CURVE('',#4620,#1754,#4622,.T.);
#4620 = VERTEX_POINT('',#4621);
#4621 = CARTESIAN_POINT('',(6.,0.45,-0.55));
#4622 = LINE('',#4623,#4624);
#4623 = CARTESIAN_POINT('',(6.,0.15,-0.55));
#4624 = VECTOR('',#4625,1.);
#4625 = DIRECTION('',(-0.,-1.,0.));
#4626 = ORIENTED_EDGE('',*,*,#4627,.F.);
#4627 = EDGE_CURVE('',#4611,#4620,#4628,.T.);
#4628 = LINE('',#4629,#4630);
#4629 = CARTESIAN_POINT('',(-6.,0.45,-0.55));
#4630 = VECTOR('',#4631,1.);
#4631 = DIRECTION('',(1.,0.,6.982962677686E-15));
#4632 = PLANE('',#4633);
#4633 = AXIS2_PLACEMENT_3D('',#4634,#4635,#4636);
#4634 = CARTESIAN_POINT('',(-6.,0.15,-0.55));
#4635 = DIRECTION('',(6.982962677686E-15,-0.,-1.));
#4636 = DIRECTION('',(0.,-1.,0.));
#4637 = ADVANCED_FACE('',(#4638),#4654,.F.);
#4638 = FACE_BOUND('',#4639,.T.);
#4639 = EDGE_LOOP('',(#4640,#4646,#4647,#4653));
#4640 = ORIENTED_EDGE('',*,*,#4641,.F.);
#4641 = EDGE_CURVE('',#4306,#1770,#4642,.T.);
#4642 = LINE('',#4643,#4644);
#4643 = CARTESIAN_POINT('',(5.35,0.15,-3.85));
#4644 = VECTOR('',#4645,1.);
#4645 = DIRECTION('',(-0.,-1.,0.));
#4646 = ORIENTED_EDGE('',*,*,#4329,.F.);
#4647 = ORIENTED_EDGE('',*,*,#4648,.T.);
#4648 = EDGE_CURVE('',#4322,#1778,#4649,.T.);
#4649 = LINE('',#4650,#4651);
#4650 = CARTESIAN_POINT('',(4.65,0.15,-3.85));
#4651 = VECTOR('',#4652,1.);
#4652 = DIRECTION('',(-0.,-1.,0.));
#4653 = ORIENTED_EDGE('',*,*,#1777,.T.);
#4654 = PLANE('',#4655);
#4655 = AXIS2_PLACEMENT_3D('',#4656,#4657,#4658);
#4656 = CARTESIAN_POINT('',(4.65,0.15,-3.85));
#4657 = DIRECTION('',(6.982962677686E-15,-0.,-1.));
#4658 = DIRECTION('',(0.,-1.,0.));
#4659 = ADVANCED_FACE('',(#4660),#4676,.F.);
#4660 = FACE_BOUND('',#4661,.T.);
#4661 = EDGE_LOOP('',(#4662,#4668,#4669,#4675));
#4662 = ORIENTED_EDGE('',*,*,#4663,.F.);
#4663 = EDGE_CURVE('',#2115,#4344,#4664,.T.);
#4664 = LINE('',#4665,#4666);
#4665 = CARTESIAN_POINT('',(5.35,1.4,-1.9));
#4666 = VECTOR('',#4667,1.);
#4667 = DIRECTION('',(6.982962677686E-15,0.,-1.));
#4668 = ORIENTED_EDGE('',*,*,#2114,.F.);
#4669 = ORIENTED_EDGE('',*,*,#4670,.T.);
#4670 = EDGE_CURVE('',#2107,#4352,#4671,.T.);
#4671 = LINE('',#4672,#4673);
#4672 = CARTESIAN_POINT('',(4.65,1.4,-1.9));
#4673 = VECTOR('',#4674,1.);
#4674 = DIRECTION('',(6.982962677686E-15,0.,-1.));
#4675 = ORIENTED_EDGE('',*,*,#4351,.T.);
#4676 = PLANE('',#4677);
#4677 = AXIS2_PLACEMENT_3D('',#4678,#4679,#4680);
#4678 = CARTESIAN_POINT('',(4.65,1.4,-1.9));
#4679 = DIRECTION('',(0.,1.,0.));
#4680 = DIRECTION('',(-1.,0.,-1.396592535537E-14));
#4681 = ADVANCED_FACE('',(#4682),#4697,.T.);
#4682 = FACE_BOUND('',#4683,.T.);
#4683 = EDGE_LOOP('',(#4684,#4685,#4691,#4692,#4693,#4694,#4695,#4696));
#4684 = ORIENTED_EDGE('',*,*,#4610,.T.);
#4685 = ORIENTED_EDGE('',*,*,#4686,.T.);
#4686 = EDGE_CURVE('',#4611,#2123,#4687,.T.);
#4687 = LINE('',#4688,#4689);
#4688 = CARTESIAN_POINT('',(5.35,0.45,-2.25));
#4689 = VECTOR('',#4690,1.);
#4690 = DIRECTION('',(-6.982962677686E-15,1.355252715607E-16,1.));
#4691 = ORIENTED_EDGE('',*,*,#2122,.T.);
#4692 = ORIENTED_EDGE('',*,*,#4663,.T.);
#4693 = ORIENTED_EDGE('',*,*,#4343,.T.);
#4694 = ORIENTED_EDGE('',*,*,#4303,.T.);
#4695 = ORIENTED_EDGE('',*,*,#4641,.T.);
#4696 = ORIENTED_EDGE('',*,*,#1769,.T.);
#4697 = PLANE('',#4698);
#4698 = AXIS2_PLACEMENT_3D('',#4699,#4700,#4701);
#4699 = CARTESIAN_POINT('',(5.35,0.15,-2.25));
#4700 = DIRECTION('',(-1.,0.,-6.982962677686E-15));
#4701 = DIRECTION('',(-6.982962677686E-15,0.,1.));
#4702 = ADVANCED_FACE('',(#4703),#4714,.F.);
#4703 = FACE_BOUND('',#4704,.T.);
#4704 = EDGE_LOOP('',(#4705,#4706,#4707,#4713));
#4705 = ORIENTED_EDGE('',*,*,#4686,.F.);
#4706 = ORIENTED_EDGE('',*,*,#4627,.T.);
#4707 = ORIENTED_EDGE('',*,*,#4708,.F.);
#4708 = EDGE_CURVE('',#2131,#4620,#4709,.T.);
#4709 = LINE('',#4710,#4711);
#4710 = CARTESIAN_POINT('',(6.,0.45,0.25));
#4711 = VECTOR('',#4712,1.);
#4712 = DIRECTION('',(6.982962677686E-15,-1.355252715607E-16,-1.));
#4713 = ORIENTED_EDGE('',*,*,#2130,.F.);
#4714 = PLANE('',#4715);
#4715 = AXIS2_PLACEMENT_3D('',#4716,#4717,#4718);
#4716 = CARTESIAN_POINT('',(-6.,0.45,0.25));
#4717 = DIRECTION('',(9.463679131916E-31,1.,-1.355252715607E-16));
#4718 = DIRECTION('',(1.396592535537E-14,-1.355252715607E-16,-1.));
#4719 = ADVANCED_FACE('',(#4720),#4726,.F.);
#4720 = FACE_BOUND('',#4721,.T.);
#4721 = EDGE_LOOP('',(#4722,#4723,#4724,#4725));
#4722 = ORIENTED_EDGE('',*,*,#2138,.T.);
#4723 = ORIENTED_EDGE('',*,*,#4708,.T.);
#4724 = ORIENTED_EDGE('',*,*,#4619,.T.);
#4725 = ORIENTED_EDGE('',*,*,#1753,.T.);
#4726 = PLANE('',#4727);
#4727 = AXIS2_PLACEMENT_3D('',#4728,#4729,#4730);
#4728 = CARTESIAN_POINT('',(6.,0.15,-2.25));
#4729 = DIRECTION('',(1.,0.,6.982962677686E-15));
#4730 = DIRECTION('',(-6.982962677686E-15,0.,1.));
#4731 = ADVANCED_FACE('',(#4732),#4743,.T.);
#4732 = FACE_BOUND('',#4733,.T.);
#4733 = EDGE_LOOP('',(#4734,#4735,#4736,#4742));
#4734 = ORIENTED_EDGE('',*,*,#3186,.T.);
#4735 = ORIENTED_EDGE('',*,*,#3957,.T.);
#4736 = ORIENTED_EDGE('',*,*,#4737,.T.);
#4737 = EDGE_CURVE('',#3950,#2284,#4738,.T.);
#4738 = LINE('',#4739,#4740);
#4739 = CARTESIAN_POINT('',(7.35,6.55,-1.05));
#4740 = VECTOR('',#4741,1.);
#4741 = DIRECTION('',(0.57735026919,0.57735026919,0.57735026919));
#4742 = ORIENTED_EDGE('',*,*,#2283,.T.);
#4743 = PLANE('',#4744);
#4744 = AXIS2_PLACEMENT_3D('',#4745,#4746,#4747);
#4745 = CARTESIAN_POINT('',(7.975,6.55,-1.05));
#4746 = DIRECTION('',(5.673681102173E-15,0.707106781187,-0.707106781187)
  );
#4747 = DIRECTION('',(1.,0.,8.023796763272E-15));
#4748 = ADVANCED_FACE('',(#4749),#4760,.T.);
#4749 = FACE_BOUND('',#4750,.T.);
#4750 = EDGE_LOOP('',(#4751,#4752,#4753,#4759));
#4751 = ORIENTED_EDGE('',*,*,#4737,.F.);
#4752 = ORIENTED_EDGE('',*,*,#3981,.T.);
#4753 = ORIENTED_EDGE('',*,*,#4754,.T.);
#4754 = EDGE_CURVE('',#3974,#2292,#4755,.T.);
#4755 = LINE('',#4756,#4757);
#4756 = CARTESIAN_POINT('',(7.183333333333,6.383333333333,
    -0.716666666667));
#4757 = VECTOR('',#4758,1.);
#4758 = DIRECTION('',(0.57735026919,0.57735026919,0.57735026919));
#4759 = ORIENTED_EDGE('',*,*,#2291,.T.);
#4760 = PLANE('',#4761);
#4761 = AXIS2_PLACEMENT_3D('',#4762,#4763,#4764);
#4762 = CARTESIAN_POINT('',(7.35,6.55,-1.05));
#4763 = DIRECTION('',(-0.707106781187,0.707106781187,-4.937700262165E-15
    ));
#4764 = DIRECTION('',(1.396592535537E-14,6.982962677686E-15,-1.));
#4765 = ADVANCED_FACE('',(#4766),#4777,.T.);
#4766 = FACE_BOUND('',#4767,.T.);
#4767 = EDGE_LOOP('',(#4768,#4769,#4770,#4776));
#4768 = ORIENTED_EDGE('',*,*,#4754,.F.);
#4769 = ORIENTED_EDGE('',*,*,#4590,.T.);
#4770 = ORIENTED_EDGE('',*,*,#4771,.T.);
#4771 = EDGE_CURVE('',#4180,#2300,#4772,.T.);
#4772 = LINE('',#4773,#4774);
#4773 = CARTESIAN_POINT('',(7.15,6.45,-0.65));
#4774 = VECTOR('',#4775,1.);
#4775 = DIRECTION('',(-0.57735026919,0.57735026919,0.57735026919));
#4776 = ORIENTED_EDGE('',*,*,#2299,.T.);
#4777 = PLANE('',#4778);
#4778 = AXIS2_PLACEMENT_3D('',#4779,#4780,#4781);
#4779 = CARTESIAN_POINT('',(7.35,6.55,-0.55));
#4780 = DIRECTION('',(4.937700262165E-15,0.707106781187,-0.707106781187)
  );
#4781 = DIRECTION('',(1.,0.,6.982962677686E-15));
#4782 = ADVANCED_FACE('',(#4783),#4794,.T.);
#4783 = FACE_BOUND('',#4784,.T.);
#4784 = EDGE_LOOP('',(#4785,#4791,#4792,#4793));
#4785 = ORIENTED_EDGE('',*,*,#4786,.T.);
#4786 = EDGE_CURVE('',#4172,#2308,#4787,.T.);
#4787 = LINE('',#4788,#4789);
#4788 = CARTESIAN_POINT('',(7.05,6.55,-2.3));
#4789 = VECTOR('',#4790,1.);
#4790 = DIRECTION('',(-0.707106781187,0.707106781187,-5.024546959594E-15
    ));
#4791 = ORIENTED_EDGE('',*,*,#2307,.T.);
#4792 = ORIENTED_EDGE('',*,*,#4771,.F.);
#4793 = ORIENTED_EDGE('',*,*,#4179,.T.);
#4794 = PLANE('',#4795);
#4795 = AXIS2_PLACEMENT_3D('',#4796,#4797,#4798);
#4796 = CARTESIAN_POINT('',(7.05,6.55,-0.55));
#4797 = DIRECTION('',(0.707106781187,0.707106781187,4.937700262165E-15)
  );
#4798 = DIRECTION('',(-6.982962677686E-15,0.,1.));
#4799 = ADVANCED_FACE('',(#4800),#4812,.F.);
#4800 = FACE_BOUND('',#4801,.T.);
#4801 = EDGE_LOOP('',(#4802,#4803,#4809,#4810,#4811));
#4802 = ORIENTED_EDGE('',*,*,#4375,.F.);
#4803 = ORIENTED_EDGE('',*,*,#4804,.T.);
#4804 = EDGE_CURVE('',#4376,#2316,#4805,.T.);
#4805 = LINE('',#4806,#4807);
#4806 = CARTESIAN_POINT('',(6.3,1.9,-2.3));
#4807 = VECTOR('',#4808,1.);
#4808 = DIRECTION('',(8.576459213299E-31,1.,-1.228197773519E-16));
#4809 = ORIENTED_EDGE('',*,*,#2315,.T.);
#4810 = ORIENTED_EDGE('',*,*,#4786,.F.);
#4811 = ORIENTED_EDGE('',*,*,#4171,.F.);
#4812 = PLANE('',#4813);
#4813 = AXIS2_PLACEMENT_3D('',#4814,#4815,#4816);
#4814 = CARTESIAN_POINT('',(-7.975,6.75,-2.3));
#4815 = DIRECTION('',(-6.982962677686E-15,1.228197773519E-16,1.));
#4816 = DIRECTION('',(-1.,0.,-6.982962677686E-15));
#4817 = ADVANCED_FACE('',(#4818),#4843,.F.);
#4818 = FACE_BOUND('',#4819,.T.);
#4819 = EDGE_LOOP('',(#4820,#4830,#4836,#4837));
#4820 = ORIENTED_EDGE('',*,*,#4821,.F.);
#4821 = EDGE_CURVE('',#4822,#4824,#4826,.T.);
#4822 = VERTEX_POINT('',#4823);
#4823 = CARTESIAN_POINT('',(5.3,4.75,-4.08));
#4824 = VERTEX_POINT('',#4825);
#4825 = CARTESIAN_POINT('',(6.3,4.75,-4.08));
#4826 = LINE('',#4827,#4828);
#4827 = CARTESIAN_POINT('',(6.3,4.75,-4.08));
#4828 = VECTOR('',#4829,1.);
#4829 = DIRECTION('',(1.,0.,7.199803112183E-15));
#4830 = ORIENTED_EDGE('',*,*,#4831,.T.);
#4831 = EDGE_CURVE('',#4822,#834,#4832,.T.);
#4832 = LINE('',#4833,#4834);
#4833 = CARTESIAN_POINT('',(5.3,4.75,0.627440918376));
#4834 = VECTOR('',#4835,1.);
#4835 = DIRECTION('',(6.982962677686E-15,0.,-1.));
#4836 = ORIENTED_EDGE('',*,*,#833,.F.);
#4837 = ORIENTED_EDGE('',*,*,#4838,.F.);
#4838 = EDGE_CURVE('',#4824,#826,#4839,.T.);
#4839 = LINE('',#4840,#4841);
#4840 = CARTESIAN_POINT('',(6.3,4.75,0.627440918376));
#4841 = VECTOR('',#4842,1.);
#4842 = DIRECTION('',(6.982962677686E-15,0.,-1.));
#4843 = PLANE('',#4844);
#4844 = AXIS2_PLACEMENT_3D('',#4845,#4846,#4847);
#4845 = CARTESIAN_POINT('',(6.3,4.75,0.627440918376));
#4846 = DIRECTION('',(0.,1.,0.));
#4847 = DIRECTION('',(-1.,0.,-1.396592535537E-14));
#4848 = ADVANCED_FACE('',(#4849),#4871,.F.);
#4849 = FACE_BOUND('',#4850,.T.);
#4850 = EDGE_LOOP('',(#4851,#4852,#4853,#4854,#4855,#4856,#4857,#4865));
#4851 = ORIENTED_EDGE('',*,*,#1785,.F.);
#4852 = ORIENTED_EDGE('',*,*,#4648,.F.);
#4853 = ORIENTED_EDGE('',*,*,#4321,.F.);
#4854 = ORIENTED_EDGE('',*,*,#4359,.F.);
#4855 = ORIENTED_EDGE('',*,*,#4670,.F.);
#4856 = ORIENTED_EDGE('',*,*,#2106,.F.);
#4857 = ORIENTED_EDGE('',*,*,#4858,.F.);
#4858 = EDGE_CURVE('',#4859,#2099,#4861,.T.);
#4859 = VERTEX_POINT('',#4860);
#4860 = CARTESIAN_POINT('',(4.65,0.45,-0.55));
#4861 = LINE('',#4862,#4863);
#4862 = CARTESIAN_POINT('',(4.65,0.45,-2.25));
#4863 = VECTOR('',#4864,1.);
#4864 = DIRECTION('',(-6.982962677686E-15,1.355252715607E-16,1.));
#4865 = ORIENTED_EDGE('',*,*,#4866,.F.);
#4866 = EDGE_CURVE('',#1786,#4859,#4867,.T.);
#4867 = LINE('',#4868,#4869);
#4868 = CARTESIAN_POINT('',(4.65,0.15,-0.55));
#4869 = VECTOR('',#4870,1.);
#4870 = DIRECTION('',(0.,1.,0.));
#4871 = PLANE('',#4872);
#4872 = AXIS2_PLACEMENT_3D('',#4873,#4874,#4875);
#4873 = CARTESIAN_POINT('',(4.65,0.15,-2.25));
#4874 = DIRECTION('',(-1.,0.,-6.982962677686E-15));
#4875 = DIRECTION('',(-6.982962677686E-15,0.,1.));
#4876 = ADVANCED_FACE('',(#4877),#4895,.F.);
#4877 = FACE_BOUND('',#4878,.T.);
#4878 = EDGE_LOOP('',(#4879,#4887,#4888,#4889));
#4879 = ORIENTED_EDGE('',*,*,#4880,.T.);
#4880 = EDGE_CURVE('',#4881,#4859,#4883,.T.);
#4881 = VERTEX_POINT('',#4882);
#4882 = CARTESIAN_POINT('',(3.35,0.45,-0.55));
#4883 = LINE('',#4884,#4885);
#4884 = CARTESIAN_POINT('',(-6.,0.45,-0.55));
#4885 = VECTOR('',#4886,1.);
#4886 = DIRECTION('',(1.,0.,6.982962677686E-15));
#4887 = ORIENTED_EDGE('',*,*,#4858,.T.);
#4888 = ORIENTED_EDGE('',*,*,#2098,.F.);
#4889 = ORIENTED_EDGE('',*,*,#4890,.F.);
#4890 = EDGE_CURVE('',#4881,#2091,#4891,.T.);
#4891 = LINE('',#4892,#4893);
#4892 = CARTESIAN_POINT('',(3.35,0.45,-2.25));
#4893 = VECTOR('',#4894,1.);
#4894 = DIRECTION('',(-6.982962677686E-15,1.355252715607E-16,1.));
#4895 = PLANE('',#4896);
#4896 = AXIS2_PLACEMENT_3D('',#4897,#4898,#4899);
#4897 = CARTESIAN_POINT('',(-6.,0.45,0.25));
#4898 = DIRECTION('',(9.463679131916E-31,1.,-1.355252715607E-16));
#4899 = DIRECTION('',(1.396592535537E-14,-1.355252715607E-16,-1.));
#4900 = ADVANCED_FACE('',(#4901),#4912,.F.);
#4901 = FACE_BOUND('',#4902,.T.);
#4902 = EDGE_LOOP('',(#4903,#4904,#4905,#4906));
#4903 = ORIENTED_EDGE('',*,*,#1793,.T.);
#4904 = ORIENTED_EDGE('',*,*,#4866,.T.);
#4905 = ORIENTED_EDGE('',*,*,#4880,.F.);
#4906 = ORIENTED_EDGE('',*,*,#4907,.F.);
#4907 = EDGE_CURVE('',#1794,#4881,#4908,.T.);
#4908 = LINE('',#4909,#4910);
#4909 = CARTESIAN_POINT('',(3.35,0.15,-0.55));
#4910 = VECTOR('',#4911,1.);
#4911 = DIRECTION('',(0.,1.,0.));
#4912 = PLANE('',#4913);
#4913 = AXIS2_PLACEMENT_3D('',#4914,#4915,#4916);
#4914 = CARTESIAN_POINT('',(-6.,0.15,-0.55));
#4915 = DIRECTION('',(6.982962677686E-15,-0.,-1.));
#4916 = DIRECTION('',(0.,-1.,0.));
#4917 = ADVANCED_FACE('',(#4918),#4929,.T.);
#4918 = FACE_BOUND('',#4919,.T.);
#4919 = EDGE_LOOP('',(#4920,#4926,#4927,#4928));
#4920 = ORIENTED_EDGE('',*,*,#4921,.T.);
#4921 = EDGE_CURVE('',#4487,#205,#4922,.T.);
#4922 = LINE('',#4923,#4924);
#4923 = CARTESIAN_POINT('',(4.241956087166,2.5,-2.25));
#4924 = VECTOR('',#4925,1.);
#4925 = DIRECTION('',(6.982962677686E-15,0.,-1.));
#4926 = ORIENTED_EDGE('',*,*,#204,.F.);
#4927 = ORIENTED_EDGE('',*,*,#1333,.F.);
#4928 = ORIENTED_EDGE('',*,*,#4494,.F.);
#4929 = PLANE('',#4930);
#4930 = AXIS2_PLACEMENT_3D('',#4931,#4932,#4933);
#4931 = CARTESIAN_POINT('',(4.2,1.9,-4.4981624039));
#4932 = DIRECTION('',(-0.99756405026,6.975647374413E-02,
    -6.965952531566E-15));
#4933 = DIRECTION('',(1.396592535537E-14,9.986101873667E-14,-1.));
#4934 = ADVANCED_FACE('',(#4935,#4941),#4954,.F.);
#4935 = FACE_BOUND('',#4936,.T.);
#4936 = EDGE_LOOP('',(#4937,#4938,#4939,#4940));
#4937 = ORIENTED_EDGE('',*,*,#4100,.T.);
#4938 = ORIENTED_EDGE('',*,*,#4007,.T.);
#4939 = ORIENTED_EDGE('',*,*,#4047,.T.);
#4940 = ORIENTED_EDGE('',*,*,#4078,.T.);
#4941 = FACE_BOUND('',#4942,.T.);
#4942 = EDGE_LOOP('',(#4943,#4944,#4945,#4951,#4952,#4953));
#4943 = ORIENTED_EDGE('',*,*,#4464,.F.);
#4944 = ORIENTED_EDGE('',*,*,#4526,.F.);
#4945 = ORIENTED_EDGE('',*,*,#4946,.F.);
#4946 = EDGE_CURVE('',#213,#4519,#4947,.T.);
#4947 = LINE('',#4948,#4949);
#4948 = CARTESIAN_POINT('',(5.3,2.5,-3.95));
#4949 = VECTOR('',#4950,1.);
#4950 = DIRECTION('',(6.982962677686E-15,0.,-1.));
#4951 = ORIENTED_EDGE('',*,*,#212,.F.);
#4952 = ORIENTED_EDGE('',*,*,#4921,.F.);
#4953 = ORIENTED_EDGE('',*,*,#4486,.T.);
#4954 = PLANE('',#4955);
#4955 = AXIS2_PLACEMENT_3D('',#4956,#4957,#4958);
#4956 = CARTESIAN_POINT('',(-3.556183125752E-14,2.5,-2.25));
#4957 = DIRECTION('',(0.,-1.,0.));
#4958 = DIRECTION('',(1.396592535537E-14,0.,-1.));
#4959 = ADVANCED_FACE('',(#4960),#4986,.F.);
#4960 = FACE_BOUND('',#4961,.T.);
#4961 = EDGE_LOOP('',(#4962,#4963,#4964,#4972,#4980));
#4962 = ORIENTED_EDGE('',*,*,#1463,.F.);
#4963 = ORIENTED_EDGE('',*,*,#1285,.F.);
#4964 = ORIENTED_EDGE('',*,*,#4965,.F.);
#4965 = EDGE_CURVE('',#4966,#1278,#4968,.T.);
#4966 = VERTEX_POINT('',#4967);
#4967 = CARTESIAN_POINT('',(4.2,3.940192378865,-0.75));
#4968 = LINE('',#4969,#4970);
#4969 = CARTESIAN_POINT('',(4.2,1.9,-0.75));
#4970 = VECTOR('',#4971,1.);
#4971 = DIRECTION('',(-0.,-1.,0.));
#4972 = ORIENTED_EDGE('',*,*,#4973,.F.);
#4973 = EDGE_CURVE('',#4974,#4966,#4976,.T.);
#4974 = VERTEX_POINT('',#4975);
#4975 = CARTESIAN_POINT('',(4.2,4.2,-0.6));
#4976 = LINE('',#4977,#4978);
#4977 = CARTESIAN_POINT('',(4.2,3.940192378865,-0.75));
#4978 = VECTOR('',#4979,1.);
#4979 = DIRECTION('',(3.491481338843E-15,-0.866025403784,-0.5));
#4980 = ORIENTED_EDGE('',*,*,#4981,.F.);
#4981 = EDGE_CURVE('',#1464,#4974,#4982,.T.);
#4982 = LINE('',#4983,#4984);
#4983 = CARTESIAN_POINT('',(4.2,4.2,-0.6));
#4984 = VECTOR('',#4985,1.);
#4985 = DIRECTION('',(6.982962677686E-15,0.,-1.));
#4986 = PLANE('',#4987);
#4987 = AXIS2_PLACEMENT_3D('',#4988,#4989,#4990);
#4988 = CARTESIAN_POINT('',(4.2,0.15,-2.25));
#4989 = DIRECTION('',(-1.,0.,-6.982962677686E-15));
#4990 = DIRECTION('',(-6.982962677686E-15,0.,1.));
#4991 = ADVANCED_FACE('',(#4992),#5010,.F.);
#4992 = FACE_BOUND('',#4993,.T.);
#4993 = EDGE_LOOP('',(#4994,#5002,#5003,#5004));
#4994 = ORIENTED_EDGE('',*,*,#4995,.F.);
#4995 = EDGE_CURVE('',#4966,#4996,#4998,.T.);
#4996 = VERTEX_POINT('',#4997);
#4997 = CARTESIAN_POINT('',(3.8,3.940192378865,-0.75));
#4998 = LINE('',#4999,#5000);
#4999 = CARTESIAN_POINT('',(4.2,3.940192378865,-0.75));
#5000 = VECTOR('',#5001,1.);
#5001 = DIRECTION('',(-1.,0.,-6.982962677686E-15));
#5002 = ORIENTED_EDGE('',*,*,#4965,.T.);
#5003 = ORIENTED_EDGE('',*,*,#1277,.T.);
#5004 = ORIENTED_EDGE('',*,*,#5005,.F.);
#5005 = EDGE_CURVE('',#4996,#1270,#5006,.T.);
#5006 = LINE('',#5007,#5008);
#5007 = CARTESIAN_POINT('',(3.8,1.9,-0.75));
#5008 = VECTOR('',#5009,1.);
#5009 = DIRECTION('',(0.,-1.,0.));
#5010 = PLANE('',#5011);
#5011 = AXIS2_PLACEMENT_3D('',#5012,#5013,#5014);
#5012 = CARTESIAN_POINT('',(4.2,1.9,-0.75));
#5013 = DIRECTION('',(-6.982962677686E-15,0.,1.));
#5014 = DIRECTION('',(-1.,0.,-6.982962677686E-15));
#5015 = ADVANCED_FACE('',(#5016),#5034,.F.);
#5016 = FACE_BOUND('',#5017,.T.);
#5017 = EDGE_LOOP('',(#5018,#5019,#5020,#5028));
#5018 = ORIENTED_EDGE('',*,*,#1471,.F.);
#5019 = ORIENTED_EDGE('',*,*,#4981,.T.);
#5020 = ORIENTED_EDGE('',*,*,#5021,.T.);
#5021 = EDGE_CURVE('',#4974,#5022,#5024,.T.);
#5022 = VERTEX_POINT('',#5023);
#5023 = CARTESIAN_POINT('',(3.8,4.2,-0.6));
#5024 = LINE('',#5025,#5026);
#5025 = CARTESIAN_POINT('',(4.2,4.2,-0.6));
#5026 = VECTOR('',#5027,1.);
#5027 = DIRECTION('',(-1.,0.,-6.982962677686E-15));
#5028 = ORIENTED_EDGE('',*,*,#5029,.F.);
#5029 = EDGE_CURVE('',#1472,#5022,#5030,.T.);
#5030 = LINE('',#5031,#5032);
#5031 = CARTESIAN_POINT('',(3.8,4.2,-0.6));
#5032 = VECTOR('',#5033,1.);
#5033 = DIRECTION('',(6.982962677686E-15,0.,-1.));
#5034 = PLANE('',#5035);
#5035 = AXIS2_PLACEMENT_3D('',#5036,#5037,#5038);
#5036 = CARTESIAN_POINT('',(4.2,4.2,-0.6));
#5037 = DIRECTION('',(0.,-1.,0.));
#5038 = DIRECTION('',(1.396592535537E-14,0.,-1.));
#5039 = ADVANCED_FACE('',(#5040),#5051,.F.);
#5040 = FACE_BOUND('',#5041,.T.);
#5041 = EDGE_LOOP('',(#5042,#5043,#5044,#5045));
#5042 = ORIENTED_EDGE('',*,*,#5021,.F.);
#5043 = ORIENTED_EDGE('',*,*,#4973,.T.);
#5044 = ORIENTED_EDGE('',*,*,#4995,.T.);
#5045 = ORIENTED_EDGE('',*,*,#5046,.F.);
#5046 = EDGE_CURVE('',#5022,#4996,#5047,.T.);
#5047 = LINE('',#5048,#5049);
#5048 = CARTESIAN_POINT('',(3.8,3.940192378865,-0.75));
#5049 = VECTOR('',#5050,1.);
#5050 = DIRECTION('',(3.491481338843E-15,-0.866025403784,-0.5));
#5051 = PLANE('',#5052);
#5052 = AXIS2_PLACEMENT_3D('',#5053,#5054,#5055);
#5053 = CARTESIAN_POINT('',(4.2,3.940192378865,-0.75));
#5054 = DIRECTION('',(-6.047423072555E-15,-0.5,0.866025403784));
#5055 = DIRECTION('',(1.,1.209484614511E-14,1.396592535537E-14));
#5056 = ADVANCED_FACE('',(#5057),#5074,.F.);
#5057 = FACE_BOUND('',#5058,.T.);
#5058 = EDGE_LOOP('',(#5059,#5060,#5066,#5067,#5068));
#5059 = ORIENTED_EDGE('',*,*,#268,.F.);
#5060 = ORIENTED_EDGE('',*,*,#5061,.T.);
#5061 = EDGE_CURVE('',#261,#4433,#5062,.T.);
#5062 = LINE('',#5063,#5064);
#5063 = CARTESIAN_POINT('',(6.3,1.9,-3.1));
#5064 = VECTOR('',#5065,1.);
#5065 = DIRECTION('',(-9.463679131916E-31,-1.,1.355252715607E-16));
#5066 = ORIENTED_EDGE('',*,*,#4441,.T.);
#5067 = ORIENTED_EDGE('',*,*,#4137,.F.);
#5068 = ORIENTED_EDGE('',*,*,#5069,.F.);
#5069 = EDGE_CURVE('',#269,#4130,#5070,.T.);
#5070 = LINE('',#5071,#5072);
#5071 = CARTESIAN_POINT('',(7.05,6.55,-3.1));
#5072 = VECTOR('',#5073,1.);
#5073 = DIRECTION('',(0.707106781187,-0.707106781187,5.033531100707E-15)
  );
#5074 = PLANE('',#5075);
#5075 = AXIS2_PLACEMENT_3D('',#5076,#5077,#5078);
#5076 = CARTESIAN_POINT('',(-7.975,6.75,-3.1));
#5077 = DIRECTION('',(6.982962677686E-15,-1.355252715607E-16,-1.));
#5078 = DIRECTION('',(-1.892735826383E-30,-1.,1.355252715607E-16));
#5079 = ADVANCED_FACE('',(#5080),#5091,.T.);
#5080 = FACE_BOUND('',#5081,.T.);
#5081 = EDGE_LOOP('',(#5082,#5083,#5084,#5090));
#5082 = ORIENTED_EDGE('',*,*,#5069,.T.);
#5083 = ORIENTED_EDGE('',*,*,#4129,.T.);
#5084 = ORIENTED_EDGE('',*,*,#5085,.T.);
#5085 = EDGE_CURVE('',#4122,#277,#5086,.T.);
#5086 = LINE('',#5087,#5088);
#5087 = CARTESIAN_POINT('',(7.15,6.45,-3.85));
#5088 = VECTOR('',#5089,1.);
#5089 = DIRECTION('',(-0.57735026919,0.57735026919,-0.57735026919));
#5090 = ORIENTED_EDGE('',*,*,#276,.T.);
#5091 = PLANE('',#5092);
#5092 = AXIS2_PLACEMENT_3D('',#5093,#5094,#5095);
#5093 = CARTESIAN_POINT('',(7.05,6.55,-0.55));
#5094 = DIRECTION('',(0.707106781187,0.707106781187,4.937700262165E-15)
  );
#5095 = DIRECTION('',(-6.982962677686E-15,0.,1.));
#5096 = ADVANCED_FACE('',(#5097),#5108,.T.);
#5097 = FACE_BOUND('',#5098,.T.);
#5098 = EDGE_LOOP('',(#5099,#5100,#5101,#5107));
#5099 = ORIENTED_EDGE('',*,*,#5085,.F.);
#5100 = ORIENTED_EDGE('',*,*,#4542,.T.);
#5101 = ORIENTED_EDGE('',*,*,#5102,.T.);
#5102 = EDGE_CURVE('',#4213,#285,#5103,.T.);
#5103 = LINE('',#5104,#5105);
#5104 = CARTESIAN_POINT('',(7.183333333333,6.383333333333,
    -3.783333333333));
#5105 = VECTOR('',#5106,1.);
#5106 = DIRECTION('',(0.57735026919,0.57735026919,-0.57735026919));
#5107 = ORIENTED_EDGE('',*,*,#284,.T.);
#5108 = PLANE('',#5109);
#5109 = AXIS2_PLACEMENT_3D('',#5110,#5111,#5112);
#5110 = CARTESIAN_POINT('',(7.35,6.55,-3.95));
#5111 = DIRECTION('',(-4.937700262165E-15,0.707106781187,0.707106781187)
  );
#5112 = DIRECTION('',(-1.,0.,-6.982962677686E-15));
#5113 = ADVANCED_FACE('',(#5114),#5125,.T.);
#5114 = FACE_BOUND('',#5115,.T.);
#5115 = EDGE_LOOP('',(#5116,#5117,#5118,#5124));
#5116 = ORIENTED_EDGE('',*,*,#5102,.F.);
#5117 = ORIENTED_EDGE('',*,*,#4212,.T.);
#5118 = ORIENTED_EDGE('',*,*,#5119,.T.);
#5119 = EDGE_CURVE('',#4205,#293,#5120,.T.);
#5120 = LINE('',#5121,#5122);
#5121 = CARTESIAN_POINT('',(7.35,6.55,-3.45));
#5122 = VECTOR('',#5123,1.);
#5123 = DIRECTION('',(0.57735026919,0.57735026919,-0.57735026919));
#5124 = ORIENTED_EDGE('',*,*,#292,.T.);
#5125 = PLANE('',#5126);
#5126 = AXIS2_PLACEMENT_3D('',#5127,#5128,#5129);
#5127 = CARTESIAN_POINT('',(7.35,6.55,-3.45));
#5128 = DIRECTION('',(-0.707106781187,0.707106781187,-4.937700262165E-15
    ));
#5129 = DIRECTION('',(1.396592535537E-14,6.982962677686E-15,-1.));
#5130 = ADVANCED_FACE('',(#5131),#5142,.T.);
#5131 = FACE_BOUND('',#5132,.T.);
#5132 = EDGE_LOOP('',(#5133,#5134,#5135,#5141));
#5133 = ORIENTED_EDGE('',*,*,#5119,.F.);
#5134 = ORIENTED_EDGE('',*,*,#4252,.T.);
#5135 = ORIENTED_EDGE('',*,*,#5136,.T.);
#5136 = EDGE_CURVE('',#4245,#301,#5137,.T.);
#5137 = LINE('',#5138,#5139);
#5138 = CARTESIAN_POINT('',(7.975,6.55,-3.45));
#5139 = VECTOR('',#5140,1.);
#5140 = DIRECTION('',(4.937700262165E-15,0.707106781187,-0.707106781187)
  );
#5141 = ORIENTED_EDGE('',*,*,#300,.T.);
#5142 = PLANE('',#5143);
#5143 = AXIS2_PLACEMENT_3D('',#5144,#5145,#5146);
#5144 = CARTESIAN_POINT('',(7.975,6.55,-3.45));
#5145 = DIRECTION('',(-4.692373315495E-15,0.707106781187,0.707106781187)
  );
#5146 = DIRECTION('',(-1.,7.329907372882E-15,-1.396592535537E-14));
#5147 = ADVANCED_FACE('',(#5148),#5157,.F.);
#5148 = FACE_BOUND('',#5149,.T.);
#5149 = EDGE_LOOP('',(#5150,#5151,#5152,#5153,#5154,#5155,#5156));
#5150 = ORIENTED_EDGE('',*,*,#1705,.F.);
#5151 = ORIENTED_EDGE('',*,*,#809,.F.);
#5152 = ORIENTED_EDGE('',*,*,#308,.T.);
#5153 = ORIENTED_EDGE('',*,*,#5136,.F.);
#5154 = ORIENTED_EDGE('',*,*,#4242,.F.);
#5155 = ORIENTED_EDGE('',*,*,#4273,.T.);
#5156 = ORIENTED_EDGE('',*,*,#4557,.T.);
#5157 = PLANE('',#5158);
#5158 = AXIS2_PLACEMENT_3D('',#5159,#5160,#5161);
#5159 = CARTESIAN_POINT('',(7.975,6.75,-4.75));
#5160 = DIRECTION('',(-1.,0.,-6.982962677686E-15));
#5161 = DIRECTION('',(-6.982962677686E-15,0.,1.));
#5162 = ADVANCED_FACE('',(#5163),#5178,.F.);
#5163 = FACE_BOUND('',#5164,.T.);
#5164 = EDGE_LOOP('',(#5165,#5166,#5167,#5168,#5169,#5170,#5176,#5177));
#5165 = ORIENTED_EDGE('',*,*,#4946,.T.);
#5166 = ORIENTED_EDGE('',*,*,#4518,.F.);
#5167 = ORIENTED_EDGE('',*,*,#1682,.T.);
#5168 = ORIENTED_EDGE('',*,*,#841,.F.);
#5169 = ORIENTED_EDGE('',*,*,#4831,.F.);
#5170 = ORIENTED_EDGE('',*,*,#5171,.T.);
#5171 = EDGE_CURVE('',#4822,#338,#5172,.T.);
#5172 = LINE('',#5173,#5174);
#5173 = CARTESIAN_POINT('',(5.3,0.891585402724,-4.08));
#5174 = VECTOR('',#5175,1.);
#5175 = DIRECTION('',(0.,1.,0.));
#5176 = ORIENTED_EDGE('',*,*,#337,.F.);
#5177 = ORIENTED_EDGE('',*,*,#220,.F.);
#5178 = PLANE('',#5179);
#5179 = AXIS2_PLACEMENT_3D('',#5180,#5181,#5182);
#5180 = CARTESIAN_POINT('',(5.3,0.891585402724,-3.95));
#5181 = DIRECTION('',(-1.,0.,-6.982962677686E-15));
#5182 = DIRECTION('',(-6.982962677686E-15,0.,1.));
#5183 = ADVANCED_FACE('',(#5184),#5195,.F.);
#5184 = FACE_BOUND('',#5185,.T.);
#5185 = EDGE_LOOP('',(#5186,#5192,#5193,#5194));
#5186 = ORIENTED_EDGE('',*,*,#5187,.T.);
#5187 = EDGE_CURVE('',#4824,#346,#5188,.T.);
#5188 = LINE('',#5189,#5190);
#5189 = CARTESIAN_POINT('',(6.3,0.891585402724,-4.08));
#5190 = VECTOR('',#5191,1.);
#5191 = DIRECTION('',(0.,1.,0.));
#5192 = ORIENTED_EDGE('',*,*,#345,.F.);
#5193 = ORIENTED_EDGE('',*,*,#5171,.F.);
#5194 = ORIENTED_EDGE('',*,*,#4821,.T.);
#5195 = PLANE('',#5196);
#5196 = AXIS2_PLACEMENT_3D('',#5197,#5198,#5199);
#5197 = CARTESIAN_POINT('',(5.3,0.891585402724,-4.08));
#5198 = DIRECTION('',(6.766122243189E-15,-0.,-1.));
#5199 = DIRECTION('',(0.,-1.,0.));
#5200 = ADVANCED_FACE('',(#5201),#5219,.F.);
#5201 = FACE_BOUND('',#5202,.T.);
#5202 = EDGE_LOOP('',(#5203,#5204,#5205,#5206,#5207,#5208,#5209,#5210,
    #5211,#5212,#5213,#5214,#5215,#5216,#5217,#5218));
#5203 = ORIENTED_EDGE('',*,*,#260,.F.);
#5204 = ORIENTED_EDGE('',*,*,#353,.F.);
#5205 = ORIENTED_EDGE('',*,*,#5187,.F.);
#5206 = ORIENTED_EDGE('',*,*,#4838,.T.);
#5207 = ORIENTED_EDGE('',*,*,#825,.F.);
#5208 = ORIENTED_EDGE('',*,*,#1698,.F.);
#5209 = ORIENTED_EDGE('',*,*,#4511,.F.);
#5210 = ORIENTED_EDGE('',*,*,#1301,.T.);
#5211 = ORIENTED_EDGE('',*,*,#1456,.T.);
#5212 = ORIENTED_EDGE('',*,*,#378,.F.);
#5213 = ORIENTED_EDGE('',*,*,#2323,.F.);
#5214 = ORIENTED_EDGE('',*,*,#4804,.F.);
#5215 = ORIENTED_EDGE('',*,*,#4383,.F.);
#5216 = ORIENTED_EDGE('',*,*,#4414,.F.);
#5217 = ORIENTED_EDGE('',*,*,#4432,.F.);
#5218 = ORIENTED_EDGE('',*,*,#5061,.F.);
#5219 = PLANE('',#5220);
#5220 = AXIS2_PLACEMENT_3D('',#5221,#5222,#5223);
#5221 = CARTESIAN_POINT('',(6.3,1.9,-0.45));
#5222 = DIRECTION('',(1.,0.,6.982962677686E-15));
#5223 = DIRECTION('',(-6.982962677686E-15,0.,1.));
#5224 = ADVANCED_FACE('',(#5225),#5250,.F.);
#5225 = FACE_BOUND('',#5226,.T.);
#5226 = EDGE_LOOP('',(#5227,#5235,#5243,#5249));
#5227 = ORIENTED_EDGE('',*,*,#5228,.F.);
#5228 = EDGE_CURVE('',#5229,#3712,#5231,.T.);
#5229 = VERTEX_POINT('',#5230);
#5230 = CARTESIAN_POINT('',(0.75,0.95,-3.1));
#5231 = LINE('',#5232,#5233);
#5232 = CARTESIAN_POINT('',(0.75,2.141299290659E-15,-3.1));
#5233 = VECTOR('',#5234,1.);
#5234 = DIRECTION('',(0.,1.,0.));
#5235 = ORIENTED_EDGE('',*,*,#5236,.T.);
#5236 = EDGE_CURVE('',#5229,#5237,#5239,.T.);
#5237 = VERTEX_POINT('',#5238);
#5238 = CARTESIAN_POINT('',(1.25,0.95,-3.1));
#5239 = LINE('',#5240,#5241);
#5240 = CARTESIAN_POINT('',(0.75,0.95,-3.1));
#5241 = VECTOR('',#5242,1.);
#5242 = DIRECTION('',(1.,0.,6.549281808692E-15));
#5243 = ORIENTED_EDGE('',*,*,#5244,.T.);
#5244 = EDGE_CURVE('',#5237,#3696,#5245,.T.);
#5245 = LINE('',#5246,#5247);
#5246 = CARTESIAN_POINT('',(1.25,2.141299290659E-15,-3.1));
#5247 = VECTOR('',#5248,1.);
#5248 = DIRECTION('',(0.,1.,0.));
#5249 = ORIENTED_EDGE('',*,*,#3719,.T.);
#5250 = PLANE('',#5251);
#5251 = AXIS2_PLACEMENT_3D('',#5252,#5253,#5254);
#5252 = CARTESIAN_POINT('',(0.75,2.141299290659E-15,-3.1));
#5253 = DIRECTION('',(6.549281808692E-15,0.,-1.));
#5254 = DIRECTION('',(0.,-1.,0.));
#5255 = ADVANCED_FACE('',(#5256),#5274,.F.);
#5256 = FACE_BOUND('',#5257,.T.);
#5257 = EDGE_LOOP('',(#5258,#5266,#5272,#5273));
#5258 = ORIENTED_EDGE('',*,*,#5259,.F.);
#5259 = EDGE_CURVE('',#5260,#3704,#5262,.T.);
#5260 = VERTEX_POINT('',#5261);
#5261 = CARTESIAN_POINT('',(0.75,0.95,-2.6));
#5262 = LINE('',#5263,#5264);
#5263 = CARTESIAN_POINT('',(0.75,2.141299290659E-15,-2.6));
#5264 = VECTOR('',#5265,1.);
#5265 = DIRECTION('',(0.,1.,0.));
#5266 = ORIENTED_EDGE('',*,*,#5267,.T.);
#5267 = EDGE_CURVE('',#5260,#5229,#5268,.T.);
#5268 = LINE('',#5269,#5270);
#5269 = CARTESIAN_POINT('',(0.75,0.95,-3.1));
#5270 = VECTOR('',#5271,1.);
#5271 = DIRECTION('',(6.982962677686E-15,0.,-1.));
#5272 = ORIENTED_EDGE('',*,*,#5228,.T.);
#5273 = ORIENTED_EDGE('',*,*,#3711,.T.);
#5274 = PLANE('',#5275);
#5275 = AXIS2_PLACEMENT_3D('',#5276,#5277,#5278);
#5276 = CARTESIAN_POINT('',(0.75,2.141299290659E-15,-3.1));
#5277 = DIRECTION('',(-1.,0.,-6.982962677686E-15));
#5278 = DIRECTION('',(-6.982962677686E-15,0.,1.));
#5279 = ADVANCED_FACE('',(#5280),#5298,.F.);
#5280 = FACE_BOUND('',#5281,.T.);
#5281 = EDGE_LOOP('',(#5282,#5290,#5296,#5297));
#5282 = ORIENTED_EDGE('',*,*,#5283,.F.);
#5283 = EDGE_CURVE('',#5284,#3694,#5286,.T.);
#5284 = VERTEX_POINT('',#5285);
#5285 = CARTESIAN_POINT('',(1.25,0.95,-2.6));
#5286 = LINE('',#5287,#5288);
#5287 = CARTESIAN_POINT('',(1.25,2.141299290659E-15,-2.6));
#5288 = VECTOR('',#5289,1.);
#5289 = DIRECTION('',(0.,1.,0.));
#5290 = ORIENTED_EDGE('',*,*,#5291,.T.);
#5291 = EDGE_CURVE('',#5284,#5260,#5292,.T.);
#5292 = LINE('',#5293,#5294);
#5293 = CARTESIAN_POINT('',(0.75,0.95,-2.6));
#5294 = VECTOR('',#5295,1.);
#5295 = DIRECTION('',(-1.,0.,-6.982962677686E-15));
#5296 = ORIENTED_EDGE('',*,*,#5259,.T.);
#5297 = ORIENTED_EDGE('',*,*,#3703,.T.);
#5298 = PLANE('',#5299);
#5299 = AXIS2_PLACEMENT_3D('',#5300,#5301,#5302);
#5300 = CARTESIAN_POINT('',(0.75,2.141299290659E-15,-2.6));
#5301 = DIRECTION('',(-6.982962677686E-15,0.,1.));
#5302 = DIRECTION('',(1.,0.,6.982962677686E-15));
#5303 = ADVANCED_FACE('',(#5304),#5315,.F.);
#5304 = FACE_BOUND('',#5305,.T.);
#5305 = EDGE_LOOP('',(#5306,#5307,#5313,#5314));
#5306 = ORIENTED_EDGE('',*,*,#5244,.F.);
#5307 = ORIENTED_EDGE('',*,*,#5308,.T.);
#5308 = EDGE_CURVE('',#5237,#5284,#5309,.T.);
#5309 = LINE('',#5310,#5311);
#5310 = CARTESIAN_POINT('',(1.25,0.95,-3.1));
#5311 = VECTOR('',#5312,1.);
#5312 = DIRECTION('',(-6.982962677686E-15,0.,1.));
#5313 = ORIENTED_EDGE('',*,*,#5283,.T.);
#5314 = ORIENTED_EDGE('',*,*,#3693,.T.);
#5315 = PLANE('',#5316);
#5316 = AXIS2_PLACEMENT_3D('',#5317,#5318,#5319);
#5317 = CARTESIAN_POINT('',(1.25,2.141299290659E-15,-3.1));
#5318 = DIRECTION('',(1.,0.,6.982962677686E-15));
#5319 = DIRECTION('',(-6.982962677686E-15,0.,1.));
#5320 = ADVANCED_FACE('',(#5321),#5355,.F.);
#5321 = FACE_BOUND('',#5322,.T.);
#5322 = EDGE_LOOP('',(#5323,#5333,#5341,#5349));
#5323 = ORIENTED_EDGE('',*,*,#5324,.T.);
#5324 = EDGE_CURVE('',#5325,#5327,#5329,.T.);
#5325 = VERTEX_POINT('',#5326);
#5326 = CARTESIAN_POINT('',(0.65,1.4,-1.9));
#5327 = VERTEX_POINT('',#5328);
#5328 = CARTESIAN_POINT('',(0.65,0.95,-2.35));
#5329 = LINE('',#5330,#5331);
#5330 = CARTESIAN_POINT('',(0.65,0.95,-2.35));
#5331 = VECTOR('',#5332,1.);
#5332 = DIRECTION('',(4.937700262165E-15,-0.707106781187,-0.707106781187
    ));
#5333 = ORIENTED_EDGE('',*,*,#5334,.F.);
#5334 = EDGE_CURVE('',#5335,#5327,#5337,.T.);
#5335 = VERTEX_POINT('',#5336);
#5336 = CARTESIAN_POINT('',(1.35,0.95,-2.35));
#5337 = LINE('',#5338,#5339);
#5338 = CARTESIAN_POINT('',(1.35,0.95,-2.35));
#5339 = VECTOR('',#5340,1.);
#5340 = DIRECTION('',(-1.,0.,-6.982962677686E-15));
#5341 = ORIENTED_EDGE('',*,*,#5342,.F.);
#5342 = EDGE_CURVE('',#5343,#5335,#5345,.T.);
#5343 = VERTEX_POINT('',#5344);
#5344 = CARTESIAN_POINT('',(1.35,1.4,-1.9));
#5345 = LINE('',#5346,#5347);
#5346 = CARTESIAN_POINT('',(1.35,0.95,-2.35));
#5347 = VECTOR('',#5348,1.);
#5348 = DIRECTION('',(4.937700262165E-15,-0.707106781187,-0.707106781187
    ));
#5349 = ORIENTED_EDGE('',*,*,#5350,.T.);
#5350 = EDGE_CURVE('',#5343,#5325,#5351,.T.);
#5351 = LINE('',#5352,#5353);
#5352 = CARTESIAN_POINT('',(1.35,1.4,-1.9));
#5353 = VECTOR('',#5354,1.);
#5354 = DIRECTION('',(-1.,0.,-6.982962677686E-15));
#5355 = PLANE('',#5356);
#5356 = AXIS2_PLACEMENT_3D('',#5357,#5358,#5359);
#5357 = CARTESIAN_POINT('',(1.35,0.95,-2.35));
#5358 = DIRECTION('',(4.937700262165E-15,0.707106781187,-0.707106781187)
  );
#5359 = DIRECTION('',(-1.,-3.944304526105E-31,-6.982962677686E-15));
#5360 = ADVANCED_FACE('',(#5361,#5367),#5392,.F.);
#5361 = FACE_BOUND('',#5362,.T.);
#5362 = EDGE_LOOP('',(#5363,#5364,#5365,#5366));
#5363 = ORIENTED_EDGE('',*,*,#5308,.F.);
#5364 = ORIENTED_EDGE('',*,*,#5236,.F.);
#5365 = ORIENTED_EDGE('',*,*,#5267,.F.);
#5366 = ORIENTED_EDGE('',*,*,#5291,.F.);
#5367 = FACE_BOUND('',#5368,.T.);
#5368 = EDGE_LOOP('',(#5369,#5377,#5385,#5391));
#5369 = ORIENTED_EDGE('',*,*,#5370,.T.);
#5370 = EDGE_CURVE('',#5327,#5371,#5373,.T.);
#5371 = VERTEX_POINT('',#5372);
#5372 = CARTESIAN_POINT('',(0.65,0.95,-3.85));
#5373 = LINE('',#5374,#5375);
#5374 = CARTESIAN_POINT('',(0.65,0.95,-3.85));
#5375 = VECTOR('',#5376,1.);
#5376 = DIRECTION('',(6.982962677686E-15,0.,-1.));
#5377 = ORIENTED_EDGE('',*,*,#5378,.F.);
#5378 = EDGE_CURVE('',#5379,#5371,#5381,.T.);
#5379 = VERTEX_POINT('',#5380);
#5380 = CARTESIAN_POINT('',(1.35,0.95,-3.85));
#5381 = LINE('',#5382,#5383);
#5382 = CARTESIAN_POINT('',(1.35,0.95,-3.85));
#5383 = VECTOR('',#5384,1.);
#5384 = DIRECTION('',(-1.,0.,-6.982962677686E-15));
#5385 = ORIENTED_EDGE('',*,*,#5386,.F.);
#5386 = EDGE_CURVE('',#5335,#5379,#5387,.T.);
#5387 = LINE('',#5388,#5389);
#5388 = CARTESIAN_POINT('',(1.35,0.95,-3.85));
#5389 = VECTOR('',#5390,1.);
#5390 = DIRECTION('',(6.982962677686E-15,0.,-1.));
#5391 = ORIENTED_EDGE('',*,*,#5334,.T.);
#5392 = PLANE('',#5393);
#5393 = AXIS2_PLACEMENT_3D('',#5394,#5395,#5396);
#5394 = CARTESIAN_POINT('',(1.35,0.95,-3.85));
#5395 = DIRECTION('',(-0.,1.,0.));
#5396 = DIRECTION('',(1.,0.,0.));
#5397 = ADVANCED_FACE('',(#5398),#5414,.F.);
#5398 = FACE_BOUND('',#5399,.T.);
#5399 = EDGE_LOOP('',(#5400,#5401,#5407,#5408));
#5400 = ORIENTED_EDGE('',*,*,#3632,.T.);
#5401 = ORIENTED_EDGE('',*,*,#5402,.F.);
#5402 = EDGE_CURVE('',#1372,#3625,#5403,.T.);
#5403 = LINE('',#5404,#5405);
#5404 = CARTESIAN_POINT('',(0.297594680866,3.295668959502,
    -3.095668959502));
#5405 = VECTOR('',#5406,1.);
#5406 = DIRECTION('',(4.938538910367E-02,0.706243967529,-0.706243967529)
  );
#5407 = ORIENTED_EDGE('',*,*,#1371,.T.);
#5408 = ORIENTED_EDGE('',*,*,#5409,.F.);
#5409 = EDGE_CURVE('',#3633,#1364,#5410,.T.);
#5410 = LINE('',#5411,#5412);
#5411 = CARTESIAN_POINT('',(1.702405319133,3.295668959502,
    -3.095668959502));
#5412 = VECTOR('',#5413,1.);
#5413 = DIRECTION('',(4.938538910366E-02,-0.706243967529,0.706243967529)
  );
#5414 = PLANE('',#5415);
#5415 = AXIS2_PLACEMENT_3D('',#5416,#5417,#5418);
#5416 = CARTESIAN_POINT('',(10.,1.9,-1.7));
#5417 = DIRECTION('',(4.937700262165E-15,-0.707106781187,-0.707106781187
    ));
#5418 = DIRECTION('',(0.,0.707106781187,-0.707106781187));
#5419 = ADVANCED_FACE('',(#5420),#5445,.F.);
#5420 = FACE_BOUND('',#5421,.T.);
#5421 = EDGE_LOOP('',(#5422,#5423,#5431,#5439));
#5422 = ORIENTED_EDGE('',*,*,#1494,.T.);
#5423 = ORIENTED_EDGE('',*,*,#5424,.T.);
#5424 = EDGE_CURVE('',#1487,#5425,#5427,.T.);
#5425 = VERTEX_POINT('',#5426);
#5426 = CARTESIAN_POINT('',(2.2,4.2,-0.6));
#5427 = LINE('',#5428,#5429);
#5428 = CARTESIAN_POINT('',(2.2,4.2,-0.6));
#5429 = VECTOR('',#5430,1.);
#5430 = DIRECTION('',(6.982962677686E-15,0.,-1.));
#5431 = ORIENTED_EDGE('',*,*,#5432,.F.);
#5432 = EDGE_CURVE('',#5433,#5425,#5435,.T.);
#5433 = VERTEX_POINT('',#5434);
#5434 = CARTESIAN_POINT('',(1.8,4.2,-0.6));
#5435 = LINE('',#5436,#5437);
#5436 = CARTESIAN_POINT('',(1.8,4.2,-0.6));
#5437 = VECTOR('',#5438,1.);
#5438 = DIRECTION('',(1.,0.,6.982962677686E-15));
#5439 = ORIENTED_EDGE('',*,*,#5440,.F.);
#5440 = EDGE_CURVE('',#1495,#5433,#5441,.T.);
#5441 = LINE('',#5442,#5443);
#5442 = CARTESIAN_POINT('',(1.8,4.2,-0.6));
#5443 = VECTOR('',#5444,1.);
#5444 = DIRECTION('',(6.982962677686E-15,0.,-1.));
#5445 = PLANE('',#5446);
#5446 = AXIS2_PLACEMENT_3D('',#5447,#5448,#5449);
#5447 = CARTESIAN_POINT('',(1.8,4.2,-0.6));
#5448 = DIRECTION('',(0.,-1.,0.));
#5449 = DIRECTION('',(0.,0.,-1.));
#5450 = ADVANCED_FACE('',(#5451),#5476,.F.);
#5451 = FACE_BOUND('',#5452,.T.);
#5452 = EDGE_LOOP('',(#5453,#5454,#5462,#5470));
#5453 = ORIENTED_EDGE('',*,*,#5432,.T.);
#5454 = ORIENTED_EDGE('',*,*,#5455,.T.);
#5455 = EDGE_CURVE('',#5425,#5456,#5458,.T.);
#5456 = VERTEX_POINT('',#5457);
#5457 = CARTESIAN_POINT('',(2.2,3.940192378865,-0.75));
#5458 = LINE('',#5459,#5460);
#5459 = CARTESIAN_POINT('',(2.2,3.940192378865,-0.75));
#5460 = VECTOR('',#5461,1.);
#5461 = DIRECTION('',(3.491481338843E-15,-0.866025403784,-0.5));
#5462 = ORIENTED_EDGE('',*,*,#5463,.F.);
#5463 = EDGE_CURVE('',#5464,#5456,#5466,.T.);
#5464 = VERTEX_POINT('',#5465);
#5465 = CARTESIAN_POINT('',(1.8,3.940192378865,-0.75));
#5466 = LINE('',#5467,#5468);
#5467 = CARTESIAN_POINT('',(1.8,3.940192378865,-0.75));
#5468 = VECTOR('',#5469,1.);
#5469 = DIRECTION('',(1.,0.,6.982962677686E-15));
#5470 = ORIENTED_EDGE('',*,*,#5471,.F.);
#5471 = EDGE_CURVE('',#5433,#5464,#5472,.T.);
#5472 = LINE('',#5473,#5474);
#5473 = CARTESIAN_POINT('',(1.8,3.940192378865,-0.75));
#5474 = VECTOR('',#5475,1.);
#5475 = DIRECTION('',(3.491481338843E-15,-0.866025403784,-0.5));
#5476 = PLANE('',#5477);
#5477 = AXIS2_PLACEMENT_3D('',#5478,#5479,#5480);
#5478 = CARTESIAN_POINT('',(1.8,3.940192378865,-0.75));
#5479 = DIRECTION('',(-6.047423072555E-15,-0.5,0.866025403784));
#5480 = DIRECTION('',(-1.,1.209484614511E-14,-7.88860905221E-31));
#5481 = ADVANCED_FACE('',(#5482),#5494,.F.);
#5482 = FACE_BOUND('',#5483,.T.);
#5483 = EDGE_LOOP('',(#5484,#5485,#5486,#5487,#5493));
#5484 = ORIENTED_EDGE('',*,*,#1502,.T.);
#5485 = ORIENTED_EDGE('',*,*,#5440,.T.);
#5486 = ORIENTED_EDGE('',*,*,#5471,.T.);
#5487 = ORIENTED_EDGE('',*,*,#5488,.T.);
#5488 = EDGE_CURVE('',#5464,#1238,#5489,.T.);
#5489 = LINE('',#5490,#5491);
#5490 = CARTESIAN_POINT('',(1.8,1.9,-0.75));
#5491 = VECTOR('',#5492,1.);
#5492 = DIRECTION('',(0.,-1.,0.));
#5493 = ORIENTED_EDGE('',*,*,#1237,.T.);
#5494 = PLANE('',#5495);
#5495 = AXIS2_PLACEMENT_3D('',#5496,#5497,#5498);
#5496 = CARTESIAN_POINT('',(1.8,0.15,-2.25));
#5497 = DIRECTION('',(1.,0.,6.982962677686E-15));
#5498 = DIRECTION('',(-6.982962677686E-15,0.,1.));
#5499 = ADVANCED_FACE('',(#5500),#5516,.F.);
#5500 = FACE_BOUND('',#5501,.T.);
#5501 = EDGE_LOOP('',(#5502,#5508,#5509,#5515));
#5502 = ORIENTED_EDGE('',*,*,#5503,.T.);
#5503 = EDGE_CURVE('',#5371,#1842,#5504,.T.);
#5504 = LINE('',#5505,#5506);
#5505 = CARTESIAN_POINT('',(0.65,0.15,-3.85));
#5506 = VECTOR('',#5507,1.);
#5507 = DIRECTION('',(0.,-1.,0.));
#5508 = ORIENTED_EDGE('',*,*,#1841,.F.);
#5509 = ORIENTED_EDGE('',*,*,#5510,.F.);
#5510 = EDGE_CURVE('',#5379,#1834,#5511,.T.);
#5511 = LINE('',#5512,#5513);
#5512 = CARTESIAN_POINT('',(1.35,0.15,-3.85));
#5513 = VECTOR('',#5514,1.);
#5514 = DIRECTION('',(0.,-1.,0.));
#5515 = ORIENTED_EDGE('',*,*,#5378,.T.);
#5516 = PLANE('',#5517);
#5517 = AXIS2_PLACEMENT_3D('',#5518,#5519,#5520);
#5518 = CARTESIAN_POINT('',(1.35,0.15,-3.85));
#5519 = DIRECTION('',(6.982962677686E-15,0.,-1.));
#5520 = DIRECTION('',(0.,-1.,0.));
#5521 = ADVANCED_FACE('',(#5522),#5538,.F.);
#5522 = FACE_BOUND('',#5523,.T.);
#5523 = EDGE_LOOP('',(#5524,#5530,#5531,#5537));
#5524 = ORIENTED_EDGE('',*,*,#5525,.T.);
#5525 = EDGE_CURVE('',#2233,#5325,#5526,.T.);
#5526 = LINE('',#5527,#5528);
#5527 = CARTESIAN_POINT('',(0.65,1.4,-1.9));
#5528 = VECTOR('',#5529,1.);
#5529 = DIRECTION('',(6.982962677686E-15,0.,-1.));
#5530 = ORIENTED_EDGE('',*,*,#5350,.F.);
#5531 = ORIENTED_EDGE('',*,*,#5532,.F.);
#5532 = EDGE_CURVE('',#2241,#5343,#5533,.T.);
#5533 = LINE('',#5534,#5535);
#5534 = CARTESIAN_POINT('',(1.35,1.4,-1.9));
#5535 = VECTOR('',#5536,1.);
#5536 = DIRECTION('',(6.982962677686E-15,0.,-1.));
#5537 = ORIENTED_EDGE('',*,*,#2240,.T.);
#5538 = PLANE('',#5539);
#5539 = AXIS2_PLACEMENT_3D('',#5540,#5541,#5542);
#5540 = CARTESIAN_POINT('',(1.35,1.4,-1.9));
#5541 = DIRECTION('',(-0.,1.,0.));
#5542 = DIRECTION('',(1.,0.,0.));
#5543 = ADVANCED_FACE('',(#5544),#5554,.T.);
#5544 = FACE_BOUND('',#5545,.T.);
#5545 = EDGE_LOOP('',(#5546,#5547,#5548,#5549,#5550,#5551,#5552,#5553));
#5546 = ORIENTED_EDGE('',*,*,#3845,.F.);
#5547 = ORIENTED_EDGE('',*,*,#1849,.F.);
#5548 = ORIENTED_EDGE('',*,*,#5503,.F.);
#5549 = ORIENTED_EDGE('',*,*,#5370,.F.);
#5550 = ORIENTED_EDGE('',*,*,#5324,.F.);
#5551 = ORIENTED_EDGE('',*,*,#5525,.F.);
#5552 = ORIENTED_EDGE('',*,*,#2232,.F.);
#5553 = ORIENTED_EDGE('',*,*,#3828,.F.);
#5554 = PLANE('',#5555);
#5555 = AXIS2_PLACEMENT_3D('',#5556,#5557,#5558);
#5556 = CARTESIAN_POINT('',(0.65,0.15,-2.25));
#5557 = DIRECTION('',(1.,0.,6.982962677686E-15));
#5558 = DIRECTION('',(-6.982962677686E-15,0.,1.));
#5559 = ADVANCED_FACE('',(#5560),#5566,.T.);
#5560 = FACE_BOUND('',#5561,.T.);
#5561 = EDGE_LOOP('',(#5562,#5563,#5564,#5565));
#5562 = ORIENTED_EDGE('',*,*,#3640,.F.);
#5563 = ORIENTED_EDGE('',*,*,#5409,.T.);
#5564 = ORIENTED_EDGE('',*,*,#1363,.T.);
#5565 = ORIENTED_EDGE('',*,*,#108,.T.);
#5566 = PLANE('',#5567);
#5567 = AXIS2_PLACEMENT_3D('',#5568,#5569,#5570);
#5568 = CARTESIAN_POINT('',(1.8,1.9,-4.4981624039));
#5569 = DIRECTION('',(0.99756405026,6.975647374413E-02,
    6.965952531566E-15));
#5570 = DIRECTION('',(0.,9.986101873667E-14,-1.));
#5571 = ADVANCED_FACE('',(#5572),#5578,.T.);
#5572 = FACE_BOUND('',#5573,.T.);
#5573 = EDGE_LOOP('',(#5574,#5575,#5576,#5577));
#5574 = ORIENTED_EDGE('',*,*,#1379,.T.);
#5575 = ORIENTED_EDGE('',*,*,#5402,.T.);
#5576 = ORIENTED_EDGE('',*,*,#3624,.F.);
#5577 = ORIENTED_EDGE('',*,*,#130,.T.);
#5578 = PLANE('',#5579);
#5579 = AXIS2_PLACEMENT_3D('',#5580,#5581,#5582);
#5580 = CARTESIAN_POINT('',(0.2,1.9,-4.4981624039));
#5581 = DIRECTION('',(-0.99756405026,6.975647374413E-02,
    -6.965952531566E-15));
#5582 = DIRECTION('',(-6.982962677686E-15,9.860761315263E-32,1.));
#5583 = ADVANCED_FACE('',(#5584),#5591,.T.);
#5584 = FACE_BOUND('',#5585,.T.);
#5585 = EDGE_LOOP('',(#5586,#5587,#5588,#5589,#5590));
#5586 = ORIENTED_EDGE('',*,*,#1509,.F.);
#5587 = ORIENTED_EDGE('',*,*,#1221,.F.);
#5588 = ORIENTED_EDGE('',*,*,#3862,.F.);
#5589 = ORIENTED_EDGE('',*,*,#3491,.F.);
#5590 = ORIENTED_EDGE('',*,*,#3460,.F.);
#5591 = PLANE('',#5592);
#5592 = AXIS2_PLACEMENT_3D('',#5593,#5594,#5595);
#5593 = CARTESIAN_POINT('',(0.2,0.15,-2.25));
#5594 = DIRECTION('',(1.,0.,6.982962677686E-15));
#5595 = DIRECTION('',(-6.982962677686E-15,0.,1.));
#5596 = ADVANCED_FACE('',(#5597),#5619,.F.);
#5597 = FACE_BOUND('',#5598,.T.);
#5598 = EDGE_LOOP('',(#5599,#5600,#5608,#5614,#5615,#5616,#5617,#5618));
#5599 = ORIENTED_EDGE('',*,*,#1833,.T.);
#5600 = ORIENTED_EDGE('',*,*,#5601,.T.);
#5601 = EDGE_CURVE('',#1826,#5602,#5604,.T.);
#5602 = VERTEX_POINT('',#5603);
#5603 = CARTESIAN_POINT('',(1.35,0.45,-0.55));
#5604 = LINE('',#5605,#5606);
#5605 = CARTESIAN_POINT('',(1.35,0.15,-0.55));
#5606 = VECTOR('',#5607,1.);
#5607 = DIRECTION('',(0.,1.,0.));
#5608 = ORIENTED_EDGE('',*,*,#5609,.T.);
#5609 = EDGE_CURVE('',#5602,#2067,#5610,.T.);
#5610 = LINE('',#5611,#5612);
#5611 = CARTESIAN_POINT('',(1.35,0.45,-2.25));
#5612 = VECTOR('',#5613,1.);
#5613 = DIRECTION('',(-6.982962677686E-15,1.355252715607E-16,1.));
#5614 = ORIENTED_EDGE('',*,*,#2248,.T.);
#5615 = ORIENTED_EDGE('',*,*,#5532,.T.);
#5616 = ORIENTED_EDGE('',*,*,#5342,.T.);
#5617 = ORIENTED_EDGE('',*,*,#5386,.T.);
#5618 = ORIENTED_EDGE('',*,*,#5510,.T.);
#5619 = PLANE('',#5620);
#5620 = AXIS2_PLACEMENT_3D('',#5621,#5622,#5623);
#5621 = CARTESIAN_POINT('',(1.35,0.15,-2.25));
#5622 = DIRECTION('',(1.,0.,6.982962677686E-15));
#5623 = DIRECTION('',(-6.982962677686E-15,0.,1.));
#5624 = ADVANCED_FACE('',(#5625),#5643,.F.);
#5625 = FACE_BOUND('',#5626,.T.);
#5626 = EDGE_LOOP('',(#5627,#5635,#5641,#5642));
#5627 = ORIENTED_EDGE('',*,*,#5628,.F.);
#5628 = EDGE_CURVE('',#5629,#5602,#5631,.T.);
#5629 = VERTEX_POINT('',#5630);
#5630 = CARTESIAN_POINT('',(2.65,0.45,-0.55));
#5631 = LINE('',#5632,#5633);
#5632 = CARTESIAN_POINT('',(10.,0.45,-0.55));
#5633 = VECTOR('',#5634,1.);
#5634 = DIRECTION('',(-1.,0.,-6.982962677686E-15));
#5635 = ORIENTED_EDGE('',*,*,#5636,.T.);
#5636 = EDGE_CURVE('',#5629,#2065,#5637,.T.);
#5637 = LINE('',#5638,#5639);
#5638 = CARTESIAN_POINT('',(2.65,0.45,-2.25));
#5639 = VECTOR('',#5640,1.);
#5640 = DIRECTION('',(-6.982962677686E-15,1.355252715607E-16,1.));
#5641 = ORIENTED_EDGE('',*,*,#2064,.T.);
#5642 = ORIENTED_EDGE('',*,*,#5609,.F.);
#5643 = PLANE('',#5644);
#5644 = AXIS2_PLACEMENT_3D('',#5645,#5646,#5647);
#5645 = CARTESIAN_POINT('',(10.,0.45,0.25));
#5646 = DIRECTION('',(9.463679131916E-31,1.,-1.355252715607E-16));
#5647 = DIRECTION('',(0.,-1.355252715607E-16,-1.));
#5648 = ADVANCED_FACE('',(#5649),#5660,.F.);
#5649 = FACE_BOUND('',#5650,.T.);
#5650 = EDGE_LOOP('',(#5651,#5652,#5658,#5659));
#5651 = ORIENTED_EDGE('',*,*,#1825,.F.);
#5652 = ORIENTED_EDGE('',*,*,#5653,.T.);
#5653 = EDGE_CURVE('',#1818,#5629,#5654,.T.);
#5654 = LINE('',#5655,#5656);
#5655 = CARTESIAN_POINT('',(2.65,0.15,-0.55));
#5656 = VECTOR('',#5657,1.);
#5657 = DIRECTION('',(0.,1.,0.));
#5658 = ORIENTED_EDGE('',*,*,#5628,.T.);
#5659 = ORIENTED_EDGE('',*,*,#5601,.F.);
#5660 = PLANE('',#5661);
#5661 = AXIS2_PLACEMENT_3D('',#5662,#5663,#5664);
#5662 = CARTESIAN_POINT('',(10.,0.15,-0.55));
#5663 = DIRECTION('',(6.982962677686E-15,0.,-1.));
#5664 = DIRECTION('',(0.,-1.,0.));
#5665 = ADVANCED_FACE('',(#5666),#5677,.F.);
#5666 = FACE_BOUND('',#5667,.T.);
#5667 = EDGE_LOOP('',(#5668,#5669,#5675,#5676));
#5668 = ORIENTED_EDGE('',*,*,#5463,.T.);
#5669 = ORIENTED_EDGE('',*,*,#5670,.T.);
#5670 = EDGE_CURVE('',#5456,#1246,#5671,.T.);
#5671 = LINE('',#5672,#5673);
#5672 = CARTESIAN_POINT('',(2.2,1.9,-0.75));
#5673 = VECTOR('',#5674,1.);
#5674 = DIRECTION('',(0.,-1.,0.));
#5675 = ORIENTED_EDGE('',*,*,#1245,.F.);
#5676 = ORIENTED_EDGE('',*,*,#5488,.F.);
#5677 = PLANE('',#5678);
#5678 = AXIS2_PLACEMENT_3D('',#5679,#5680,#5681);
#5679 = CARTESIAN_POINT('',(1.8,1.9,-0.75));
#5680 = DIRECTION('',(-6.982962677686E-15,0.,1.));
#5681 = DIRECTION('',(1.,0.,6.982962677686E-15));
#5682 = ADVANCED_FACE('',(#5683),#5708,.F.);
#5683 = FACE_BOUND('',#5684,.T.);
#5684 = EDGE_LOOP('',(#5685,#5693,#5701,#5707));
#5685 = ORIENTED_EDGE('',*,*,#5686,.F.);
#5686 = EDGE_CURVE('',#5687,#3746,#5689,.T.);
#5687 = VERTEX_POINT('',#5688);
#5688 = CARTESIAN_POINT('',(2.75,0.95,-3.1));
#5689 = LINE('',#5690,#5691);
#5690 = CARTESIAN_POINT('',(2.75,2.141299290659E-15,-3.1));
#5691 = VECTOR('',#5692,1.);
#5692 = DIRECTION('',(0.,1.,0.));
#5693 = ORIENTED_EDGE('',*,*,#5694,.T.);
#5694 = EDGE_CURVE('',#5687,#5695,#5697,.T.);
#5695 = VERTEX_POINT('',#5696);
#5696 = CARTESIAN_POINT('',(3.25,0.95,-3.1));
#5697 = LINE('',#5698,#5699);
#5698 = CARTESIAN_POINT('',(2.75,0.95,-3.1));
#5699 = VECTOR('',#5700,1.);
#5700 = DIRECTION('',(1.,0.,6.549281808692E-15));
#5701 = ORIENTED_EDGE('',*,*,#5702,.T.);
#5702 = EDGE_CURVE('',#5695,#3730,#5703,.T.);
#5703 = LINE('',#5704,#5705);
#5704 = CARTESIAN_POINT('',(3.25,2.141299290659E-15,-3.1));
#5705 = VECTOR('',#5706,1.);
#5706 = DIRECTION('',(0.,1.,0.));
#5707 = ORIENTED_EDGE('',*,*,#3753,.T.);
#5708 = PLANE('',#5709);
#5709 = AXIS2_PLACEMENT_3D('',#5710,#5711,#5712);
#5710 = CARTESIAN_POINT('',(2.75,2.141299290659E-15,-3.1));
#5711 = DIRECTION('',(6.549281808692E-15,0.,-1.));
#5712 = DIRECTION('',(0.,-1.,0.));
#5713 = ADVANCED_FACE('',(#5714),#5732,.F.);
#5714 = FACE_BOUND('',#5715,.T.);
#5715 = EDGE_LOOP('',(#5716,#5724,#5730,#5731));
#5716 = ORIENTED_EDGE('',*,*,#5717,.F.);
#5717 = EDGE_CURVE('',#5718,#3738,#5720,.T.);
#5718 = VERTEX_POINT('',#5719);
#5719 = CARTESIAN_POINT('',(2.75,0.95,-2.6));
#5720 = LINE('',#5721,#5722);
#5721 = CARTESIAN_POINT('',(2.75,2.141299290659E-15,-2.6));
#5722 = VECTOR('',#5723,1.);
#5723 = DIRECTION('',(0.,1.,0.));
#5724 = ORIENTED_EDGE('',*,*,#5725,.T.);
#5725 = EDGE_CURVE('',#5718,#5687,#5726,.T.);
#5726 = LINE('',#5727,#5728);
#5727 = CARTESIAN_POINT('',(2.75,0.95,-3.1));
#5728 = VECTOR('',#5729,1.);
#5729 = DIRECTION('',(6.982962677686E-15,0.,-1.));
#5730 = ORIENTED_EDGE('',*,*,#5686,.T.);
#5731 = ORIENTED_EDGE('',*,*,#3745,.T.);
#5732 = PLANE('',#5733);
#5733 = AXIS2_PLACEMENT_3D('',#5734,#5735,#5736);
#5734 = CARTESIAN_POINT('',(2.75,2.141299290659E-15,-3.1));
#5735 = DIRECTION('',(-1.,0.,-6.982962677686E-15));
#5736 = DIRECTION('',(-6.982962677686E-15,0.,1.));
#5737 = ADVANCED_FACE('',(#5738),#5756,.F.);
#5738 = FACE_BOUND('',#5739,.T.);
#5739 = EDGE_LOOP('',(#5740,#5748,#5754,#5755));
#5740 = ORIENTED_EDGE('',*,*,#5741,.F.);
#5741 = EDGE_CURVE('',#5742,#3728,#5744,.T.);
#5742 = VERTEX_POINT('',#5743);
#5743 = CARTESIAN_POINT('',(3.25,0.95,-2.6));
#5744 = LINE('',#5745,#5746);
#5745 = CARTESIAN_POINT('',(3.25,2.141299290659E-15,-2.6));
#5746 = VECTOR('',#5747,1.);
#5747 = DIRECTION('',(0.,1.,0.));
#5748 = ORIENTED_EDGE('',*,*,#5749,.T.);
#5749 = EDGE_CURVE('',#5742,#5718,#5750,.T.);
#5750 = LINE('',#5751,#5752);
#5751 = CARTESIAN_POINT('',(2.75,0.95,-2.6));
#5752 = VECTOR('',#5753,1.);
#5753 = DIRECTION('',(-1.,0.,-6.982962677686E-15));
#5754 = ORIENTED_EDGE('',*,*,#5717,.T.);
#5755 = ORIENTED_EDGE('',*,*,#3737,.T.);
#5756 = PLANE('',#5757);
#5757 = AXIS2_PLACEMENT_3D('',#5758,#5759,#5760);
#5758 = CARTESIAN_POINT('',(2.75,2.141299290659E-15,-2.6));
#5759 = DIRECTION('',(-6.982962677686E-15,0.,1.));
#5760 = DIRECTION('',(1.,0.,6.982962677686E-15));
#5761 = ADVANCED_FACE('',(#5762),#5773,.F.);
#5762 = FACE_BOUND('',#5763,.T.);
#5763 = EDGE_LOOP('',(#5764,#5765,#5771,#5772));
#5764 = ORIENTED_EDGE('',*,*,#5702,.F.);
#5765 = ORIENTED_EDGE('',*,*,#5766,.T.);
#5766 = EDGE_CURVE('',#5695,#5742,#5767,.T.);
#5767 = LINE('',#5768,#5769);
#5768 = CARTESIAN_POINT('',(3.25,0.95,-3.1));
#5769 = VECTOR('',#5770,1.);
#5770 = DIRECTION('',(-6.982962677686E-15,0.,1.));
#5771 = ORIENTED_EDGE('',*,*,#5741,.T.);
#5772 = ORIENTED_EDGE('',*,*,#3727,.T.);
#5773 = PLANE('',#5774);
#5774 = AXIS2_PLACEMENT_3D('',#5775,#5776,#5777);
#5775 = CARTESIAN_POINT('',(3.25,2.141299290659E-15,-3.1));
#5776 = DIRECTION('',(1.,0.,6.982962677686E-15));
#5777 = DIRECTION('',(-6.982962677686E-15,0.,1.));
#5778 = ADVANCED_FACE('',(#5779),#5813,.F.);
#5779 = FACE_BOUND('',#5780,.T.);
#5780 = EDGE_LOOP('',(#5781,#5791,#5799,#5807));
#5781 = ORIENTED_EDGE('',*,*,#5782,.T.);
#5782 = EDGE_CURVE('',#5783,#5785,#5787,.T.);
#5783 = VERTEX_POINT('',#5784);
#5784 = CARTESIAN_POINT('',(2.65,1.4,-1.9));
#5785 = VERTEX_POINT('',#5786);
#5786 = CARTESIAN_POINT('',(2.65,0.95,-2.35));
#5787 = LINE('',#5788,#5789);
#5788 = CARTESIAN_POINT('',(2.65,0.95,-2.35));
#5789 = VECTOR('',#5790,1.);
#5790 = DIRECTION('',(4.937700262165E-15,-0.707106781187,-0.707106781187
    ));
#5791 = ORIENTED_EDGE('',*,*,#5792,.F.);
#5792 = EDGE_CURVE('',#5793,#5785,#5795,.T.);
#5793 = VERTEX_POINT('',#5794);
#5794 = CARTESIAN_POINT('',(3.35,0.95,-2.35));
#5795 = LINE('',#5796,#5797);
#5796 = CARTESIAN_POINT('',(3.35,0.95,-2.35));
#5797 = VECTOR('',#5798,1.);
#5798 = DIRECTION('',(-1.,0.,-6.982962677686E-15));
#5799 = ORIENTED_EDGE('',*,*,#5800,.F.);
#5800 = EDGE_CURVE('',#5801,#5793,#5803,.T.);
#5801 = VERTEX_POINT('',#5802);
#5802 = CARTESIAN_POINT('',(3.35,1.4,-1.9));
#5803 = LINE('',#5804,#5805);
#5804 = CARTESIAN_POINT('',(3.35,0.95,-2.35));
#5805 = VECTOR('',#5806,1.);
#5806 = DIRECTION('',(4.937700262165E-15,-0.707106781187,-0.707106781187
    ));
#5807 = ORIENTED_EDGE('',*,*,#5808,.T.);
#5808 = EDGE_CURVE('',#5801,#5783,#5809,.T.);
#5809 = LINE('',#5810,#5811);
#5810 = CARTESIAN_POINT('',(3.35,1.4,-1.9));
#5811 = VECTOR('',#5812,1.);
#5812 = DIRECTION('',(-1.,0.,-6.982962677686E-15));
#5813 = PLANE('',#5814);
#5814 = AXIS2_PLACEMENT_3D('',#5815,#5816,#5817);
#5815 = CARTESIAN_POINT('',(3.35,0.95,-2.35));
#5816 = DIRECTION('',(4.937700262165E-15,0.707106781187,-0.707106781187)
  );
#5817 = DIRECTION('',(-1.,-3.944304526105E-31,-6.982962677686E-15));
#5818 = ADVANCED_FACE('',(#5819,#5825),#5850,.F.);
#5819 = FACE_BOUND('',#5820,.T.);
#5820 = EDGE_LOOP('',(#5821,#5822,#5823,#5824));
#5821 = ORIENTED_EDGE('',*,*,#5766,.F.);
#5822 = ORIENTED_EDGE('',*,*,#5694,.F.);
#5823 = ORIENTED_EDGE('',*,*,#5725,.F.);
#5824 = ORIENTED_EDGE('',*,*,#5749,.F.);
#5825 = FACE_BOUND('',#5826,.T.);
#5826 = EDGE_LOOP('',(#5827,#5835,#5843,#5849));
#5827 = ORIENTED_EDGE('',*,*,#5828,.T.);
#5828 = EDGE_CURVE('',#5785,#5829,#5831,.T.);
#5829 = VERTEX_POINT('',#5830);
#5830 = CARTESIAN_POINT('',(2.65,0.95,-3.85));
#5831 = LINE('',#5832,#5833);
#5832 = CARTESIAN_POINT('',(2.65,0.95,-3.85));
#5833 = VECTOR('',#5834,1.);
#5834 = DIRECTION('',(6.982962677686E-15,0.,-1.));
#5835 = ORIENTED_EDGE('',*,*,#5836,.F.);
#5836 = EDGE_CURVE('',#5837,#5829,#5839,.T.);
#5837 = VERTEX_POINT('',#5838);
#5838 = CARTESIAN_POINT('',(3.35,0.95,-3.85));
#5839 = LINE('',#5840,#5841);
#5840 = CARTESIAN_POINT('',(3.35,0.95,-3.85));
#5841 = VECTOR('',#5842,1.);
#5842 = DIRECTION('',(-1.,0.,-6.982962677686E-15));
#5843 = ORIENTED_EDGE('',*,*,#5844,.F.);
#5844 = EDGE_CURVE('',#5793,#5837,#5845,.T.);
#5845 = LINE('',#5846,#5847);
#5846 = CARTESIAN_POINT('',(3.35,0.95,-3.85));
#5847 = VECTOR('',#5848,1.);
#5848 = DIRECTION('',(6.982962677686E-15,0.,-1.));
#5849 = ORIENTED_EDGE('',*,*,#5792,.T.);
#5850 = PLANE('',#5851);
#5851 = AXIS2_PLACEMENT_3D('',#5852,#5853,#5854);
#5852 = CARTESIAN_POINT('',(3.35,0.95,-3.85));
#5853 = DIRECTION('',(-0.,1.,0.));
#5854 = DIRECTION('',(1.,0.,0.));
#5855 = ADVANCED_FACE('',(#5856),#5872,.F.);
#5856 = FACE_BOUND('',#5857,.T.);
#5857 = EDGE_LOOP('',(#5858,#5859,#5865,#5866));
#5858 = ORIENTED_EDGE('',*,*,#3655,.T.);
#5859 = ORIENTED_EDGE('',*,*,#5860,.F.);
#5860 = EDGE_CURVE('',#1349,#3648,#5861,.T.);
#5861 = LINE('',#5862,#5863);
#5862 = CARTESIAN_POINT('',(2.297594680866,3.295668959502,
    -3.095668959502));
#5863 = VECTOR('',#5864,1.);
#5864 = DIRECTION('',(4.938538910367E-02,0.706243967529,-0.706243967529)
  );
#5865 = ORIENTED_EDGE('',*,*,#1348,.T.);
#5866 = ORIENTED_EDGE('',*,*,#5867,.F.);
#5867 = EDGE_CURVE('',#3656,#1341,#5868,.T.);
#5868 = LINE('',#5869,#5870);
#5869 = CARTESIAN_POINT('',(3.702405319133,3.295668959502,
    -3.095668959502));
#5870 = VECTOR('',#5871,1.);
#5871 = DIRECTION('',(4.938538910366E-02,-0.706243967529,0.706243967529)
  );
#5872 = PLANE('',#5873);
#5873 = AXIS2_PLACEMENT_3D('',#5874,#5875,#5876);
#5874 = CARTESIAN_POINT('',(12.,1.9,-1.7));
#5875 = DIRECTION('',(4.937700262165E-15,-0.707106781187,-0.707106781187
    ));
#5876 = DIRECTION('',(0.,0.707106781187,-0.707106781187));
#5877 = ADVANCED_FACE('',(#5878),#5885,.F.);
#5878 = FACE_BOUND('',#5879,.T.);
#5879 = EDGE_LOOP('',(#5880,#5881,#5882,#5883,#5884));
#5880 = ORIENTED_EDGE('',*,*,#1479,.T.);
#5881 = ORIENTED_EDGE('',*,*,#5029,.T.);
#5882 = ORIENTED_EDGE('',*,*,#5046,.T.);
#5883 = ORIENTED_EDGE('',*,*,#5005,.T.);
#5884 = ORIENTED_EDGE('',*,*,#1269,.T.);
#5885 = PLANE('',#5886);
#5886 = AXIS2_PLACEMENT_3D('',#5887,#5888,#5889);
#5887 = CARTESIAN_POINT('',(3.8,0.15,-2.25));
#5888 = DIRECTION('',(1.,0.,6.982962677686E-15));
#5889 = DIRECTION('',(-6.982962677686E-15,0.,1.));
#5890 = ADVANCED_FACE('',(#5891),#5907,.F.);
#5891 = FACE_BOUND('',#5892,.T.);
#5892 = EDGE_LOOP('',(#5893,#5899,#5900,#5906));
#5893 = ORIENTED_EDGE('',*,*,#5894,.T.);
#5894 = EDGE_CURVE('',#5829,#1810,#5895,.T.);
#5895 = LINE('',#5896,#5897);
#5896 = CARTESIAN_POINT('',(2.65,0.15,-3.85));
#5897 = VECTOR('',#5898,1.);
#5898 = DIRECTION('',(0.,-1.,0.));
#5899 = ORIENTED_EDGE('',*,*,#1809,.F.);
#5900 = ORIENTED_EDGE('',*,*,#5901,.F.);
#5901 = EDGE_CURVE('',#5837,#1802,#5902,.T.);
#5902 = LINE('',#5903,#5904);
#5903 = CARTESIAN_POINT('',(3.35,0.15,-3.85));
#5904 = VECTOR('',#5905,1.);
#5905 = DIRECTION('',(0.,-1.,0.));
#5906 = ORIENTED_EDGE('',*,*,#5836,.T.);
#5907 = PLANE('',#5908);
#5908 = AXIS2_PLACEMENT_3D('',#5909,#5910,#5911);
#5909 = CARTESIAN_POINT('',(3.35,0.15,-3.85));
#5910 = DIRECTION('',(6.982962677686E-15,0.,-1.));
#5911 = DIRECTION('',(0.,-1.,0.));
#5912 = ADVANCED_FACE('',(#5913),#5929,.F.);
#5913 = FACE_BOUND('',#5914,.T.);
#5914 = EDGE_LOOP('',(#5915,#5921,#5922,#5928));
#5915 = ORIENTED_EDGE('',*,*,#5916,.T.);
#5916 = EDGE_CURVE('',#2075,#5783,#5917,.T.);
#5917 = LINE('',#5918,#5919);
#5918 = CARTESIAN_POINT('',(2.65,1.4,-1.9));
#5919 = VECTOR('',#5920,1.);
#5920 = DIRECTION('',(6.982962677686E-15,0.,-1.));
#5921 = ORIENTED_EDGE('',*,*,#5808,.F.);
#5922 = ORIENTED_EDGE('',*,*,#5923,.F.);
#5923 = EDGE_CURVE('',#2083,#5801,#5924,.T.);
#5924 = LINE('',#5925,#5926);
#5925 = CARTESIAN_POINT('',(3.35,1.4,-1.9));
#5926 = VECTOR('',#5927,1.);
#5927 = DIRECTION('',(6.982962677686E-15,0.,-1.));
#5928 = ORIENTED_EDGE('',*,*,#2082,.T.);
#5929 = PLANE('',#5930);
#5930 = AXIS2_PLACEMENT_3D('',#5931,#5932,#5933);
#5931 = CARTESIAN_POINT('',(3.35,1.4,-1.9));
#5932 = DIRECTION('',(-0.,1.,0.));
#5933 = DIRECTION('',(1.,0.,0.));
#5934 = ADVANCED_FACE('',(#5935),#5945,.T.);
#5935 = FACE_BOUND('',#5936,.T.);
#5936 = EDGE_LOOP('',(#5937,#5938,#5939,#5940,#5941,#5942,#5943,#5944));
#5937 = ORIENTED_EDGE('',*,*,#5653,.F.);
#5938 = ORIENTED_EDGE('',*,*,#1817,.F.);
#5939 = ORIENTED_EDGE('',*,*,#5894,.F.);
#5940 = ORIENTED_EDGE('',*,*,#5828,.F.);
#5941 = ORIENTED_EDGE('',*,*,#5782,.F.);
#5942 = ORIENTED_EDGE('',*,*,#5916,.F.);
#5943 = ORIENTED_EDGE('',*,*,#2074,.F.);
#5944 = ORIENTED_EDGE('',*,*,#5636,.F.);
#5945 = PLANE('',#5946);
#5946 = AXIS2_PLACEMENT_3D('',#5947,#5948,#5949);
#5947 = CARTESIAN_POINT('',(2.65,0.15,-2.25));
#5948 = DIRECTION('',(1.,0.,6.982962677686E-15));
#5949 = DIRECTION('',(-6.982962677686E-15,0.,1.));
#5950 = ADVANCED_FACE('',(#5951),#5957,.T.);
#5951 = FACE_BOUND('',#5952,.T.);
#5952 = EDGE_LOOP('',(#5953,#5954,#5955,#5956));
#5953 = ORIENTED_EDGE('',*,*,#3663,.F.);
#5954 = ORIENTED_EDGE('',*,*,#5867,.T.);
#5955 = ORIENTED_EDGE('',*,*,#1340,.T.);
#5956 = ORIENTED_EDGE('',*,*,#188,.T.);
#5957 = PLANE('',#5958);
#5958 = AXIS2_PLACEMENT_3D('',#5959,#5960,#5961);
#5959 = CARTESIAN_POINT('',(3.8,1.9,-4.4981624039));
#5960 = DIRECTION('',(0.99756405026,6.975647374413E-02,
    6.965952531566E-15));
#5961 = DIRECTION('',(0.,9.986101873667E-14,-1.));
#5962 = ADVANCED_FACE('',(#5963),#5969,.T.);
#5963 = FACE_BOUND('',#5964,.T.);
#5964 = EDGE_LOOP('',(#5965,#5966,#5967,#5968));
#5965 = ORIENTED_EDGE('',*,*,#1356,.T.);
#5966 = ORIENTED_EDGE('',*,*,#5860,.T.);
#5967 = ORIENTED_EDGE('',*,*,#3647,.F.);
#5968 = ORIENTED_EDGE('',*,*,#90,.T.);
#5969 = PLANE('',#5970);
#5970 = AXIS2_PLACEMENT_3D('',#5971,#5972,#5973);
#5971 = CARTESIAN_POINT('',(2.2,1.9,-4.4981624039));
#5972 = DIRECTION('',(-0.99756405026,6.975647374413E-02,
    -6.965952531566E-15));
#5973 = DIRECTION('',(-6.982962677686E-15,9.860761315263E-32,1.));
#5974 = ADVANCED_FACE('',(#5975),#5982,.T.);
#5975 = FACE_BOUND('',#5976,.T.);
#5976 = EDGE_LOOP('',(#5977,#5978,#5979,#5980,#5981));
#5977 = ORIENTED_EDGE('',*,*,#1486,.F.);
#5978 = ORIENTED_EDGE('',*,*,#1253,.F.);
#5979 = ORIENTED_EDGE('',*,*,#5670,.F.);
#5980 = ORIENTED_EDGE('',*,*,#5455,.F.);
#5981 = ORIENTED_EDGE('',*,*,#5424,.F.);
#5982 = PLANE('',#5983);
#5983 = AXIS2_PLACEMENT_3D('',#5984,#5985,#5986);
#5984 = CARTESIAN_POINT('',(2.2,0.15,-2.25));
#5985 = DIRECTION('',(1.,0.,6.982962677686E-15));
#5986 = DIRECTION('',(-6.982962677686E-15,0.,1.));
#5987 = ADVANCED_FACE('',(#5988),#5998,.F.);
#5988 = FACE_BOUND('',#5989,.T.);
#5989 = EDGE_LOOP('',(#5990,#5991,#5992,#5993,#5994,#5995,#5996,#5997));
#5990 = ORIENTED_EDGE('',*,*,#1801,.T.);
#5991 = ORIENTED_EDGE('',*,*,#4907,.T.);
#5992 = ORIENTED_EDGE('',*,*,#4890,.T.);
#5993 = ORIENTED_EDGE('',*,*,#2090,.T.);
#5994 = ORIENTED_EDGE('',*,*,#5923,.T.);
#5995 = ORIENTED_EDGE('',*,*,#5800,.T.);
#5996 = ORIENTED_EDGE('',*,*,#5844,.T.);
#5997 = ORIENTED_EDGE('',*,*,#5901,.T.);
#5998 = PLANE('',#5999);
#5999 = AXIS2_PLACEMENT_3D('',#6000,#6001,#6002);
#6000 = CARTESIAN_POINT('',(3.35,0.15,-2.25));
#6001 = DIRECTION('',(1.,0.,6.982962677686E-15));
#6002 = DIRECTION('',(-6.982962677686E-15,0.,1.));
#6003 = ADVANCED_FACE('',(#6004),#6011,.F.);
#6004 = FACE_BOUND('',#6005,.T.);
#6005 = EDGE_LOOP('',(#6006,#6007,#6008,#6009,#6010));
#6006 = ORIENTED_EDGE('',*,*,#330,.T.);
#6007 = ORIENTED_EDGE('',*,*,#242,.T.);
#6008 = ORIENTED_EDGE('',*,*,#802,.F.);
#6009 = ORIENTED_EDGE('',*,*,#3670,.F.);
#6010 = ORIENTED_EDGE('',*,*,#170,.T.);
#6011 = PLANE('',#6012);
#6012 = AXIS2_PLACEMENT_3D('',#6013,#6014,#6015);
#6013 = CARTESIAN_POINT('',(3.8,-3.156854249492,-4.75));
#6014 = DIRECTION('',(1.,0.,-1.084202172486E-15));
#6015 = DIRECTION('',(-1.084202172486E-15,0.,-1.));
#6016 = ADVANCED_FACE('',(#6017),#6024,.F.);
#6017 = FACE_BOUND('',#6018,.T.);
#6018 = EDGE_LOOP('',(#6019,#6020,#6021,#6022,#6023));
#6019 = ORIENTED_EDGE('',*,*,#408,.T.);
#6020 = ORIENTED_EDGE('',*,*,#754,.F.);
#6021 = ORIENTED_EDGE('',*,*,#3677,.F.);
#6022 = ORIENTED_EDGE('',*,*,#878,.T.);
#6023 = ORIENTED_EDGE('',*,*,#464,.T.);
#6024 = PLANE('',#6025);
#6025 = AXIS2_PLACEMENT_3D('',#6026,#6027,#6028);
#6026 = CARTESIAN_POINT('',(-1.8,-3.156854249492,-4.75));
#6027 = DIRECTION('',(-1.,0.,0.));
#6028 = DIRECTION('',(0.,0.,1.));
#6029 = ( GEOMETRIC_REPRESENTATION_CONTEXT(3) 
GLOBAL_UNCERTAINTY_ASSIGNED_CONTEXT((#6033)) 
GLOBAL_UNIT_ASSIGNED_CONTEXT((#6030,#6031,#6032)) REPRESENTATION_CONTEXT
('Context #1','3D Context with UNIT and UNCERTAINTY') );
#6030 = ( LENGTH_UNIT() NAMED_UNIT(*) SI_UNIT(.MILLI.,.METRE.) );
#6031 = ( NAMED_UNIT(*) PLANE_ANGLE_UNIT() SI_UNIT($,.RADIAN.) );
#6032 = ( NAMED_UNIT(*) SI_UNIT($,.STERADIAN.) SOLID_ANGLE_UNIT() );
#6033 = UNCERTAINTY_MEASURE_WITH_UNIT(LENGTH_MEASURE(1.E-07),#6030,
  'distance_accuracy_value','confusion accuracy');
#6034 = CONTEXT_DEPENDENT_SHAPE_REPRESENTATION(#6035,#6037);
#6035 = ( REPRESENTATION_RELATIONSHIP('','',#83,#32) 
REPRESENTATION_RELATIONSHIP_WITH_TRANSFORMATION(#6036) 
SHAPE_REPRESENTATION_RELATIONSHIP() );
#6036 = ITEM_DEFINED_TRANSFORMATION('','',#11,#33);
#6037 = PRODUCT_DEFINITION_SHAPE('Placement','Placement of an item',
  #6038);
#6038 = NEXT_ASSEMBLY_USAGE_OCCURRENCE('1','BxB-PH-SM4 body_5','',#27,
  #78,$);
#6039 = PRODUCT_RELATED_PRODUCT_CATEGORY('part',$,(#80));
#6040 = SHAPE_DEFINITION_REPRESENTATION(#6041,#6047);
#6041 = PRODUCT_DEFINITION_SHAPE('','',#6042);
#6042 = PRODUCT_DEFINITION('design','',#6043,#6046);
#6043 = PRODUCT_DEFINITION_FORMATION('','',#6044);
#6044 = PRODUCT('BxB-PH-SM4 tab','BxB-PH-SM4 tab','',(#6045));
#6045 = PRODUCT_CONTEXT('',#2,'mechanical');
#6046 = PRODUCT_DEFINITION_CONTEXT('part definition',#2,'design');
#6047 = ADVANCED_BREP_SHAPE_REPRESENTATION('',(#11,#6048),#6658);
#6048 = MANIFOLD_SOLID_BREP('',#6049);
#6049 = CLOSED_SHELL('',(#6050,#6090,#6130,#6161,#6183,#6214,#6245,#6276
    ,#6313,#6350,#6367,#6384,#6417,#6450,#6467,#6484,#6524,#6555,#6586,
    #6610,#6634,#6646));
#6050 = ADVANCED_FACE('',(#6051),#6085,.F.);
#6051 = FACE_BOUND('',#6052,.T.);
#6052 = EDGE_LOOP('',(#6053,#6063,#6071,#6079));
#6053 = ORIENTED_EDGE('',*,*,#6054,.T.);
#6054 = EDGE_CURVE('',#6055,#6057,#6059,.T.);
#6055 = VERTEX_POINT('',#6056);
#6056 = CARTESIAN_POINT('',(5.05,4.05,-0.55));
#6057 = VERTEX_POINT('',#6058);
#6058 = CARTESIAN_POINT('',(5.35,4.05,-0.55));
#6059 = LINE('',#6060,#6061);
#6060 = CARTESIAN_POINT('',(5.05,4.05,-0.55));
#6061 = VECTOR('',#6062,1.);
#6062 = DIRECTION('',(1.,-3.400058012915E-15,6.982962677686E-15));
#6063 = ORIENTED_EDGE('',*,*,#6064,.T.);
#6064 = EDGE_CURVE('',#6057,#6065,#6067,.T.);
#6065 = VERTEX_POINT('',#6066);
#6066 = CARTESIAN_POINT('',(5.35,4.05,-3.95));
#6067 = LINE('',#6068,#6069);
#6068 = CARTESIAN_POINT('',(5.35,4.05,-2.25));
#6069 = VECTOR('',#6070,1.);
#6070 = DIRECTION('',(6.982962677686E-15,1.273810065218E-30,-1.));
#6071 = ORIENTED_EDGE('',*,*,#6072,.T.);
#6072 = EDGE_CURVE('',#6065,#6073,#6075,.T.);
#6073 = VERTEX_POINT('',#6074);
#6074 = CARTESIAN_POINT('',(5.05,4.05,-3.95));
#6075 = LINE('',#6076,#6077);
#6076 = CARTESIAN_POINT('',(5.05,4.05,-3.95));
#6077 = VECTOR('',#6078,1.);
#6078 = DIRECTION('',(-1.,3.400058012915E-15,-6.982962677686E-15));
#6079 = ORIENTED_EDGE('',*,*,#6080,.F.);
#6080 = EDGE_CURVE('',#6055,#6073,#6081,.T.);
#6081 = LINE('',#6082,#6083);
#6082 = CARTESIAN_POINT('',(5.05,4.05,-2.25));
#6083 = VECTOR('',#6084,1.);
#6084 = DIRECTION('',(6.982962677686E-15,1.273810065218E-30,-1.));
#6085 = PLANE('',#6086);
#6086 = AXIS2_PLACEMENT_3D('',#6087,#6088,#6089);
#6087 = CARTESIAN_POINT('',(5.975,4.05,-4.75));
#6088 = DIRECTION('',(-3.400058012915E-15,-1.,-2.309457594382E-29));
#6089 = DIRECTION('',(-1.,3.400058012915E-15,0.));
#6090 = ADVANCED_FACE('',(#6091),#6125,.T.);
#6091 = FACE_BOUND('',#6092,.T.);
#6092 = EDGE_LOOP('',(#6093,#6103,#6111,#6119));
#6093 = ORIENTED_EDGE('',*,*,#6094,.F.);
#6094 = EDGE_CURVE('',#6095,#6097,#6099,.T.);
#6095 = VERTEX_POINT('',#6096);
#6096 = CARTESIAN_POINT('',(5.35,1.4,-3.35));
#6097 = VERTEX_POINT('',#6098);
#6098 = CARTESIAN_POINT('',(5.35,1.4,-3.75));
#6099 = LINE('',#6100,#6101);
#6100 = CARTESIAN_POINT('',(5.35,1.4,-3.75));
#6101 = VECTOR('',#6102,1.);
#6102 = DIRECTION('',(6.982962677686E-15,1.084202172486E-15,-1.));
#6103 = ORIENTED_EDGE('',*,*,#6104,.F.);
#6104 = EDGE_CURVE('',#6105,#6095,#6107,.T.);
#6105 = VERTEX_POINT('',#6106);
#6106 = CARTESIAN_POINT('',(5.05,1.4,-3.35));
#6107 = LINE('',#6108,#6109);
#6108 = CARTESIAN_POINT('',(5.05,1.4,-3.35));
#6109 = VECTOR('',#6110,1.);
#6110 = DIRECTION('',(1.,3.5527136788E-15,6.982962677686E-15));
#6111 = ORIENTED_EDGE('',*,*,#6112,.T.);
#6112 = EDGE_CURVE('',#6105,#6113,#6115,.T.);
#6113 = VERTEX_POINT('',#6114);
#6114 = CARTESIAN_POINT('',(5.05,1.4,-3.75));
#6115 = LINE('',#6116,#6117);
#6116 = CARTESIAN_POINT('',(5.05,1.4,-3.75));
#6117 = VECTOR('',#6118,1.);
#6118 = DIRECTION('',(6.982962677686E-15,1.084202172486E-15,-1.));
#6119 = ORIENTED_EDGE('',*,*,#6120,.T.);
#6120 = EDGE_CURVE('',#6113,#6097,#6121,.T.);
#6121 = LINE('',#6122,#6123);
#6122 = CARTESIAN_POINT('',(5.05,1.4,-3.75));
#6123 = VECTOR('',#6124,1.);
#6124 = DIRECTION('',(1.,3.5527136788E-15,6.982962677686E-15));
#6125 = PLANE('',#6126);
#6126 = AXIS2_PLACEMENT_3D('',#6127,#6128,#6129);
#6127 = CARTESIAN_POINT('',(5.05,1.4,-3.75));
#6128 = DIRECTION('',(3.552713678801E-15,-1.,-1.084202172485E-15));
#6129 = DIRECTION('',(0.,1.084202172485E-15,-1.));
#6130 = ADVANCED_FACE('',(#6131),#6156,.T.);
#6131 = FACE_BOUND('',#6132,.T.);
#6132 = EDGE_LOOP('',(#6133,#6141,#6142,#6150));
#6133 = ORIENTED_EDGE('',*,*,#6134,.F.);
#6134 = EDGE_CURVE('',#6097,#6135,#6137,.T.);
#6135 = VERTEX_POINT('',#6136);
#6136 = CARTESIAN_POINT('',(5.35,1.6,-3.95));
#6137 = LINE('',#6138,#6139);
#6138 = CARTESIAN_POINT('',(5.35,1.6,-3.95));
#6139 = VECTOR('',#6140,1.);
#6140 = DIRECTION('',(1.93595139919E-15,0.707106781187,-0.707106781187)
  );
#6141 = ORIENTED_EDGE('',*,*,#6120,.F.);
#6142 = ORIENTED_EDGE('',*,*,#6143,.T.);
#6143 = EDGE_CURVE('',#6113,#6144,#6146,.T.);
#6144 = VERTEX_POINT('',#6145);
#6145 = CARTESIAN_POINT('',(5.05,1.6,-3.95));
#6146 = LINE('',#6147,#6148);
#6147 = CARTESIAN_POINT('',(5.05,1.6,-3.95));
#6148 = VECTOR('',#6149,1.);
#6149 = DIRECTION('',(1.93595139919E-15,0.707106781187,-0.707106781187)
  );
#6150 = ORIENTED_EDGE('',*,*,#6151,.T.);
#6151 = EDGE_CURVE('',#6144,#6135,#6152,.T.);
#6152 = LINE('',#6153,#6154);
#6153 = CARTESIAN_POINT('',(5.05,1.6,-3.95));
#6154 = VECTOR('',#6155,1.);
#6155 = DIRECTION('',(1.,3.5527136788E-15,6.982962677686E-15));
#6156 = PLANE('',#6157);
#6157 = AXIS2_PLACEMENT_3D('',#6158,#6159,#6160);
#6158 = CARTESIAN_POINT('',(5.05,1.6,-3.95));
#6159 = DIRECTION('',(7.33441085643E-15,-0.707106781187,-0.707106781187)
  );
#6160 = DIRECTION('',(-7.88860905221E-31,-0.707106781187,0.707106781187)
  );
#6161 = ADVANCED_FACE('',(#6162),#6178,.T.);
#6162 = FACE_BOUND('',#6163,.T.);
#6163 = EDGE_LOOP('',(#6164,#6165,#6171,#6172));
#6164 = ORIENTED_EDGE('',*,*,#6072,.F.);
#6165 = ORIENTED_EDGE('',*,*,#6166,.F.);
#6166 = EDGE_CURVE('',#6135,#6065,#6167,.T.);
#6167 = LINE('',#6168,#6169);
#6168 = CARTESIAN_POINT('',(5.35,6.55,-3.95));
#6169 = VECTOR('',#6170,1.);
#6170 = DIRECTION('',(-3.420874694626E-15,1.,-2.628368902995E-16));
#6171 = ORIENTED_EDGE('',*,*,#6151,.F.);
#6172 = ORIENTED_EDGE('',*,*,#6173,.T.);
#6173 = EDGE_CURVE('',#6144,#6073,#6174,.T.);
#6174 = LINE('',#6175,#6176);
#6175 = CARTESIAN_POINT('',(5.05,6.55,-3.95));
#6176 = VECTOR('',#6177,1.);
#6177 = DIRECTION('',(-3.420874694626E-15,1.,-2.628368902995E-16));
#6178 = PLANE('',#6179);
#6179 = AXIS2_PLACEMENT_3D('',#6180,#6181,#6182);
#6180 = CARTESIAN_POINT('',(5.05,6.55,-3.95));
#6181 = DIRECTION('',(6.982962677686E-15,-2.628368902995E-16,-1.));
#6182 = DIRECTION('',(0.,-1.,2.628368902995E-16));
#6183 = ADVANCED_FACE('',(#6184),#6209,.T.);
#6184 = FACE_BOUND('',#6185,.T.);
#6185 = EDGE_LOOP('',(#6186,#6187,#6195,#6203));
#6186 = ORIENTED_EDGE('',*,*,#6054,.F.);
#6187 = ORIENTED_EDGE('',*,*,#6188,.T.);
#6188 = EDGE_CURVE('',#6055,#6189,#6191,.T.);
#6189 = VERTEX_POINT('',#6190);
#6190 = CARTESIAN_POINT('',(5.05,1.6,-0.55));
#6191 = LINE('',#6192,#6193);
#6192 = CARTESIAN_POINT('',(5.05,6.55,-0.55));
#6193 = VECTOR('',#6194,1.);
#6194 = DIRECTION('',(3.420874694626E-15,-1.,-2.628368902995E-16));
#6195 = ORIENTED_EDGE('',*,*,#6196,.T.);
#6196 = EDGE_CURVE('',#6189,#6197,#6199,.T.);
#6197 = VERTEX_POINT('',#6198);
#6198 = CARTESIAN_POINT('',(5.35,1.6,-0.55));
#6199 = LINE('',#6200,#6201);
#6200 = CARTESIAN_POINT('',(5.05,1.6,-0.55));
#6201 = VECTOR('',#6202,1.);
#6202 = DIRECTION('',(1.,3.5527136788E-15,6.982962677686E-15));
#6203 = ORIENTED_EDGE('',*,*,#6204,.F.);
#6204 = EDGE_CURVE('',#6057,#6197,#6205,.T.);
#6205 = LINE('',#6206,#6207);
#6206 = CARTESIAN_POINT('',(5.35,6.55,-0.55));
#6207 = VECTOR('',#6208,1.);
#6208 = DIRECTION('',(3.420874694626E-15,-1.,-2.628368902995E-16));
#6209 = PLANE('',#6210);
#6210 = AXIS2_PLACEMENT_3D('',#6211,#6212,#6213);
#6211 = CARTESIAN_POINT('',(5.05,6.55,-0.55));
#6212 = DIRECTION('',(-6.982962677686E-15,-2.628368902995E-16,1.));
#6213 = DIRECTION('',(1.,0.,6.982962677686E-15));
#6214 = ADVANCED_FACE('',(#6215),#6240,.T.);
#6215 = FACE_BOUND('',#6216,.T.);
#6216 = EDGE_LOOP('',(#6217,#6225,#6226,#6234));
#6217 = ORIENTED_EDGE('',*,*,#6218,.F.);
#6218 = EDGE_CURVE('',#6197,#6219,#6221,.T.);
#6219 = VERTEX_POINT('',#6220);
#6220 = CARTESIAN_POINT('',(5.35,1.4,-0.75));
#6221 = LINE('',#6222,#6223);
#6222 = CARTESIAN_POINT('',(5.35,1.6,-0.55));
#6223 = VECTOR('',#6224,1.);
#6224 = DIRECTION('',(7.924216838262E-15,-0.707106781187,-0.707106781187
    ));
#6225 = ORIENTED_EDGE('',*,*,#6196,.F.);
#6226 = ORIENTED_EDGE('',*,*,#6227,.T.);
#6227 = EDGE_CURVE('',#6189,#6228,#6230,.T.);
#6228 = VERTEX_POINT('',#6229);
#6229 = CARTESIAN_POINT('',(5.05,1.4,-0.75));
#6230 = LINE('',#6231,#6232);
#6231 = CARTESIAN_POINT('',(5.05,1.6,-0.55));
#6232 = VECTOR('',#6233,1.);
#6233 = DIRECTION('',(7.924216838262E-15,-0.707106781187,-0.707106781187
    ));
#6234 = ORIENTED_EDGE('',*,*,#6235,.T.);
#6235 = EDGE_CURVE('',#6228,#6219,#6236,.T.);
#6236 = LINE('',#6237,#6238);
#6237 = CARTESIAN_POINT('',(5.05,1.4,-0.75));
#6238 = VECTOR('',#6239,1.);
#6239 = DIRECTION('',(1.,3.5527136788E-15,6.982962677686E-15));
#6240 = PLANE('',#6241);
#6241 = AXIS2_PLACEMENT_3D('',#6242,#6243,#6244);
#6242 = CARTESIAN_POINT('',(5.05,1.6,-0.55));
#6243 = DIRECTION('',(-2.511879593214E-15,-0.707106781187,0.707106781187
    ));
#6244 = DIRECTION('',(-1.,3.552334187772E-15,1.972152263053E-31));
#6245 = ADVANCED_FACE('',(#6246),#6271,.T.);
#6246 = FACE_BOUND('',#6247,.T.);
#6247 = EDGE_LOOP('',(#6248,#6256,#6257,#6265));
#6248 = ORIENTED_EDGE('',*,*,#6249,.F.);
#6249 = EDGE_CURVE('',#6219,#6250,#6252,.T.);
#6250 = VERTEX_POINT('',#6251);
#6251 = CARTESIAN_POINT('',(5.35,1.4,-1.15));
#6252 = LINE('',#6253,#6254);
#6253 = CARTESIAN_POINT('',(5.35,1.4,-0.75));
#6254 = VECTOR('',#6255,1.);
#6255 = DIRECTION('',(6.982962677686E-15,-1.084202172486E-15,-1.));
#6256 = ORIENTED_EDGE('',*,*,#6235,.F.);
#6257 = ORIENTED_EDGE('',*,*,#6258,.T.);
#6258 = EDGE_CURVE('',#6228,#6259,#6261,.T.);
#6259 = VERTEX_POINT('',#6260);
#6260 = CARTESIAN_POINT('',(5.05,1.4,-1.15));
#6261 = LINE('',#6262,#6263);
#6262 = CARTESIAN_POINT('',(5.05,1.4,-0.75));
#6263 = VECTOR('',#6264,1.);
#6264 = DIRECTION('',(6.982962677686E-15,-1.084202172486E-15,-1.));
#6265 = ORIENTED_EDGE('',*,*,#6266,.T.);
#6266 = EDGE_CURVE('',#6259,#6250,#6267,.T.);
#6267 = LINE('',#6268,#6269);
#6268 = CARTESIAN_POINT('',(5.05,1.4,-1.15));
#6269 = VECTOR('',#6270,1.);
#6270 = DIRECTION('',(1.,3.5527136788E-15,6.982962677686E-15));
#6271 = PLANE('',#6272);
#6272 = AXIS2_PLACEMENT_3D('',#6273,#6274,#6275);
#6273 = CARTESIAN_POINT('',(5.05,1.4,-0.75));
#6274 = DIRECTION('',(3.5527136788E-15,-1.,1.084202172486E-15));
#6275 = DIRECTION('',(0.,-1.084202172486E-15,-1.));
#6276 = ADVANCED_FACE('',(#6277),#6308,.T.);
#6277 = FACE_BOUND('',#6278,.T.);
#6278 = EDGE_LOOP('',(#6279,#6280,#6281,#6282,#6283,#6291,#6299,#6305,
    #6306,#6307));
#6279 = ORIENTED_EDGE('',*,*,#6064,.F.);
#6280 = ORIENTED_EDGE('',*,*,#6204,.T.);
#6281 = ORIENTED_EDGE('',*,*,#6218,.T.);
#6282 = ORIENTED_EDGE('',*,*,#6249,.T.);
#6283 = ORIENTED_EDGE('',*,*,#6284,.F.);
#6284 = EDGE_CURVE('',#6285,#6250,#6287,.T.);
#6285 = VERTEX_POINT('',#6286);
#6286 = CARTESIAN_POINT('',(5.35,0.4,-1.15));
#6287 = LINE('',#6288,#6289);
#6288 = CARTESIAN_POINT('',(5.35,6.55,-1.15));
#6289 = VECTOR('',#6290,1.);
#6290 = DIRECTION('',(-3.386180225107E-15,1.,-2.761013168274E-29));
#6291 = ORIENTED_EDGE('',*,*,#6292,.F.);
#6292 = EDGE_CURVE('',#6293,#6285,#6295,.T.);
#6293 = VERTEX_POINT('',#6294);
#6294 = CARTESIAN_POINT('',(5.35,0.4,-3.35));
#6295 = LINE('',#6296,#6297);
#6296 = CARTESIAN_POINT('',(5.35,0.4,-3.35));
#6297 = VECTOR('',#6298,1.);
#6298 = DIRECTION('',(-6.982962677686E-15,-1.273810065218E-30,1.));
#6299 = ORIENTED_EDGE('',*,*,#6300,.F.);
#6300 = EDGE_CURVE('',#6095,#6293,#6301,.T.);
#6301 = LINE('',#6302,#6303);
#6302 = CARTESIAN_POINT('',(5.35,0.3,-3.35));
#6303 = VECTOR('',#6304,1.);
#6304 = DIRECTION('',(3.386180225107E-15,-1.,2.761013168274E-29));
#6305 = ORIENTED_EDGE('',*,*,#6094,.T.);
#6306 = ORIENTED_EDGE('',*,*,#6134,.T.);
#6307 = ORIENTED_EDGE('',*,*,#6166,.T.);
#6308 = PLANE('',#6309);
#6309 = AXIS2_PLACEMENT_3D('',#6310,#6311,#6312);
#6310 = CARTESIAN_POINT('',(5.35,0.15,-2.25));
#6311 = DIRECTION('',(1.,3.386180225107E-15,6.982962677686E-15));
#6312 = DIRECTION('',(-6.982962677686E-15,0.,1.));
#6313 = ADVANCED_FACE('',(#6314),#6345,.F.);
#6314 = FACE_BOUND('',#6315,.T.);
#6315 = EDGE_LOOP('',(#6316,#6317,#6318,#6319,#6320,#6321,#6329,#6337,
    #6343,#6344));
#6316 = ORIENTED_EDGE('',*,*,#6188,.F.);
#6317 = ORIENTED_EDGE('',*,*,#6080,.T.);
#6318 = ORIENTED_EDGE('',*,*,#6173,.F.);
#6319 = ORIENTED_EDGE('',*,*,#6143,.F.);
#6320 = ORIENTED_EDGE('',*,*,#6112,.F.);
#6321 = ORIENTED_EDGE('',*,*,#6322,.T.);
#6322 = EDGE_CURVE('',#6105,#6323,#6325,.T.);
#6323 = VERTEX_POINT('',#6324);
#6324 = CARTESIAN_POINT('',(5.05,0.4,-3.35));
#6325 = LINE('',#6326,#6327);
#6326 = CARTESIAN_POINT('',(5.05,0.15,-3.35));
#6327 = VECTOR('',#6328,1.);
#6328 = DIRECTION('',(3.386180225107E-15,-1.,2.761013168274E-29));
#6329 = ORIENTED_EDGE('',*,*,#6330,.F.);
#6330 = EDGE_CURVE('',#6331,#6323,#6333,.T.);
#6331 = VERTEX_POINT('',#6332);
#6332 = CARTESIAN_POINT('',(5.05,0.4,-1.15));
#6333 = LINE('',#6334,#6335);
#6334 = CARTESIAN_POINT('',(5.05,0.4,-3.35));
#6335 = VECTOR('',#6336,1.);
#6336 = DIRECTION('',(6.982962677686E-15,1.273810065218E-30,-1.));
#6337 = ORIENTED_EDGE('',*,*,#6338,.T.);
#6338 = EDGE_CURVE('',#6331,#6259,#6339,.T.);
#6339 = LINE('',#6340,#6341);
#6340 = CARTESIAN_POINT('',(5.05,0.15,-1.15));
#6341 = VECTOR('',#6342,1.);
#6342 = DIRECTION('',(-3.386180225107E-15,1.,-2.761013168274E-29));
#6343 = ORIENTED_EDGE('',*,*,#6258,.F.);
#6344 = ORIENTED_EDGE('',*,*,#6227,.F.);
#6345 = PLANE('',#6346);
#6346 = AXIS2_PLACEMENT_3D('',#6347,#6348,#6349);
#6347 = CARTESIAN_POINT('',(5.05,0.15,-2.25));
#6348 = DIRECTION('',(1.,3.386180225107E-15,6.982962677686E-15));
#6349 = DIRECTION('',(-6.982962677686E-15,0.,1.));
#6350 = ADVANCED_FACE('',(#6351),#6362,.F.);
#6351 = FACE_BOUND('',#6352,.T.);
#6352 = EDGE_LOOP('',(#6353,#6354,#6355,#6356));
#6353 = ORIENTED_EDGE('',*,*,#6284,.T.);
#6354 = ORIENTED_EDGE('',*,*,#6266,.F.);
#6355 = ORIENTED_EDGE('',*,*,#6338,.F.);
#6356 = ORIENTED_EDGE('',*,*,#6357,.F.);
#6357 = EDGE_CURVE('',#6285,#6331,#6358,.T.);
#6358 = LINE('',#6359,#6360);
#6359 = CARTESIAN_POINT('',(5.35,0.4,-1.15));
#6360 = VECTOR('',#6361,1.);
#6361 = DIRECTION('',(-1.,-3.5527136788E-15,-6.982962677686E-15));
#6362 = PLANE('',#6363);
#6363 = AXIS2_PLACEMENT_3D('',#6364,#6365,#6366);
#6364 = CARTESIAN_POINT('',(5.05,6.55,-1.15));
#6365 = DIRECTION('',(6.982962677686E-15,1.273810065218E-30,-1.));
#6366 = DIRECTION('',(0.,-1.,-1.273810065218E-30));
#6367 = ADVANCED_FACE('',(#6368),#6379,.F.);
#6368 = FACE_BOUND('',#6369,.T.);
#6369 = EDGE_LOOP('',(#6370,#6371,#6372,#6373));
#6370 = ORIENTED_EDGE('',*,*,#6322,.F.);
#6371 = ORIENTED_EDGE('',*,*,#6104,.T.);
#6372 = ORIENTED_EDGE('',*,*,#6300,.T.);
#6373 = ORIENTED_EDGE('',*,*,#6374,.T.);
#6374 = EDGE_CURVE('',#6293,#6323,#6375,.T.);
#6375 = LINE('',#6376,#6377);
#6376 = CARTESIAN_POINT('',(5.05,0.4,-3.35));
#6377 = VECTOR('',#6378,1.);
#6378 = DIRECTION('',(-1.,-3.5527136788E-15,-6.982962677686E-15));
#6379 = PLANE('',#6380);
#6380 = AXIS2_PLACEMENT_3D('',#6381,#6382,#6383);
#6381 = CARTESIAN_POINT('',(5.05,0.3,-3.35));
#6382 = DIRECTION('',(-6.982962677686E-15,-1.273810065218E-30,1.));
#6383 = DIRECTION('',(1.,0.,6.982962677686E-15));
#6384 = ADVANCED_FACE('',(#6385),#6412,.F.);
#6385 = FACE_BOUND('',#6386,.F.);
#6386 = EDGE_LOOP('',(#6387,#6396,#6397,#6406));
#6387 = ORIENTED_EDGE('',*,*,#6388,.F.);
#6388 = EDGE_CURVE('',#6285,#6389,#6391,.T.);
#6389 = VERTEX_POINT('',#6390);
#6390 = CARTESIAN_POINT('',(5.45,0.3,-1.15));
#6391 = CIRCLE('',#6392,0.1);
#6392 = AXIS2_PLACEMENT_3D('',#6393,#6394,#6395);
#6393 = CARTESIAN_POINT('',(5.45,0.4,-1.15));
#6394 = DIRECTION('',(-6.505213034913E-15,-1.273810065218E-30,1.));
#6395 = DIRECTION('',(1.,-1.244603055572E-60,6.505213034913E-15));
#6396 = ORIENTED_EDGE('',*,*,#6292,.F.);
#6397 = ORIENTED_EDGE('',*,*,#6398,.F.);
#6398 = EDGE_CURVE('',#6399,#6293,#6401,.T.);
#6399 = VERTEX_POINT('',#6400);
#6400 = CARTESIAN_POINT('',(5.45,0.3,-3.35));
#6401 = CIRCLE('',#6402,0.1);
#6402 = AXIS2_PLACEMENT_3D('',#6403,#6404,#6405);
#6403 = CARTESIAN_POINT('',(5.45,0.4,-3.35));
#6404 = DIRECTION('',(8.673617379884E-15,1.273810065218E-30,-1.));
#6405 = DIRECTION('',(1.,1.244603055572E-60,8.673617379884E-15));
#6406 = ORIENTED_EDGE('',*,*,#6407,.F.);
#6407 = EDGE_CURVE('',#6389,#6399,#6408,.T.);
#6408 = LINE('',#6409,#6410);
#6409 = CARTESIAN_POINT('',(5.45,0.3,-1.15));
#6410 = VECTOR('',#6411,1.);
#6411 = DIRECTION('',(6.982962677686E-15,1.273810065218E-30,-1.));
#6412 = CYLINDRICAL_SURFACE('',#6413,0.1);
#6413 = AXIS2_PLACEMENT_3D('',#6414,#6415,#6416);
#6414 = CARTESIAN_POINT('',(5.45,0.4,-1.15));
#6415 = DIRECTION('',(-6.505213034913E-15,5.391101368786E-31,1.));
#6416 = DIRECTION('',(-1.,-3.794707603699E-15,-6.505213034913E-15));
#6417 = ADVANCED_FACE('',(#6418),#6445,.T.);
#6418 = FACE_BOUND('',#6419,.T.);
#6419 = EDGE_LOOP('',(#6420,#6430,#6437,#6438));
#6420 = ORIENTED_EDGE('',*,*,#6421,.F.);
#6421 = EDGE_CURVE('',#6422,#6424,#6426,.T.);
#6422 = VERTEX_POINT('',#6423);
#6423 = CARTESIAN_POINT('',(5.45,-1.301042606983E-15,-1.15));
#6424 = VERTEX_POINT('',#6425);
#6425 = CARTESIAN_POINT('',(5.45,-4.336808689942E-16,-3.35));
#6426 = LINE('',#6427,#6428);
#6427 = CARTESIAN_POINT('',(5.45,-1.301042606983E-15,-1.15));
#6428 = VECTOR('',#6429,1.);
#6429 = DIRECTION('',(6.982962677686E-15,1.273810065218E-30,-1.));
#6430 = ORIENTED_EDGE('',*,*,#6431,.F.);
#6431 = EDGE_CURVE('',#6331,#6422,#6432,.T.);
#6432 = CIRCLE('',#6433,0.4);
#6433 = AXIS2_PLACEMENT_3D('',#6434,#6435,#6436);
#6434 = CARTESIAN_POINT('',(5.45,0.4,-1.15));
#6435 = DIRECTION('',(-7.047314121156E-15,-1.282531312069E-30,1.));
#6436 = DIRECTION('',(1.,1.355252715607E-16,7.047314121156E-15));
#6437 = ORIENTED_EDGE('',*,*,#6330,.T.);
#6438 = ORIENTED_EDGE('',*,*,#6439,.F.);
#6439 = EDGE_CURVE('',#6424,#6323,#6440,.T.);
#6440 = CIRCLE('',#6441,0.4);
#6441 = AXIS2_PLACEMENT_3D('',#6442,#6443,#6444);
#6442 = CARTESIAN_POINT('',(5.45,0.4,-3.35));
#6443 = DIRECTION('',(6.505213034913E-15,1.209062915143E-30,-1.));
#6444 = DIRECTION('',(1.,1.355252715607E-16,6.505213034913E-15));
#6445 = CYLINDRICAL_SURFACE('',#6446,0.4);
#6446 = AXIS2_PLACEMENT_3D('',#6447,#6448,#6449);
#6447 = CARTESIAN_POINT('',(5.45,0.4,-1.15));
#6448 = DIRECTION('',(-7.047314121156E-15,-1.500562483357E-30,1.));
#6449 = DIRECTION('',(-1.,-3.523657060578E-15,-7.047314121156E-15));
#6450 = ADVANCED_FACE('',(#6451),#6462,.F.);
#6451 = FACE_BOUND('',#6452,.T.);
#6452 = EDGE_LOOP('',(#6453,#6454,#6455,#6456));
#6453 = ORIENTED_EDGE('',*,*,#6388,.F.);
#6454 = ORIENTED_EDGE('',*,*,#6357,.T.);
#6455 = ORIENTED_EDGE('',*,*,#6431,.T.);
#6456 = ORIENTED_EDGE('',*,*,#6457,.F.);
#6457 = EDGE_CURVE('',#6389,#6422,#6458,.T.);
#6458 = LINE('',#6459,#6460);
#6459 = CARTESIAN_POINT('',(5.45,0.3,-1.15));
#6460 = VECTOR('',#6461,1.);
#6461 = DIRECTION('',(-7.632783294298E-17,-1.,8.874685183736E-31));
#6462 = PLANE('',#6463);
#6463 = AXIS2_PLACEMENT_3D('',#6464,#6465,#6466);
#6464 = CARTESIAN_POINT('',(5.45,0.4,-1.15));
#6465 = DIRECTION('',(6.982962677686E-15,1.273810065218E-30,-1.));
#6466 = DIRECTION('',(0.,-1.,-1.273810065218E-30));
#6467 = ADVANCED_FACE('',(#6468),#6479,.T.);
#6468 = FACE_BOUND('',#6469,.T.);
#6469 = EDGE_LOOP('',(#6470,#6471,#6472,#6478));
#6470 = ORIENTED_EDGE('',*,*,#6374,.F.);
#6471 = ORIENTED_EDGE('',*,*,#6398,.F.);
#6472 = ORIENTED_EDGE('',*,*,#6473,.T.);
#6473 = EDGE_CURVE('',#6399,#6424,#6474,.T.);
#6474 = LINE('',#6475,#6476);
#6475 = CARTESIAN_POINT('',(5.45,0.3,-3.35));
#6476 = VECTOR('',#6477,1.);
#6477 = DIRECTION('',(-7.632783294298E-17,-1.,8.874685183736E-31));
#6478 = ORIENTED_EDGE('',*,*,#6439,.T.);
#6479 = PLANE('',#6480);
#6480 = AXIS2_PLACEMENT_3D('',#6481,#6482,#6483);
#6481 = CARTESIAN_POINT('',(5.45,0.4,-3.35));
#6482 = DIRECTION('',(6.982962677686E-15,1.273810065218E-30,-1.));
#6483 = DIRECTION('',(0.,-1.,-1.273810065218E-30));
#6484 = ADVANCED_FACE('',(#6485),#6519,.F.);
#6485 = FACE_BOUND('',#6486,.T.);
#6486 = EDGE_LOOP('',(#6487,#6497,#6505,#6513));
#6487 = ORIENTED_EDGE('',*,*,#6488,.T.);
#6488 = EDGE_CURVE('',#6489,#6491,#6493,.T.);
#6489 = VERTEX_POINT('',#6490);
#6490 = CARTESIAN_POINT('',(5.9,8.673617379884E-16,-3.15));
#6491 = VERTEX_POINT('',#6492);
#6492 = CARTESIAN_POINT('',(5.7,3.469446951954E-15,-3.35));
#6493 = LINE('',#6494,#6495);
#6494 = CARTESIAN_POINT('',(5.9,8.673617379884E-16,-3.15));
#6495 = VECTOR('',#6496,1.);
#6496 = DIRECTION('',(-0.707106781187,-9.020562075079E-17,
    -0.707106781187));
#6497 = ORIENTED_EDGE('',*,*,#6498,.F.);
#6498 = EDGE_CURVE('',#6499,#6491,#6501,.T.);
#6499 = VERTEX_POINT('',#6500);
#6500 = CARTESIAN_POINT('',(5.7,0.3,-3.35));
#6501 = LINE('',#6502,#6503);
#6502 = CARTESIAN_POINT('',(5.7,0.3,-3.35));
#6503 = VECTOR('',#6504,1.);
#6504 = DIRECTION('',(-7.632783294298E-17,-1.,8.874685183736E-31));
#6505 = ORIENTED_EDGE('',*,*,#6506,.F.);
#6506 = EDGE_CURVE('',#6507,#6499,#6509,.T.);
#6507 = VERTEX_POINT('',#6508);
#6508 = CARTESIAN_POINT('',(5.9,0.3,-3.15));
#6509 = LINE('',#6510,#6511);
#6510 = CARTESIAN_POINT('',(5.9,0.3,-3.15));
#6511 = VECTOR('',#6512,1.);
#6512 = DIRECTION('',(-0.707106781187,-9.020562075079E-17,
    -0.707106781187));
#6513 = ORIENTED_EDGE('',*,*,#6514,.T.);
#6514 = EDGE_CURVE('',#6507,#6489,#6515,.T.);
#6515 = LINE('',#6516,#6517);
#6516 = CARTESIAN_POINT('',(5.9,0.3,-3.15));
#6517 = VECTOR('',#6518,1.);
#6518 = DIRECTION('',(-7.632783294298E-17,-1.,8.874685183736E-31));
#6519 = PLANE('',#6520);
#6520 = AXIS2_PLACEMENT_3D('',#6521,#6522,#6523);
#6521 = CARTESIAN_POINT('',(5.9,0.3,-3.15));
#6522 = DIRECTION('',(-0.707106781187,-4.857225732735E-17,0.707106781187
    ));
#6523 = DIRECTION('',(-6.869154506741E-17,1.,-6.162975822039E-33));
#6524 = ADVANCED_FACE('',(#6525),#6550,.F.);
#6525 = FACE_BOUND('',#6526,.T.);
#6526 = EDGE_LOOP('',(#6527,#6535,#6536,#6544));
#6527 = ORIENTED_EDGE('',*,*,#6528,.T.);
#6528 = EDGE_CURVE('',#6529,#6489,#6531,.T.);
#6529 = VERTEX_POINT('',#6530);
#6530 = CARTESIAN_POINT('',(5.9,1.734723475977E-15,-1.35));
#6531 = LINE('',#6532,#6533);
#6532 = CARTESIAN_POINT('',(5.9,8.673617379884E-16,-3.15));
#6533 = VECTOR('',#6534,1.);
#6534 = DIRECTION('',(6.982962677686E-15,1.315024966028E-30,-1.));
#6535 = ORIENTED_EDGE('',*,*,#6514,.F.);
#6536 = ORIENTED_EDGE('',*,*,#6537,.F.);
#6537 = EDGE_CURVE('',#6538,#6507,#6540,.T.);
#6538 = VERTEX_POINT('',#6539);
#6539 = CARTESIAN_POINT('',(5.9,0.3,-1.35));
#6540 = LINE('',#6541,#6542);
#6541 = CARTESIAN_POINT('',(5.9,0.3,-3.15));
#6542 = VECTOR('',#6543,1.);
#6543 = DIRECTION('',(6.982962677686E-15,1.315024966028E-30,-1.));
#6544 = ORIENTED_EDGE('',*,*,#6545,.T.);
#6545 = EDGE_CURVE('',#6538,#6529,#6546,.T.);
#6546 = LINE('',#6547,#6548);
#6547 = CARTESIAN_POINT('',(5.9,0.3,-1.35));
#6548 = VECTOR('',#6549,1.);
#6549 = DIRECTION('',(-7.632783294298E-17,-1.,8.874685183736E-31));
#6550 = PLANE('',#6551);
#6551 = AXIS2_PLACEMENT_3D('',#6552,#6553,#6554);
#6552 = CARTESIAN_POINT('',(5.9,0.3,-3.15));
#6553 = DIRECTION('',(-1.,-9.71445146547E-17,-6.982962677686E-15));
#6554 = DIRECTION('',(-6.982962677686E-15,0.,1.));
#6555 = ADVANCED_FACE('',(#6556),#6581,.F.);
#6556 = FACE_BOUND('',#6557,.T.);
#6557 = EDGE_LOOP('',(#6558,#6566,#6567,#6575));
#6558 = ORIENTED_EDGE('',*,*,#6559,.T.);
#6559 = EDGE_CURVE('',#6560,#6529,#6562,.T.);
#6560 = VERTEX_POINT('',#6561);
#6561 = CARTESIAN_POINT('',(5.7,3.469446951954E-15,-1.15));
#6562 = LINE('',#6563,#6564);
#6563 = CARTESIAN_POINT('',(5.9,1.734723475977E-15,-1.35));
#6564 = VECTOR('',#6565,1.);
#6565 = DIRECTION('',(0.707106781187,6.245004513516E-17,-0.707106781187)
  );
#6566 = ORIENTED_EDGE('',*,*,#6545,.F.);
#6567 = ORIENTED_EDGE('',*,*,#6568,.F.);
#6568 = EDGE_CURVE('',#6569,#6538,#6571,.T.);
#6569 = VERTEX_POINT('',#6570);
#6570 = CARTESIAN_POINT('',(5.7,0.3,-1.15));
#6571 = LINE('',#6572,#6573);
#6572 = CARTESIAN_POINT('',(5.9,0.3,-1.35));
#6573 = VECTOR('',#6574,1.);
#6574 = DIRECTION('',(0.707106781187,6.245004513516E-17,-0.707106781187)
  );
#6575 = ORIENTED_EDGE('',*,*,#6576,.T.);
#6576 = EDGE_CURVE('',#6569,#6560,#6577,.T.);
#6577 = LINE('',#6578,#6579);
#6578 = CARTESIAN_POINT('',(5.7,0.3,-1.15));
#6579 = VECTOR('',#6580,1.);
#6580 = DIRECTION('',(-7.632783294298E-17,-1.,8.874685183736E-31));
#6581 = PLANE('',#6582);
#6582 = AXIS2_PLACEMENT_3D('',#6583,#6584,#6585);
#6583 = CARTESIAN_POINT('',(5.9,0.3,-1.35));
#6584 = DIRECTION('',(-0.707106781187,-7.632783294298E-17,
    -0.707106781187));
#6585 = DIRECTION('',(-0.707106781187,0.,0.707106781187));
#6586 = ADVANCED_FACE('',(#6587),#6605,.T.);
#6587 = FACE_BOUND('',#6588,.T.);
#6588 = EDGE_LOOP('',(#6589,#6595,#6596,#6602,#6603,#6604));
#6589 = ORIENTED_EDGE('',*,*,#6590,.F.);
#6590 = EDGE_CURVE('',#6422,#6560,#6591,.T.);
#6591 = LINE('',#6592,#6593);
#6592 = CARTESIAN_POINT('',(5.7,3.469446951954E-15,-1.15));
#6593 = VECTOR('',#6594,1.);
#6594 = DIRECTION('',(1.,9.71445146547E-17,6.982962677686E-15));
#6595 = ORIENTED_EDGE('',*,*,#6421,.T.);
#6596 = ORIENTED_EDGE('',*,*,#6597,.F.);
#6597 = EDGE_CURVE('',#6491,#6424,#6598,.T.);
#6598 = LINE('',#6599,#6600);
#6599 = CARTESIAN_POINT('',(5.7,3.469446951954E-15,-3.35));
#6600 = VECTOR('',#6601,1.);
#6601 = DIRECTION('',(-1.,-9.71445146547E-17,-6.982962677686E-15));
#6602 = ORIENTED_EDGE('',*,*,#6488,.F.);
#6603 = ORIENTED_EDGE('',*,*,#6528,.F.);
#6604 = ORIENTED_EDGE('',*,*,#6559,.F.);
#6605 = PLANE('',#6606);
#6606 = AXIS2_PLACEMENT_3D('',#6607,#6608,#6609);
#6607 = CARTESIAN_POINT('',(-2.,8.673617379884E-16,-2.25));
#6608 = DIRECTION('',(-7.632783294298E-17,-1.,-1.806804473927E-30));
#6609 = DIRECTION('',(-1.,7.632783294298E-17,0.));
#6610 = ADVANCED_FACE('',(#6611),#6629,.F.);
#6611 = FACE_BOUND('',#6612,.T.);
#6612 = EDGE_LOOP('',(#6613,#6614,#6620,#6621,#6622,#6623));
#6613 = ORIENTED_EDGE('',*,*,#6407,.F.);
#6614 = ORIENTED_EDGE('',*,*,#6615,.T.);
#6615 = EDGE_CURVE('',#6389,#6569,#6616,.T.);
#6616 = LINE('',#6617,#6618);
#6617 = CARTESIAN_POINT('',(5.7,0.3,-1.15));
#6618 = VECTOR('',#6619,1.);
#6619 = DIRECTION('',(1.,9.71445146547E-17,6.982962677686E-15));
#6620 = ORIENTED_EDGE('',*,*,#6568,.T.);
#6621 = ORIENTED_EDGE('',*,*,#6537,.T.);
#6622 = ORIENTED_EDGE('',*,*,#6506,.T.);
#6623 = ORIENTED_EDGE('',*,*,#6624,.T.);
#6624 = EDGE_CURVE('',#6499,#6399,#6625,.T.);
#6625 = LINE('',#6626,#6627);
#6626 = CARTESIAN_POINT('',(5.7,0.3,-3.35));
#6627 = VECTOR('',#6628,1.);
#6628 = DIRECTION('',(-1.,-9.71445146547E-17,-6.982962677686E-15));
#6629 = PLANE('',#6630);
#6630 = AXIS2_PLACEMENT_3D('',#6631,#6632,#6633);
#6631 = CARTESIAN_POINT('',(-2.,0.3,-2.25));
#6632 = DIRECTION('',(-7.632783294298E-17,-1.,-1.806804473927E-30));
#6633 = DIRECTION('',(-1.,7.632783294298E-17,0.));
#6634 = ADVANCED_FACE('',(#6635),#6641,.F.);
#6635 = FACE_BOUND('',#6636,.T.);
#6636 = EDGE_LOOP('',(#6637,#6638,#6639,#6640));
#6637 = ORIENTED_EDGE('',*,*,#6457,.T.);
#6638 = ORIENTED_EDGE('',*,*,#6590,.T.);
#6639 = ORIENTED_EDGE('',*,*,#6576,.F.);
#6640 = ORIENTED_EDGE('',*,*,#6615,.F.);
#6641 = PLANE('',#6642);
#6642 = AXIS2_PLACEMENT_3D('',#6643,#6644,#6645);
#6643 = CARTESIAN_POINT('',(5.7,0.3,-1.15));
#6644 = DIRECTION('',(6.982962677686E-15,1.273810065218E-30,-1.));
#6645 = DIRECTION('',(0.,-1.,-1.273810065218E-30));
#6646 = ADVANCED_FACE('',(#6647),#6653,.F.);
#6647 = FACE_BOUND('',#6648,.T.);
#6648 = EDGE_LOOP('',(#6649,#6650,#6651,#6652));
#6649 = ORIENTED_EDGE('',*,*,#6473,.F.);
#6650 = ORIENTED_EDGE('',*,*,#6624,.F.);
#6651 = ORIENTED_EDGE('',*,*,#6498,.T.);
#6652 = ORIENTED_EDGE('',*,*,#6597,.T.);
#6653 = PLANE('',#6654);
#6654 = AXIS2_PLACEMENT_3D('',#6655,#6656,#6657);
#6655 = CARTESIAN_POINT('',(5.7,0.3,-3.35));
#6656 = DIRECTION('',(-6.982962677686E-15,-1.273810065218E-30,1.));
#6657 = DIRECTION('',(1.,0.,6.982962677686E-15));
#6658 = ( GEOMETRIC_REPRESENTATION_CONTEXT(3) 
GLOBAL_UNCERTAINTY_ASSIGNED_CONTEXT((#6662)) 
GLOBAL_UNIT_ASSIGNED_CONTEXT((#6659,#6660,#6661)) REPRESENTATION_CONTEXT
('Context #1','3D Context with UNIT and UNCERTAINTY') );
#6659 = ( LENGTH_UNIT() NAMED_UNIT(*) SI_UNIT(.MILLI.,.METRE.) );
#6660 = ( NAMED_UNIT(*) PLANE_ANGLE_UNIT() SI_UNIT($,.RADIAN.) );
#6661 = ( NAMED_UNIT(*) SI_UNIT($,.STERADIAN.) SOLID_ANGLE_UNIT() );
#6662 = UNCERTAINTY_MEASURE_WITH_UNIT(LENGTH_MEASURE(1.E-07),#6659,
  'distance_accuracy_value','confusion accuracy');
#6663 = CONTEXT_DEPENDENT_SHAPE_REPRESENTATION(#6664,#6666);
#6664 = ( REPRESENTATION_RELATIONSHIP('','',#6047,#32) 
REPRESENTATION_RELATIONSHIP_WITH_TRANSFORMATION(#6665) 
SHAPE_REPRESENTATION_RELATIONSHIP() );
#6665 = ITEM_DEFINED_TRANSFORMATION('','',#11,#37);
#6666 = PRODUCT_DEFINITION_SHAPE('Placement','Placement of an item',
  #6667);
#6667 = NEXT_ASSEMBLY_USAGE_OCCURRENCE('2','BxB-PH-SM4 tab','',#27,#6042
  ,$);
#6668 = PRODUCT_RELATED_PRODUCT_CATEGORY('part',$,(#6044));
#6669 = SHAPE_DEFINITION_REPRESENTATION(#6670,#6676);
#6670 = PRODUCT_DEFINITION_SHAPE('','',#6671);
#6671 = PRODUCT_DEFINITION('design','',#6672,#6675);
#6672 = PRODUCT_DEFINITION_FORMATION('','',#6673);
#6673 = PRODUCT('BxB-PH-SM4 pin','BxB-PH-SM4 pin','',(#6674));
#6674 = PRODUCT_CONTEXT('',#2,'mechanical');
#6675 = PRODUCT_DEFINITION_CONTEXT('part definition',#2,'design');
#6676 = ADVANCED_BREP_SHAPE_REPRESENTATION('',(#11,#6677),#7215);
#6677 = MANIFOLD_SOLID_BREP('',#6678);
#6678 = CLOSED_SHELL('',(#6679,#6719,#6750,#6781,#6803,#6843,#6874,#6905
    ,#6927,#6939,#6951,#6982,#7006,#7030,#7047,#7080,#7105,#7130,#7147,
    #7169,#7186,#7203));
#6679 = ADVANCED_FACE('',(#6680),#6714,.F.);
#6680 = FACE_BOUND('',#6681,.T.);
#6681 = EDGE_LOOP('',(#6682,#6692,#6700,#6708));
#6682 = ORIENTED_EDGE('',*,*,#6683,.T.);
#6683 = EDGE_CURVE('',#6684,#6686,#6688,.T.);
#6684 = VERTEX_POINT('',#6685);
#6685 = CARTESIAN_POINT('',(3.142820323028,5.8,-2.707179676972));
#6686 = VERTEX_POINT('',#6687);
#6687 = CARTESIAN_POINT('',(3.25,5.4,-2.6));
#6688 = LINE('',#6689,#6690);
#6689 = CARTESIAN_POINT('',(3.447762418928,4.661940604732,
    -2.402237581072));
#6690 = VECTOR('',#6691,1.);
#6691 = DIRECTION('',(0.250562807086,-0.935113126531,0.250562807086));
#6692 = ORIENTED_EDGE('',*,*,#6693,.F.);
#6693 = EDGE_CURVE('',#6694,#6686,#6696,.T.);
#6694 = VERTEX_POINT('',#6695);
#6695 = CARTESIAN_POINT('',(3.25,5.4,-3.1));
#6696 = LINE('',#6697,#6698);
#6697 = CARTESIAN_POINT('',(3.25,5.4,-3.1));
#6698 = VECTOR('',#6699,1.);
#6699 = DIRECTION('',(-6.982962677686E-15,0.,1.));
#6700 = ORIENTED_EDGE('',*,*,#6701,.T.);
#6701 = EDGE_CURVE('',#6694,#6702,#6704,.T.);
#6702 = VERTEX_POINT('',#6703);
#6703 = CARTESIAN_POINT('',(3.142820323028,5.8,-2.992820323028));
#6704 = LINE('',#6705,#6706);
#6705 = CARTESIAN_POINT('',(3.447762418928,4.661940604732,
    -3.297762418928));
#6706 = VECTOR('',#6707,1.);
#6707 = DIRECTION('',(-0.250562807086,0.935113126531,0.250562807086));
#6708 = ORIENTED_EDGE('',*,*,#6709,.F.);
#6709 = EDGE_CURVE('',#6684,#6702,#6710,.T.);
#6710 = LINE('',#6711,#6712);
#6711 = CARTESIAN_POINT('',(3.142820323028,5.8,-2.25));
#6712 = VECTOR('',#6713,1.);
#6713 = DIRECTION('',(6.982962677686E-15,0.,-1.));
#6714 = PLANE('',#6715);
#6715 = AXIS2_PLACEMENT_3D('',#6716,#6717,#6718);
#6716 = CARTESIAN_POINT('',(3.142820323028,5.8,-2.25));
#6717 = DIRECTION('',(-0.965925826289,-0.258819045103,-6.74502399439E-15
    ));
#6718 = DIRECTION('',(-0.258819045103,0.965925826289,0.));
#6719 = ADVANCED_FACE('',(#6720),#6745,.F.);
#6720 = FACE_BOUND('',#6721,.T.);
#6721 = EDGE_LOOP('',(#6722,#6732,#6738,#6739));
#6722 = ORIENTED_EDGE('',*,*,#6723,.T.);
#6723 = EDGE_CURVE('',#6724,#6726,#6728,.T.);
#6724 = VERTEX_POINT('',#6725);
#6725 = CARTESIAN_POINT('',(2.75,5.4,-3.1));
#6726 = VERTEX_POINT('',#6727);
#6727 = CARTESIAN_POINT('',(2.857179676972,5.8,-2.992820323028));
#6728 = LINE('',#6729,#6730);
#6729 = CARTESIAN_POINT('',(3.180054784019,7.004986303995,
    -2.669945215981));
#6730 = VECTOR('',#6731,1.);
#6731 = DIRECTION('',(0.250562807086,0.935113126531,0.250562807086));
#6732 = ORIENTED_EDGE('',*,*,#6733,.F.);
#6733 = EDGE_CURVE('',#6702,#6726,#6734,.T.);
#6734 = LINE('',#6735,#6736);
#6735 = CARTESIAN_POINT('',(8.,5.8,-2.992820323027));
#6736 = VECTOR('',#6737,1.);
#6737 = DIRECTION('',(-1.,0.,-6.982962677686E-15));
#6738 = ORIENTED_EDGE('',*,*,#6701,.F.);
#6739 = ORIENTED_EDGE('',*,*,#6740,.F.);
#6740 = EDGE_CURVE('',#6724,#6694,#6741,.T.);
#6741 = LINE('',#6742,#6743);
#6742 = CARTESIAN_POINT('',(3.25,5.4,-3.1));
#6743 = VECTOR('',#6744,1.);
#6744 = DIRECTION('',(1.,0.,6.982962677686E-15));
#6745 = PLANE('',#6746);
#6746 = AXIS2_PLACEMENT_3D('',#6747,#6748,#6749);
#6747 = CARTESIAN_POINT('',(8.,5.8,-2.992820323027));
#6748 = DIRECTION('',(-6.74502399439E-15,-0.258819045103,0.965925826289)
  );
#6749 = DIRECTION('',(-1.,2.606077150048E-14,-1.577721810442E-30));
#6750 = ADVANCED_FACE('',(#6751),#6776,.F.);
#6751 = FACE_BOUND('',#6752,.T.);
#6752 = EDGE_LOOP('',(#6753,#6763,#6769,#6770));
#6753 = ORIENTED_EDGE('',*,*,#6754,.T.);
#6754 = EDGE_CURVE('',#6755,#6757,#6759,.T.);
#6755 = VERTEX_POINT('',#6756);
#6756 = CARTESIAN_POINT('',(2.857179676972,5.8,-2.707179676972));
#6757 = VERTEX_POINT('',#6758);
#6758 = CARTESIAN_POINT('',(2.75,5.4,-2.6));
#6759 = LINE('',#6760,#6761);
#6760 = CARTESIAN_POINT('',(2.828477150368,5.692880712408,
    -2.678477150368));
#6761 = VECTOR('',#6762,1.);
#6762 = DIRECTION('',(-0.250562807086,-0.935113126531,0.250562807086));
#6763 = ORIENTED_EDGE('',*,*,#6764,.F.);
#6764 = EDGE_CURVE('',#6686,#6757,#6765,.T.);
#6765 = LINE('',#6766,#6767);
#6766 = CARTESIAN_POINT('',(3.25,5.4,-2.6));
#6767 = VECTOR('',#6768,1.);
#6768 = DIRECTION('',(-1.,0.,-6.982962677686E-15));
#6769 = ORIENTED_EDGE('',*,*,#6683,.F.);
#6770 = ORIENTED_EDGE('',*,*,#6771,.F.);
#6771 = EDGE_CURVE('',#6755,#6684,#6772,.T.);
#6772 = LINE('',#6773,#6774);
#6773 = CARTESIAN_POINT('',(8.,5.8,-2.707179676972));
#6774 = VECTOR('',#6775,1.);
#6775 = DIRECTION('',(1.,0.,6.982962677686E-15));
#6776 = PLANE('',#6777);
#6777 = AXIS2_PLACEMENT_3D('',#6778,#6779,#6780);
#6778 = CARTESIAN_POINT('',(8.,5.8,-2.707179676972));
#6779 = DIRECTION('',(6.74502399439E-15,-0.258819045103,-0.965925826289)
  );
#6780 = DIRECTION('',(0.,-0.965925826289,0.258819045103));
#6781 = ADVANCED_FACE('',(#6782),#6798,.F.);
#6782 = FACE_BOUND('',#6783,.T.);
#6783 = EDGE_LOOP('',(#6784,#6785,#6791,#6792));
#6784 = ORIENTED_EDGE('',*,*,#6723,.F.);
#6785 = ORIENTED_EDGE('',*,*,#6786,.F.);
#6786 = EDGE_CURVE('',#6757,#6724,#6787,.T.);
#6787 = LINE('',#6788,#6789);
#6788 = CARTESIAN_POINT('',(2.75,5.4,-3.1));
#6789 = VECTOR('',#6790,1.);
#6790 = DIRECTION('',(6.982962677686E-15,0.,-1.));
#6791 = ORIENTED_EDGE('',*,*,#6754,.F.);
#6792 = ORIENTED_EDGE('',*,*,#6793,.F.);
#6793 = EDGE_CURVE('',#6726,#6755,#6794,.T.);
#6794 = LINE('',#6795,#6796);
#6795 = CARTESIAN_POINT('',(2.857179676972,5.8,-2.25));
#6796 = VECTOR('',#6797,1.);
#6797 = DIRECTION('',(-6.982962677686E-15,0.,1.));
#6798 = PLANE('',#6799);
#6799 = AXIS2_PLACEMENT_3D('',#6800,#6801,#6802);
#6800 = CARTESIAN_POINT('',(2.857179676972,5.8,-2.25));
#6801 = DIRECTION('',(0.965925826289,-0.258819045103,6.74502399439E-15)
  );
#6802 = DIRECTION('',(0.,-2.606077150048E-14,-1.));
#6803 = ADVANCED_FACE('',(#6804),#6838,.T.);
#6804 = FACE_BOUND('',#6805,.T.);
#6805 = EDGE_LOOP('',(#6806,#6816,#6824,#6832));
#6806 = ORIENTED_EDGE('',*,*,#6807,.T.);
#6807 = EDGE_CURVE('',#6808,#6810,#6812,.T.);
#6808 = VERTEX_POINT('',#6809);
#6809 = CARTESIAN_POINT('',(3.25,0.499314767377,1.856157536982));
#6810 = VERTEX_POINT('',#6811);
#6811 = CARTESIAN_POINT('',(3.142820323028,0.37134759393,2.25));
#6812 = LINE('',#6813,#6814);
#6813 = CARTESIAN_POINT('',(3.25,0.499314767377,1.856157536982));
#6814 = VECTOR('',#6815,1.);
#6815 = DIRECTION('',(-0.250562807086,-0.299159459139,0.920718142383));
#6816 = ORIENTED_EDGE('',*,*,#6817,.F.);
#6817 = EDGE_CURVE('',#6818,#6810,#6820,.T.);
#6818 = VERTEX_POINT('',#6819);
#6819 = CARTESIAN_POINT('',(3.142820323028,8.609840845297E-02,
    2.235050723647));
#6820 = LINE('',#6821,#6822);
#6821 = CARTESIAN_POINT('',(3.142820323028,0.47838038488,2.255609350884)
  );
#6822 = VECTOR('',#6823,1.);
#6823 = DIRECTION('',(-3.654600291455E-16,0.998629534755,
    5.233595624294E-02));
#6824 = ORIENTED_EDGE('',*,*,#6825,.T.);
#6825 = EDGE_CURVE('',#6818,#6826,#6828,.T.);
#6826 = VERTEX_POINT('',#6827);
#6827 = CARTESIAN_POINT('',(3.25,2.602085213965E-15,1.829989558861));
#6828 = LINE('',#6829,#6830);
#6829 = CARTESIAN_POINT('',(3.25,2.168404344971E-15,1.829989558861));
#6830 = VECTOR('',#6831,1.);
#6831 = DIRECTION('',(0.250562807086,-0.201279379794,-0.946945030598));
#6832 = ORIENTED_EDGE('',*,*,#6833,.F.);
#6833 = EDGE_CURVE('',#6808,#6826,#6834,.T.);
#6834 = LINE('',#6835,#6836);
#6835 = CARTESIAN_POINT('',(3.25,2.168404344971E-15,1.829989558861));
#6836 = VECTOR('',#6837,1.);
#6837 = DIRECTION('',(3.654600291455E-16,-0.998629534755,
    -5.233595624294E-02));
#6838 = PLANE('',#6839);
#6839 = AXIS2_PLACEMENT_3D('',#6840,#6841,#6842);
#6840 = CARTESIAN_POINT('',(3.25,2.602085213965E-15,1.829989558861));
#6841 = DIRECTION('',(0.965925826289,-1.354554221932E-02,0.258464342596)
  );
#6842 = DIRECTION('',(1.734723475977E-18,-0.998629534755,
    -5.233595624294E-02));
#6843 = ADVANCED_FACE('',(#6844),#6869,.T.);
#6844 = FACE_BOUND('',#6845,.T.);
#6845 = EDGE_LOOP('',(#6846,#6856,#6862,#6863));
#6846 = ORIENTED_EDGE('',*,*,#6847,.T.);
#6847 = EDGE_CURVE('',#6848,#6850,#6852,.T.);
#6848 = VERTEX_POINT('',#6849);
#6849 = CARTESIAN_POINT('',(2.857179676972,8.609840845297E-02,
    2.235050723647));
#6850 = VERTEX_POINT('',#6851);
#6851 = CARTESIAN_POINT('',(2.75,2.602085213965E-15,1.829989558861));
#6852 = LINE('',#6853,#6854);
#6853 = CARTESIAN_POINT('',(2.781390860147,2.521656320489E-02,
    1.948624161372));
#6854 = VECTOR('',#6855,1.);
#6855 = DIRECTION('',(-0.250562807086,-0.201279379794,-0.946945030598));
#6856 = ORIENTED_EDGE('',*,*,#6857,.F.);
#6857 = EDGE_CURVE('',#6826,#6850,#6858,.T.);
#6858 = LINE('',#6859,#6860);
#6859 = CARTESIAN_POINT('',(2.75,2.602085213965E-15,1.829989558861));
#6860 = VECTOR('',#6861,1.);
#6861 = DIRECTION('',(-1.,0.,-6.982962677686E-15));
#6862 = ORIENTED_EDGE('',*,*,#6825,.F.);
#6863 = ORIENTED_EDGE('',*,*,#6864,.F.);
#6864 = EDGE_CURVE('',#6848,#6818,#6865,.T.);
#6865 = LINE('',#6866,#6867);
#6866 = CARTESIAN_POINT('',(3.25,8.609840845297E-02,2.235050723647));
#6867 = VECTOR('',#6868,1.);
#6868 = DIRECTION('',(1.,0.,6.982962677686E-15));
#6869 = PLANE('',#6870);
#6870 = AXIS2_PLACEMENT_3D('',#6871,#6872,#6873);
#6871 = CARTESIAN_POINT('',(3.25,2.168404344971E-15,1.829989558861));
#6872 = DIRECTION('',(-1.451839577235E-15,-0.978147600734,0.207911690818
    ));
#6873 = DIRECTION('',(-1.,1.484274537039E-15,0.));
#6874 = ADVANCED_FACE('',(#6875),#6900,.T.);
#6875 = FACE_BOUND('',#6876,.T.);
#6876 = EDGE_LOOP('',(#6877,#6887,#6893,#6894));
#6877 = ORIENTED_EDGE('',*,*,#6878,.T.);
#6878 = EDGE_CURVE('',#6879,#6881,#6883,.T.);
#6879 = VERTEX_POINT('',#6880);
#6880 = CARTESIAN_POINT('',(2.75,0.499314767377,1.856157536982));
#6881 = VERTEX_POINT('',#6882);
#6882 = CARTESIAN_POINT('',(2.857179676972,0.37134759393,2.25));
#6883 = LINE('',#6884,#6885);
#6884 = CARTESIAN_POINT('',(2.781390860147,0.461835650453,1.971506398127
    ));
#6885 = VECTOR('',#6886,1.);
#6886 = DIRECTION('',(0.250562807086,-0.299159459139,0.920718142383));
#6887 = ORIENTED_EDGE('',*,*,#6888,.F.);
#6888 = EDGE_CURVE('',#6810,#6881,#6889,.T.);
#6889 = LINE('',#6890,#6891);
#6890 = CARTESIAN_POINT('',(2.75,0.37134759393,2.25));
#6891 = VECTOR('',#6892,1.);
#6892 = DIRECTION('',(-1.,0.,-6.982962677686E-15));
#6893 = ORIENTED_EDGE('',*,*,#6807,.F.);
#6894 = ORIENTED_EDGE('',*,*,#6895,.F.);
#6895 = EDGE_CURVE('',#6879,#6808,#6896,.T.);
#6896 = LINE('',#6897,#6898);
#6897 = CARTESIAN_POINT('',(3.25,0.499314767377,1.856157536982));
#6898 = VECTOR('',#6899,1.);
#6899 = DIRECTION('',(1.,0.,6.982962677686E-15));
#6900 = PLANE('',#6901);
#6901 = AXIS2_PLACEMENT_3D('',#6902,#6903,#6904);
#6902 = CARTESIAN_POINT('',(3.25,0.499314767377,1.856157536982));
#6903 = DIRECTION('',(-2.157854138491E-15,0.951056516295,0.309016994375)
  );
#6904 = DIRECTION('',(1.,0.,6.982962677686E-15));
#6905 = ADVANCED_FACE('',(#6906),#6922,.T.);
#6906 = FACE_BOUND('',#6907,.T.);
#6907 = EDGE_LOOP('',(#6908,#6909,#6915,#6916));
#6908 = ORIENTED_EDGE('',*,*,#6847,.F.);
#6909 = ORIENTED_EDGE('',*,*,#6910,.F.);
#6910 = EDGE_CURVE('',#6881,#6848,#6911,.T.);
#6911 = LINE('',#6912,#6913);
#6912 = CARTESIAN_POINT('',(2.857179676972,-2.093438249717E-02,
    2.229441372763));
#6913 = VECTOR('',#6914,1.);
#6914 = DIRECTION('',(3.654600291455E-16,-0.998629534755,
    -5.233595624294E-02));
#6915 = ORIENTED_EDGE('',*,*,#6878,.F.);
#6916 = ORIENTED_EDGE('',*,*,#6917,.F.);
#6917 = EDGE_CURVE('',#6850,#6879,#6918,.T.);
#6918 = LINE('',#6919,#6920);
#6919 = CARTESIAN_POINT('',(2.75,0.499314767377,1.856157536982));
#6920 = VECTOR('',#6921,1.);
#6921 = DIRECTION('',(-3.654600291455E-16,0.998629534755,
    5.233595624294E-02));
#6922 = PLANE('',#6923);
#6923 = AXIS2_PLACEMENT_3D('',#6924,#6925,#6926);
#6924 = CARTESIAN_POINT('',(2.75,2.602085213965E-15,1.829989558861));
#6925 = DIRECTION('',(-0.965925826289,-1.354554221932E-02,0.258464342596
    ));
#6926 = DIRECTION('',(-1.402199852936E-02,0.999901686946,0.));
#6927 = ADVANCED_FACE('',(#6928),#6934,.F.);
#6928 = FACE_BOUND('',#6929,.T.);
#6929 = EDGE_LOOP('',(#6930,#6931,#6932,#6933));
#6930 = ORIENTED_EDGE('',*,*,#6771,.T.);
#6931 = ORIENTED_EDGE('',*,*,#6709,.T.);
#6932 = ORIENTED_EDGE('',*,*,#6733,.T.);
#6933 = ORIENTED_EDGE('',*,*,#6793,.T.);
#6934 = PLANE('',#6935);
#6935 = AXIS2_PLACEMENT_3D('',#6936,#6937,#6938);
#6936 = CARTESIAN_POINT('',(8.,5.8,-2.25));
#6937 = DIRECTION('',(0.,-1.,0.));
#6938 = DIRECTION('',(0.,0.,-1.));
#6939 = ADVANCED_FACE('',(#6940),#6946,.T.);
#6940 = FACE_BOUND('',#6941,.T.);
#6941 = EDGE_LOOP('',(#6942,#6943,#6944,#6945));
#6942 = ORIENTED_EDGE('',*,*,#6864,.T.);
#6943 = ORIENTED_EDGE('',*,*,#6817,.T.);
#6944 = ORIENTED_EDGE('',*,*,#6888,.T.);
#6945 = ORIENTED_EDGE('',*,*,#6910,.T.);
#6946 = PLANE('',#6947);
#6947 = AXIS2_PLACEMENT_3D('',#6948,#6949,#6950);
#6948 = CARTESIAN_POINT('',(8.,0.827900722044,2.273926935569));
#6949 = DIRECTION('',(-6.973392770026E-15,-5.233595624294E-02,
    0.998629534755));
#6950 = DIRECTION('',(-1.,1.332428653383E-13,1.577721810442E-30));
#6951 = ADVANCED_FACE('',(#6952),#6977,.F.);
#6952 = FACE_BOUND('',#6953,.T.);
#6953 = EDGE_LOOP('',(#6954,#6962,#6963,#6971));
#6954 = ORIENTED_EDGE('',*,*,#6955,.F.);
#6955 = EDGE_CURVE('',#6757,#6956,#6958,.T.);
#6956 = VERTEX_POINT('',#6957);
#6957 = CARTESIAN_POINT('',(2.75,0.970093229705,-2.6));
#6958 = LINE('',#6959,#6960);
#6959 = CARTESIAN_POINT('',(2.75,5.8,-2.6));
#6960 = VECTOR('',#6961,1.);
#6961 = DIRECTION('',(0.,-1.,0.));
#6962 = ORIENTED_EDGE('',*,*,#6786,.T.);
#6963 = ORIENTED_EDGE('',*,*,#6964,.T.);
#6964 = EDGE_CURVE('',#6724,#6965,#6967,.T.);
#6965 = VERTEX_POINT('',#6966);
#6966 = CARTESIAN_POINT('',(2.75,0.970093229705,-3.1));
#6967 = LINE('',#6968,#6969);
#6968 = CARTESIAN_POINT('',(2.75,5.8,-3.1));
#6969 = VECTOR('',#6970,1.);
#6970 = DIRECTION('',(0.,-1.,0.));
#6971 = ORIENTED_EDGE('',*,*,#6972,.T.);
#6972 = EDGE_CURVE('',#6965,#6956,#6973,.T.);
#6973 = LINE('',#6974,#6975);
#6974 = CARTESIAN_POINT('',(2.75,0.970093229705,-3.1));
#6975 = VECTOR('',#6976,1.);
#6976 = DIRECTION('',(-6.982962677686E-15,0.,1.));
#6977 = PLANE('',#6978);
#6978 = AXIS2_PLACEMENT_3D('',#6979,#6980,#6981);
#6979 = CARTESIAN_POINT('',(2.75,5.8,-3.1));
#6980 = DIRECTION('',(1.,0.,6.982962677686E-15));
#6981 = DIRECTION('',(-6.982962677686E-15,0.,1.));
#6982 = ADVANCED_FACE('',(#6983),#7001,.F.);
#6983 = FACE_BOUND('',#6984,.T.);
#6984 = EDGE_LOOP('',(#6985,#6993,#6994,#6995));
#6985 = ORIENTED_EDGE('',*,*,#6986,.F.);
#6986 = EDGE_CURVE('',#6686,#6987,#6989,.T.);
#6987 = VERTEX_POINT('',#6988);
#6988 = CARTESIAN_POINT('',(3.25,0.970093229705,-2.6));
#6989 = LINE('',#6990,#6991);
#6990 = CARTESIAN_POINT('',(3.25,5.8,-2.6));
#6991 = VECTOR('',#6992,1.);
#6992 = DIRECTION('',(0.,-1.,0.));
#6993 = ORIENTED_EDGE('',*,*,#6764,.T.);
#6994 = ORIENTED_EDGE('',*,*,#6955,.T.);
#6995 = ORIENTED_EDGE('',*,*,#6996,.T.);
#6996 = EDGE_CURVE('',#6956,#6987,#6997,.T.);
#6997 = LINE('',#6998,#6999);
#6998 = CARTESIAN_POINT('',(3.25,0.970093229705,-2.6));
#6999 = VECTOR('',#7000,1.);
#7000 = DIRECTION('',(1.,0.,6.982962677686E-15));
#7001 = PLANE('',#7002);
#7002 = AXIS2_PLACEMENT_3D('',#7003,#7004,#7005);
#7003 = CARTESIAN_POINT('',(3.25,5.8,-2.6));
#7004 = DIRECTION('',(6.982962677686E-15,0.,-1.));
#7005 = DIRECTION('',(0.,-1.,0.));
#7006 = ADVANCED_FACE('',(#7007),#7025,.F.);
#7007 = FACE_BOUND('',#7008,.T.);
#7008 = EDGE_LOOP('',(#7009,#7017,#7018,#7019));
#7009 = ORIENTED_EDGE('',*,*,#7010,.F.);
#7010 = EDGE_CURVE('',#6694,#7011,#7013,.T.);
#7011 = VERTEX_POINT('',#7012);
#7012 = CARTESIAN_POINT('',(3.25,0.970093229705,-3.1));
#7013 = LINE('',#7014,#7015);
#7014 = CARTESIAN_POINT('',(3.25,5.8,-3.1));
#7015 = VECTOR('',#7016,1.);
#7016 = DIRECTION('',(0.,-1.,0.));
#7017 = ORIENTED_EDGE('',*,*,#6693,.T.);
#7018 = ORIENTED_EDGE('',*,*,#6986,.T.);
#7019 = ORIENTED_EDGE('',*,*,#7020,.T.);
#7020 = EDGE_CURVE('',#6987,#7011,#7021,.T.);
#7021 = LINE('',#7022,#7023);
#7022 = CARTESIAN_POINT('',(3.25,0.970093229705,-3.1));
#7023 = VECTOR('',#7024,1.);
#7024 = DIRECTION('',(6.982962677686E-15,0.,-1.));
#7025 = PLANE('',#7026);
#7026 = AXIS2_PLACEMENT_3D('',#7027,#7028,#7029);
#7027 = CARTESIAN_POINT('',(3.25,5.8,-3.1));
#7028 = DIRECTION('',(-1.,0.,-6.982962677686E-15));
#7029 = DIRECTION('',(-6.982962677686E-15,0.,1.));
#7030 = ADVANCED_FACE('',(#7031),#7042,.F.);
#7031 = FACE_BOUND('',#7032,.T.);
#7032 = EDGE_LOOP('',(#7033,#7034,#7035,#7036));
#7033 = ORIENTED_EDGE('',*,*,#6964,.F.);
#7034 = ORIENTED_EDGE('',*,*,#6740,.T.);
#7035 = ORIENTED_EDGE('',*,*,#7010,.T.);
#7036 = ORIENTED_EDGE('',*,*,#7037,.T.);
#7037 = EDGE_CURVE('',#7011,#6965,#7038,.T.);
#7038 = LINE('',#7039,#7040);
#7039 = CARTESIAN_POINT('',(3.25,0.970093229705,-3.1));
#7040 = VECTOR('',#7041,1.);
#7041 = DIRECTION('',(-1.,0.,-6.982962677686E-15));
#7042 = PLANE('',#7043);
#7043 = AXIS2_PLACEMENT_3D('',#7044,#7045,#7046);
#7044 = CARTESIAN_POINT('',(3.25,5.8,-3.1));
#7045 = DIRECTION('',(-6.982962677686E-15,0.,1.));
#7046 = DIRECTION('',(1.,0.,6.982962677686E-15));
#7047 = ADVANCED_FACE('',(#7048),#7075,.F.);
#7048 = FACE_BOUND('',#7049,.T.);
#7049 = EDGE_LOOP('',(#7050,#7059,#7060,#7069));
#7050 = ORIENTED_EDGE('',*,*,#7051,.F.);
#7051 = EDGE_CURVE('',#6956,#7052,#7054,.T.);
#7052 = VERTEX_POINT('',#7053);
#7053 = CARTESIAN_POINT('',(2.75,0.720435846016,-2.363083989061));
#7054 = CIRCLE('',#7055,0.25);
#7055 = AXIS2_PLACEMENT_3D('',#7056,#7057,#7058);
#7056 = CARTESIAN_POINT('',(2.75,0.970093229705,-2.35));
#7057 = DIRECTION('',(-1.,0.,-6.938893903907E-15));
#7058 = DIRECTION('',(6.938893903907E-15,0.,-1.));
#7059 = ORIENTED_EDGE('',*,*,#6972,.F.);
#7060 = ORIENTED_EDGE('',*,*,#7061,.T.);
#7061 = EDGE_CURVE('',#6965,#7062,#7064,.T.);
#7062 = VERTEX_POINT('',#7063);
#7063 = CARTESIAN_POINT('',(2.75,0.221121078639,-2.389251967182));
#7064 = CIRCLE('',#7065,0.75);
#7065 = AXIS2_PLACEMENT_3D('',#7066,#7067,#7068);
#7066 = CARTESIAN_POINT('',(2.75,0.970093229705,-2.35));
#7067 = DIRECTION('',(-1.,0.,-6.938893903907E-15));
#7068 = DIRECTION('',(6.938893903907E-15,0.,-1.));
#7069 = ORIENTED_EDGE('',*,*,#7070,.T.);
#7070 = EDGE_CURVE('',#7062,#7052,#7071,.T.);
#7071 = LINE('',#7072,#7073);
#7072 = CARTESIAN_POINT('',(2.75,0.221121078639,-2.389251967182));
#7073 = VECTOR('',#7074,1.);
#7074 = DIRECTION('',(-3.654600291455E-16,0.998629534755,
    5.233595624294E-02));
#7075 = PLANE('',#7076);
#7076 = AXIS2_PLACEMENT_3D('',#7077,#7078,#7079);
#7077 = CARTESIAN_POINT('',(2.75,0.970093229705,-3.1));
#7078 = DIRECTION('',(1.,0.,6.982962677686E-15));
#7079 = DIRECTION('',(-6.982962677686E-15,0.,1.));
#7080 = ADVANCED_FACE('',(#7081),#7100,.F.);
#7081 = FACE_BOUND('',#7082,.F.);
#7082 = EDGE_LOOP('',(#7083,#7091,#7092,#7093));
#7083 = ORIENTED_EDGE('',*,*,#7084,.F.);
#7084 = EDGE_CURVE('',#7052,#7085,#7087,.T.);
#7085 = VERTEX_POINT('',#7086);
#7086 = CARTESIAN_POINT('',(3.25,0.720435846016,-2.363083989061));
#7087 = LINE('',#7088,#7089);
#7088 = CARTESIAN_POINT('',(3.25,0.720435846016,-2.363083989061));
#7089 = VECTOR('',#7090,1.);
#7090 = DIRECTION('',(1.,0.,6.982962677686E-15));
#7091 = ORIENTED_EDGE('',*,*,#7051,.F.);
#7092 = ORIENTED_EDGE('',*,*,#6996,.T.);
#7093 = ORIENTED_EDGE('',*,*,#7094,.T.);
#7094 = EDGE_CURVE('',#6987,#7085,#7095,.T.);
#7095 = CIRCLE('',#7096,0.25);
#7096 = AXIS2_PLACEMENT_3D('',#7097,#7098,#7099);
#7097 = CARTESIAN_POINT('',(3.25,0.970093229705,-2.35));
#7098 = DIRECTION('',(-1.,0.,-6.938893903907E-15));
#7099 = DIRECTION('',(6.938893903907E-15,0.,-1.));
#7100 = CYLINDRICAL_SURFACE('',#7101,0.25);
#7101 = AXIS2_PLACEMENT_3D('',#7102,#7103,#7104);
#7102 = CARTESIAN_POINT('',(3.,0.970093229705,-2.35));
#7103 = DIRECTION('',(-1.,0.,-6.938893903907E-15));
#7104 = DIRECTION('',(-6.938893903907E-15,0.,1.));
#7105 = ADVANCED_FACE('',(#7106),#7125,.F.);
#7106 = FACE_BOUND('',#7107,.T.);
#7107 = EDGE_LOOP('',(#7108,#7117,#7118,#7119));
#7108 = ORIENTED_EDGE('',*,*,#7109,.F.);
#7109 = EDGE_CURVE('',#7011,#7110,#7112,.T.);
#7110 = VERTEX_POINT('',#7111);
#7111 = CARTESIAN_POINT('',(3.25,0.221121078639,-2.389251967182));
#7112 = CIRCLE('',#7113,0.75);
#7113 = AXIS2_PLACEMENT_3D('',#7114,#7115,#7116);
#7114 = CARTESIAN_POINT('',(3.25,0.970093229705,-2.35));
#7115 = DIRECTION('',(-1.,0.,-6.938893903907E-15));
#7116 = DIRECTION('',(6.938893903907E-15,0.,-1.));
#7117 = ORIENTED_EDGE('',*,*,#7020,.F.);
#7118 = ORIENTED_EDGE('',*,*,#7094,.T.);
#7119 = ORIENTED_EDGE('',*,*,#7120,.T.);
#7120 = EDGE_CURVE('',#7085,#7110,#7121,.T.);
#7121 = LINE('',#7122,#7123);
#7122 = CARTESIAN_POINT('',(3.25,0.221121078639,-2.389251967182));
#7123 = VECTOR('',#7124,1.);
#7124 = DIRECTION('',(3.654600291455E-16,-0.998629534755,
    -5.233595624294E-02));
#7125 = PLANE('',#7126);
#7126 = AXIS2_PLACEMENT_3D('',#7127,#7128,#7129);
#7127 = CARTESIAN_POINT('',(3.25,0.970093229705,-3.1));
#7128 = DIRECTION('',(-1.,0.,-6.982962677686E-15));
#7129 = DIRECTION('',(-6.982962677686E-15,0.,1.));
#7130 = ADVANCED_FACE('',(#7131),#7142,.T.);
#7131 = FACE_BOUND('',#7132,.T.);
#7132 = EDGE_LOOP('',(#7133,#7139,#7140,#7141));
#7133 = ORIENTED_EDGE('',*,*,#7134,.T.);
#7134 = EDGE_CURVE('',#7110,#7062,#7135,.T.);
#7135 = LINE('',#7136,#7137);
#7136 = CARTESIAN_POINT('',(3.25,0.221121078639,-2.389251967182));
#7137 = VECTOR('',#7138,1.);
#7138 = DIRECTION('',(-1.,0.,-6.982962677686E-15));
#7139 = ORIENTED_EDGE('',*,*,#7061,.F.);
#7140 = ORIENTED_EDGE('',*,*,#7037,.F.);
#7141 = ORIENTED_EDGE('',*,*,#7109,.T.);
#7142 = CYLINDRICAL_SURFACE('',#7143,0.75);
#7143 = AXIS2_PLACEMENT_3D('',#7144,#7145,#7146);
#7144 = CARTESIAN_POINT('',(3.,0.970093229705,-2.35));
#7145 = DIRECTION('',(-1.,0.,-6.938893903907E-15));
#7146 = DIRECTION('',(-6.938893903907E-15,0.,1.));
#7147 = ADVANCED_FACE('',(#7148),#7164,.F.);
#7148 = FACE_BOUND('',#7149,.T.);
#7149 = EDGE_LOOP('',(#7150,#7156,#7157,#7163));
#7150 = ORIENTED_EDGE('',*,*,#7151,.T.);
#7151 = EDGE_CURVE('',#7062,#6850,#7152,.T.);
#7152 = LINE('',#7153,#7154);
#7153 = CARTESIAN_POINT('',(2.75,0.221121078639,-2.389251967182));
#7154 = VECTOR('',#7155,1.);
#7155 = DIRECTION('',(-6.973392770026E-15,-5.233595624294E-02,
    0.998629534755));
#7156 = ORIENTED_EDGE('',*,*,#6917,.T.);
#7157 = ORIENTED_EDGE('',*,*,#7158,.F.);
#7158 = EDGE_CURVE('',#7052,#6879,#7159,.T.);
#7159 = LINE('',#7160,#7161);
#7160 = CARTESIAN_POINT('',(2.75,0.720435846016,-2.363083989061));
#7161 = VECTOR('',#7162,1.);
#7162 = DIRECTION('',(-6.973392770026E-15,-5.233595624294E-02,
    0.998629534755));
#7163 = ORIENTED_EDGE('',*,*,#7070,.F.);
#7164 = PLANE('',#7165);
#7165 = AXIS2_PLACEMENT_3D('',#7166,#7167,#7168);
#7166 = CARTESIAN_POINT('',(2.75,0.221121078639,-2.389251967182));
#7167 = DIRECTION('',(1.,0.,6.982962677686E-15));
#7168 = DIRECTION('',(-6.982962677686E-15,0.,1.));
#7169 = ADVANCED_FACE('',(#7170),#7181,.F.);
#7170 = FACE_BOUND('',#7171,.T.);
#7171 = EDGE_LOOP('',(#7172,#7173,#7174,#7180));
#7172 = ORIENTED_EDGE('',*,*,#7158,.T.);
#7173 = ORIENTED_EDGE('',*,*,#6895,.T.);
#7174 = ORIENTED_EDGE('',*,*,#7175,.F.);
#7175 = EDGE_CURVE('',#7085,#6808,#7176,.T.);
#7176 = LINE('',#7177,#7178);
#7177 = CARTESIAN_POINT('',(3.25,0.720435846016,-2.363083989061));
#7178 = VECTOR('',#7179,1.);
#7179 = DIRECTION('',(-6.973392770026E-15,-5.233595624294E-02,
    0.998629534755));
#7180 = ORIENTED_EDGE('',*,*,#7084,.F.);
#7181 = PLANE('',#7182);
#7182 = AXIS2_PLACEMENT_3D('',#7183,#7184,#7185);
#7183 = CARTESIAN_POINT('',(3.25,0.720435846016,-2.363083989061));
#7184 = DIRECTION('',(3.654600291455E-16,-0.998629534755,
    -5.233595624294E-02));
#7185 = DIRECTION('',(0.,5.233595624294E-02,-0.998629534755));
#7186 = ADVANCED_FACE('',(#7187),#7198,.F.);
#7187 = FACE_BOUND('',#7188,.T.);
#7188 = EDGE_LOOP('',(#7189,#7190,#7191,#7197));
#7189 = ORIENTED_EDGE('',*,*,#7175,.T.);
#7190 = ORIENTED_EDGE('',*,*,#6833,.T.);
#7191 = ORIENTED_EDGE('',*,*,#7192,.F.);
#7192 = EDGE_CURVE('',#7110,#6826,#7193,.T.);
#7193 = LINE('',#7194,#7195);
#7194 = CARTESIAN_POINT('',(3.25,0.221121078639,-2.389251967182));
#7195 = VECTOR('',#7196,1.);
#7196 = DIRECTION('',(-6.973392770026E-15,-5.233595624294E-02,
    0.998629534755));
#7197 = ORIENTED_EDGE('',*,*,#7120,.F.);
#7198 = PLANE('',#7199);
#7199 = AXIS2_PLACEMENT_3D('',#7200,#7201,#7202);
#7200 = CARTESIAN_POINT('',(3.25,0.221121078639,-2.389251967182));
#7201 = DIRECTION('',(-1.,0.,-6.982962677686E-15));
#7202 = DIRECTION('',(-6.982962677686E-15,0.,1.));
#7203 = ADVANCED_FACE('',(#7204),#7210,.F.);
#7204 = FACE_BOUND('',#7205,.T.);
#7205 = EDGE_LOOP('',(#7206,#7207,#7208,#7209));
#7206 = ORIENTED_EDGE('',*,*,#7192,.T.);
#7207 = ORIENTED_EDGE('',*,*,#6857,.T.);
#7208 = ORIENTED_EDGE('',*,*,#7151,.F.);
#7209 = ORIENTED_EDGE('',*,*,#7134,.F.);
#7210 = PLANE('',#7211);
#7211 = AXIS2_PLACEMENT_3D('',#7212,#7213,#7214);
#7212 = CARTESIAN_POINT('',(3.25,0.221121078639,-2.389251967182));
#7213 = DIRECTION('',(-3.654600291455E-16,0.998629534755,
    5.233595624294E-02));
#7214 = DIRECTION('',(1.,0.,6.982962677686E-15));
#7215 = ( GEOMETRIC_REPRESENTATION_CONTEXT(3) 
GLOBAL_UNCERTAINTY_ASSIGNED_CONTEXT((#7219)) 
GLOBAL_UNIT_ASSIGNED_CONTEXT((#7216,#7217,#7218)) REPRESENTATION_CONTEXT
('Context #1','3D Context with UNIT and UNCERTAINTY') );
#7216 = ( LENGTH_UNIT() NAMED_UNIT(*) SI_UNIT(.MILLI.,.METRE.) );
#7217 = ( NAMED_UNIT(*) PLANE_ANGLE_UNIT() SI_UNIT($,.RADIAN.) );
#7218 = ( NAMED_UNIT(*) SI_UNIT($,.STERADIAN.) SOLID_ANGLE_UNIT() );
#7219 = UNCERTAINTY_MEASURE_WITH_UNIT(LENGTH_MEASURE(1.E-07),#7216,
  'distance_accuracy_value','confusion accuracy');
#7220 = CONTEXT_DEPENDENT_SHAPE_REPRESENTATION(#7221,#7223);
#7221 = ( REPRESENTATION_RELATIONSHIP('','',#6676,#32) 
REPRESENTATION_RELATIONSHIP_WITH_TRANSFORMATION(#7222) 
SHAPE_REPRESENTATION_RELATIONSHIP() );
#7222 = ITEM_DEFINED_TRANSFORMATION('','',#11,#41);
#7223 = PRODUCT_DEFINITION_SHAPE('Placement','Placement of an item',
  #7224);
#7224 = NEXT_ASSEMBLY_USAGE_OCCURRENCE('3','BxB-PH-SM4 pin','',#27,#6671
  ,$);
#7225 = PRODUCT_RELATED_PRODUCT_CATEGORY('part',$,(#6673));
#7226 = CONTEXT_DEPENDENT_SHAPE_REPRESENTATION(#7227,#7229);
#7227 = ( REPRESENTATION_RELATIONSHIP('','',#6676,#32) 
REPRESENTATION_RELATIONSHIP_WITH_TRANSFORMATION(#7228) 
SHAPE_REPRESENTATION_RELATIONSHIP() );
#7228 = ITEM_DEFINED_TRANSFORMATION('','',#11,#45);
#7229 = PRODUCT_DEFINITION_SHAPE('Placement','Placement of an item',
  #7230);
#7230 = NEXT_ASSEMBLY_USAGE_OCCURRENCE('4','BxB-PH-SM4 pin001','',#27,
  #6671,$);
#7231 = CONTEXT_DEPENDENT_SHAPE_REPRESENTATION(#7232,#7234);
#7232 = ( REPRESENTATION_RELATIONSHIP('','',#6676,#32) 
REPRESENTATION_RELATIONSHIP_WITH_TRANSFORMATION(#7233) 
SHAPE_REPRESENTATION_RELATIONSHIP() );
#7233 = ITEM_DEFINED_TRANSFORMATION('','',#11,#49);
#7234 = PRODUCT_DEFINITION_SHAPE('Placement','Placement of an item',
  #7235);
#7235 = NEXT_ASSEMBLY_USAGE_OCCURRENCE('5','BxB-PH-SM4 pin002','',#27,
  #6671,$);
#7236 = CONTEXT_DEPENDENT_SHAPE_REPRESENTATION(#7237,#7239);
#7237 = ( REPRESENTATION_RELATIONSHIP('','',#6676,#32) 
REPRESENTATION_RELATIONSHIP_WITH_TRANSFORMATION(#7238) 
SHAPE_REPRESENTATION_RELATIONSHIP() );
#7238 = ITEM_DEFINED_TRANSFORMATION('','',#11,#53);
#7239 = PRODUCT_DEFINITION_SHAPE('Placement','Placement of an item',
  #7240);
#7240 = NEXT_ASSEMBLY_USAGE_OCCURRENCE('6','BxB-PH-SM4 pin003','',#27,
  #6671,$);
#7241 = CONTEXT_DEPENDENT_SHAPE_REPRESENTATION(#7242,#7244);
#7242 = ( REPRESENTATION_RELATIONSHIP('','',#6676,#32) 
REPRESENTATION_RELATIONSHIP_WITH_TRANSFORMATION(#7243) 
SHAPE_REPRESENTATION_RELATIONSHIP() );
#7243 = ITEM_DEFINED_TRANSFORMATION('','',#11,#57);
#7244 = PRODUCT_DEFINITION_SHAPE('Placement','Placement of an item',
  #7245);
#7245 = NEXT_ASSEMBLY_USAGE_OCCURRENCE('7','BxB-PH-SM4 pin004','',#27,
  #6671,$);
#7246 = CONTEXT_DEPENDENT_SHAPE_REPRESENTATION(#7247,#7249);
#7247 = ( REPRESENTATION_RELATIONSHIP('','',#6047,#32) 
REPRESENTATION_RELATIONSHIP_WITH_TRANSFORMATION(#7248) 
SHAPE_REPRESENTATION_RELATIONSHIP() );
#7248 = ITEM_DEFINED_TRANSFORMATION('','',#11,#61);
#7249 = PRODUCT_DEFINITION_SHAPE('Placement','Placement of an item',
  #7250);
#7250 = NEXT_ASSEMBLY_USAGE_OCCURRENCE('8','BxB-PH-SM4 tab001','',#27,
  #6042,$);
#7251 = SHAPE_DEFINITION_REPRESENTATION(#7229,#7252);
#7252 = SHAPE_REPRESENTATION('',(#45),#7215);
#7253 = SHAPE_DEFINITION_REPRESENTATION(#7234,#7254);
#7254 = SHAPE_REPRESENTATION('',(#49),#7215);
#7255 = SHAPE_DEFINITION_REPRESENTATION(#7239,#7256);
#7256 = SHAPE_REPRESENTATION('',(#53),#7215);
#7257 = SHAPE_DEFINITION_REPRESENTATION(#7244,#7258);
#7258 = SHAPE_REPRESENTATION('',(#57),#7215);
#7259 = SHAPE_DEFINITION_REPRESENTATION(#7249,#7260);
#7260 = SHAPE_REPRESENTATION('',(#61),#6658);
#7261 = SHAPE_DEFINITION_REPRESENTATION(#7229,#7262);
#7262 = SHAPE_REPRESENTATION('',(#45),#7215);
#7263 = SHAPE_DEFINITION_REPRESENTATION(#7234,#7264);
#7264 = SHAPE_REPRESENTATION('',(#49),#7215);
#7265 = SHAPE_DEFINITION_REPRESENTATION(#7239,#7266);
#7266 = SHAPE_REPRESENTATION('',(#53),#7215);
#7267 = SHAPE_DEFINITION_REPRESENTATION(#7244,#7268);
#7268 = SHAPE_REPRESENTATION('',(#57),#7215);
#7269 = SHAPE_DEFINITION_REPRESENTATION(#7249,#7270);
#7270 = SHAPE_REPRESENTATION('',(#61),#6658);
#7271 = MECHANICAL_DESIGN_GEOMETRIC_PRESENTATION_REPRESENTATION('',(
    #7272),#6029);
#7272 = STYLED_ITEM('color',(#7273),#84);
#7273 = PRESENTATION_STYLE_ASSIGNMENT((#7274,#7280));
#7274 = SURFACE_STYLE_USAGE(.BOTH.,#7275);
#7275 = SURFACE_SIDE_STYLE('',(#7276));
#7276 = SURFACE_STYLE_FILL_AREA(#7277);
#7277 = FILL_AREA_STYLE('',(#7278));
#7278 = FILL_AREA_STYLE_COLOUR('',#7279);
#7279 = DRAUGHTING_PRE_DEFINED_COLOUR('white');
#7280 = CURVE_STYLE('',#7281,POSITIVE_LENGTH_MEASURE(0.1),#7282);
#7281 = DRAUGHTING_PRE_DEFINED_CURVE_FONT('continuous');
#7282 = COLOUR_RGB('',9.803921802644E-02,9.803921802644E-02,
  9.803921802644E-02);
#7283 = MECHANICAL_DESIGN_GEOMETRIC_PRESENTATION_REPRESENTATION('',(
    #7284,#7294,#7303),#6658);
#7284 = STYLED_ITEM('color',(#7285),#6048);
#7285 = PRESENTATION_STYLE_ASSIGNMENT((#7286,#7292));
#7286 = SURFACE_STYLE_USAGE(.BOTH.,#7287);
#7287 = SURFACE_SIDE_STYLE('',(#7288));
#7288 = SURFACE_STYLE_FILL_AREA(#7289);
#7289 = FILL_AREA_STYLE('',(#7290));
#7290 = FILL_AREA_STYLE_COLOUR('',#7291);
#7291 = COLOUR_RGB('',0.796078452645,0.823529417451,0.937254901616);
#7292 = CURVE_STYLE('',#7293,POSITIVE_LENGTH_MEASURE(0.1),#7282);
#7293 = DRAUGHTING_PRE_DEFINED_CURVE_FONT('continuous');
#7294 = OVER_RIDING_STYLED_ITEM('overriding color',(#7295),#6048,#7284);
#7295 = PRESENTATION_STYLE_BY_CONTEXT((#7296,#7301),#7260);
#7296 = SURFACE_STYLE_USAGE(.BOTH.,#7297);
#7297 = SURFACE_SIDE_STYLE('',(#7298));
#7298 = SURFACE_STYLE_FILL_AREA(#7299);
#7299 = FILL_AREA_STYLE('',(#7300));
#7300 = FILL_AREA_STYLE_COLOUR('',#7291);
#7301 = CURVE_STYLE('',#7302,POSITIVE_LENGTH_MEASURE(0.1),#7282);
#7302 = DRAUGHTING_PRE_DEFINED_CURVE_FONT('continuous');
#7303 = OVER_RIDING_STYLED_ITEM('overriding color',(#7304),#6048,#7284);
#7304 = PRESENTATION_STYLE_BY_CONTEXT((#7305,#7311),#7270);
#7305 = SURFACE_STYLE_USAGE(.BOTH.,#7306);
#7306 = SURFACE_SIDE_STYLE('',(#7307));
#7307 = SURFACE_STYLE_FILL_AREA(#7308);
#7308 = FILL_AREA_STYLE('',(#7309));
#7309 = FILL_AREA_STYLE_COLOUR('',#7310);
#7310 = COLOUR_RGB('',0.796078452645,0.823529417451,0.937254901616);
#7311 = CURVE_STYLE('',#7312,POSITIVE_LENGTH_MEASURE(0.1),#7313);
#7312 = DRAUGHTING_PRE_DEFINED_CURVE_FONT('continuous');
#7313 = COLOUR_RGB('',9.803921802644E-02,9.803921802644E-02,
  9.803921802644E-02);
#7314 = MECHANICAL_DESIGN_GEOMETRIC_PRESENTATION_REPRESENTATION('',(
    #7315,#7325,#7334,#7343,#7352,#7361,#7371,#7380,#7389),#7215);
#7315 = STYLED_ITEM('color',(#7316),#6677);
#7316 = PRESENTATION_STYLE_ASSIGNMENT((#7317,#7323));
#7317 = SURFACE_STYLE_USAGE(.BOTH.,#7318);
#7318 = SURFACE_SIDE_STYLE('',(#7319));
#7319 = SURFACE_STYLE_FILL_AREA(#7320);
#7320 = FILL_AREA_STYLE('',(#7321));
#7321 = FILL_AREA_STYLE_COLOUR('',#7322);
#7322 = COLOUR_RGB('',0.792156867455,0.819607860991,0.933333342953);
#7323 = CURVE_STYLE('',#7324,POSITIVE_LENGTH_MEASURE(0.1),#7282);
#7324 = DRAUGHTING_PRE_DEFINED_CURVE_FONT('continuous');
#7325 = OVER_RIDING_STYLED_ITEM('overriding color',(#7326),#6677,#7315);
#7326 = PRESENTATION_STYLE_BY_CONTEXT((#7327,#7332),#7252);
#7327 = SURFACE_STYLE_USAGE(.BOTH.,#7328);
#7328 = SURFACE_SIDE_STYLE('',(#7329));
#7329 = SURFACE_STYLE_FILL_AREA(#7330);
#7330 = FILL_AREA_STYLE('',(#7331));
#7331 = FILL_AREA_STYLE_COLOUR('',#7322);
#7332 = CURVE_STYLE('',#7333,POSITIVE_LENGTH_MEASURE(0.1),#7282);
#7333 = DRAUGHTING_PRE_DEFINED_CURVE_FONT('continuous');
#7334 = OVER_RIDING_STYLED_ITEM('overriding color',(#7335),#6677,#7315);
#7335 = PRESENTATION_STYLE_BY_CONTEXT((#7336,#7341),#7254);
#7336 = SURFACE_STYLE_USAGE(.BOTH.,#7337);
#7337 = SURFACE_SIDE_STYLE('',(#7338));
#7338 = SURFACE_STYLE_FILL_AREA(#7339);
#7339 = FILL_AREA_STYLE('',(#7340));
#7340 = FILL_AREA_STYLE_COLOUR('',#7322);
#7341 = CURVE_STYLE('',#7342,POSITIVE_LENGTH_MEASURE(0.1),#7282);
#7342 = DRAUGHTING_PRE_DEFINED_CURVE_FONT('continuous');
#7343 = OVER_RIDING_STYLED_ITEM('overriding color',(#7344),#6677,#7315);
#7344 = PRESENTATION_STYLE_BY_CONTEXT((#7345,#7350),#7256);
#7345 = SURFACE_STYLE_USAGE(.BOTH.,#7346);
#7346 = SURFACE_SIDE_STYLE('',(#7347));
#7347 = SURFACE_STYLE_FILL_AREA(#7348);
#7348 = FILL_AREA_STYLE('',(#7349));
#7349 = FILL_AREA_STYLE_COLOUR('',#7322);
#7350 = CURVE_STYLE('',#7351,POSITIVE_LENGTH_MEASURE(0.1),#7282);
#7351 = DRAUGHTING_PRE_DEFINED_CURVE_FONT('continuous');
#7352 = OVER_RIDING_STYLED_ITEM('overriding color',(#7353),#6677,#7315);
#7353 = PRESENTATION_STYLE_BY_CONTEXT((#7354,#7359),#7258);
#7354 = SURFACE_STYLE_USAGE(.BOTH.,#7355);
#7355 = SURFACE_SIDE_STYLE('',(#7356));
#7356 = SURFACE_STYLE_FILL_AREA(#7357);
#7357 = FILL_AREA_STYLE('',(#7358));
#7358 = FILL_AREA_STYLE_COLOUR('',#7322);
#7359 = CURVE_STYLE('',#7360,POSITIVE_LENGTH_MEASURE(0.1),#7282);
#7360 = DRAUGHTING_PRE_DEFINED_CURVE_FONT('continuous');
#7361 = OVER_RIDING_STYLED_ITEM('overriding color',(#7362),#6677,#7315);
#7362 = PRESENTATION_STYLE_BY_CONTEXT((#7363,#7369),#7262);
#7363 = SURFACE_STYLE_USAGE(.BOTH.,#7364);
#7364 = SURFACE_SIDE_STYLE('',(#7365));
#7365 = SURFACE_STYLE_FILL_AREA(#7366);
#7366 = FILL_AREA_STYLE('',(#7367));
#7367 = FILL_AREA_STYLE_COLOUR('',#7368);
#7368 = COLOUR_RGB('',0.792156867455,0.819607860991,0.933333342953);
#7369 = CURVE_STYLE('',#7370,POSITIVE_LENGTH_MEASURE(0.1),#7313);
#7370 = DRAUGHTING_PRE_DEFINED_CURVE_FONT('continuous');
#7371 = OVER_RIDING_STYLED_ITEM('overriding color',(#7372),#6677,#7315);
#7372 = PRESENTATION_STYLE_BY_CONTEXT((#7373,#7378),#7264);
#7373 = SURFACE_STYLE_USAGE(.BOTH.,#7374);
#7374 = SURFACE_SIDE_STYLE('',(#7375));
#7375 = SURFACE_STYLE_FILL_AREA(#7376);
#7376 = FILL_AREA_STYLE('',(#7377));
#7377 = FILL_AREA_STYLE_COLOUR('',#7368);
#7378 = CURVE_STYLE('',#7379,POSITIVE_LENGTH_MEASURE(0.1),#7313);
#7379 = DRAUGHTING_PRE_DEFINED_CURVE_FONT('continuous');
#7380 = OVER_RIDING_STYLED_ITEM('overriding color',(#7381),#6677,#7315);
#7381 = PRESENTATION_STYLE_BY_CONTEXT((#7382,#7387),#7266);
#7382 = SURFACE_STYLE_USAGE(.BOTH.,#7383);
#7383 = SURFACE_SIDE_STYLE('',(#7384));
#7384 = SURFACE_STYLE_FILL_AREA(#7385);
#7385 = FILL_AREA_STYLE('',(#7386));
#7386 = FILL_AREA_STYLE_COLOUR('',#7368);
#7387 = CURVE_STYLE('',#7388,POSITIVE_LENGTH_MEASURE(0.1),#7313);
#7388 = DRAUGHTING_PRE_DEFINED_CURVE_FONT('continuous');
#7389 = OVER_RIDING_STYLED_ITEM('overriding color',(#7390),#6677,#7315);
#7390 = PRESENTATION_STYLE_BY_CONTEXT((#7391,#7396),#7268);
#7391 = SURFACE_STYLE_USAGE(.BOTH.,#7392);
#7392 = SURFACE_SIDE_STYLE('',(#7393));
#7393 = SURFACE_STYLE_FILL_AREA(#7394);
#7394 = FILL_AREA_STYLE('',(#7395));
#7395 = FILL_AREA_STYLE_COLOUR('',#7368);
#7396 = CURVE_STYLE('',#7397,POSITIVE_LENGTH_MEASURE(0.1),#7313);
#7397 = DRAUGHTING_PRE_DEFINED_CURVE_FONT('continuous');
ENDSEC;
END-ISO-10303-21;
