ISO-10303-21;
HEADER;
/* Generated by software containing ST-Developer
 * from STEP Tools, Inc. (www.steptools.com) 
 */
/* OPTION: using custom schema-name function */

FILE_DESCRIPTION(
/* description */ (''),
/* implementation_level */ '2;1');

FILE_NAME(
/* name */ 'P28-GBU-.stp',
/* time_stamp */ '2018-03-02T15:29:26+01:00',
/* author */ (''),
/* organization */ (''),
/* preprocessor_version */ 'ST-DEVELOPER v14',
/* originating_system */ 'SIEMENS PLM Software NX 8.0',
/* authorisation */ '');

FILE_SCHEMA (('CONFIG_CONTROL_DESIGN'));
ENDSEC;

DATA;
#10=SHAPE_REPRESENTATION_RELATIONSHIP('None',
'relationship between Steptest-None and Steptest-None',#92,#11);
#11=ADVANCED_BREP_SHAPE_REPRESENTATION('Steptest-None',(#93),#2520);
#12=CC_DESIGN_APPROVAL(#24,(#82));
#13=CC_DESIGN_APPROVAL(#25,(#84));
#14=CC_DESIGN_APPROVAL(#26,(#31));
#15=APPROVAL_PERSON_ORGANIZATION(#69,#24,#18);
#16=APPROVAL_PERSON_ORGANIZATION(#70,#25,#19);
#17=APPROVAL_PERSON_ORGANIZATION(#71,#26,#20);
#18=APPROVAL_ROLE('approver');
#19=APPROVAL_ROLE('approver');
#20=APPROVAL_ROLE('approver');
#21=APPROVAL_DATE_TIME(#39,#24);
#22=APPROVAL_DATE_TIME(#40,#25);
#23=APPROVAL_DATE_TIME(#41,#26);
#24=APPROVAL(#27,' ');
#25=APPROVAL(#28,' ');
#26=APPROVAL(#29,' ');
#27=APPROVAL_STATUS('not_yet_approved');
#28=APPROVAL_STATUS('not_yet_approved');
#29=APPROVAL_STATUS('not_yet_approved');
#30=CC_DESIGN_SECURITY_CLASSIFICATION(#31,(#84));
#31=SECURITY_CLASSIFICATION(' ',' ',#32);
#32=SECURITY_CLASSIFICATION_LEVEL('confidential');
#33=CC_DESIGN_DATE_AND_TIME_ASSIGNMENT(#37,#35,(#82));
#34=CC_DESIGN_DATE_AND_TIME_ASSIGNMENT(#38,#36,(#31));
#35=DATE_TIME_ROLE('creation_date');
#36=DATE_TIME_ROLE('classification_date');
#37=DATE_AND_TIME(#52,#42);
#38=DATE_AND_TIME(#53,#43);
#39=DATE_AND_TIME(#54,#44);
#40=DATE_AND_TIME(#55,#45);
#41=DATE_AND_TIME(#56,#46);
#42=LOCAL_TIME(0,0,0.,#47);
#43=LOCAL_TIME(0,0,0.,#48);
#44=LOCAL_TIME(0,0,0.,#49);
#45=LOCAL_TIME(0,0,0.,#50);
#46=LOCAL_TIME(0,0,0.,#51);
#47=COORDINATED_UNIVERSAL_TIME_OFFSET(0,0,.BEHIND.);
#48=COORDINATED_UNIVERSAL_TIME_OFFSET(0,0,.BEHIND.);
#49=COORDINATED_UNIVERSAL_TIME_OFFSET(0,0,.BEHIND.);
#50=COORDINATED_UNIVERSAL_TIME_OFFSET(0,0,.BEHIND.);
#51=COORDINATED_UNIVERSAL_TIME_OFFSET(0,0,.BEHIND.);
#52=CALENDAR_DATE(0,1,1);
#53=CALENDAR_DATE(0,1,1);
#54=CALENDAR_DATE(0,1,1);
#55=CALENDAR_DATE(0,1,1);
#56=CALENDAR_DATE(0,1,1);
#57=CC_DESIGN_PERSON_AND_ORGANIZATION_ASSIGNMENT(#65,#61,(#82,#84));
#58=CC_DESIGN_PERSON_AND_ORGANIZATION_ASSIGNMENT(#66,#62,(#86));
#59=CC_DESIGN_PERSON_AND_ORGANIZATION_ASSIGNMENT(#67,#63,(#84));
#60=CC_DESIGN_PERSON_AND_ORGANIZATION_ASSIGNMENT(#68,#64,(#31));
#61=PERSON_AND_ORGANIZATION_ROLE('creator');
#62=PERSON_AND_ORGANIZATION_ROLE('design_owner');
#63=PERSON_AND_ORGANIZATION_ROLE('design_supplier');
#64=PERSON_AND_ORGANIZATION_ROLE('classification_officer');
#65=PERSON_AND_ORGANIZATION(#79,#72);
#66=PERSON_AND_ORGANIZATION(#79,#73);
#67=PERSON_AND_ORGANIZATION(#79,#74);
#68=PERSON_AND_ORGANIZATION(#79,#75);
#69=PERSON_AND_ORGANIZATION(#79,#76);
#70=PERSON_AND_ORGANIZATION(#79,#77);
#71=PERSON_AND_ORGANIZATION(#79,#78);
#72=ORGANIZATION(' ',' ',' ');
#73=ORGANIZATION(' ',' ',' ');
#74=ORGANIZATION(' ',' ',' ');
#75=ORGANIZATION(' ',' ',' ');
#76=ORGANIZATION(' ',' ',' ');
#77=ORGANIZATION(' ',' ',' ');
#78=ORGANIZATION(' ',' ',' ');
#79=PERSON(' ',' ',' ',(' '),$,$);
#80=SHAPE_DEFINITION_REPRESENTATION(#81,#92);
#81=PRODUCT_DEFINITION_SHAPE('','',#82);
#82=PRODUCT_DEFINITION(' ','',#84,#83);
#83=DESIGN_CONTEXT('',#91,'design');
#84=PRODUCT_DEFINITION_FORMATION_WITH_SPECIFIED_SOURCE(' ',' ',#86,
 .NOT_KNOWN.);
#85=PRODUCT_RELATED_PRODUCT_CATEGORY('detail','',(#86));
#86=PRODUCT('Steptest','Steptest',' ',(#89));
#87=PRODUCT_CATEGORY('part',' ');
#88=PRODUCT_CATEGORY(' ','');
#89=MECHANICAL_CONTEXT(' ',#91,'mechanical');
#90=APPLICATION_PROTOCOL_DEFINITION('international standard',
'config_control_design',2010,#91);
#91=APPLICATION_CONTEXT(
'configuration controlled 3D designs of mechanical parts and assemblies');
#92=SHAPE_REPRESENTATION('Steptest-None',(#1619),#2520);
#93=BREP_WITH_VOIDS('',#98,(#94,#95,#96,#97));
#94=ORIENTED_CLOSED_SHELL('',*,#99,.F.);
#95=ORIENTED_CLOSED_SHELL('',*,#100,.F.);
#96=ORIENTED_CLOSED_SHELL('',*,#101,.F.);
#97=ORIENTED_CLOSED_SHELL('',*,#102,.F.);
#98=CLOSED_SHELL('',(#113,#114,#115,#116,#117,#118,#119,#120,#121,#122,#123,
#124,#125,#126,#127,#128,#129,#130,#131,#132,#133,#134,#135,#136,#137,#138,
#139,#140,#141,#142,#143,#144,#145,#146,#147,#148,#149,#150,#151,#152,#153,
#154,#155,#156,#157,#158,#159,#160,#161,#162,#163,#164,#165,#166,#167,#168,
#169,#170,#171,#172));
#99=CLOSED_SHELL('',(#173,#174,#175,#176,#177,#178));
#100=CLOSED_SHELL('',(#179,#180,#181,#182,#183,#184));
#101=CLOSED_SHELL('',(#185,#186,#187,#188,#189,#190));
#102=CLOSED_SHELL('',(#191,#192,#193,#194,#195,#196));
#103=FACE_BOUND('',#405,.T.);
#104=FACE_BOUND('',#406,.T.);
#105=FACE_BOUND('',#409,.T.);
#106=FACE_BOUND('',#410,.T.);
#107=CYLINDRICAL_SURFACE('',#1636,1.9);
#108=CYLINDRICAL_SURFACE('',#1640,1.9);
#109=CIRCLE('',#1634,1.9);
#110=CIRCLE('',#1635,1.9);
#111=CIRCLE('',#1638,1.9);
#112=CIRCLE('',#1639,1.9);
#113=ADVANCED_FACE('',(#279),#197,.T.);
#114=ADVANCED_FACE('',(#280),#198,.F.);
#115=ADVANCED_FACE('',(#281),#199,.T.);
#116=ADVANCED_FACE('',(#282),#200,.F.);
#117=ADVANCED_FACE('',(#283),#201,.T.);
#118=ADVANCED_FACE('',(#284),#202,.T.);
#119=ADVANCED_FACE('',(#285),#203,.T.);
#120=ADVANCED_FACE('',(#286),#204,.T.);
#121=ADVANCED_FACE('',(#287),#205,.T.);
#122=ADVANCED_FACE('',(#288),#206,.T.);
#123=ADVANCED_FACE('',(#289),#207,.F.);
#124=ADVANCED_FACE('',(#290),#208,.T.);
#125=ADVANCED_FACE('',(#291),#209,.F.);
#126=ADVANCED_FACE('',(#292),#210,.F.);
#127=ADVANCED_FACE('',(#293),#107,.F.);
#128=ADVANCED_FACE('',(#294),#211,.F.);
#129=ADVANCED_FACE('',(#295),#108,.F.);
#130=ADVANCED_FACE('',(#296),#212,.F.);
#131=ADVANCED_FACE('',(#297),#213,.T.);
#132=ADVANCED_FACE('',(#298),#214,.T.);
#133=ADVANCED_FACE('',(#299),#215,.T.);
#134=ADVANCED_FACE('',(#300),#216,.F.);
#135=ADVANCED_FACE('',(#301),#217,.T.);
#136=ADVANCED_FACE('',(#302),#218,.F.);
#137=ADVANCED_FACE('',(#303),#219,.T.);
#138=ADVANCED_FACE('',(#304),#220,.T.);
#139=ADVANCED_FACE('',(#305),#221,.T.);
#140=ADVANCED_FACE('',(#306),#222,.T.);
#141=ADVANCED_FACE('',(#307),#223,.F.);
#142=ADVANCED_FACE('',(#308),#224,.T.);
#143=ADVANCED_FACE('',(#309),#225,.F.);
#144=ADVANCED_FACE('',(#310),#226,.T.);
#145=ADVANCED_FACE('',(#311),#227,.T.);
#146=ADVANCED_FACE('',(#312),#228,.T.);
#147=ADVANCED_FACE('',(#313),#229,.T.);
#148=ADVANCED_FACE('',(#314),#230,.F.);
#149=ADVANCED_FACE('',(#315),#231,.T.);
#150=ADVANCED_FACE('',(#316),#232,.F.);
#151=ADVANCED_FACE('',(#317),#233,.T.);
#152=ADVANCED_FACE('',(#318),#234,.T.);
#153=ADVANCED_FACE('',(#319),#235,.F.);
#154=ADVANCED_FACE('',(#320),#236,.F.);
#155=ADVANCED_FACE('',(#321),#237,.F.);
#156=ADVANCED_FACE('',(#322),#238,.F.);
#157=ADVANCED_FACE('',(#103,#104),#239,.T.);
#158=ADVANCED_FACE('',(#323),#240,.F.);
#159=ADVANCED_FACE('',(#324),#241,.F.);
#160=ADVANCED_FACE('',(#105,#106),#242,.T.);
#161=ADVANCED_FACE('',(#325),#243,.F.);
#162=ADVANCED_FACE('',(#326),#244,.T.);
#163=ADVANCED_FACE('',(#327),#245,.T.);
#164=ADVANCED_FACE('',(#328),#246,.T.);
#165=ADVANCED_FACE('',(#329),#247,.T.);
#166=ADVANCED_FACE('',(#330),#248,.T.);
#167=ADVANCED_FACE('',(#331),#249,.T.);
#168=ADVANCED_FACE('',(#332),#250,.F.);
#169=ADVANCED_FACE('',(#333),#251,.T.);
#170=ADVANCED_FACE('',(#334),#252,.F.);
#171=ADVANCED_FACE('',(#335),#253,.F.);
#172=ADVANCED_FACE('',(#336),#254,.F.);
#173=ADVANCED_FACE('',(#337),#255,.T.);
#174=ADVANCED_FACE('',(#338),#256,.T.);
#175=ADVANCED_FACE('',(#339),#257,.T.);
#176=ADVANCED_FACE('',(#340),#258,.T.);
#177=ADVANCED_FACE('',(#341),#259,.T.);
#178=ADVANCED_FACE('',(#342),#260,.F.);
#179=ADVANCED_FACE('',(#343),#261,.T.);
#180=ADVANCED_FACE('',(#344),#262,.T.);
#181=ADVANCED_FACE('',(#345),#263,.T.);
#182=ADVANCED_FACE('',(#346),#264,.T.);
#183=ADVANCED_FACE('',(#347),#265,.T.);
#184=ADVANCED_FACE('',(#348),#266,.F.);
#185=ADVANCED_FACE('',(#349),#267,.T.);
#186=ADVANCED_FACE('',(#350),#268,.F.);
#187=ADVANCED_FACE('',(#351),#269,.T.);
#188=ADVANCED_FACE('',(#352),#270,.T.);
#189=ADVANCED_FACE('',(#353),#271,.T.);
#190=ADVANCED_FACE('',(#354),#272,.T.);
#191=ADVANCED_FACE('',(#355),#273,.T.);
#192=ADVANCED_FACE('',(#356),#274,.F.);
#193=ADVANCED_FACE('',(#357),#275,.T.);
#194=ADVANCED_FACE('',(#358),#276,.T.);
#195=ADVANCED_FACE('',(#359),#277,.T.);
#196=ADVANCED_FACE('',(#360),#278,.T.);
#197=PLANE('',#1620);
#198=PLANE('',#1621);
#199=PLANE('',#1622);
#200=PLANE('',#1623);
#201=PLANE('',#1624);
#202=PLANE('',#1625);
#203=PLANE('',#1626);
#204=PLANE('',#1627);
#205=PLANE('',#1628);
#206=PLANE('',#1629);
#207=PLANE('',#1630);
#208=PLANE('',#1631);
#209=PLANE('',#1632);
#210=PLANE('',#1633);
#211=PLANE('',#1637);
#212=PLANE('',#1641);
#213=PLANE('',#1642);
#214=PLANE('',#1643);
#215=PLANE('',#1644);
#216=PLANE('',#1645);
#217=PLANE('',#1646);
#218=PLANE('',#1647);
#219=PLANE('',#1648);
#220=PLANE('',#1649);
#221=PLANE('',#1650);
#222=PLANE('',#1651);
#223=PLANE('',#1652);
#224=PLANE('',#1653);
#225=PLANE('',#1654);
#226=PLANE('',#1655);
#227=PLANE('',#1656);
#228=PLANE('',#1657);
#229=PLANE('',#1658);
#230=PLANE('',#1659);
#231=PLANE('',#1660);
#232=PLANE('',#1661);
#233=PLANE('',#1662);
#234=PLANE('',#1663);
#235=PLANE('',#1664);
#236=PLANE('',#1665);
#237=PLANE('',#1666);
#238=PLANE('',#1667);
#239=PLANE('',#1668);
#240=PLANE('',#1669);
#241=PLANE('',#1670);
#242=PLANE('',#1671);
#243=PLANE('',#1672);
#244=PLANE('',#1673);
#245=PLANE('',#1674);
#246=PLANE('',#1675);
#247=PLANE('',#1676);
#248=PLANE('',#1677);
#249=PLANE('',#1678);
#250=PLANE('',#1679);
#251=PLANE('',#1680);
#252=PLANE('',#1681);
#253=PLANE('',#1682);
#254=PLANE('',#1683);
#255=PLANE('',#1684);
#256=PLANE('',#1685);
#257=PLANE('',#1686);
#258=PLANE('',#1687);
#259=PLANE('',#1688);
#260=PLANE('',#1689);
#261=PLANE('',#1690);
#262=PLANE('',#1691);
#263=PLANE('',#1692);
#264=PLANE('',#1693);
#265=PLANE('',#1694);
#266=PLANE('',#1695);
#267=PLANE('',#1696);
#268=PLANE('',#1697);
#269=PLANE('',#1698);
#270=PLANE('',#1699);
#271=PLANE('',#1700);
#272=PLANE('',#1701);
#273=PLANE('',#1702);
#274=PLANE('',#1703);
#275=PLANE('',#1704);
#276=PLANE('',#1705);
#277=PLANE('',#1706);
#278=PLANE('',#1707);
#279=FACE_OUTER_BOUND('',#361,.T.);
#280=FACE_OUTER_BOUND('',#362,.T.);
#281=FACE_OUTER_BOUND('',#363,.T.);
#282=FACE_OUTER_BOUND('',#364,.T.);
#283=FACE_OUTER_BOUND('',#365,.T.);
#284=FACE_OUTER_BOUND('',#366,.T.);
#285=FACE_OUTER_BOUND('',#367,.T.);
#286=FACE_OUTER_BOUND('',#368,.T.);
#287=FACE_OUTER_BOUND('',#369,.T.);
#288=FACE_OUTER_BOUND('',#370,.T.);
#289=FACE_OUTER_BOUND('',#371,.T.);
#290=FACE_OUTER_BOUND('',#372,.T.);
#291=FACE_OUTER_BOUND('',#373,.T.);
#292=FACE_OUTER_BOUND('',#374,.T.);
#293=FACE_OUTER_BOUND('',#375,.T.);
#294=FACE_OUTER_BOUND('',#376,.T.);
#295=FACE_OUTER_BOUND('',#377,.T.);
#296=FACE_OUTER_BOUND('',#378,.T.);
#297=FACE_OUTER_BOUND('',#379,.T.);
#298=FACE_OUTER_BOUND('',#380,.T.);
#299=FACE_OUTER_BOUND('',#381,.T.);
#300=FACE_OUTER_BOUND('',#382,.T.);
#301=FACE_OUTER_BOUND('',#383,.T.);
#302=FACE_OUTER_BOUND('',#384,.T.);
#303=FACE_OUTER_BOUND('',#385,.T.);
#304=FACE_OUTER_BOUND('',#386,.T.);
#305=FACE_OUTER_BOUND('',#387,.T.);
#306=FACE_OUTER_BOUND('',#388,.T.);
#307=FACE_OUTER_BOUND('',#389,.T.);
#308=FACE_OUTER_BOUND('',#390,.T.);
#309=FACE_OUTER_BOUND('',#391,.T.);
#310=FACE_OUTER_BOUND('',#392,.T.);
#311=FACE_OUTER_BOUND('',#393,.T.);
#312=FACE_OUTER_BOUND('',#394,.T.);
#313=FACE_OUTER_BOUND('',#395,.T.);
#314=FACE_OUTER_BOUND('',#396,.T.);
#315=FACE_OUTER_BOUND('',#397,.T.);
#316=FACE_OUTER_BOUND('',#398,.T.);
#317=FACE_OUTER_BOUND('',#399,.T.);
#318=FACE_OUTER_BOUND('',#400,.T.);
#319=FACE_OUTER_BOUND('',#401,.T.);
#320=FACE_OUTER_BOUND('',#402,.T.);
#321=FACE_OUTER_BOUND('',#403,.T.);
#322=FACE_OUTER_BOUND('',#404,.T.);
#323=FACE_OUTER_BOUND('',#407,.T.);
#324=FACE_OUTER_BOUND('',#408,.T.);
#325=FACE_OUTER_BOUND('',#411,.T.);
#326=FACE_OUTER_BOUND('',#412,.T.);
#327=FACE_OUTER_BOUND('',#413,.T.);
#328=FACE_OUTER_BOUND('',#414,.T.);
#329=FACE_OUTER_BOUND('',#415,.T.);
#330=FACE_OUTER_BOUND('',#416,.T.);
#331=FACE_OUTER_BOUND('',#417,.T.);
#332=FACE_OUTER_BOUND('',#418,.T.);
#333=FACE_OUTER_BOUND('',#419,.T.);
#334=FACE_OUTER_BOUND('',#420,.T.);
#335=FACE_OUTER_BOUND('',#421,.T.);
#336=FACE_OUTER_BOUND('',#422,.T.);
#337=FACE_OUTER_BOUND('',#423,.F.);
#338=FACE_OUTER_BOUND('',#424,.F.);
#339=FACE_OUTER_BOUND('',#425,.F.);
#340=FACE_OUTER_BOUND('',#426,.F.);
#341=FACE_OUTER_BOUND('',#427,.F.);
#342=FACE_OUTER_BOUND('',#428,.F.);
#343=FACE_OUTER_BOUND('',#429,.F.);
#344=FACE_OUTER_BOUND('',#430,.F.);
#345=FACE_OUTER_BOUND('',#431,.F.);
#346=FACE_OUTER_BOUND('',#432,.F.);
#347=FACE_OUTER_BOUND('',#433,.F.);
#348=FACE_OUTER_BOUND('',#434,.F.);
#349=FACE_OUTER_BOUND('',#435,.F.);
#350=FACE_OUTER_BOUND('',#436,.F.);
#351=FACE_OUTER_BOUND('',#437,.F.);
#352=FACE_OUTER_BOUND('',#438,.F.);
#353=FACE_OUTER_BOUND('',#439,.F.);
#354=FACE_OUTER_BOUND('',#440,.F.);
#355=FACE_OUTER_BOUND('',#441,.F.);
#356=FACE_OUTER_BOUND('',#442,.F.);
#357=FACE_OUTER_BOUND('',#443,.F.);
#358=FACE_OUTER_BOUND('',#444,.F.);
#359=FACE_OUTER_BOUND('',#445,.F.);
#360=FACE_OUTER_BOUND('',#446,.F.);
#361=EDGE_LOOP('',(#447,#448,#449,#450));
#362=EDGE_LOOP('',(#451,#452,#453,#454));
#363=EDGE_LOOP('',(#455,#456,#457,#458));
#364=EDGE_LOOP('',(#459,#460,#461,#462));
#365=EDGE_LOOP('',(#463,#464,#465,#466));
#366=EDGE_LOOP('',(#467,#468,#469,#470));
#367=EDGE_LOOP('',(#471,#472,#473,#474));
#368=EDGE_LOOP('',(#475,#476,#477,#478));
#369=EDGE_LOOP('',(#479,#480,#481,#482));
#370=EDGE_LOOP('',(#483,#484,#485,#486,#487,#488,#489,#490,#491,#492));
#371=EDGE_LOOP('',(#493,#494,#495,#496,#497,#498,#499,#500,#501,#502));
#372=EDGE_LOOP('',(#503,#504,#505,#506));
#373=EDGE_LOOP('',(#507,#508,#509,#510));
#374=EDGE_LOOP('',(#511,#512,#513,#514));
#375=EDGE_LOOP('',(#515,#516,#517,#518));
#376=EDGE_LOOP('',(#519,#520,#521,#522));
#377=EDGE_LOOP('',(#523,#524,#525,#526));
#378=EDGE_LOOP('',(#527,#528,#529,#530));
#379=EDGE_LOOP('',(#531,#532,#533,#534));
#380=EDGE_LOOP('',(#535,#536,#537,#538));
#381=EDGE_LOOP('',(#539,#540,#541,#542));
#382=EDGE_LOOP('',(#543,#544,#545,#546));
#383=EDGE_LOOP('',(#547,#548,#549,#550));
#384=EDGE_LOOP('',(#551,#552,#553,#554));
#385=EDGE_LOOP('',(#555,#556,#557,#558));
#386=EDGE_LOOP('',(#559,#560,#561,#562));
#387=EDGE_LOOP('',(#563,#564,#565,#566));
#388=EDGE_LOOP('',(#567,#568,#569,#570));
#389=EDGE_LOOP('',(#571,#572,#573,#574));
#390=EDGE_LOOP('',(#575,#576,#577,#578));
#391=EDGE_LOOP('',(#579,#580,#581,#582));
#392=EDGE_LOOP('',(#583,#584,#585,#586));
#393=EDGE_LOOP('',(#587,#588,#589,#590));
#394=EDGE_LOOP('',(#591,#592,#593,#594));
#395=EDGE_LOOP('',(#595,#596,#597,#598));
#396=EDGE_LOOP('',(#599,#600,#601,#602));
#397=EDGE_LOOP('',(#603,#604,#605,#606));
#398=EDGE_LOOP('',(#607,#608,#609,#610));
#399=EDGE_LOOP('',(#611,#612,#613,#614));
#400=EDGE_LOOP('',(#615,#616,#617,#618));
#401=EDGE_LOOP('',(#619,#620,#621,#622,#623,#624,#625,#626,#627,#628));
#402=EDGE_LOOP('',(#629,#630,#631,#632,#633,#634,#635,#636,#637,#638));
#403=EDGE_LOOP('',(#639,#640,#641,#642,#643,#644,#645,#646,#647,#648));
#404=EDGE_LOOP('',(#649,#650,#651,#652));
#405=EDGE_LOOP('',(#653,#654,#655,#656));
#406=EDGE_LOOP('',(#657,#658,#659,#660,#661));
#407=EDGE_LOOP('',(#662,#663,#664,#665));
#408=EDGE_LOOP('',(#666,#667,#668,#669));
#409=EDGE_LOOP('',(#670,#671,#672,#673));
#410=EDGE_LOOP('',(#674,#675,#676,#677,#678));
#411=EDGE_LOOP('',(#679,#680,#681,#682));
#412=EDGE_LOOP('',(#683,#684,#685,#686));
#413=EDGE_LOOP('',(#687,#688,#689,#690,#691,#692,#693,#694,#695,#696));
#414=EDGE_LOOP('',(#697,#698,#699,#700));
#415=EDGE_LOOP('',(#701,#702,#703,#704));
#416=EDGE_LOOP('',(#705,#706,#707,#708,#709,#710,#711,#712,#713,#714));
#417=EDGE_LOOP('',(#715,#716,#717,#718));
#418=EDGE_LOOP('',(#719,#720,#721,#722));
#419=EDGE_LOOP('',(#723,#724,#725,#726,#727,#728,#729,#730,#731,#732));
#420=EDGE_LOOP('',(#733,#734,#735,#736));
#421=EDGE_LOOP('',(#737,#738,#739,#740,#741,#742,#743,#744,#745,#746,#747,
#748,#749,#750,#751,#752,#753,#754,#755,#756));
#422=EDGE_LOOP('',(#757,#758,#759,#760,#761,#762,#763,#764,#765,#766,#767,
#768));
#423=EDGE_LOOP('',(#769,#770,#771,#772));
#424=EDGE_LOOP('',(#773,#774,#775,#776));
#425=EDGE_LOOP('',(#777,#778,#779,#780));
#426=EDGE_LOOP('',(#781,#782,#783,#784));
#427=EDGE_LOOP('',(#785,#786,#787,#788));
#428=EDGE_LOOP('',(#789,#790,#791,#792));
#429=EDGE_LOOP('',(#793,#794,#795,#796));
#430=EDGE_LOOP('',(#797,#798,#799,#800));
#431=EDGE_LOOP('',(#801,#802,#803,#804));
#432=EDGE_LOOP('',(#805,#806,#807,#808));
#433=EDGE_LOOP('',(#809,#810,#811,#812));
#434=EDGE_LOOP('',(#813,#814,#815,#816));
#435=EDGE_LOOP('',(#817,#818,#819,#820));
#436=EDGE_LOOP('',(#821,#822,#823,#824));
#437=EDGE_LOOP('',(#825,#826,#827,#828));
#438=EDGE_LOOP('',(#829,#830,#831,#832));
#439=EDGE_LOOP('',(#833,#834,#835,#836));
#440=EDGE_LOOP('',(#837,#838,#839,#840));
#441=EDGE_LOOP('',(#841,#842,#843,#844));
#442=EDGE_LOOP('',(#845,#846,#847,#848));
#443=EDGE_LOOP('',(#849,#850,#851,#852));
#444=EDGE_LOOP('',(#853,#854,#855,#856));
#445=EDGE_LOOP('',(#857,#858,#859,#860));
#446=EDGE_LOOP('',(#861,#862,#863,#864));
#447=ORIENTED_EDGE('',*,*,#1000,.T.);
#448=ORIENTED_EDGE('',*,*,#1001,.T.);
#449=ORIENTED_EDGE('',*,*,#1002,.F.);
#450=ORIENTED_EDGE('',*,*,#1003,.F.);
#451=ORIENTED_EDGE('',*,*,#1004,.F.);
#452=ORIENTED_EDGE('',*,*,#1005,.F.);
#453=ORIENTED_EDGE('',*,*,#1006,.F.);
#454=ORIENTED_EDGE('',*,*,#1001,.F.);
#455=ORIENTED_EDGE('',*,*,#1007,.T.);
#456=ORIENTED_EDGE('',*,*,#1008,.T.);
#457=ORIENTED_EDGE('',*,*,#1009,.F.);
#458=ORIENTED_EDGE('',*,*,#1005,.T.);
#459=ORIENTED_EDGE('',*,*,#1010,.F.);
#460=ORIENTED_EDGE('',*,*,#1011,.F.);
#461=ORIENTED_EDGE('',*,*,#1012,.F.);
#462=ORIENTED_EDGE('',*,*,#1008,.F.);
#463=ORIENTED_EDGE('',*,*,#1013,.T.);
#464=ORIENTED_EDGE('',*,*,#1011,.T.);
#465=ORIENTED_EDGE('',*,*,#1014,.F.);
#466=ORIENTED_EDGE('',*,*,#1015,.T.);
#467=ORIENTED_EDGE('',*,*,#1015,.F.);
#468=ORIENTED_EDGE('',*,*,#1016,.F.);
#469=ORIENTED_EDGE('',*,*,#1017,.F.);
#470=ORIENTED_EDGE('',*,*,#1018,.T.);
#471=ORIENTED_EDGE('',*,*,#1019,.F.);
#472=ORIENTED_EDGE('',*,*,#1003,.T.);
#473=ORIENTED_EDGE('',*,*,#1020,.T.);
#474=ORIENTED_EDGE('',*,*,#1021,.T.);
#475=ORIENTED_EDGE('',*,*,#1022,.F.);
#476=ORIENTED_EDGE('',*,*,#1023,.T.);
#477=ORIENTED_EDGE('',*,*,#1024,.T.);
#478=ORIENTED_EDGE('',*,*,#1017,.T.);
#479=ORIENTED_EDGE('',*,*,#1025,.T.);
#480=ORIENTED_EDGE('',*,*,#1026,.T.);
#481=ORIENTED_EDGE('',*,*,#1027,.F.);
#482=ORIENTED_EDGE('',*,*,#1021,.F.);
#483=ORIENTED_EDGE('',*,*,#1027,.T.);
#484=ORIENTED_EDGE('',*,*,#1028,.T.);
#485=ORIENTED_EDGE('',*,*,#1022,.T.);
#486=ORIENTED_EDGE('',*,*,#1016,.T.);
#487=ORIENTED_EDGE('',*,*,#1014,.T.);
#488=ORIENTED_EDGE('',*,*,#1010,.T.);
#489=ORIENTED_EDGE('',*,*,#1007,.F.);
#490=ORIENTED_EDGE('',*,*,#1004,.T.);
#491=ORIENTED_EDGE('',*,*,#1000,.F.);
#492=ORIENTED_EDGE('',*,*,#1019,.T.);
#493=ORIENTED_EDGE('',*,*,#1029,.F.);
#494=ORIENTED_EDGE('',*,*,#1025,.F.);
#495=ORIENTED_EDGE('',*,*,#1020,.F.);
#496=ORIENTED_EDGE('',*,*,#1002,.T.);
#497=ORIENTED_EDGE('',*,*,#1006,.T.);
#498=ORIENTED_EDGE('',*,*,#1009,.T.);
#499=ORIENTED_EDGE('',*,*,#1012,.T.);
#500=ORIENTED_EDGE('',*,*,#1013,.F.);
#501=ORIENTED_EDGE('',*,*,#1018,.F.);
#502=ORIENTED_EDGE('',*,*,#1024,.F.);
#503=ORIENTED_EDGE('',*,*,#1030,.T.);
#504=ORIENTED_EDGE('',*,*,#1031,.T.);
#505=ORIENTED_EDGE('',*,*,#1032,.F.);
#506=ORIENTED_EDGE('',*,*,#1033,.F.);
#507=ORIENTED_EDGE('',*,*,#1034,.F.);
#508=ORIENTED_EDGE('',*,*,#1035,.T.);
#509=ORIENTED_EDGE('',*,*,#1030,.F.);
#510=ORIENTED_EDGE('',*,*,#1036,.F.);
#511=ORIENTED_EDGE('',*,*,#1037,.T.);
#512=ORIENTED_EDGE('',*,*,#1035,.F.);
#513=ORIENTED_EDGE('',*,*,#1038,.F.);
#514=ORIENTED_EDGE('',*,*,#1039,.F.);
#515=ORIENTED_EDGE('',*,*,#1040,.T.);
#516=ORIENTED_EDGE('',*,*,#1041,.F.);
#517=ORIENTED_EDGE('',*,*,#1042,.F.);
#518=ORIENTED_EDGE('',*,*,#1043,.T.);
#519=ORIENTED_EDGE('',*,*,#1044,.T.);
#520=ORIENTED_EDGE('',*,*,#1045,.F.);
#521=ORIENTED_EDGE('',*,*,#1046,.F.);
#522=ORIENTED_EDGE('',*,*,#1041,.T.);
#523=ORIENTED_EDGE('',*,*,#1047,.T.);
#524=ORIENTED_EDGE('',*,*,#1048,.F.);
#525=ORIENTED_EDGE('',*,*,#1049,.F.);
#526=ORIENTED_EDGE('',*,*,#1045,.T.);
#527=ORIENTED_EDGE('',*,*,#1050,.F.);
#528=ORIENTED_EDGE('',*,*,#1043,.F.);
#529=ORIENTED_EDGE('',*,*,#1051,.T.);
#530=ORIENTED_EDGE('',*,*,#1048,.T.);
#531=ORIENTED_EDGE('',*,*,#1052,.F.);
#532=ORIENTED_EDGE('',*,*,#1031,.F.);
#533=ORIENTED_EDGE('',*,*,#1037,.F.);
#534=ORIENTED_EDGE('',*,*,#1053,.F.);
#535=ORIENTED_EDGE('',*,*,#1054,.F.);
#536=ORIENTED_EDGE('',*,*,#1055,.T.);
#537=ORIENTED_EDGE('',*,*,#1056,.T.);
#538=ORIENTED_EDGE('',*,*,#1057,.F.);
#539=ORIENTED_EDGE('',*,*,#1058,.T.);
#540=ORIENTED_EDGE('',*,*,#1059,.T.);
#541=ORIENTED_EDGE('',*,*,#1060,.F.);
#542=ORIENTED_EDGE('',*,*,#1054,.T.);
#543=ORIENTED_EDGE('',*,*,#1061,.F.);
#544=ORIENTED_EDGE('',*,*,#1059,.F.);
#545=ORIENTED_EDGE('',*,*,#1062,.F.);
#546=ORIENTED_EDGE('',*,*,#1063,.F.);
#547=ORIENTED_EDGE('',*,*,#1064,.T.);
#548=ORIENTED_EDGE('',*,*,#1065,.T.);
#549=ORIENTED_EDGE('',*,*,#1066,.F.);
#550=ORIENTED_EDGE('',*,*,#1063,.T.);
#551=ORIENTED_EDGE('',*,*,#1067,.F.);
#552=ORIENTED_EDGE('',*,*,#1065,.F.);
#553=ORIENTED_EDGE('',*,*,#1068,.F.);
#554=ORIENTED_EDGE('',*,*,#1069,.F.);
#555=ORIENTED_EDGE('',*,*,#1070,.T.);
#556=ORIENTED_EDGE('',*,*,#1069,.T.);
#557=ORIENTED_EDGE('',*,*,#1071,.F.);
#558=ORIENTED_EDGE('',*,*,#1072,.F.);
#559=ORIENTED_EDGE('',*,*,#1073,.T.);
#560=ORIENTED_EDGE('',*,*,#1072,.T.);
#561=ORIENTED_EDGE('',*,*,#1074,.F.);
#562=ORIENTED_EDGE('',*,*,#1075,.F.);
#563=ORIENTED_EDGE('',*,*,#1076,.F.);
#564=ORIENTED_EDGE('',*,*,#1077,.T.);
#565=ORIENTED_EDGE('',*,*,#1078,.T.);
#566=ORIENTED_EDGE('',*,*,#1079,.T.);
#567=ORIENTED_EDGE('',*,*,#1080,.T.);
#568=ORIENTED_EDGE('',*,*,#1081,.T.);
#569=ORIENTED_EDGE('',*,*,#1082,.F.);
#570=ORIENTED_EDGE('',*,*,#1077,.F.);
#571=ORIENTED_EDGE('',*,*,#1083,.F.);
#572=ORIENTED_EDGE('',*,*,#1084,.F.);
#573=ORIENTED_EDGE('',*,*,#1085,.F.);
#574=ORIENTED_EDGE('',*,*,#1081,.F.);
#575=ORIENTED_EDGE('',*,*,#1086,.T.);
#576=ORIENTED_EDGE('',*,*,#1087,.T.);
#577=ORIENTED_EDGE('',*,*,#1088,.F.);
#578=ORIENTED_EDGE('',*,*,#1084,.T.);
#579=ORIENTED_EDGE('',*,*,#1089,.F.);
#580=ORIENTED_EDGE('',*,*,#1090,.F.);
#581=ORIENTED_EDGE('',*,*,#1091,.F.);
#582=ORIENTED_EDGE('',*,*,#1087,.F.);
#583=ORIENTED_EDGE('',*,*,#1092,.T.);
#584=ORIENTED_EDGE('',*,*,#1090,.T.);
#585=ORIENTED_EDGE('',*,*,#1093,.F.);
#586=ORIENTED_EDGE('',*,*,#1094,.T.);
#587=ORIENTED_EDGE('',*,*,#1094,.F.);
#588=ORIENTED_EDGE('',*,*,#1095,.F.);
#589=ORIENTED_EDGE('',*,*,#1096,.F.);
#590=ORIENTED_EDGE('',*,*,#1097,.T.);
#591=ORIENTED_EDGE('',*,*,#1098,.F.);
#592=ORIENTED_EDGE('',*,*,#1099,.T.);
#593=ORIENTED_EDGE('',*,*,#1100,.T.);
#594=ORIENTED_EDGE('',*,*,#1101,.T.);
#595=ORIENTED_EDGE('',*,*,#1102,.T.);
#596=ORIENTED_EDGE('',*,*,#1103,.T.);
#597=ORIENTED_EDGE('',*,*,#1104,.F.);
#598=ORIENTED_EDGE('',*,*,#1099,.F.);
#599=ORIENTED_EDGE('',*,*,#1105,.F.);
#600=ORIENTED_EDGE('',*,*,#1106,.F.);
#601=ORIENTED_EDGE('',*,*,#1107,.F.);
#602=ORIENTED_EDGE('',*,*,#1103,.F.);
#603=ORIENTED_EDGE('',*,*,#1108,.T.);
#604=ORIENTED_EDGE('',*,*,#1109,.T.);
#605=ORIENTED_EDGE('',*,*,#1110,.F.);
#606=ORIENTED_EDGE('',*,*,#1106,.T.);
#607=ORIENTED_EDGE('',*,*,#1111,.F.);
#608=ORIENTED_EDGE('',*,*,#1112,.F.);
#609=ORIENTED_EDGE('',*,*,#1113,.F.);
#610=ORIENTED_EDGE('',*,*,#1109,.F.);
#611=ORIENTED_EDGE('',*,*,#1114,.T.);
#612=ORIENTED_EDGE('',*,*,#1112,.T.);
#613=ORIENTED_EDGE('',*,*,#1115,.F.);
#614=ORIENTED_EDGE('',*,*,#1116,.T.);
#615=ORIENTED_EDGE('',*,*,#1116,.F.);
#616=ORIENTED_EDGE('',*,*,#1117,.F.);
#617=ORIENTED_EDGE('',*,*,#1118,.F.);
#618=ORIENTED_EDGE('',*,*,#1119,.T.);
#619=ORIENTED_EDGE('',*,*,#1120,.F.);
#620=ORIENTED_EDGE('',*,*,#1121,.T.);
#621=ORIENTED_EDGE('',*,*,#1100,.F.);
#622=ORIENTED_EDGE('',*,*,#1104,.T.);
#623=ORIENTED_EDGE('',*,*,#1107,.T.);
#624=ORIENTED_EDGE('',*,*,#1110,.T.);
#625=ORIENTED_EDGE('',*,*,#1113,.T.);
#626=ORIENTED_EDGE('',*,*,#1114,.F.);
#627=ORIENTED_EDGE('',*,*,#1119,.F.);
#628=ORIENTED_EDGE('',*,*,#1122,.T.);
#629=ORIENTED_EDGE('',*,*,#1123,.F.);
#630=ORIENTED_EDGE('',*,*,#1124,.F.);
#631=ORIENTED_EDGE('',*,*,#1078,.F.);
#632=ORIENTED_EDGE('',*,*,#1082,.T.);
#633=ORIENTED_EDGE('',*,*,#1085,.T.);
#634=ORIENTED_EDGE('',*,*,#1088,.T.);
#635=ORIENTED_EDGE('',*,*,#1091,.T.);
#636=ORIENTED_EDGE('',*,*,#1092,.F.);
#637=ORIENTED_EDGE('',*,*,#1097,.F.);
#638=ORIENTED_EDGE('',*,*,#1125,.F.);
#639=ORIENTED_EDGE('',*,*,#1126,.F.);
#640=ORIENTED_EDGE('',*,*,#1127,.F.);
#641=ORIENTED_EDGE('',*,*,#1055,.F.);
#642=ORIENTED_EDGE('',*,*,#1060,.T.);
#643=ORIENTED_EDGE('',*,*,#1061,.T.);
#644=ORIENTED_EDGE('',*,*,#1066,.T.);
#645=ORIENTED_EDGE('',*,*,#1067,.T.);
#646=ORIENTED_EDGE('',*,*,#1070,.F.);
#647=ORIENTED_EDGE('',*,*,#1073,.F.);
#648=ORIENTED_EDGE('',*,*,#1128,.F.);
#649=ORIENTED_EDGE('',*,*,#1032,.T.);
#650=ORIENTED_EDGE('',*,*,#1129,.T.);
#651=ORIENTED_EDGE('',*,*,#1130,.F.);
#652=ORIENTED_EDGE('',*,*,#1131,.F.);
#653=ORIENTED_EDGE('',*,*,#1051,.F.);
#654=ORIENTED_EDGE('',*,*,#1042,.T.);
#655=ORIENTED_EDGE('',*,*,#1046,.T.);
#656=ORIENTED_EDGE('',*,*,#1049,.T.);
#657=ORIENTED_EDGE('',*,*,#1131,.T.);
#658=ORIENTED_EDGE('',*,*,#1132,.T.);
#659=ORIENTED_EDGE('',*,*,#1133,.T.);
#660=ORIENTED_EDGE('',*,*,#1036,.T.);
#661=ORIENTED_EDGE('',*,*,#1033,.T.);
#662=ORIENTED_EDGE('',*,*,#1034,.T.);
#663=ORIENTED_EDGE('',*,*,#1133,.F.);
#664=ORIENTED_EDGE('',*,*,#1134,.F.);
#665=ORIENTED_EDGE('',*,*,#1135,.T.);
#666=ORIENTED_EDGE('',*,*,#1038,.T.);
#667=ORIENTED_EDGE('',*,*,#1135,.F.);
#668=ORIENTED_EDGE('',*,*,#1136,.F.);
#669=ORIENTED_EDGE('',*,*,#1137,.F.);
#670=ORIENTED_EDGE('',*,*,#1050,.T.);
#671=ORIENTED_EDGE('',*,*,#1047,.F.);
#672=ORIENTED_EDGE('',*,*,#1044,.F.);
#673=ORIENTED_EDGE('',*,*,#1040,.F.);
#674=ORIENTED_EDGE('',*,*,#1137,.T.);
#675=ORIENTED_EDGE('',*,*,#1138,.T.);
#676=ORIENTED_EDGE('',*,*,#1139,.T.);
#677=ORIENTED_EDGE('',*,*,#1053,.T.);
#678=ORIENTED_EDGE('',*,*,#1039,.T.);
#679=ORIENTED_EDGE('',*,*,#1052,.T.);
#680=ORIENTED_EDGE('',*,*,#1139,.F.);
#681=ORIENTED_EDGE('',*,*,#1140,.F.);
#682=ORIENTED_EDGE('',*,*,#1129,.F.);
#683=ORIENTED_EDGE('',*,*,#1127,.T.);
#684=ORIENTED_EDGE('',*,*,#1141,.T.);
#685=ORIENTED_EDGE('',*,*,#1142,.F.);
#686=ORIENTED_EDGE('',*,*,#1056,.F.);
#687=ORIENTED_EDGE('',*,*,#1142,.T.);
#688=ORIENTED_EDGE('',*,*,#1143,.T.);
#689=ORIENTED_EDGE('',*,*,#1144,.T.);
#690=ORIENTED_EDGE('',*,*,#1074,.T.);
#691=ORIENTED_EDGE('',*,*,#1071,.T.);
#692=ORIENTED_EDGE('',*,*,#1068,.T.);
#693=ORIENTED_EDGE('',*,*,#1064,.F.);
#694=ORIENTED_EDGE('',*,*,#1062,.T.);
#695=ORIENTED_EDGE('',*,*,#1058,.F.);
#696=ORIENTED_EDGE('',*,*,#1057,.T.);
#697=ORIENTED_EDGE('',*,*,#1144,.F.);
#698=ORIENTED_EDGE('',*,*,#1145,.T.);
#699=ORIENTED_EDGE('',*,*,#1128,.T.);
#700=ORIENTED_EDGE('',*,*,#1075,.T.);
#701=ORIENTED_EDGE('',*,*,#1124,.T.);
#702=ORIENTED_EDGE('',*,*,#1146,.T.);
#703=ORIENTED_EDGE('',*,*,#1147,.F.);
#704=ORIENTED_EDGE('',*,*,#1079,.F.);
#705=ORIENTED_EDGE('',*,*,#1147,.T.);
#706=ORIENTED_EDGE('',*,*,#1148,.T.);
#707=ORIENTED_EDGE('',*,*,#1149,.T.);
#708=ORIENTED_EDGE('',*,*,#1095,.T.);
#709=ORIENTED_EDGE('',*,*,#1093,.T.);
#710=ORIENTED_EDGE('',*,*,#1089,.T.);
#711=ORIENTED_EDGE('',*,*,#1086,.F.);
#712=ORIENTED_EDGE('',*,*,#1083,.T.);
#713=ORIENTED_EDGE('',*,*,#1080,.F.);
#714=ORIENTED_EDGE('',*,*,#1076,.T.);
#715=ORIENTED_EDGE('',*,*,#1149,.F.);
#716=ORIENTED_EDGE('',*,*,#1150,.T.);
#717=ORIENTED_EDGE('',*,*,#1125,.T.);
#718=ORIENTED_EDGE('',*,*,#1096,.T.);
#719=ORIENTED_EDGE('',*,*,#1151,.T.);
#720=ORIENTED_EDGE('',*,*,#1152,.T.);
#721=ORIENTED_EDGE('',*,*,#1101,.F.);
#722=ORIENTED_EDGE('',*,*,#1121,.F.);
#723=ORIENTED_EDGE('',*,*,#1152,.F.);
#724=ORIENTED_EDGE('',*,*,#1153,.T.);
#725=ORIENTED_EDGE('',*,*,#1154,.F.);
#726=ORIENTED_EDGE('',*,*,#1117,.T.);
#727=ORIENTED_EDGE('',*,*,#1115,.T.);
#728=ORIENTED_EDGE('',*,*,#1111,.T.);
#729=ORIENTED_EDGE('',*,*,#1108,.F.);
#730=ORIENTED_EDGE('',*,*,#1105,.T.);
#731=ORIENTED_EDGE('',*,*,#1102,.F.);
#732=ORIENTED_EDGE('',*,*,#1098,.T.);
#733=ORIENTED_EDGE('',*,*,#1155,.T.);
#734=ORIENTED_EDGE('',*,*,#1122,.F.);
#735=ORIENTED_EDGE('',*,*,#1118,.T.);
#736=ORIENTED_EDGE('',*,*,#1154,.T.);
#737=ORIENTED_EDGE('',*,*,#1023,.F.);
#738=ORIENTED_EDGE('',*,*,#1028,.F.);
#739=ORIENTED_EDGE('',*,*,#1026,.F.);
#740=ORIENTED_EDGE('',*,*,#1156,.F.);
#741=ORIENTED_EDGE('',*,*,#1155,.F.);
#742=ORIENTED_EDGE('',*,*,#1153,.F.);
#743=ORIENTED_EDGE('',*,*,#1151,.F.);
#744=ORIENTED_EDGE('',*,*,#1157,.F.);
#745=ORIENTED_EDGE('',*,*,#1150,.F.);
#746=ORIENTED_EDGE('',*,*,#1148,.F.);
#747=ORIENTED_EDGE('',*,*,#1146,.F.);
#748=ORIENTED_EDGE('',*,*,#1158,.F.);
#749=ORIENTED_EDGE('',*,*,#1145,.F.);
#750=ORIENTED_EDGE('',*,*,#1143,.F.);
#751=ORIENTED_EDGE('',*,*,#1141,.F.);
#752=ORIENTED_EDGE('',*,*,#1159,.F.);
#753=ORIENTED_EDGE('',*,*,#1140,.T.);
#754=ORIENTED_EDGE('',*,*,#1138,.F.);
#755=ORIENTED_EDGE('',*,*,#1136,.T.);
#756=ORIENTED_EDGE('',*,*,#1160,.F.);
#757=ORIENTED_EDGE('',*,*,#1134,.T.);
#758=ORIENTED_EDGE('',*,*,#1132,.F.);
#759=ORIENTED_EDGE('',*,*,#1130,.T.);
#760=ORIENTED_EDGE('',*,*,#1159,.T.);
#761=ORIENTED_EDGE('',*,*,#1126,.T.);
#762=ORIENTED_EDGE('',*,*,#1158,.T.);
#763=ORIENTED_EDGE('',*,*,#1123,.T.);
#764=ORIENTED_EDGE('',*,*,#1157,.T.);
#765=ORIENTED_EDGE('',*,*,#1120,.T.);
#766=ORIENTED_EDGE('',*,*,#1156,.T.);
#767=ORIENTED_EDGE('',*,*,#1029,.T.);
#768=ORIENTED_EDGE('',*,*,#1160,.T.);
#769=ORIENTED_EDGE('',*,*,#1161,.F.);
#770=ORIENTED_EDGE('',*,*,#1162,.F.);
#771=ORIENTED_EDGE('',*,*,#1163,.T.);
#772=ORIENTED_EDGE('',*,*,#1164,.F.);
#773=ORIENTED_EDGE('',*,*,#1165,.F.);
#774=ORIENTED_EDGE('',*,*,#1166,.T.);
#775=ORIENTED_EDGE('',*,*,#1167,.F.);
#776=ORIENTED_EDGE('',*,*,#1161,.T.);
#777=ORIENTED_EDGE('',*,*,#1168,.F.);
#778=ORIENTED_EDGE('',*,*,#1169,.T.);
#779=ORIENTED_EDGE('',*,*,#1162,.T.);
#780=ORIENTED_EDGE('',*,*,#1167,.T.);
#781=ORIENTED_EDGE('',*,*,#1170,.F.);
#782=ORIENTED_EDGE('',*,*,#1171,.F.);
#783=ORIENTED_EDGE('',*,*,#1163,.F.);
#784=ORIENTED_EDGE('',*,*,#1169,.F.);
#785=ORIENTED_EDGE('',*,*,#1172,.F.);
#786=ORIENTED_EDGE('',*,*,#1165,.T.);
#787=ORIENTED_EDGE('',*,*,#1164,.T.);
#788=ORIENTED_EDGE('',*,*,#1171,.T.);
#789=ORIENTED_EDGE('',*,*,#1170,.T.);
#790=ORIENTED_EDGE('',*,*,#1168,.T.);
#791=ORIENTED_EDGE('',*,*,#1166,.F.);
#792=ORIENTED_EDGE('',*,*,#1172,.T.);
#793=ORIENTED_EDGE('',*,*,#1173,.F.);
#794=ORIENTED_EDGE('',*,*,#1174,.F.);
#795=ORIENTED_EDGE('',*,*,#1175,.T.);
#796=ORIENTED_EDGE('',*,*,#1176,.F.);
#797=ORIENTED_EDGE('',*,*,#1177,.F.);
#798=ORIENTED_EDGE('',*,*,#1178,.T.);
#799=ORIENTED_EDGE('',*,*,#1179,.F.);
#800=ORIENTED_EDGE('',*,*,#1173,.T.);
#801=ORIENTED_EDGE('',*,*,#1180,.F.);
#802=ORIENTED_EDGE('',*,*,#1181,.T.);
#803=ORIENTED_EDGE('',*,*,#1174,.T.);
#804=ORIENTED_EDGE('',*,*,#1179,.T.);
#805=ORIENTED_EDGE('',*,*,#1182,.F.);
#806=ORIENTED_EDGE('',*,*,#1183,.F.);
#807=ORIENTED_EDGE('',*,*,#1175,.F.);
#808=ORIENTED_EDGE('',*,*,#1181,.F.);
#809=ORIENTED_EDGE('',*,*,#1184,.F.);
#810=ORIENTED_EDGE('',*,*,#1177,.T.);
#811=ORIENTED_EDGE('',*,*,#1176,.T.);
#812=ORIENTED_EDGE('',*,*,#1183,.T.);
#813=ORIENTED_EDGE('',*,*,#1182,.T.);
#814=ORIENTED_EDGE('',*,*,#1180,.T.);
#815=ORIENTED_EDGE('',*,*,#1178,.F.);
#816=ORIENTED_EDGE('',*,*,#1184,.T.);
#817=ORIENTED_EDGE('',*,*,#1185,.T.);
#818=ORIENTED_EDGE('',*,*,#1186,.T.);
#819=ORIENTED_EDGE('',*,*,#1187,.F.);
#820=ORIENTED_EDGE('',*,*,#1188,.T.);
#821=ORIENTED_EDGE('',*,*,#1189,.T.);
#822=ORIENTED_EDGE('',*,*,#1190,.T.);
#823=ORIENTED_EDGE('',*,*,#1191,.F.);
#824=ORIENTED_EDGE('',*,*,#1187,.T.);
#825=ORIENTED_EDGE('',*,*,#1188,.F.);
#826=ORIENTED_EDGE('',*,*,#1191,.T.);
#827=ORIENTED_EDGE('',*,*,#1192,.F.);
#828=ORIENTED_EDGE('',*,*,#1193,.F.);
#829=ORIENTED_EDGE('',*,*,#1189,.F.);
#830=ORIENTED_EDGE('',*,*,#1186,.F.);
#831=ORIENTED_EDGE('',*,*,#1194,.T.);
#832=ORIENTED_EDGE('',*,*,#1195,.F.);
#833=ORIENTED_EDGE('',*,*,#1190,.F.);
#834=ORIENTED_EDGE('',*,*,#1195,.T.);
#835=ORIENTED_EDGE('',*,*,#1196,.T.);
#836=ORIENTED_EDGE('',*,*,#1192,.T.);
#837=ORIENTED_EDGE('',*,*,#1194,.F.);
#838=ORIENTED_EDGE('',*,*,#1185,.F.);
#839=ORIENTED_EDGE('',*,*,#1193,.T.);
#840=ORIENTED_EDGE('',*,*,#1196,.F.);
#841=ORIENTED_EDGE('',*,*,#1197,.T.);
#842=ORIENTED_EDGE('',*,*,#1198,.T.);
#843=ORIENTED_EDGE('',*,*,#1199,.F.);
#844=ORIENTED_EDGE('',*,*,#1200,.T.);
#845=ORIENTED_EDGE('',*,*,#1201,.T.);
#846=ORIENTED_EDGE('',*,*,#1202,.T.);
#847=ORIENTED_EDGE('',*,*,#1203,.F.);
#848=ORIENTED_EDGE('',*,*,#1199,.T.);
#849=ORIENTED_EDGE('',*,*,#1202,.F.);
#850=ORIENTED_EDGE('',*,*,#1204,.T.);
#851=ORIENTED_EDGE('',*,*,#1205,.T.);
#852=ORIENTED_EDGE('',*,*,#1206,.T.);
#853=ORIENTED_EDGE('',*,*,#1201,.F.);
#854=ORIENTED_EDGE('',*,*,#1198,.F.);
#855=ORIENTED_EDGE('',*,*,#1207,.T.);
#856=ORIENTED_EDGE('',*,*,#1204,.F.);
#857=ORIENTED_EDGE('',*,*,#1207,.F.);
#858=ORIENTED_EDGE('',*,*,#1197,.F.);
#859=ORIENTED_EDGE('',*,*,#1208,.T.);
#860=ORIENTED_EDGE('',*,*,#1205,.F.);
#861=ORIENTED_EDGE('',*,*,#1200,.F.);
#862=ORIENTED_EDGE('',*,*,#1203,.T.);
#863=ORIENTED_EDGE('',*,*,#1206,.F.);
#864=ORIENTED_EDGE('',*,*,#1208,.F.);
#865=VERTEX_POINT('',#2093);
#866=VERTEX_POINT('',#2094);
#867=VERTEX_POINT('',#2096);
#868=VERTEX_POINT('',#2098);
#869=VERTEX_POINT('',#2102);
#870=VERTEX_POINT('',#2104);
#871=VERTEX_POINT('',#2108);
#872=VERTEX_POINT('',#2110);
#873=VERTEX_POINT('',#2114);
#874=VERTEX_POINT('',#2116);
#875=VERTEX_POINT('',#2120);
#876=VERTEX_POINT('',#2122);
#877=VERTEX_POINT('',#2126);
#878=VERTEX_POINT('',#2128);
#879=VERTEX_POINT('',#2132);
#880=VERTEX_POINT('',#2134);
#881=VERTEX_POINT('',#2138);
#882=VERTEX_POINT('',#2140);
#883=VERTEX_POINT('',#2144);
#884=VERTEX_POINT('',#2146);
#885=VERTEX_POINT('',#2154);
#886=VERTEX_POINT('',#2155);
#887=VERTEX_POINT('',#2157);
#888=VERTEX_POINT('',#2159);
#889=VERTEX_POINT('',#2163);
#890=VERTEX_POINT('',#2164);
#891=VERTEX_POINT('',#2169);
#892=VERTEX_POINT('',#2171);
#893=VERTEX_POINT('',#2175);
#894=VERTEX_POINT('',#2176);
#895=VERTEX_POINT('',#2178);
#896=VERTEX_POINT('',#2180);
#897=VERTEX_POINT('',#2184);
#898=VERTEX_POINT('',#2186);
#899=VERTEX_POINT('',#2190);
#900=VERTEX_POINT('',#2192);
#901=VERTEX_POINT('',#2199);
#902=VERTEX_POINT('',#2203);
#903=VERTEX_POINT('',#2204);
#904=VERTEX_POINT('',#2206);
#905=VERTEX_POINT('',#2208);
#906=VERTEX_POINT('',#2212);
#907=VERTEX_POINT('',#2214);
#908=VERTEX_POINT('',#2218);
#909=VERTEX_POINT('',#2220);
#910=VERTEX_POINT('',#2224);
#911=VERTEX_POINT('',#2226);
#912=VERTEX_POINT('',#2230);
#913=VERTEX_POINT('',#2232);
#914=VERTEX_POINT('',#2236);
#915=VERTEX_POINT('',#2238);
#916=VERTEX_POINT('',#2242);
#917=VERTEX_POINT('',#2244);
#918=VERTEX_POINT('',#2248);
#919=VERTEX_POINT('',#2249);
#920=VERTEX_POINT('',#2251);
#921=VERTEX_POINT('',#2253);
#922=VERTEX_POINT('',#2257);
#923=VERTEX_POINT('',#2259);
#924=VERTEX_POINT('',#2263);
#925=VERTEX_POINT('',#2265);
#926=VERTEX_POINT('',#2269);
#927=VERTEX_POINT('',#2271);
#928=VERTEX_POINT('',#2275);
#929=VERTEX_POINT('',#2277);
#930=VERTEX_POINT('',#2281);
#931=VERTEX_POINT('',#2283);
#932=VERTEX_POINT('',#2287);
#933=VERTEX_POINT('',#2289);
#934=VERTEX_POINT('',#2293);
#935=VERTEX_POINT('',#2294);
#936=VERTEX_POINT('',#2296);
#937=VERTEX_POINT('',#2298);
#938=VERTEX_POINT('',#2302);
#939=VERTEX_POINT('',#2304);
#940=VERTEX_POINT('',#2308);
#941=VERTEX_POINT('',#2310);
#942=VERTEX_POINT('',#2314);
#943=VERTEX_POINT('',#2316);
#944=VERTEX_POINT('',#2320);
#945=VERTEX_POINT('',#2322);
#946=VERTEX_POINT('',#2326);
#947=VERTEX_POINT('',#2328);
#948=VERTEX_POINT('',#2332);
#949=VERTEX_POINT('',#2334);
#950=VERTEX_POINT('',#2338);
#951=VERTEX_POINT('',#2339);
#952=VERTEX_POINT('',#2344);
#953=VERTEX_POINT('',#2345);
#954=VERTEX_POINT('',#2350);
#955=VERTEX_POINT('',#2351);
#956=VERTEX_POINT('',#2356);
#957=VERTEX_POINT('',#2358);
#958=VERTEX_POINT('',#2362);
#959=VERTEX_POINT('',#2366);
#960=VERTEX_POINT('',#2370);
#961=VERTEX_POINT('',#2374);
#962=VERTEX_POINT('',#2380);
#963=VERTEX_POINT('',#2384);
#964=VERTEX_POINT('',#2390);
#965=VERTEX_POINT('',#2394);
#966=VERTEX_POINT('',#2400);
#967=VERTEX_POINT('',#2404);
#968=VERTEX_POINT('',#2417);
#969=VERTEX_POINT('',#2418);
#970=VERTEX_POINT('',#2420);
#971=VERTEX_POINT('',#2422);
#972=VERTEX_POINT('',#2426);
#973=VERTEX_POINT('',#2428);
#974=VERTEX_POINT('',#2432);
#975=VERTEX_POINT('',#2436);
#976=VERTEX_POINT('',#2443);
#977=VERTEX_POINT('',#2444);
#978=VERTEX_POINT('',#2446);
#979=VERTEX_POINT('',#2448);
#980=VERTEX_POINT('',#2452);
#981=VERTEX_POINT('',#2454);
#982=VERTEX_POINT('',#2458);
#983=VERTEX_POINT('',#2462);
#984=VERTEX_POINT('',#2469);
#985=VERTEX_POINT('',#2470);
#986=VERTEX_POINT('',#2472);
#987=VERTEX_POINT('',#2474);
#988=VERTEX_POINT('',#2478);
#989=VERTEX_POINT('',#2480);
#990=VERTEX_POINT('',#2484);
#991=VERTEX_POINT('',#2488);
#992=VERTEX_POINT('',#2495);
#993=VERTEX_POINT('',#2496);
#994=VERTEX_POINT('',#2498);
#995=VERTEX_POINT('',#2500);
#996=VERTEX_POINT('',#2504);
#997=VERTEX_POINT('',#2506);
#998=VERTEX_POINT('',#2510);
#999=VERTEX_POINT('',#2512);
#1000=EDGE_CURVE('',#865,#866,#1209,.T.);
#1001=EDGE_CURVE('',#866,#867,#1210,.T.);
#1002=EDGE_CURVE('',#868,#867,#1211,.T.);
#1003=EDGE_CURVE('',#865,#868,#1212,.T.);
#1004=EDGE_CURVE('',#869,#866,#1213,.T.);
#1005=EDGE_CURVE('',#870,#869,#1214,.T.);
#1006=EDGE_CURVE('',#867,#870,#1215,.T.);
#1007=EDGE_CURVE('',#869,#871,#1216,.T.);
#1008=EDGE_CURVE('',#871,#872,#1217,.T.);
#1009=EDGE_CURVE('',#870,#872,#1218,.T.);
#1010=EDGE_CURVE('',#873,#871,#1219,.T.);
#1011=EDGE_CURVE('',#874,#873,#1220,.T.);
#1012=EDGE_CURVE('',#872,#874,#1221,.T.);
#1013=EDGE_CURVE('',#875,#874,#1222,.T.);
#1014=EDGE_CURVE('',#876,#873,#1223,.T.);
#1015=EDGE_CURVE('',#876,#875,#1224,.T.);
#1016=EDGE_CURVE('',#877,#876,#1225,.T.);
#1017=EDGE_CURVE('',#878,#877,#1226,.T.);
#1018=EDGE_CURVE('',#878,#875,#1227,.T.);
#1019=EDGE_CURVE('',#865,#879,#1228,.T.);
#1020=EDGE_CURVE('',#868,#880,#1229,.T.);
#1021=EDGE_CURVE('',#880,#879,#1230,.T.);
#1022=EDGE_CURVE('',#881,#877,#1231,.T.);
#1023=EDGE_CURVE('',#881,#882,#1232,.T.);
#1024=EDGE_CURVE('',#882,#878,#1233,.T.);
#1025=EDGE_CURVE('',#880,#883,#1234,.T.);
#1026=EDGE_CURVE('',#883,#884,#1235,.T.);
#1027=EDGE_CURVE('',#879,#884,#1236,.T.);
#1028=EDGE_CURVE('',#884,#881,#1237,.T.);
#1029=EDGE_CURVE('',#883,#882,#1238,.T.);
#1030=EDGE_CURVE('',#885,#886,#1239,.T.);
#1031=EDGE_CURVE('',#886,#887,#1240,.T.);
#1032=EDGE_CURVE('',#888,#887,#1241,.T.);
#1033=EDGE_CURVE('',#885,#888,#1242,.T.);
#1034=EDGE_CURVE('',#889,#890,#1243,.T.);
#1035=EDGE_CURVE('',#889,#886,#1244,.T.);
#1036=EDGE_CURVE('',#890,#885,#1245,.T.);
#1037=EDGE_CURVE('',#891,#886,#1246,.T.);
#1038=EDGE_CURVE('',#892,#889,#1247,.T.);
#1039=EDGE_CURVE('',#891,#892,#1248,.T.);
#1040=EDGE_CURVE('',#893,#894,#109,.T.);
#1041=EDGE_CURVE('',#895,#894,#1249,.T.);
#1042=EDGE_CURVE('',#896,#895,#110,.T.);
#1043=EDGE_CURVE('',#896,#893,#1250,.T.);
#1044=EDGE_CURVE('',#894,#897,#1251,.T.);
#1045=EDGE_CURVE('',#898,#897,#1252,.T.);
#1046=EDGE_CURVE('',#895,#898,#1253,.T.);
#1047=EDGE_CURVE('',#897,#899,#111,.T.);
#1048=EDGE_CURVE('',#900,#899,#1254,.T.);
#1049=EDGE_CURVE('',#898,#900,#112,.T.);
#1050=EDGE_CURVE('',#893,#899,#1255,.T.);
#1051=EDGE_CURVE('',#896,#900,#1256,.T.);
#1052=EDGE_CURVE('',#887,#901,#1257,.T.);
#1053=EDGE_CURVE('',#901,#891,#1258,.T.);
#1054=EDGE_CURVE('',#902,#903,#1259,.T.);
#1055=EDGE_CURVE('',#902,#904,#1260,.T.);
#1056=EDGE_CURVE('',#904,#905,#1261,.T.);
#1057=EDGE_CURVE('',#903,#905,#1262,.T.);
#1058=EDGE_CURVE('',#903,#906,#1263,.T.);
#1059=EDGE_CURVE('',#906,#907,#1264,.T.);
#1060=EDGE_CURVE('',#902,#907,#1265,.T.);
#1061=EDGE_CURVE('',#907,#908,#1266,.T.);
#1062=EDGE_CURVE('',#909,#906,#1267,.T.);
#1063=EDGE_CURVE('',#908,#909,#1268,.T.);
#1064=EDGE_CURVE('',#909,#910,#1269,.T.);
#1065=EDGE_CURVE('',#910,#911,#1270,.T.);
#1066=EDGE_CURVE('',#908,#911,#1271,.T.);
#1067=EDGE_CURVE('',#911,#912,#1272,.T.);
#1068=EDGE_CURVE('',#913,#910,#1273,.T.);
#1069=EDGE_CURVE('',#912,#913,#1274,.T.);
#1070=EDGE_CURVE('',#914,#912,#1275,.T.);
#1071=EDGE_CURVE('',#915,#913,#1276,.T.);
#1072=EDGE_CURVE('',#914,#915,#1277,.T.);
#1073=EDGE_CURVE('',#916,#914,#1278,.T.);
#1074=EDGE_CURVE('',#917,#915,#1279,.T.);
#1075=EDGE_CURVE('',#916,#917,#1280,.T.);
#1076=EDGE_CURVE('',#918,#919,#1281,.T.);
#1077=EDGE_CURVE('',#918,#920,#1282,.T.);
#1078=EDGE_CURVE('',#920,#921,#1283,.T.);
#1079=EDGE_CURVE('',#921,#919,#1284,.T.);
#1080=EDGE_CURVE('',#918,#922,#1285,.T.);
#1081=EDGE_CURVE('',#922,#923,#1286,.T.);
#1082=EDGE_CURVE('',#920,#923,#1287,.T.);
#1083=EDGE_CURVE('',#924,#922,#1288,.T.);
#1084=EDGE_CURVE('',#925,#924,#1289,.T.);
#1085=EDGE_CURVE('',#923,#925,#1290,.T.);
#1086=EDGE_CURVE('',#924,#926,#1291,.T.);
#1087=EDGE_CURVE('',#926,#927,#1292,.T.);
#1088=EDGE_CURVE('',#925,#927,#1293,.T.);
#1089=EDGE_CURVE('',#928,#926,#1294,.T.);
#1090=EDGE_CURVE('',#929,#928,#1295,.T.);
#1091=EDGE_CURVE('',#927,#929,#1296,.T.);
#1092=EDGE_CURVE('',#930,#929,#1297,.T.);
#1093=EDGE_CURVE('',#931,#928,#1298,.T.);
#1094=EDGE_CURVE('',#931,#930,#1299,.T.);
#1095=EDGE_CURVE('',#932,#931,#1300,.T.);
#1096=EDGE_CURVE('',#933,#932,#1301,.T.);
#1097=EDGE_CURVE('',#933,#930,#1302,.T.);
#1098=EDGE_CURVE('',#934,#935,#1303,.T.);
#1099=EDGE_CURVE('',#934,#936,#1304,.T.);
#1100=EDGE_CURVE('',#936,#937,#1305,.T.);
#1101=EDGE_CURVE('',#937,#935,#1306,.T.);
#1102=EDGE_CURVE('',#934,#938,#1307,.T.);
#1103=EDGE_CURVE('',#938,#939,#1308,.T.);
#1104=EDGE_CURVE('',#936,#939,#1309,.T.);
#1105=EDGE_CURVE('',#940,#938,#1310,.T.);
#1106=EDGE_CURVE('',#941,#940,#1311,.T.);
#1107=EDGE_CURVE('',#939,#941,#1312,.T.);
#1108=EDGE_CURVE('',#940,#942,#1313,.T.);
#1109=EDGE_CURVE('',#942,#943,#1314,.T.);
#1110=EDGE_CURVE('',#941,#943,#1315,.T.);
#1111=EDGE_CURVE('',#944,#942,#1316,.T.);
#1112=EDGE_CURVE('',#945,#944,#1317,.T.);
#1113=EDGE_CURVE('',#943,#945,#1318,.T.);
#1114=EDGE_CURVE('',#946,#945,#1319,.T.);
#1115=EDGE_CURVE('',#947,#944,#1320,.T.);
#1116=EDGE_CURVE('',#947,#946,#1321,.T.);
#1117=EDGE_CURVE('',#948,#947,#1322,.T.);
#1118=EDGE_CURVE('',#949,#948,#1323,.T.);
#1119=EDGE_CURVE('',#949,#946,#1324,.T.);
#1120=EDGE_CURVE('',#950,#951,#1325,.T.);
#1121=EDGE_CURVE('',#950,#937,#1326,.T.);
#1122=EDGE_CURVE('',#949,#951,#1327,.T.);
#1123=EDGE_CURVE('',#952,#953,#1328,.T.);
#1124=EDGE_CURVE('',#921,#952,#1329,.T.);
#1125=EDGE_CURVE('',#953,#933,#1330,.T.);
#1126=EDGE_CURVE('',#954,#955,#1331,.T.);
#1127=EDGE_CURVE('',#904,#954,#1332,.T.);
#1128=EDGE_CURVE('',#955,#916,#1333,.T.);
#1129=EDGE_CURVE('',#887,#956,#1334,.T.);
#1130=EDGE_CURVE('',#957,#956,#1335,.T.);
#1131=EDGE_CURVE('',#888,#957,#1336,.T.);
#1132=EDGE_CURVE('',#957,#958,#1337,.T.);
#1133=EDGE_CURVE('',#958,#890,#1338,.T.);
#1134=EDGE_CURVE('',#959,#958,#1339,.T.);
#1135=EDGE_CURVE('',#959,#889,#1340,.T.);
#1136=EDGE_CURVE('',#960,#959,#1341,.T.);
#1137=EDGE_CURVE('',#892,#960,#1342,.T.);
#1138=EDGE_CURVE('',#960,#961,#1343,.T.);
#1139=EDGE_CURVE('',#961,#901,#1344,.T.);
#1140=EDGE_CURVE('',#956,#961,#1345,.T.);
#1141=EDGE_CURVE('',#954,#962,#1346,.T.);
#1142=EDGE_CURVE('',#905,#962,#1347,.T.);
#1143=EDGE_CURVE('',#962,#963,#1348,.T.);
#1144=EDGE_CURVE('',#963,#917,#1349,.T.);
#1145=EDGE_CURVE('',#963,#955,#1350,.T.);
#1146=EDGE_CURVE('',#952,#964,#1351,.T.);
#1147=EDGE_CURVE('',#919,#964,#1352,.T.);
#1148=EDGE_CURVE('',#964,#965,#1353,.T.);
#1149=EDGE_CURVE('',#965,#932,#1354,.T.);
#1150=EDGE_CURVE('',#965,#953,#1355,.T.);
#1151=EDGE_CURVE('',#950,#966,#1356,.T.);
#1152=EDGE_CURVE('',#966,#935,#1357,.T.);
#1153=EDGE_CURVE('',#966,#967,#1358,.T.);
#1154=EDGE_CURVE('',#948,#967,#1359,.T.);
#1155=EDGE_CURVE('',#967,#951,#1360,.T.);
#1156=EDGE_CURVE('',#951,#883,#1361,.T.);
#1157=EDGE_CURVE('',#953,#950,#1362,.T.);
#1158=EDGE_CURVE('',#955,#952,#1363,.T.);
#1159=EDGE_CURVE('',#956,#954,#1364,.T.);
#1160=EDGE_CURVE('',#882,#959,#1365,.T.);
#1161=EDGE_CURVE('',#968,#969,#1366,.T.);
#1162=EDGE_CURVE('',#970,#968,#1367,.T.);
#1163=EDGE_CURVE('',#970,#971,#1368,.T.);
#1164=EDGE_CURVE('',#969,#971,#1369,.T.);
#1165=EDGE_CURVE('',#972,#969,#1370,.T.);
#1166=EDGE_CURVE('',#972,#973,#1371,.T.);
#1167=EDGE_CURVE('',#968,#973,#1372,.T.);
#1168=EDGE_CURVE('',#974,#973,#1373,.T.);
#1169=EDGE_CURVE('',#974,#970,#1374,.T.);
#1170=EDGE_CURVE('',#975,#974,#1375,.T.);
#1171=EDGE_CURVE('',#971,#975,#1376,.T.);
#1172=EDGE_CURVE('',#972,#975,#1377,.T.);
#1173=EDGE_CURVE('',#976,#977,#1378,.T.);
#1174=EDGE_CURVE('',#978,#976,#1379,.T.);
#1175=EDGE_CURVE('',#978,#979,#1380,.T.);
#1176=EDGE_CURVE('',#977,#979,#1381,.T.);
#1177=EDGE_CURVE('',#980,#977,#1382,.T.);
#1178=EDGE_CURVE('',#980,#981,#1383,.T.);
#1179=EDGE_CURVE('',#976,#981,#1384,.T.);
#1180=EDGE_CURVE('',#982,#981,#1385,.T.);
#1181=EDGE_CURVE('',#982,#978,#1386,.T.);
#1182=EDGE_CURVE('',#983,#982,#1387,.T.);
#1183=EDGE_CURVE('',#979,#983,#1388,.T.);
#1184=EDGE_CURVE('',#980,#983,#1389,.T.);
#1185=EDGE_CURVE('',#984,#985,#1390,.T.);
#1186=EDGE_CURVE('',#985,#986,#1391,.T.);
#1187=EDGE_CURVE('',#987,#986,#1392,.T.);
#1188=EDGE_CURVE('',#987,#984,#1393,.T.);
#1189=EDGE_CURVE('',#986,#988,#1394,.T.);
#1190=EDGE_CURVE('',#988,#989,#1395,.T.);
#1191=EDGE_CURVE('',#987,#989,#1396,.T.);
#1192=EDGE_CURVE('',#990,#989,#1397,.T.);
#1193=EDGE_CURVE('',#984,#990,#1398,.T.);
#1194=EDGE_CURVE('',#985,#991,#1399,.T.);
#1195=EDGE_CURVE('',#988,#991,#1400,.T.);
#1196=EDGE_CURVE('',#991,#990,#1401,.T.);
#1197=EDGE_CURVE('',#992,#993,#1402,.T.);
#1198=EDGE_CURVE('',#993,#994,#1403,.T.);
#1199=EDGE_CURVE('',#995,#994,#1404,.T.);
#1200=EDGE_CURVE('',#995,#992,#1405,.T.);
#1201=EDGE_CURVE('',#994,#996,#1406,.T.);
#1202=EDGE_CURVE('',#996,#997,#1407,.T.);
#1203=EDGE_CURVE('',#995,#997,#1408,.T.);
#1204=EDGE_CURVE('',#996,#998,#1409,.T.);
#1205=EDGE_CURVE('',#998,#999,#1410,.T.);
#1206=EDGE_CURVE('',#999,#997,#1411,.T.);
#1207=EDGE_CURVE('',#993,#998,#1412,.T.);
#1208=EDGE_CURVE('',#992,#999,#1413,.T.);
#1209=LINE('',#2092,#1414);
#1210=LINE('',#2095,#1415);
#1211=LINE('',#2097,#1416);
#1212=LINE('',#2099,#1417);
#1213=LINE('',#2101,#1418);
#1214=LINE('',#2103,#1419);
#1215=LINE('',#2105,#1420);
#1216=LINE('',#2107,#1421);
#1217=LINE('',#2109,#1422);
#1218=LINE('',#2111,#1423);
#1219=LINE('',#2113,#1424);
#1220=LINE('',#2115,#1425);
#1221=LINE('',#2117,#1426);
#1222=LINE('',#2119,#1427);
#1223=LINE('',#2121,#1428);
#1224=LINE('',#2123,#1429);
#1225=LINE('',#2125,#1430);
#1226=LINE('',#2127,#1431);
#1227=LINE('',#2129,#1432);
#1228=LINE('',#2131,#1433);
#1229=LINE('',#2133,#1434);
#1230=LINE('',#2135,#1435);
#1231=LINE('',#2137,#1436);
#1232=LINE('',#2139,#1437);
#1233=LINE('',#2141,#1438);
#1234=LINE('',#2143,#1439);
#1235=LINE('',#2145,#1440);
#1236=LINE('',#2147,#1441);
#1237=LINE('',#2149,#1442);
#1238=LINE('',#2151,#1443);
#1239=LINE('',#2153,#1444);
#1240=LINE('',#2156,#1445);
#1241=LINE('',#2158,#1446);
#1242=LINE('',#2160,#1447);
#1243=LINE('',#2162,#1448);
#1244=LINE('',#2165,#1449);
#1245=LINE('',#2166,#1450);
#1246=LINE('',#2168,#1451);
#1247=LINE('',#2170,#1452);
#1248=LINE('',#2172,#1453);
#1249=LINE('',#2177,#1454);
#1250=LINE('',#2181,#1455);
#1251=LINE('',#2183,#1456);
#1252=LINE('',#2185,#1457);
#1253=LINE('',#2187,#1458);
#1254=LINE('',#2191,#1459);
#1255=LINE('',#2195,#1460);
#1256=LINE('',#2196,#1461);
#1257=LINE('',#2198,#1462);
#1258=LINE('',#2200,#1463);
#1259=LINE('',#2202,#1464);
#1260=LINE('',#2205,#1465);
#1261=LINE('',#2207,#1466);
#1262=LINE('',#2209,#1467);
#1263=LINE('',#2211,#1468);
#1264=LINE('',#2213,#1469);
#1265=LINE('',#2215,#1470);
#1266=LINE('',#2217,#1471);
#1267=LINE('',#2219,#1472);
#1268=LINE('',#2221,#1473);
#1269=LINE('',#2223,#1474);
#1270=LINE('',#2225,#1475);
#1271=LINE('',#2227,#1476);
#1272=LINE('',#2229,#1477);
#1273=LINE('',#2231,#1478);
#1274=LINE('',#2233,#1479);
#1275=LINE('',#2235,#1480);
#1276=LINE('',#2237,#1481);
#1277=LINE('',#2239,#1482);
#1278=LINE('',#2241,#1483);
#1279=LINE('',#2243,#1484);
#1280=LINE('',#2245,#1485);
#1281=LINE('',#2247,#1486);
#1282=LINE('',#2250,#1487);
#1283=LINE('',#2252,#1488);
#1284=LINE('',#2254,#1489);
#1285=LINE('',#2256,#1490);
#1286=LINE('',#2258,#1491);
#1287=LINE('',#2260,#1492);
#1288=LINE('',#2262,#1493);
#1289=LINE('',#2264,#1494);
#1290=LINE('',#2266,#1495);
#1291=LINE('',#2268,#1496);
#1292=LINE('',#2270,#1497);
#1293=LINE('',#2272,#1498);
#1294=LINE('',#2274,#1499);
#1295=LINE('',#2276,#1500);
#1296=LINE('',#2278,#1501);
#1297=LINE('',#2280,#1502);
#1298=LINE('',#2282,#1503);
#1299=LINE('',#2284,#1504);
#1300=LINE('',#2286,#1505);
#1301=LINE('',#2288,#1506);
#1302=LINE('',#2290,#1507);
#1303=LINE('',#2292,#1508);
#1304=LINE('',#2295,#1509);
#1305=LINE('',#2297,#1510);
#1306=LINE('',#2299,#1511);
#1307=LINE('',#2301,#1512);
#1308=LINE('',#2303,#1513);
#1309=LINE('',#2305,#1514);
#1310=LINE('',#2307,#1515);
#1311=LINE('',#2309,#1516);
#1312=LINE('',#2311,#1517);
#1313=LINE('',#2313,#1518);
#1314=LINE('',#2315,#1519);
#1315=LINE('',#2317,#1520);
#1316=LINE('',#2319,#1521);
#1317=LINE('',#2321,#1522);
#1318=LINE('',#2323,#1523);
#1319=LINE('',#2325,#1524);
#1320=LINE('',#2327,#1525);
#1321=LINE('',#2329,#1526);
#1322=LINE('',#2331,#1527);
#1323=LINE('',#2333,#1528);
#1324=LINE('',#2335,#1529);
#1325=LINE('',#2337,#1530);
#1326=LINE('',#2340,#1531);
#1327=LINE('',#2341,#1532);
#1328=LINE('',#2343,#1533);
#1329=LINE('',#2346,#1534);
#1330=LINE('',#2347,#1535);
#1331=LINE('',#2349,#1536);
#1332=LINE('',#2352,#1537);
#1333=LINE('',#2353,#1538);
#1334=LINE('',#2355,#1539);
#1335=LINE('',#2357,#1540);
#1336=LINE('',#2359,#1541);
#1337=LINE('',#2361,#1542);
#1338=LINE('',#2363,#1543);
#1339=LINE('',#2365,#1544);
#1340=LINE('',#2367,#1545);
#1341=LINE('',#2369,#1546);
#1342=LINE('',#2371,#1547);
#1343=LINE('',#2373,#1548);
#1344=LINE('',#2375,#1549);
#1345=LINE('',#2377,#1550);
#1346=LINE('',#2379,#1551);
#1347=LINE('',#2381,#1552);
#1348=LINE('',#2383,#1553);
#1349=LINE('',#2385,#1554);
#1350=LINE('',#2387,#1555);
#1351=LINE('',#2389,#1556);
#1352=LINE('',#2391,#1557);
#1353=LINE('',#2393,#1558);
#1354=LINE('',#2395,#1559);
#1355=LINE('',#2397,#1560);
#1356=LINE('',#2399,#1561);
#1357=LINE('',#2401,#1562);
#1358=LINE('',#2403,#1563);
#1359=LINE('',#2405,#1564);
#1360=LINE('',#2407,#1565);
#1361=LINE('',#2409,#1566);
#1362=LINE('',#2410,#1567);
#1363=LINE('',#2411,#1568);
#1364=LINE('',#2412,#1569);
#1365=LINE('',#2413,#1570);
#1366=LINE('',#2416,#1571);
#1367=LINE('',#2419,#1572);
#1368=LINE('',#2421,#1573);
#1369=LINE('',#2423,#1574);
#1370=LINE('',#2425,#1575);
#1371=LINE('',#2427,#1576);
#1372=LINE('',#2429,#1577);
#1373=LINE('',#2431,#1578);
#1374=LINE('',#2433,#1579);
#1375=LINE('',#2435,#1580);
#1376=LINE('',#2437,#1581);
#1377=LINE('',#2439,#1582);
#1378=LINE('',#2442,#1583);
#1379=LINE('',#2445,#1584);
#1380=LINE('',#2447,#1585);
#1381=LINE('',#2449,#1586);
#1382=LINE('',#2451,#1587);
#1383=LINE('',#2453,#1588);
#1384=LINE('',#2455,#1589);
#1385=LINE('',#2457,#1590);
#1386=LINE('',#2459,#1591);
#1387=LINE('',#2461,#1592);
#1388=LINE('',#2463,#1593);
#1389=LINE('',#2465,#1594);
#1390=LINE('',#2468,#1595);
#1391=LINE('',#2471,#1596);
#1392=LINE('',#2473,#1597);
#1393=LINE('',#2475,#1598);
#1394=LINE('',#2477,#1599);
#1395=LINE('',#2479,#1600);
#1396=LINE('',#2481,#1601);
#1397=LINE('',#2483,#1602);
#1398=LINE('',#2485,#1603);
#1399=LINE('',#2487,#1604);
#1400=LINE('',#2489,#1605);
#1401=LINE('',#2491,#1606);
#1402=LINE('',#2494,#1607);
#1403=LINE('',#2497,#1608);
#1404=LINE('',#2499,#1609);
#1405=LINE('',#2501,#1610);
#1406=LINE('',#2503,#1611);
#1407=LINE('',#2505,#1612);
#1408=LINE('',#2507,#1613);
#1409=LINE('',#2509,#1614);
#1410=LINE('',#2511,#1615);
#1411=LINE('',#2513,#1616);
#1412=LINE('',#2515,#1617);
#1413=LINE('',#2517,#1618);
#1414=VECTOR('',#1710,1.);
#1415=VECTOR('',#1711,1.);
#1416=VECTOR('',#1712,1.);
#1417=VECTOR('',#1713,1.);
#1418=VECTOR('',#1716,1.);
#1419=VECTOR('',#1717,1.);
#1420=VECTOR('',#1718,1.);
#1421=VECTOR('',#1721,1.);
#1422=VECTOR('',#1722,1.);
#1423=VECTOR('',#1723,1.);
#1424=VECTOR('',#1726,1.);
#1425=VECTOR('',#1727,1.);
#1426=VECTOR('',#1728,1.);
#1427=VECTOR('',#1731,1.);
#1428=VECTOR('',#1732,1.);
#1429=VECTOR('',#1733,1.);
#1430=VECTOR('',#1736,1.);
#1431=VECTOR('',#1737,1.);
#1432=VECTOR('',#1738,1.);
#1433=VECTOR('',#1741,1.);
#1434=VECTOR('',#1742,1.);
#1435=VECTOR('',#1743,1.);
#1436=VECTOR('',#1746,1.);
#1437=VECTOR('',#1747,1.);
#1438=VECTOR('',#1748,1.);
#1439=VECTOR('',#1751,1.);
#1440=VECTOR('',#1752,1.);
#1441=VECTOR('',#1753,1.);
#1442=VECTOR('',#1756,1.);
#1443=VECTOR('',#1759,1.);
#1444=VECTOR('',#1762,1.);
#1445=VECTOR('',#1763,1.);
#1446=VECTOR('',#1764,1.);
#1447=VECTOR('',#1765,1.);
#1448=VECTOR('',#1768,1.);
#1449=VECTOR('',#1769,1.);
#1450=VECTOR('',#1770,1.);
#1451=VECTOR('',#1773,1.);
#1452=VECTOR('',#1774,1.);
#1453=VECTOR('',#1775,1.);
#1454=VECTOR('',#1780,1.);
#1455=VECTOR('',#1783,1.);
#1456=VECTOR('',#1786,1.);
#1457=VECTOR('',#1787,1.);
#1458=VECTOR('',#1788,1.);
#1459=VECTOR('',#1793,1.);
#1460=VECTOR('',#1798,1.);
#1461=VECTOR('',#1799,1.);
#1462=VECTOR('',#1802,1.);
#1463=VECTOR('',#1803,1.);
#1464=VECTOR('',#1806,1.);
#1465=VECTOR('',#1807,1.);
#1466=VECTOR('',#1808,1.);
#1467=VECTOR('',#1809,1.);
#1468=VECTOR('',#1812,1.);
#1469=VECTOR('',#1813,1.);
#1470=VECTOR('',#1814,1.);
#1471=VECTOR('',#1817,1.);
#1472=VECTOR('',#1818,1.);
#1473=VECTOR('',#1819,1.);
#1474=VECTOR('',#1822,1.);
#1475=VECTOR('',#1823,1.);
#1476=VECTOR('',#1824,1.);
#1477=VECTOR('',#1827,1.);
#1478=VECTOR('',#1828,1.);
#1479=VECTOR('',#1829,1.);
#1480=VECTOR('',#1832,1.);
#1481=VECTOR('',#1833,1.);
#1482=VECTOR('',#1834,1.);
#1483=VECTOR('',#1837,1.);
#1484=VECTOR('',#1838,1.);
#1485=VECTOR('',#1839,1.);
#1486=VECTOR('',#1842,1.);
#1487=VECTOR('',#1843,1.);
#1488=VECTOR('',#1844,1.);
#1489=VECTOR('',#1845,1.);
#1490=VECTOR('',#1848,1.);
#1491=VECTOR('',#1849,1.);
#1492=VECTOR('',#1850,1.);
#1493=VECTOR('',#1853,1.);
#1494=VECTOR('',#1854,1.);
#1495=VECTOR('',#1855,1.);
#1496=VECTOR('',#1858,1.);
#1497=VECTOR('',#1859,1.);
#1498=VECTOR('',#1860,1.);
#1499=VECTOR('',#1863,1.);
#1500=VECTOR('',#1864,1.);
#1501=VECTOR('',#1865,1.);
#1502=VECTOR('',#1868,1.);
#1503=VECTOR('',#1869,1.);
#1504=VECTOR('',#1870,1.);
#1505=VECTOR('',#1873,1.);
#1506=VECTOR('',#1874,1.);
#1507=VECTOR('',#1875,1.);
#1508=VECTOR('',#1878,1.);
#1509=VECTOR('',#1879,1.);
#1510=VECTOR('',#1880,1.);
#1511=VECTOR('',#1881,1.);
#1512=VECTOR('',#1884,1.);
#1513=VECTOR('',#1885,1.);
#1514=VECTOR('',#1886,1.);
#1515=VECTOR('',#1889,1.);
#1516=VECTOR('',#1890,1.);
#1517=VECTOR('',#1891,1.);
#1518=VECTOR('',#1894,1.);
#1519=VECTOR('',#1895,1.);
#1520=VECTOR('',#1896,1.);
#1521=VECTOR('',#1899,1.);
#1522=VECTOR('',#1900,1.);
#1523=VECTOR('',#1901,1.);
#1524=VECTOR('',#1904,1.);
#1525=VECTOR('',#1905,1.);
#1526=VECTOR('',#1906,1.);
#1527=VECTOR('',#1909,1.);
#1528=VECTOR('',#1910,1.);
#1529=VECTOR('',#1911,1.);
#1530=VECTOR('',#1914,1.);
#1531=VECTOR('',#1915,1.);
#1532=VECTOR('',#1916,1.);
#1533=VECTOR('',#1919,1.);
#1534=VECTOR('',#1920,1.);
#1535=VECTOR('',#1921,1.);
#1536=VECTOR('',#1924,1.);
#1537=VECTOR('',#1925,1.);
#1538=VECTOR('',#1926,1.);
#1539=VECTOR('',#1929,1.);
#1540=VECTOR('',#1930,1.);
#1541=VECTOR('',#1931,1.);
#1542=VECTOR('',#1934,1.);
#1543=VECTOR('',#1935,1.);
#1544=VECTOR('',#1938,1.);
#1545=VECTOR('',#1939,1.);
#1546=VECTOR('',#1942,1.);
#1547=VECTOR('',#1943,1.);
#1548=VECTOR('',#1946,1.);
#1549=VECTOR('',#1947,1.);
#1550=VECTOR('',#1950,1.);
#1551=VECTOR('',#1953,1.);
#1552=VECTOR('',#1954,1.);
#1553=VECTOR('',#1957,1.);
#1554=VECTOR('',#1958,1.);
#1555=VECTOR('',#1961,1.);
#1556=VECTOR('',#1964,1.);
#1557=VECTOR('',#1965,1.);
#1558=VECTOR('',#1968,1.);
#1559=VECTOR('',#1969,1.);
#1560=VECTOR('',#1972,1.);
#1561=VECTOR('',#1975,1.);
#1562=VECTOR('',#1976,1.);
#1563=VECTOR('',#1979,1.);
#1564=VECTOR('',#1980,1.);
#1565=VECTOR('',#1983,1.);
#1566=VECTOR('',#1986,1.);
#1567=VECTOR('',#1987,1.);
#1568=VECTOR('',#1988,1.);
#1569=VECTOR('',#1989,1.);
#1570=VECTOR('',#1990,1.);
#1571=VECTOR('',#1995,1.);
#1572=VECTOR('',#1996,1.);
#1573=VECTOR('',#1997,1.);
#1574=VECTOR('',#1998,1.);
#1575=VECTOR('',#2001,1.);
#1576=VECTOR('',#2002,1.);
#1577=VECTOR('',#2003,1.);
#1578=VECTOR('',#2006,1.);
#1579=VECTOR('',#2007,1.);
#1580=VECTOR('',#2010,1.);
#1581=VECTOR('',#2011,1.);
#1582=VECTOR('',#2014,1.);
#1583=VECTOR('',#2019,1.);
#1584=VECTOR('',#2020,1.);
#1585=VECTOR('',#2021,1.);
#1586=VECTOR('',#2022,1.);
#1587=VECTOR('',#2025,1.);
#1588=VECTOR('',#2026,1.);
#1589=VECTOR('',#2027,1.);
#1590=VECTOR('',#2030,1.);
#1591=VECTOR('',#2031,1.);
#1592=VECTOR('',#2034,1.);
#1593=VECTOR('',#2035,1.);
#1594=VECTOR('',#2038,1.);
#1595=VECTOR('',#2043,1.);
#1596=VECTOR('',#2044,1.);
#1597=VECTOR('',#2045,1.);
#1598=VECTOR('',#2046,1.);
#1599=VECTOR('',#2049,1.);
#1600=VECTOR('',#2050,1.);
#1601=VECTOR('',#2051,1.);
#1602=VECTOR('',#2054,1.);
#1603=VECTOR('',#2055,1.);
#1604=VECTOR('',#2058,1.);
#1605=VECTOR('',#2059,1.);
#1606=VECTOR('',#2062,1.);
#1607=VECTOR('',#2067,1.);
#1608=VECTOR('',#2068,1.);
#1609=VECTOR('',#2069,1.);
#1610=VECTOR('',#2070,1.);
#1611=VECTOR('',#2073,1.);
#1612=VECTOR('',#2074,1.);
#1613=VECTOR('',#2075,1.);
#1614=VECTOR('',#2078,1.);
#1615=VECTOR('',#2079,1.);
#1616=VECTOR('',#2080,1.);
#1617=VECTOR('',#2083,1.);
#1618=VECTOR('',#2086,1.);
#1619=AXIS2_PLACEMENT_3D('',#2091,#1708,#1709);
#1620=AXIS2_PLACEMENT_3D('',#2100,#1714,#1715);
#1621=AXIS2_PLACEMENT_3D('',#2106,#1719,#1720);
#1622=AXIS2_PLACEMENT_3D('',#2112,#1724,#1725);
#1623=AXIS2_PLACEMENT_3D('',#2118,#1729,#1730);
#1624=AXIS2_PLACEMENT_3D('',#2124,#1734,#1735);
#1625=AXIS2_PLACEMENT_3D('',#2130,#1739,#1740);
#1626=AXIS2_PLACEMENT_3D('',#2136,#1744,#1745);
#1627=AXIS2_PLACEMENT_3D('',#2142,#1749,#1750);
#1628=AXIS2_PLACEMENT_3D('',#2148,#1754,#1755);
#1629=AXIS2_PLACEMENT_3D('',#2150,#1757,#1758);
#1630=AXIS2_PLACEMENT_3D('',#2152,#1760,#1761);
#1631=AXIS2_PLACEMENT_3D('',#2161,#1766,#1767);
#1632=AXIS2_PLACEMENT_3D('',#2167,#1771,#1772);
#1633=AXIS2_PLACEMENT_3D('',#2173,#1776,#1777);
#1634=AXIS2_PLACEMENT_3D('',#2174,#1778,#1779);
#1635=AXIS2_PLACEMENT_3D('',#2179,#1781,#1782);
#1636=AXIS2_PLACEMENT_3D('',#2182,#1784,#1785);
#1637=AXIS2_PLACEMENT_3D('',#2188,#1789,#1790);
#1638=AXIS2_PLACEMENT_3D('',#2189,#1791,#1792);
#1639=AXIS2_PLACEMENT_3D('',#2193,#1794,#1795);
#1640=AXIS2_PLACEMENT_3D('',#2194,#1796,#1797);
#1641=AXIS2_PLACEMENT_3D('',#2197,#1800,#1801);
#1642=AXIS2_PLACEMENT_3D('',#2201,#1804,#1805);
#1643=AXIS2_PLACEMENT_3D('',#2210,#1810,#1811);
#1644=AXIS2_PLACEMENT_3D('',#2216,#1815,#1816);
#1645=AXIS2_PLACEMENT_3D('',#2222,#1820,#1821);
#1646=AXIS2_PLACEMENT_3D('',#2228,#1825,#1826);
#1647=AXIS2_PLACEMENT_3D('',#2234,#1830,#1831);
#1648=AXIS2_PLACEMENT_3D('',#2240,#1835,#1836);
#1649=AXIS2_PLACEMENT_3D('',#2246,#1840,#1841);
#1650=AXIS2_PLACEMENT_3D('',#2255,#1846,#1847);
#1651=AXIS2_PLACEMENT_3D('',#2261,#1851,#1852);
#1652=AXIS2_PLACEMENT_3D('',#2267,#1856,#1857);
#1653=AXIS2_PLACEMENT_3D('',#2273,#1861,#1862);
#1654=AXIS2_PLACEMENT_3D('',#2279,#1866,#1867);
#1655=AXIS2_PLACEMENT_3D('',#2285,#1871,#1872);
#1656=AXIS2_PLACEMENT_3D('',#2291,#1876,#1877);
#1657=AXIS2_PLACEMENT_3D('',#2300,#1882,#1883);
#1658=AXIS2_PLACEMENT_3D('',#2306,#1887,#1888);
#1659=AXIS2_PLACEMENT_3D('',#2312,#1892,#1893);
#1660=AXIS2_PLACEMENT_3D('',#2318,#1897,#1898);
#1661=AXIS2_PLACEMENT_3D('',#2324,#1902,#1903);
#1662=AXIS2_PLACEMENT_3D('',#2330,#1907,#1908);
#1663=AXIS2_PLACEMENT_3D('',#2336,#1912,#1913);
#1664=AXIS2_PLACEMENT_3D('',#2342,#1917,#1918);
#1665=AXIS2_PLACEMENT_3D('',#2348,#1922,#1923);
#1666=AXIS2_PLACEMENT_3D('',#2354,#1927,#1928);
#1667=AXIS2_PLACEMENT_3D('',#2360,#1932,#1933);
#1668=AXIS2_PLACEMENT_3D('',#2364,#1936,#1937);
#1669=AXIS2_PLACEMENT_3D('',#2368,#1940,#1941);
#1670=AXIS2_PLACEMENT_3D('',#2372,#1944,#1945);
#1671=AXIS2_PLACEMENT_3D('',#2376,#1948,#1949);
#1672=AXIS2_PLACEMENT_3D('',#2378,#1951,#1952);
#1673=AXIS2_PLACEMENT_3D('',#2382,#1955,#1956);
#1674=AXIS2_PLACEMENT_3D('',#2386,#1959,#1960);
#1675=AXIS2_PLACEMENT_3D('',#2388,#1962,#1963);
#1676=AXIS2_PLACEMENT_3D('',#2392,#1966,#1967);
#1677=AXIS2_PLACEMENT_3D('',#2396,#1970,#1971);
#1678=AXIS2_PLACEMENT_3D('',#2398,#1973,#1974);
#1679=AXIS2_PLACEMENT_3D('',#2402,#1977,#1978);
#1680=AXIS2_PLACEMENT_3D('',#2406,#1981,#1982);
#1681=AXIS2_PLACEMENT_3D('',#2408,#1984,#1985);
#1682=AXIS2_PLACEMENT_3D('',#2414,#1991,#1992);
#1683=AXIS2_PLACEMENT_3D('',#2415,#1993,#1994);
#1684=AXIS2_PLACEMENT_3D('',#2424,#1999,#2000);
#1685=AXIS2_PLACEMENT_3D('',#2430,#2004,#2005);
#1686=AXIS2_PLACEMENT_3D('',#2434,#2008,#2009);
#1687=AXIS2_PLACEMENT_3D('',#2438,#2012,#2013);
#1688=AXIS2_PLACEMENT_3D('',#2440,#2015,#2016);
#1689=AXIS2_PLACEMENT_3D('',#2441,#2017,#2018);
#1690=AXIS2_PLACEMENT_3D('',#2450,#2023,#2024);
#1691=AXIS2_PLACEMENT_3D('',#2456,#2028,#2029);
#1692=AXIS2_PLACEMENT_3D('',#2460,#2032,#2033);
#1693=AXIS2_PLACEMENT_3D('',#2464,#2036,#2037);
#1694=AXIS2_PLACEMENT_3D('',#2466,#2039,#2040);
#1695=AXIS2_PLACEMENT_3D('',#2467,#2041,#2042);
#1696=AXIS2_PLACEMENT_3D('',#2476,#2047,#2048);
#1697=AXIS2_PLACEMENT_3D('',#2482,#2052,#2053);
#1698=AXIS2_PLACEMENT_3D('',#2486,#2056,#2057);
#1699=AXIS2_PLACEMENT_3D('',#2490,#2060,#2061);
#1700=AXIS2_PLACEMENT_3D('',#2492,#2063,#2064);
#1701=AXIS2_PLACEMENT_3D('',#2493,#2065,#2066);
#1702=AXIS2_PLACEMENT_3D('',#2502,#2071,#2072);
#1703=AXIS2_PLACEMENT_3D('',#2508,#2076,#2077);
#1704=AXIS2_PLACEMENT_3D('',#2514,#2081,#2082);
#1705=AXIS2_PLACEMENT_3D('',#2516,#2084,#2085);
#1706=AXIS2_PLACEMENT_3D('',#2518,#2087,#2088);
#1707=AXIS2_PLACEMENT_3D('',#2519,#2089,#2090);
#1708=DIRECTION('',(0.,0.,1.));
#1709=DIRECTION('',(1.,0.,0.));
#1710=DIRECTION('',(0.,-1.,0.));
#1711=DIRECTION('',(0.,0.,1.));
#1712=DIRECTION('',(0.,-1.,0.));
#1713=DIRECTION('',(0.,0.,1.));
#1714=DIRECTION('',(-1.,0.,0.));
#1715=DIRECTION('',(0.,0.,1.));
#1716=DIRECTION('',(-0.173648177666931,0.984807753012208,0.));
#1717=DIRECTION('',(0.,0.,-1.));
#1718=DIRECTION('',(0.173648177666931,-0.984807753012208,0.));
#1719=DIRECTION('',(0.984807753012208,0.173648177666931,0.));
#1720=DIRECTION('',(0.,0.,1.));
#1721=DIRECTION('',(1.,0.,0.));
#1722=DIRECTION('',(0.,0.,1.));
#1723=DIRECTION('',(1.,0.,0.));
#1724=DIRECTION('',(0.,-1.,0.));
#1725=DIRECTION('',(0.,0.,-1.));
#1726=DIRECTION('',(-0.173648177666931,-0.984807753012208,0.));
#1727=DIRECTION('',(0.,0.,-1.));
#1728=DIRECTION('',(0.173648177666931,0.984807753012208,0.));
#1729=DIRECTION('',(-0.984807753012208,0.173648177666931,0.));
#1730=DIRECTION('',(0.,0.,1.));
#1731=DIRECTION('',(0.,-1.,0.));
#1732=DIRECTION('',(0.,-1.,0.));
#1733=DIRECTION('',(0.,0.,1.));
#1734=DIRECTION('',(1.,0.,0.));
#1735=DIRECTION('',(0.,0.,-1.));
#1736=DIRECTION('',(-1.,0.,0.));
#1737=DIRECTION('',(0.,0.,-1.));
#1738=DIRECTION('',(-1.,0.,0.));
#1739=DIRECTION('',(0.,-1.,0.));
#1740=DIRECTION('',(0.,0.,-1.));
#1741=DIRECTION('',(-1.,0.,0.));
#1742=DIRECTION('',(-1.,0.,0.));
#1743=DIRECTION('',(0.,0.,-1.));
#1744=DIRECTION('',(0.,-1.,0.));
#1745=DIRECTION('',(0.,0.,-1.));
#1746=DIRECTION('',(-6.0338207860063E-015,-1.,0.));
#1747=DIRECTION('',(0.,-0.0871557427476583,0.996194698091746));
#1748=DIRECTION('',(-6.0338207860063E-015,-1.,0.));
#1749=DIRECTION('',(1.,-6.0338207860063E-015,0.));
#1750=DIRECTION('',(6.03336824944734E-015,1.,0.));
#1751=DIRECTION('',(4.52536558950472E-015,1.,0.));
#1752=DIRECTION('',(0.,0.0871557427476583,-0.996194698091746));
#1753=DIRECTION('',(4.52536558950472E-015,1.,0.));
#1754=DIRECTION('',(-1.,4.52536558950472E-015,0.));
#1755=DIRECTION('',(-4.52415882534751E-015,-1.,0.));
#1756=DIRECTION('',(1.,0.,0.));
#1757=DIRECTION('',(0.,0.,-1.));
#1758=DIRECTION('',(-1.,0.,0.));
#1759=DIRECTION('',(1.,0.,0.));
#1760=DIRECTION('',(0.,0.,-1.));
#1761=DIRECTION('',(-1.,0.,0.));
#1762=DIRECTION('',(-0.0360775885821529,0.0870990036527564,-0.995546167269401));
#1763=DIRECTION('',(-0.707106781186548,-0.707106781186548,0.));
#1764=DIRECTION('',(-0.0870990036527564,0.036077588582153,-0.995546167269401));
#1765=DIRECTION('',(-0.707106781186548,-0.707106781186548,0.));
#1766=DIRECTION('',(-0.704416026402759,0.704416026402759,0.0871557427476569));
#1767=DIRECTION('',(0.707106781186548,0.707106781186548,0.));
#1768=DIRECTION('',(-0.0868265938642472,-0.0868265938642481,0.992432509138967));
#1769=DIRECTION('',(-1.,0.,0.));
#1770=DIRECTION('',(-1.,0.,0.));
#1771=DIRECTION('',(0.,-0.996194698091746,-0.0871557427476587));
#1772=DIRECTION('',(0.,-0.0871557427476587,0.996194698091746));
#1773=DIRECTION('',(-0.0360775885821522,0.0870990036527549,0.995546167269401));
#1774=DIRECTION('',(0.0868265938642478,0.0868265938642466,0.992432509138967));
#1775=DIRECTION('',(1.,0.,0.));
#1776=DIRECTION('',(0.,-0.996194698091746,0.0871557427476572));
#1777=DIRECTION('',(0.,0.0871557427476572,0.996194698091746));
#1778=DIRECTION('',(0.,0.,-1.));
#1779=DIRECTION('',(-1.,0.,0.));
#1780=DIRECTION('',(0.,0.,-1.));
#1781=DIRECTION('',(0.,0.,-1.));
#1782=DIRECTION('',(-1.,0.,0.));
#1783=DIRECTION('',(0.,0.,-1.));
#1784=DIRECTION('',(0.,0.,-1.));
#1785=DIRECTION('',(-1.,0.,0.));
#1786=DIRECTION('',(0.,1.,0.));
#1787=DIRECTION('',(0.,0.,-1.));
#1788=DIRECTION('',(0.,1.,0.));
#1789=DIRECTION('',(-1.,0.,0.));
#1790=DIRECTION('',(0.,0.,1.));
#1791=DIRECTION('',(0.,0.,-1.));
#1792=DIRECTION('',(-1.,0.,0.));
#1793=DIRECTION('',(0.,0.,-1.));
#1794=DIRECTION('',(0.,0.,-1.));
#1795=DIRECTION('',(-1.,0.,0.));
#1796=DIRECTION('',(0.,0.,-1.));
#1797=DIRECTION('',(-1.,0.,0.));
#1798=DIRECTION('',(0.,1.,0.));
#1799=DIRECTION('',(0.,1.,0.));
#1800=DIRECTION('',(1.,0.,0.));
#1801=DIRECTION('',(0.,0.,-1.));
#1802=DIRECTION('',(0.0870990036527549,-0.0360775885821522,-0.995546167269401));
#1803=DIRECTION('',(0.707106781186548,0.707106781186548,0.));
#1804=DIRECTION('',(-0.704416026402759,0.704416026402759,-0.0871557427476553));
#1805=DIRECTION('',(0.707106781186548,0.707106781186548,0.));
#1806=DIRECTION('',(0.,0.,-1.));
#1807=DIRECTION('',(-1.,0.,0.));
#1808=DIRECTION('',(0.,0.,-1.));
#1809=DIRECTION('',(-1.,0.,0.));
#1810=DIRECTION('',(0.,-1.,0.));
#1811=DIRECTION('',(0.,0.,-1.));
#1812=DIRECTION('',(0.,-1.,0.));
#1813=DIRECTION('',(0.,0.,1.));
#1814=DIRECTION('',(0.,-1.,0.));
#1815=DIRECTION('',(-1.,0.,0.));
#1816=DIRECTION('',(0.,0.,1.));
#1817=DIRECTION('',(0.17364817766693,-0.984807753012208,0.));
#1818=DIRECTION('',(-0.17364817766693,0.984807753012208,0.));
#1819=DIRECTION('',(0.,0.,-1.));
#1820=DIRECTION('',(0.984807753012208,0.17364817766693,0.));
#1821=DIRECTION('',(0.,0.,-1.));
#1822=DIRECTION('',(1.,0.,0.));
#1823=DIRECTION('',(0.,0.,1.));
#1824=DIRECTION('',(1.,0.,0.));
#1825=DIRECTION('',(0.,-1.,0.));
#1826=DIRECTION('',(0.,0.,-1.));
#1827=DIRECTION('',(0.17364817766693,0.984807753012208,0.));
#1828=DIRECTION('',(-0.17364817766693,-0.984807753012208,0.));
#1829=DIRECTION('',(0.,0.,-1.));
#1830=DIRECTION('',(-0.984807753012208,0.17364817766693,0.));
#1831=DIRECTION('',(0.,0.,-1.));
#1832=DIRECTION('',(0.,-1.,0.));
#1833=DIRECTION('',(0.,-1.,0.));
#1834=DIRECTION('',(0.,0.,-1.));
#1835=DIRECTION('',(1.,0.,0.));
#1836=DIRECTION('',(0.,0.,-1.));
#1837=DIRECTION('',(-1.,0.,0.));
#1838=DIRECTION('',(-1.,0.,0.));
#1839=DIRECTION('',(0.,0.,-1.));
#1840=DIRECTION('',(0.,-1.,0.));
#1841=DIRECTION('',(0.,0.,-1.));
#1842=DIRECTION('',(-1.,0.,0.));
#1843=DIRECTION('',(0.,0.,1.));
#1844=DIRECTION('',(-1.,0.,0.));
#1845=DIRECTION('',(0.,0.,-1.));
#1846=DIRECTION('',(0.,-1.,0.));
#1847=DIRECTION('',(0.,0.,-1.));
#1848=DIRECTION('',(0.,-1.,0.));
#1849=DIRECTION('',(0.,0.,1.));
#1850=DIRECTION('',(0.,-1.,0.));
#1851=DIRECTION('',(-1.,0.,0.));
#1852=DIRECTION('',(0.,0.,1.));
#1853=DIRECTION('',(-0.173648177666931,0.984807753012208,0.));
#1854=DIRECTION('',(0.,0.,-1.));
#1855=DIRECTION('',(0.173648177666931,-0.984807753012208,0.));
#1856=DIRECTION('',(0.984807753012208,0.173648177666931,0.));
#1857=DIRECTION('',(0.,0.,1.));
#1858=DIRECTION('',(1.,0.,0.));
#1859=DIRECTION('',(0.,0.,1.));
#1860=DIRECTION('',(1.,0.,0.));
#1861=DIRECTION('',(0.,-1.,0.));
#1862=DIRECTION('',(0.,0.,-1.));
#1863=DIRECTION('',(-0.173648177666931,-0.984807753012208,0.));
#1864=DIRECTION('',(0.,0.,-1.));
#1865=DIRECTION('',(0.173648177666931,0.984807753012208,0.));
#1866=DIRECTION('',(-0.984807753012208,0.173648177666931,0.));
#1867=DIRECTION('',(0.,0.,1.));
#1868=DIRECTION('',(0.,-1.,0.));
#1869=DIRECTION('',(0.,-1.,0.));
#1870=DIRECTION('',(0.,0.,1.));
#1871=DIRECTION('',(1.,0.,0.));
#1872=DIRECTION('',(0.,0.,-1.));
#1873=DIRECTION('',(-1.,0.,0.));
#1874=DIRECTION('',(0.,0.,-1.));
#1875=DIRECTION('',(-1.,0.,0.));
#1876=DIRECTION('',(0.,-1.,0.));
#1877=DIRECTION('',(0.,0.,-1.));
#1878=DIRECTION('',(-1.,0.,0.));
#1879=DIRECTION('',(0.,0.,1.));
#1880=DIRECTION('',(-1.,0.,0.));
#1881=DIRECTION('',(0.,0.,-1.));
#1882=DIRECTION('',(0.,-1.,0.));
#1883=DIRECTION('',(0.,0.,-1.));
#1884=DIRECTION('',(0.,-1.,0.));
#1885=DIRECTION('',(0.,0.,1.));
#1886=DIRECTION('',(0.,-1.,0.));
#1887=DIRECTION('',(-1.,0.,0.));
#1888=DIRECTION('',(0.,0.,1.));
#1889=DIRECTION('',(-0.173648177666931,0.984807753012208,0.));
#1890=DIRECTION('',(0.,0.,-1.));
#1891=DIRECTION('',(0.173648177666931,-0.984807753012208,0.));
#1892=DIRECTION('',(0.984807753012208,0.173648177666931,0.));
#1893=DIRECTION('',(0.,0.,1.));
#1894=DIRECTION('',(1.,0.,0.));
#1895=DIRECTION('',(0.,0.,1.));
#1896=DIRECTION('',(1.,0.,0.));
#1897=DIRECTION('',(0.,-1.,0.));
#1898=DIRECTION('',(0.,0.,-1.));
#1899=DIRECTION('',(-0.173648177666931,-0.984807753012208,0.));
#1900=DIRECTION('',(0.,0.,-1.));
#1901=DIRECTION('',(0.173648177666931,0.984807753012208,0.));
#1902=DIRECTION('',(-0.984807753012208,0.173648177666931,0.));
#1903=DIRECTION('',(0.,0.,1.));
#1904=DIRECTION('',(0.,-1.,0.));
#1905=DIRECTION('',(0.,-1.,0.));
#1906=DIRECTION('',(0.,0.,1.));
#1907=DIRECTION('',(1.,0.,0.));
#1908=DIRECTION('',(0.,0.,-1.));
#1909=DIRECTION('',(-1.,0.,0.));
#1910=DIRECTION('',(0.,0.,-1.));
#1911=DIRECTION('',(-1.,0.,0.));
#1912=DIRECTION('',(0.,-1.,0.));
#1913=DIRECTION('',(0.,0.,-1.));
#1914=DIRECTION('',(1.,0.,0.));
#1915=DIRECTION('',(-4.52536558950472E-015,-1.,0.));
#1916=DIRECTION('',(6.03382078600632E-015,1.,0.));
#1917=DIRECTION('',(0.,0.,-1.));
#1918=DIRECTION('',(-1.,0.,0.));
#1919=DIRECTION('',(1.,0.,0.));
#1920=DIRECTION('',(4.90247938863012E-015,1.,0.));
#1921=DIRECTION('',(-6.0338207860063E-015,-1.,0.));
#1922=DIRECTION('',(0.,0.,-1.));
#1923=DIRECTION('',(-1.,0.,0.));
#1924=DIRECTION('',(1.,0.,0.));
#1925=DIRECTION('',(4.52536558950474E-015,1.,0.));
#1926=DIRECTION('',(-6.0338207860063E-015,-1.,0.));
#1927=DIRECTION('',(0.,0.,-1.));
#1928=DIRECTION('',(-1.,0.,0.));
#1929=DIRECTION('',(0.,-1.,0.));
#1930=DIRECTION('',(-0.0868265938642481,-0.0868265938642472,-0.992432509138967));
#1931=DIRECTION('',(0.,-1.,0.));
#1932=DIRECTION('',(0.996194698091746,0.,-0.0871557427476587));
#1933=DIRECTION('',(-0.0871557427476587,0.,-0.996194698091746));
#1934=DIRECTION('',(1.,0.,0.));
#1935=DIRECTION('',(0.,1.,0.));
#1936=DIRECTION('',(0.,0.,1.));
#1937=DIRECTION('',(1.,0.,0.));
#1938=DIRECTION('',(-0.0868265938642472,0.0868265938642472,0.992432509138967));
#1939=DIRECTION('',(0.,1.,0.));
#1940=DIRECTION('',(-0.996194698091746,0.,-0.0871557427476578));
#1941=DIRECTION('',(-0.0871557427476578,0.,0.996194698091746));
#1942=DIRECTION('',(0.0868265938642478,-0.0868265938642478,0.992432509138967));
#1943=DIRECTION('',(0.,-1.,0.));
#1944=DIRECTION('',(-0.996194698091746,0.,0.0871557427476583));
#1945=DIRECTION('',(0.0871557427476583,0.,0.996194698091746));
#1946=DIRECTION('',(-1.,0.,0.));
#1947=DIRECTION('',(0.,1.,0.));
#1948=DIRECTION('',(0.,0.,-1.));
#1949=DIRECTION('',(-1.,0.,0.));
#1950=DIRECTION('',(0.0868265938642466,0.0868265938642478,-0.992432509138967));
#1951=DIRECTION('',(0.996194698091746,0.,0.0871557427476572));
#1952=DIRECTION('',(0.0871557427476572,0.,-0.996194698091746));
#1953=DIRECTION('',(0.,0.0871557427476583,-0.996194698091746));
#1954=DIRECTION('',(4.52536558950474E-015,1.,0.));
#1955=DIRECTION('',(-1.,4.52536558950474E-015,0.));
#1956=DIRECTION('',(-4.5254598679545E-015,-1.,0.));
#1957=DIRECTION('',(1.,0.,0.));
#1958=DIRECTION('',(-6.0338207860063E-015,-1.,0.));
#1959=DIRECTION('',(0.,0.,-1.));
#1960=DIRECTION('',(-1.,0.,0.));
#1961=DIRECTION('',(0.,-0.0871557427476583,0.996194698091746));
#1962=DIRECTION('',(1.,-6.0338207860063E-015,0.));
#1963=DIRECTION('',(6.03423561118532E-015,1.,0.));
#1964=DIRECTION('',(0.,0.0871557427476583,-0.996194698091746));
#1965=DIRECTION('',(4.90247938863012E-015,1.,0.));
#1966=DIRECTION('',(-1.,4.90247938863012E-015,0.));
#1967=DIRECTION('',(-4.90232854311046E-015,-1.,0.));
#1968=DIRECTION('',(1.,0.,0.));
#1969=DIRECTION('',(-6.0338207860063E-015,-1.,0.));
#1970=DIRECTION('',(0.,0.,-1.));
#1971=DIRECTION('',(-1.,0.,0.));
#1972=DIRECTION('',(0.,-0.0871557427476583,0.996194698091746));
#1973=DIRECTION('',(1.,-6.0338207860063E-015,0.));
#1974=DIRECTION('',(6.03336824944734E-015,1.,0.));
#1975=DIRECTION('',(0.,0.0871557427476583,-0.996194698091746));
#1976=DIRECTION('',(-4.52536558950472E-015,-1.,0.));
#1977=DIRECTION('',(1.,-4.52536558950472E-015,0.));
#1978=DIRECTION('',(4.52589354882349E-015,1.,0.));
#1979=DIRECTION('',(1.,0.,0.));
#1980=DIRECTION('',(6.03382078600632E-015,1.,0.));
#1981=DIRECTION('',(0.,0.,-1.));
#1982=DIRECTION('',(-1.,0.,0.));
#1983=DIRECTION('',(0.,-0.0871557427476583,0.996194698091746));
#1984=DIRECTION('',(-1.,6.03382078600632E-015,0.));
#1985=DIRECTION('',(-6.03336824944734E-015,-1.,0.));
#1986=DIRECTION('',(1.,0.,0.));
#1987=DIRECTION('',(1.,0.,0.));
#1988=DIRECTION('',(1.,0.,0.));
#1989=DIRECTION('',(1.,0.,0.));
#1990=DIRECTION('',(1.,0.,0.));
#1991=DIRECTION('',(0.,0.996194698091746,0.0871557427476583));
#1992=DIRECTION('',(0.,0.0871557427476583,-0.996194698091746));
#1993=DIRECTION('',(0.,0.996194698091746,-0.0871557427476578));
#1994=DIRECTION('',(0.,-0.0871557427476578,-0.996194698091746));
#1995=DIRECTION('',(0.,0.,-1.));
#1996=DIRECTION('',(-1.,0.,0.));
#1997=DIRECTION('',(0.,0.,-1.));
#1998=DIRECTION('',(1.,0.,0.));
#1999=DIRECTION('',(0.,-1.,0.));
#2000=DIRECTION('',(0.,0.,1.));
#2001=DIRECTION('',(0.,-1.,0.));
#2002=DIRECTION('',(0.,0.,1.));
#2003=DIRECTION('',(0.,1.,0.));
#2004=DIRECTION('',(-1.,0.,0.));
#2005=DIRECTION('',(0.,0.,1.));
#2006=DIRECTION('',(-1.,0.,0.));
#2007=DIRECTION('',(0.,-1.,0.));
#2008=DIRECTION('',(0.,0.,1.));
#2009=DIRECTION('',(1.,0.,0.));
#2010=DIRECTION('',(0.,0.,1.));
#2011=DIRECTION('',(0.,1.,0.));
#2012=DIRECTION('',(1.,0.,0.));
#2013=DIRECTION('',(0.,0.,-1.));
#2014=DIRECTION('',(1.,0.,0.));
#2015=DIRECTION('',(0.,0.,-1.));
#2016=DIRECTION('',(-1.,0.,0.));
#2017=DIRECTION('',(0.,-1.,0.));
#2018=DIRECTION('',(0.,0.,-1.));
#2019=DIRECTION('',(0.,0.,-1.));
#2020=DIRECTION('',(-1.,0.,0.));
#2021=DIRECTION('',(0.,0.,-1.));
#2022=DIRECTION('',(1.,0.,0.));
#2023=DIRECTION('',(0.,-1.,0.));
#2024=DIRECTION('',(0.,0.,1.));
#2025=DIRECTION('',(0.,-1.,0.));
#2026=DIRECTION('',(0.,0.,1.));
#2027=DIRECTION('',(0.,1.,0.));
#2028=DIRECTION('',(-1.,0.,0.));
#2029=DIRECTION('',(0.,0.,1.));
#2030=DIRECTION('',(-1.,0.,0.));
#2031=DIRECTION('',(0.,-1.,0.));
#2032=DIRECTION('',(0.,0.,1.));
#2033=DIRECTION('',(1.,0.,0.));
#2034=DIRECTION('',(0.,0.,1.));
#2035=DIRECTION('',(0.,1.,0.));
#2036=DIRECTION('',(1.,0.,0.));
#2037=DIRECTION('',(0.,0.,-1.));
#2038=DIRECTION('',(1.,0.,0.));
#2039=DIRECTION('',(0.,0.,-1.));
#2040=DIRECTION('',(-1.,0.,0.));
#2041=DIRECTION('',(0.,-1.,0.));
#2042=DIRECTION('',(0.,0.,-1.));
#2043=DIRECTION('',(1.,0.,0.));
#2044=DIRECTION('',(0.,1.,0.));
#2045=DIRECTION('',(1.,0.,0.));
#2046=DIRECTION('',(0.,-1.,0.));
#2047=DIRECTION('',(0.,0.,-1.));
#2048=DIRECTION('',(-1.,0.,0.));
#2049=DIRECTION('',(0.,0.,1.));
#2050=DIRECTION('',(-1.,0.,0.));
#2051=DIRECTION('',(0.,0.,1.));
#2052=DIRECTION('',(0.,-1.,0.));
#2053=DIRECTION('',(0.,0.,-1.));
#2054=DIRECTION('',(0.,1.,0.));
#2055=DIRECTION('',(0.,0.,1.));
#2056=DIRECTION('',(-1.,0.,0.));
#2057=DIRECTION('',(0.,0.,1.));
#2058=DIRECTION('',(0.,0.,1.));
#2059=DIRECTION('',(0.,-1.,0.));
#2060=DIRECTION('',(1.,0.,0.));
#2061=DIRECTION('',(0.,0.,-1.));
#2062=DIRECTION('',(-1.,0.,0.));
#2063=DIRECTION('',(0.,0.,1.));
#2064=DIRECTION('',(1.,0.,0.));
#2065=DIRECTION('',(0.,-1.,0.));
#2066=DIRECTION('',(0.,0.,-1.));
#2067=DIRECTION('',(1.,0.,0.));
#2068=DIRECTION('',(0.,1.,0.));
#2069=DIRECTION('',(1.,0.,0.));
#2070=DIRECTION('',(0.,-1.,0.));
#2071=DIRECTION('',(0.,0.,-1.));
#2072=DIRECTION('',(-1.,0.,0.));
#2073=DIRECTION('',(0.,0.,1.));
#2074=DIRECTION('',(-1.,0.,0.));
#2075=DIRECTION('',(0.,0.,1.));
#2076=DIRECTION('',(0.,-1.,0.));
#2077=DIRECTION('',(0.,0.,-1.));
#2078=DIRECTION('',(0.,-1.,0.));
#2079=DIRECTION('',(-1.,0.,0.));
#2080=DIRECTION('',(0.,1.,0.));
#2081=DIRECTION('',(0.,0.,1.));
#2082=DIRECTION('',(1.,0.,0.));
#2083=DIRECTION('',(0.,0.,1.));
#2084=DIRECTION('',(1.,0.,0.));
#2085=DIRECTION('',(0.,0.,-1.));
#2086=DIRECTION('',(0.,0.,1.));
#2087=DIRECTION('',(0.,-1.,0.));
#2088=DIRECTION('',(0.,0.,-1.));
#2089=DIRECTION('',(-1.,0.,0.));
#2090=DIRECTION('',(0.,0.,1.));
#2091=CARTESIAN_POINT('',(0.,0.,0.));
#2092=CARTESIAN_POINT('',(18.25,-1.2,0.));
#2093=CARTESIAN_POINT('',(18.25,14.5,0.));
#2094=CARTESIAN_POINT('',(18.25,0.799999999999945,0.));
#2095=CARTESIAN_POINT('',(18.25,0.800000000000009,0.));
#2096=CARTESIAN_POINT('',(18.25,0.799999999999988,0.5));
#2097=CARTESIAN_POINT('',(18.25,-1.2,0.5));
#2098=CARTESIAN_POINT('',(18.25,14.5,0.5));
#2099=CARTESIAN_POINT('',(18.25,14.5,0.));
#2100=CARTESIAN_POINT('',(18.25,14.5,0.));
#2101=CARTESIAN_POINT('',(17.8365032220017,3.14505675953237,0.));
#2102=CARTESIAN_POINT('',(18.602653961417,-1.2,0.));
#2103=CARTESIAN_POINT('',(18.602653961417,-1.2,0.));
#2104=CARTESIAN_POINT('',(18.602653961417,-1.2,0.5));
#2105=CARTESIAN_POINT('',(18.25,0.800000000000009,0.5));
#2106=CARTESIAN_POINT('',(18.25,0.800000000000009,0.));
#2107=CARTESIAN_POINT('',(18.25,-1.2,0.));
#2108=CARTESIAN_POINT('',(19.0973460385831,-1.2,0.));
#2109=CARTESIAN_POINT('',(19.0973460385831,-1.2,0.));
#2110=CARTESIAN_POINT('',(19.0973460385831,-1.2,0.5));
#2111=CARTESIAN_POINT('',(18.25,-1.2,0.5));
#2112=CARTESIAN_POINT('',(18.25,-1.2,0.));
#2113=CARTESIAN_POINT('',(18.7267026798127,-3.3020229421565,0.));
#2114=CARTESIAN_POINT('',(19.45,0.800000000000045,0.));
#2115=CARTESIAN_POINT('',(19.45,0.800000000000009,0.5));
#2116=CARTESIAN_POINT('',(19.45,0.800000000000009,0.5));
#2117=CARTESIAN_POINT('',(19.0973460385831,-1.2,0.5));
#2118=CARTESIAN_POINT('',(19.0973460385831,-1.2,0.));
#2119=CARTESIAN_POINT('',(19.45,-1.2,0.5));
#2120=CARTESIAN_POINT('',(19.45,14.5,0.5));
#2121=CARTESIAN_POINT('',(19.45,-1.2,0.));
#2122=CARTESIAN_POINT('',(19.45,14.5,0.));
#2123=CARTESIAN_POINT('',(19.45,14.5,0.));
#2124=CARTESIAN_POINT('',(19.45,14.5,0.5));
#2125=CARTESIAN_POINT('',(0.,14.5,0.));
#2126=CARTESIAN_POINT('',(19.75,14.5,0.));
#2127=CARTESIAN_POINT('',(19.75,14.5,0.5));
#2128=CARTESIAN_POINT('',(19.75,14.5,0.5));
#2129=CARTESIAN_POINT('',(0.,14.5,0.5));
#2130=CARTESIAN_POINT('',(16.31,14.5,0.25));
#2131=CARTESIAN_POINT('',(0.,14.5,0.));
#2132=CARTESIAN_POINT('',(17.95,14.5,0.));
#2133=CARTESIAN_POINT('',(0.,14.5,0.5));
#2134=CARTESIAN_POINT('',(17.95,14.5,0.5));
#2135=CARTESIAN_POINT('',(17.95,14.5,0.5));
#2136=CARTESIAN_POINT('',(16.31,14.5,0.25));
#2137=CARTESIAN_POINT('',(19.75,16.8,0.));
#2138=CARTESIAN_POINT('',(19.75,16.343744331763,0.));
#2139=CARTESIAN_POINT('',(19.75,16.3,0.5));
#2140=CARTESIAN_POINT('',(19.75,16.3,0.5));
#2141=CARTESIAN_POINT('',(19.75,16.8,0.5));
#2142=CARTESIAN_POINT('',(19.75,16.8,0.5));
#2143=CARTESIAN_POINT('',(17.95,14.5,0.5));
#2144=CARTESIAN_POINT('',(17.95,16.3,0.5));
#2145=CARTESIAN_POINT('',(17.95,16.3,0.5));
#2146=CARTESIAN_POINT('',(17.95,16.343744331763,0.));
#2147=CARTESIAN_POINT('',(17.95,14.5,0.));
#2148=CARTESIAN_POINT('',(17.95,14.5,0.5));
#2149=CARTESIAN_POINT('',(11.23,16.343744331763,0.));
#2150=CARTESIAN_POINT('',(0.,2.66453525910037E-015,0.));
#2151=CARTESIAN_POINT('',(11.23,16.3,0.5));
#2152=CARTESIAN_POINT('',(0.,2.66453525910037E-015,0.5));
#2153=CARTESIAN_POINT('',(4.39707804676699,34.1380592697577,2.35099101661709));
#2154=CARTESIAN_POINT('',(4.39523018377543,34.1425204056534,2.3));
#2155=CARTESIAN_POINT('',(4.33,34.3,0.5));
#2156=CARTESIAN_POINT('',(0.830000000000033,30.8,0.5));
#2157=CARTESIAN_POINT('',(0.830000000000033,30.8,0.5));
#2158=CARTESIAN_POINT('',(0.847282771108382,30.7928412418116,0.697542977705065));
#2159=CARTESIAN_POINT('',(0.987479594346684,30.7347698162246,2.3));
#2160=CARTESIAN_POINT('',(3.39135488906109,33.138645110939,2.3));
#2161=CARTESIAN_POINT('',(3.39135488906109,33.138645110939,2.3));
#2162=CARTESIAN_POINT('',(21.5515958830186,34.2215958830185,1.39616315785032));
#2163=CARTESIAN_POINT('',(21.63,34.3,0.5));
#2164=CARTESIAN_POINT('',(21.4725204056534,34.1425204056534,2.3));
#2165=CARTESIAN_POINT('',(11.23,34.3,0.5));
#2166=CARTESIAN_POINT('',(11.23,34.1425204056534,2.3));
#2167=CARTESIAN_POINT('',(11.23,34.3,0.5));
#2168=CARTESIAN_POINT('',(4.38622049998964,34.1642717064417,-1.05138149433645));
#2169=CARTESIAN_POINT('',(4.38435848647954,34.1687670047111,-1.));
#2170=CARTESIAN_POINT('',(21.5515958830186,34.2215958830185,-0.39616315785033));
#2171=CARTESIAN_POINT('',(21.4987670047112,34.1687670047111,-1.));
#2172=CARTESIAN_POINT('',(11.23,34.1687670047111,-1.));
#2173=CARTESIAN_POINT('',(11.23,34.3,0.5));
#2174=CARTESIAN_POINT('',(11.23,25.3,-1.));
#2175=CARTESIAN_POINT('',(13.13,25.3,-1.));
#2176=CARTESIAN_POINT('',(9.33,25.3,-1.));
#2177=CARTESIAN_POINT('',(9.33,25.3,-1.));
#2178=CARTESIAN_POINT('',(9.33,25.3,2.3));
#2179=CARTESIAN_POINT('',(11.23,25.3,2.3));
#2180=CARTESIAN_POINT('',(13.13,25.3,2.3));
#2181=CARTESIAN_POINT('',(13.13,25.3,-1.));
#2182=CARTESIAN_POINT('',(11.23,25.3,-1.));
#2183=CARTESIAN_POINT('',(9.33,26.05,-1.));
#2184=CARTESIAN_POINT('',(9.33,26.8,-1.));
#2185=CARTESIAN_POINT('',(9.33,26.8,-1.));
#2186=CARTESIAN_POINT('',(9.33,26.8,2.3));
#2187=CARTESIAN_POINT('',(9.33,25.3,2.3));
#2188=CARTESIAN_POINT('',(9.33,26.05,-1.));
#2189=CARTESIAN_POINT('',(11.23,26.8,-1.));
#2190=CARTESIAN_POINT('',(13.13,26.8,-1.));
#2191=CARTESIAN_POINT('',(13.13,26.8,-1.));
#2192=CARTESIAN_POINT('',(13.13,26.8,2.3));
#2193=CARTESIAN_POINT('',(11.23,26.8,2.3));
#2194=CARTESIAN_POINT('',(11.23,26.8,-1.));
#2195=CARTESIAN_POINT('',(13.13,26.05,-1.));
#2196=CARTESIAN_POINT('',(13.13,25.3,2.3));
#2197=CARTESIAN_POINT('',(13.13,26.05,-1.));
#2198=CARTESIAN_POINT('',(0.847282771108382,30.7928412418116,0.302457022294939));
#2199=CARTESIAN_POINT('',(0.961232995288932,30.7456415135205,-1.));
#2200=CARTESIAN_POINT('',(3.37279574088424,33.1572042591158,-1.));
#2201=CARTESIAN_POINT('',(3.37279574088424,33.1572042591158,-1.));
#2202=CARTESIAN_POINT('',(3.01,14.5,0.5));
#2203=CARTESIAN_POINT('',(3.01,14.5,0.5));
#2204=CARTESIAN_POINT('',(3.01,14.5,-1.35525271560688E-017));
#2205=CARTESIAN_POINT('',(0.,14.5,0.5));
#2206=CARTESIAN_POINT('',(2.71,14.5,0.5));
#2207=CARTESIAN_POINT('',(2.71,14.5,0.5));
#2208=CARTESIAN_POINT('',(2.71,14.5,0.));
#2209=CARTESIAN_POINT('',(0.,14.5,0.));
#2210=CARTESIAN_POINT('',(16.31,14.5,0.25));
#2211=CARTESIAN_POINT('',(3.01,-1.2,-1.35525271560688E-017));
#2212=CARTESIAN_POINT('',(3.01,0.800000000000009,-1.35525271560688E-017));
#2213=CARTESIAN_POINT('',(3.01,0.800000000000009,-1.35525271560688E-017));
#2214=CARTESIAN_POINT('',(3.01,0.80000000000001,0.5));
#2215=CARTESIAN_POINT('',(3.01,-1.2,0.5));
#2216=CARTESIAN_POINT('',(3.01,14.5,-1.35525271560688E-017));
#2217=CARTESIAN_POINT('',(3.36265396141695,-1.2,0.5));
#2218=CARTESIAN_POINT('',(3.36265396141695,-1.2,0.5));
#2219=CARTESIAN_POINT('',(3.05604545161308,0.538863267390774,0.));
#2220=CARTESIAN_POINT('',(3.36265396141695,-1.2,-6.7762635780344E-018));
#2221=CARTESIAN_POINT('',(3.36265396141695,-1.2,0.5));
#2222=CARTESIAN_POINT('',(3.36265396141695,-1.2,0.5));
#2223=CARTESIAN_POINT('',(3.01,-1.2,-1.35525271560688E-017));
#2224=CARTESIAN_POINT('',(3.85734603858309,-1.2,-1.35525271560688E-017));
#2225=CARTESIAN_POINT('',(3.85734603858309,-1.2,0.5));
#2226=CARTESIAN_POINT('',(3.85734603858309,-1.2,0.5));
#2227=CARTESIAN_POINT('',(3.01,-1.2,0.5));
#2228=CARTESIAN_POINT('',(3.01,-1.2,0.5));
#2229=CARTESIAN_POINT('',(4.21,0.800000000000009,0.5));
#2230=CARTESIAN_POINT('',(4.21,0.8,0.5));
#2231=CARTESIAN_POINT('',(3.94624490942409,-0.695829450014896,0.));
#2232=CARTESIAN_POINT('',(4.21,0.8,-6.7762635780344E-018));
#2233=CARTESIAN_POINT('',(4.21,0.800000000000009,0.5));
#2234=CARTESIAN_POINT('',(4.21,0.800000000000009,0.5));
#2235=CARTESIAN_POINT('',(4.21,-1.2,0.5));
#2236=CARTESIAN_POINT('',(4.21,14.5,0.5));
#2237=CARTESIAN_POINT('',(4.21,-1.2,-1.35525271560688E-017));
#2238=CARTESIAN_POINT('',(4.21,14.5,0.));
#2239=CARTESIAN_POINT('',(4.21,14.5,0.5));
#2240=CARTESIAN_POINT('',(4.21,14.5,0.5));
#2241=CARTESIAN_POINT('',(0.,14.5,0.5));
#2242=CARTESIAN_POINT('',(4.51,14.5,0.5));
#2243=CARTESIAN_POINT('',(0.,14.5,0.));
#2244=CARTESIAN_POINT('',(4.51,14.5,0.));
#2245=CARTESIAN_POINT('',(4.51,14.5,0.5));
#2246=CARTESIAN_POINT('',(16.31,14.5,0.25));
#2247=CARTESIAN_POINT('',(0.,14.5,0.));
#2248=CARTESIAN_POINT('',(8.09,14.5,0.));
#2249=CARTESIAN_POINT('',(7.79,14.5,0.));
#2250=CARTESIAN_POINT('',(8.09,14.5,-2.71050543121376E-017));
#2251=CARTESIAN_POINT('',(8.09,14.5,0.5));
#2252=CARTESIAN_POINT('',(0.,14.5,0.5));
#2253=CARTESIAN_POINT('',(7.79,14.5,0.5));
#2254=CARTESIAN_POINT('',(7.79,14.5,0.5));
#2255=CARTESIAN_POINT('',(16.31,14.5,0.25));
#2256=CARTESIAN_POINT('',(8.09,-1.2,-2.71050543121376E-017));
#2257=CARTESIAN_POINT('',(8.09,0.799999999999973,-1.35525271560688E-017));
#2258=CARTESIAN_POINT('',(8.09,0.800000000000009,-2.71050543121376E-017));
#2259=CARTESIAN_POINT('',(8.09,0.799999999999988,0.5));
#2260=CARTESIAN_POINT('',(8.09,-1.2,0.5));
#2261=CARTESIAN_POINT('',(8.09,14.5,-2.71050543121376E-017));
#2262=CARTESIAN_POINT('',(7.98286470840929,1.40759443143797,0.));
#2263=CARTESIAN_POINT('',(8.44265396141695,-1.2,-1.35525271560688E-017));
#2264=CARTESIAN_POINT('',(8.44265396141695,-1.2,-2.71050543121376E-017));
#2265=CARTESIAN_POINT('',(8.44265396141695,-1.2,0.5));
#2266=CARTESIAN_POINT('',(8.09,0.800000000000009,0.5));
#2267=CARTESIAN_POINT('',(8.09,0.800000000000009,-2.71050543121376E-017));
#2268=CARTESIAN_POINT('',(8.09,-1.2,-2.71050543121376E-017));
#2269=CARTESIAN_POINT('',(8.93734603858309,-1.2,-1.35525271560688E-017));
#2270=CARTESIAN_POINT('',(8.93734603858309,-1.2,-2.71050543121376E-017));
#2271=CARTESIAN_POINT('',(8.93734603858309,-1.2,0.5));
#2272=CARTESIAN_POINT('',(8.09,-1.2,0.5));
#2273=CARTESIAN_POINT('',(8.09,-1.2,-2.71050543121376E-017));
#2274=CARTESIAN_POINT('',(8.8730641662203,-1.56456061406209,0.));
#2275=CARTESIAN_POINT('',(9.29,0.800000000000018,-1.35525271560688E-017));
#2276=CARTESIAN_POINT('',(9.29,0.800000000000009,0.5));
#2277=CARTESIAN_POINT('',(9.29,0.800000000000009,0.5));
#2278=CARTESIAN_POINT('',(8.93734603858309,-1.2,0.5));
#2279=CARTESIAN_POINT('',(8.93734603858309,-1.2,-2.71050543121376E-017));
#2280=CARTESIAN_POINT('',(9.29,-1.2,0.5));
#2281=CARTESIAN_POINT('',(9.29,14.5,0.5));
#2282=CARTESIAN_POINT('',(9.29,-1.2,-2.71050543121376E-017));
#2283=CARTESIAN_POINT('',(9.29,14.5,0.));
#2284=CARTESIAN_POINT('',(9.29,14.5,-2.71050543121376E-017));
#2285=CARTESIAN_POINT('',(9.29,14.5,0.5));
#2286=CARTESIAN_POINT('',(0.,14.5,0.));
#2287=CARTESIAN_POINT('',(9.59,14.5,0.));
#2288=CARTESIAN_POINT('',(9.59,14.5,0.5));
#2289=CARTESIAN_POINT('',(9.59,14.5,0.5));
#2290=CARTESIAN_POINT('',(0.,14.5,0.5));
#2291=CARTESIAN_POINT('',(16.31,14.5,0.25));
#2292=CARTESIAN_POINT('',(0.,14.5,0.));
#2293=CARTESIAN_POINT('',(13.17,14.5,0.));
#2294=CARTESIAN_POINT('',(12.87,14.5,0.));
#2295=CARTESIAN_POINT('',(13.17,14.5,0.));
#2296=CARTESIAN_POINT('',(13.17,14.5,0.5));
#2297=CARTESIAN_POINT('',(0.,14.5,0.5));
#2298=CARTESIAN_POINT('',(12.87,14.5,0.5));
#2299=CARTESIAN_POINT('',(12.87,14.5,0.5));
#2300=CARTESIAN_POINT('',(16.31,14.5,0.25));
#2301=CARTESIAN_POINT('',(13.17,-1.2,0.));
#2302=CARTESIAN_POINT('',(13.17,0.799999999999944,0.));
#2303=CARTESIAN_POINT('',(13.17,0.800000000000009,0.));
#2304=CARTESIAN_POINT('',(13.17,0.799999999999988,0.5));
#2305=CARTESIAN_POINT('',(13.17,-1.2,0.5));
#2306=CARTESIAN_POINT('',(13.17,14.5,0.));
#2307=CARTESIAN_POINT('',(12.9096839652055,2.27632559548517,0.));
#2308=CARTESIAN_POINT('',(13.5226539614169,-1.2,0.));
#2309=CARTESIAN_POINT('',(13.5226539614169,-1.2,0.));
#2310=CARTESIAN_POINT('',(13.5226539614169,-1.2,0.5));
#2311=CARTESIAN_POINT('',(13.17,0.800000000000009,0.5));
#2312=CARTESIAN_POINT('',(13.17,0.800000000000009,0.));
#2313=CARTESIAN_POINT('',(13.17,-1.2,0.));
#2314=CARTESIAN_POINT('',(14.0173460385831,-1.2,0.));
#2315=CARTESIAN_POINT('',(14.0173460385831,-1.2,0.));
#2316=CARTESIAN_POINT('',(14.0173460385831,-1.2,0.5));
#2317=CARTESIAN_POINT('',(13.17,-1.2,0.5));
#2318=CARTESIAN_POINT('',(13.17,-1.2,0.));
#2319=CARTESIAN_POINT('',(13.7998834230165,-2.43329177810929,0.));
#2320=CARTESIAN_POINT('',(14.37,0.800000000000024,0.));
#2321=CARTESIAN_POINT('',(14.37,0.800000000000009,0.5));
#2322=CARTESIAN_POINT('',(14.37,0.800000000000009,0.5));
#2323=CARTESIAN_POINT('',(14.0173460385831,-1.2,0.5));
#2324=CARTESIAN_POINT('',(14.0173460385831,-1.2,0.));
#2325=CARTESIAN_POINT('',(14.37,-1.2,0.5));
#2326=CARTESIAN_POINT('',(14.37,14.5,0.5));
#2327=CARTESIAN_POINT('',(14.37,-1.2,0.));
#2328=CARTESIAN_POINT('',(14.37,14.5,0.));
#2329=CARTESIAN_POINT('',(14.37,14.5,0.));
#2330=CARTESIAN_POINT('',(14.37,14.5,0.5));
#2331=CARTESIAN_POINT('',(0.,14.5,0.));
#2332=CARTESIAN_POINT('',(14.67,14.5,0.));
#2333=CARTESIAN_POINT('',(14.67,14.5,0.5));
#2334=CARTESIAN_POINT('',(14.67,14.5,0.5));
#2335=CARTESIAN_POINT('',(0.,14.5,0.5));
#2336=CARTESIAN_POINT('',(16.31,14.5,0.25));
#2337=CARTESIAN_POINT('',(11.23,16.3,0.5));
#2338=CARTESIAN_POINT('',(12.87,16.3,0.5));
#2339=CARTESIAN_POINT('',(14.67,16.3,0.5));
#2340=CARTESIAN_POINT('',(12.87,16.8,0.5));
#2341=CARTESIAN_POINT('',(14.67,14.5,0.5));
#2342=CARTESIAN_POINT('',(0.,2.66453525910037E-015,0.5));
#2343=CARTESIAN_POINT('',(11.23,16.3,0.5));
#2344=CARTESIAN_POINT('',(7.79,16.3,0.5));
#2345=CARTESIAN_POINT('',(9.59,16.3,0.5));
#2346=CARTESIAN_POINT('',(7.79,14.5,0.5));
#2347=CARTESIAN_POINT('',(9.59,16.8,0.5));
#2348=CARTESIAN_POINT('',(0.,2.66453525910037E-015,0.5));
#2349=CARTESIAN_POINT('',(11.23,16.3,0.5));
#2350=CARTESIAN_POINT('',(2.71000000000004,16.3,0.5));
#2351=CARTESIAN_POINT('',(4.51,16.3,0.5));
#2352=CARTESIAN_POINT('',(2.71,14.5,0.5));
#2353=CARTESIAN_POINT('',(4.51,16.8,0.5));
#2354=CARTESIAN_POINT('',(0.,2.66453525910037E-015,0.5));
#2355=CARTESIAN_POINT('',(0.830000000000033,25.3,0.5));
#2356=CARTESIAN_POINT('',(0.830000000000033,16.3,0.5));
#2357=CARTESIAN_POINT('',(0.897849716618633,16.3678497166186,1.27552580967816));
#2358=CARTESIAN_POINT('',(0.987479594346684,16.4574795943467,2.3));
#2359=CARTESIAN_POINT('',(0.987479594346684,25.3,2.3));
#2360=CARTESIAN_POINT('',(0.830000000000033,25.3,0.5));
#2361=CARTESIAN_POINT('',(11.23,16.4574795943467,2.3));
#2362=CARTESIAN_POINT('',(21.4725204056534,16.4574795943467,2.3));
#2363=CARTESIAN_POINT('',(21.4725204056534,25.3,2.3));
#2364=CARTESIAN_POINT('',(11.23,25.3,2.3));
#2365=CARTESIAN_POINT('',(21.5621502833815,16.3678497166186,1.27552580967816));
#2366=CARTESIAN_POINT('',(21.63,16.3,0.5));
#2367=CARTESIAN_POINT('',(21.63,25.3,0.5));
#2368=CARTESIAN_POINT('',(21.63,25.3,0.5));
#2369=CARTESIAN_POINT('',(21.5621502833815,16.3678497166186,-0.27552580967817));
#2370=CARTESIAN_POINT('',(21.4987670047112,16.4312329952889,-1.));
#2371=CARTESIAN_POINT('',(21.4987670047112,25.3,-1.));
#2372=CARTESIAN_POINT('',(21.63,25.3,0.5));
#2373=CARTESIAN_POINT('',(11.23,16.4312329952889,-1.));
#2374=CARTESIAN_POINT('',(0.961232995288932,16.4312329952889,-1.));
#2375=CARTESIAN_POINT('',(0.961232995288932,25.3,-1.));
#2376=CARTESIAN_POINT('',(11.23,25.3,-1.));
#2377=CARTESIAN_POINT('',(0.897849716618633,16.3678497166186,-0.27552580967817));
#2378=CARTESIAN_POINT('',(0.830000000000033,25.3,0.5));
#2379=CARTESIAN_POINT('',(2.71000000000004,16.3,0.5));
#2380=CARTESIAN_POINT('',(2.71000000000004,16.343744331763,0.));
#2381=CARTESIAN_POINT('',(2.71,14.5,0.));
#2382=CARTESIAN_POINT('',(2.71,14.5,0.5));
#2383=CARTESIAN_POINT('',(11.23,16.343744331763,0.));
#2384=CARTESIAN_POINT('',(4.51,16.343744331763,0.));
#2385=CARTESIAN_POINT('',(4.51,16.8,0.));
#2386=CARTESIAN_POINT('',(0.,2.66453525910037E-015,0.));
#2387=CARTESIAN_POINT('',(4.51,16.3,0.5));
#2388=CARTESIAN_POINT('',(4.51,16.8,0.5));
#2389=CARTESIAN_POINT('',(7.79,16.3,0.5));
#2390=CARTESIAN_POINT('',(7.79,16.343744331763,0.));
#2391=CARTESIAN_POINT('',(7.79,14.5,0.));
#2392=CARTESIAN_POINT('',(7.79,14.5,0.5));
#2393=CARTESIAN_POINT('',(11.23,16.343744331763,0.));
#2394=CARTESIAN_POINT('',(9.59,16.343744331763,0.));
#2395=CARTESIAN_POINT('',(9.59,16.8,0.));
#2396=CARTESIAN_POINT('',(0.,2.66453525910037E-015,0.));
#2397=CARTESIAN_POINT('',(9.59,16.3,0.5));
#2398=CARTESIAN_POINT('',(9.59,16.8,0.5));
#2399=CARTESIAN_POINT('',(12.87,16.3,0.5));
#2400=CARTESIAN_POINT('',(12.87,16.343744331763,0.));
#2401=CARTESIAN_POINT('',(12.87,16.8,0.));
#2402=CARTESIAN_POINT('',(12.87,16.8,0.5));
#2403=CARTESIAN_POINT('',(11.23,16.343744331763,0.));
#2404=CARTESIAN_POINT('',(14.67,16.343744331763,0.));
#2405=CARTESIAN_POINT('',(14.67,14.5,0.));
#2406=CARTESIAN_POINT('',(0.,2.66453525910037E-015,0.));
#2407=CARTESIAN_POINT('',(14.67,16.3,0.5));
#2408=CARTESIAN_POINT('',(14.67,14.5,0.5));
#2409=CARTESIAN_POINT('',(11.23,16.3,0.5));
#2410=CARTESIAN_POINT('',(11.23,16.3,0.5));
#2411=CARTESIAN_POINT('',(11.23,16.3,0.5));
#2412=CARTESIAN_POINT('',(11.23,16.3,0.5));
#2413=CARTESIAN_POINT('',(11.23,16.3,0.5));
#2414=CARTESIAN_POINT('',(11.23,16.3,0.5));
#2415=CARTESIAN_POINT('',(11.23,16.3,0.5));
#2416=CARTESIAN_POINT('',(2.63000000000004,18.,1.3));
#2417=CARTESIAN_POINT('',(2.63000000000004,18.,1.3));
#2418=CARTESIAN_POINT('',(2.63000000000004,18.,0.8));
#2419=CARTESIAN_POINT('',(8.63,18.,1.3));
#2420=CARTESIAN_POINT('',(14.63,18.,1.3));
#2421=CARTESIAN_POINT('',(14.63,18.,1.3));
#2422=CARTESIAN_POINT('',(14.63,18.,0.8));
#2423=CARTESIAN_POINT('',(8.63,18.,0.8));
#2424=CARTESIAN_POINT('',(8.63,18.,1.3));
#2425=CARTESIAN_POINT('',(2.63000000000004,18.75,0.8));
#2426=CARTESIAN_POINT('',(2.63,18.05,0.8));
#2427=CARTESIAN_POINT('',(2.63,18.05,0.8));
#2428=CARTESIAN_POINT('',(2.63000000000004,18.05,1.3));
#2429=CARTESIAN_POINT('',(2.63000000000004,18.75,1.3));
#2430=CARTESIAN_POINT('',(2.63000000000004,18.75,1.3));
#2431=CARTESIAN_POINT('',(8.63,18.05,1.3));
#2432=CARTESIAN_POINT('',(14.63,18.05,1.3));
#2433=CARTESIAN_POINT('',(14.63,18.75,1.3));
#2434=CARTESIAN_POINT('',(8.63,18.75,1.3));
#2435=CARTESIAN_POINT('',(14.63,18.05,0.8));
#2436=CARTESIAN_POINT('',(14.63,18.05,0.8));
#2437=CARTESIAN_POINT('',(14.63,18.75,0.8));
#2438=CARTESIAN_POINT('',(14.63,18.75,1.3));
#2439=CARTESIAN_POINT('',(8.63,18.05,0.8));
#2440=CARTESIAN_POINT('',(8.63,18.75,0.8));
#2441=CARTESIAN_POINT('',(8.63,18.05,0.8));
#2442=CARTESIAN_POINT('',(7.83,21.,1.3));
#2443=CARTESIAN_POINT('',(7.83,21.,1.3));
#2444=CARTESIAN_POINT('',(7.83,21.,0.8));
#2445=CARTESIAN_POINT('',(13.83,21.,1.3));
#2446=CARTESIAN_POINT('',(19.83,21.,1.3));
#2447=CARTESIAN_POINT('',(19.83,21.,1.3));
#2448=CARTESIAN_POINT('',(19.83,21.,0.8));
#2449=CARTESIAN_POINT('',(13.83,21.,0.8));
#2450=CARTESIAN_POINT('',(13.83,21.,1.3));
#2451=CARTESIAN_POINT('',(7.83,21.75,0.8));
#2452=CARTESIAN_POINT('',(7.83,21.05,0.8));
#2453=CARTESIAN_POINT('',(7.83,21.05,0.8));
#2454=CARTESIAN_POINT('',(7.83,21.05,1.3));
#2455=CARTESIAN_POINT('',(7.83,21.75,1.3));
#2456=CARTESIAN_POINT('',(7.83,21.75,1.3));
#2457=CARTESIAN_POINT('',(13.83,21.05,1.3));
#2458=CARTESIAN_POINT('',(19.83,21.05,1.3));
#2459=CARTESIAN_POINT('',(19.83,21.75,1.3));
#2460=CARTESIAN_POINT('',(13.83,21.75,1.3));
#2461=CARTESIAN_POINT('',(19.83,21.05,0.8));
#2462=CARTESIAN_POINT('',(19.83,21.05,0.8));
#2463=CARTESIAN_POINT('',(19.83,21.75,0.8));
#2464=CARTESIAN_POINT('',(19.83,21.75,1.3));
#2465=CARTESIAN_POINT('',(13.83,21.05,0.8));
#2466=CARTESIAN_POINT('',(13.83,21.75,0.8));
#2467=CARTESIAN_POINT('',(13.83,21.05,0.8));
#2468=CARTESIAN_POINT('',(3.43000000000003,17.25,0.5));
#2469=CARTESIAN_POINT('',(1.93000000000004,17.25,0.5));
#2470=CARTESIAN_POINT('',(4.93,17.25,0.5));
#2471=CARTESIAN_POINT('',(4.93,18.75,0.5));
#2472=CARTESIAN_POINT('',(4.93,17.3,0.5));
#2473=CARTESIAN_POINT('',(3.43,17.3,0.5));
#2474=CARTESIAN_POINT('',(1.93000000000004,17.3,0.5));
#2475=CARTESIAN_POINT('',(1.93000000000004,18.75,0.5));
#2476=CARTESIAN_POINT('',(0.,2.66453525910037E-015,0.5));
#2477=CARTESIAN_POINT('',(4.93,17.3,0.5));
#2478=CARTESIAN_POINT('',(4.93,17.3,0.7));
#2479=CARTESIAN_POINT('',(3.43,17.3,0.7));
#2480=CARTESIAN_POINT('',(1.93000000000004,17.3,0.7));
#2481=CARTESIAN_POINT('',(1.93,17.3,0.5));
#2482=CARTESIAN_POINT('',(3.43,17.3,0.5));
#2483=CARTESIAN_POINT('',(1.93000000000004,18.75,0.7));
#2484=CARTESIAN_POINT('',(1.93000000000004,17.25,0.7));
#2485=CARTESIAN_POINT('',(1.93000000000004,17.25,0.5));
#2486=CARTESIAN_POINT('',(1.93000000000004,18.75,0.5));
#2487=CARTESIAN_POINT('',(4.93,17.25,0.5));
#2488=CARTESIAN_POINT('',(4.93,17.25,0.7));
#2489=CARTESIAN_POINT('',(4.93,18.75,0.7));
#2490=CARTESIAN_POINT('',(4.93,18.75,0.5));
#2491=CARTESIAN_POINT('',(3.43000000000003,17.25,0.7));
#2492=CARTESIAN_POINT('',(3.43000000000003,18.75,0.7));
#2493=CARTESIAN_POINT('',(3.43000000000003,17.25,0.5));
#2494=CARTESIAN_POINT('',(19.03,20.25,0.5));
#2495=CARTESIAN_POINT('',(17.53,20.25,0.5));
#2496=CARTESIAN_POINT('',(20.53,20.25,0.5));
#2497=CARTESIAN_POINT('',(20.53,21.75,0.5));
#2498=CARTESIAN_POINT('',(20.53,20.3,0.5));
#2499=CARTESIAN_POINT('',(19.03,20.3,0.5));
#2500=CARTESIAN_POINT('',(17.53,20.3,0.5));
#2501=CARTESIAN_POINT('',(17.53,21.75,0.5));
#2502=CARTESIAN_POINT('',(0.,2.66453525910037E-015,0.5));
#2503=CARTESIAN_POINT('',(20.53,20.3,0.5));
#2504=CARTESIAN_POINT('',(20.53,20.3,0.7));
#2505=CARTESIAN_POINT('',(19.03,20.3,0.7));
#2506=CARTESIAN_POINT('',(17.53,20.3,0.7));
#2507=CARTESIAN_POINT('',(17.53,20.3,0.5));
#2508=CARTESIAN_POINT('',(19.03,20.3,0.5));
#2509=CARTESIAN_POINT('',(20.53,21.75,0.7));
#2510=CARTESIAN_POINT('',(20.53,20.25,0.7));
#2511=CARTESIAN_POINT('',(19.03,20.25,0.7));
#2512=CARTESIAN_POINT('',(17.53,20.25,0.7));
#2513=CARTESIAN_POINT('',(17.53,21.75,0.7));
#2514=CARTESIAN_POINT('',(19.03,21.75,0.7));
#2515=CARTESIAN_POINT('',(20.53,20.25,0.5));
#2516=CARTESIAN_POINT('',(20.53,21.75,0.5));
#2517=CARTESIAN_POINT('',(17.53,20.25,0.5));
#2518=CARTESIAN_POINT('',(19.03,20.25,0.5));
#2519=CARTESIAN_POINT('',(17.53,21.75,0.5));
#2520=(
GEOMETRIC_REPRESENTATION_CONTEXT(3)
GLOBAL_UNCERTAINTY_ASSIGNED_CONTEXT((#2521))
GLOBAL_UNIT_ASSIGNED_CONTEXT((#2527,#2523,#2522))
REPRESENTATION_CONTEXT('P28-GBU-','TOP_LEVEL_ASSEMBLY_PART')
);
#2521=UNCERTAINTY_MEASURE_WITH_UNIT(LENGTH_MEASURE(2.E-005),#2527,
'DISTANCE_ACCURACY_VALUE','Maximum Tolerance applied to model');
#2522=(
NAMED_UNIT(*)
SI_UNIT($,.STERADIAN.)
SOLID_ANGLE_UNIT()
);
#2523=(
CONVERSION_BASED_UNIT('DEGREE',#2525)
NAMED_UNIT(#2524)
PLANE_ANGLE_UNIT()
);
#2524=DIMENSIONAL_EXPONENTS(0.,0.,0.,0.,0.,0.,0.);
#2525=PLANE_ANGLE_MEASURE_WITH_UNIT(PLANE_ANGLE_MEASURE(0.0174532925),#2526);
#2526=(
NAMED_UNIT(*)
PLANE_ANGLE_UNIT()
SI_UNIT($,.RADIAN.)
);
#2527=(
LENGTH_UNIT()
NAMED_UNIT(*)
SI_UNIT(.MILLI.,.METRE.)
);
ENDSEC;
END-ISO-10303-21;
